sgrna_id,gene_symbol,SYN-SCREEN-01_control_1,SYN-SCREEN-01_control_2,SYN-SCREEN-01_treatment_1,SYN-SCREEN-01_treatment_2,SYN-SCREEN-02_control_1,SYN-SCREEN-02_control_2,SYN-SCREEN-02_treatment_1,SYN-SCREEN-02_treatment_2,SYN-SCREEN-03_control_1,SYN-SCREEN-03_control_2,SYN-SCREEN-03_treatment_1,SYN-SCREEN-03_treatment_2,SYN-SCREEN-04_control_1,SYN-SCREEN-04_control_2,SYN-SCREEN-04_treatment_1,SYN-SCREEN-04_treatment_2,SYN-SCREEN-05_control_1,SYN-SCREEN-05_control_2,SYN-SCREEN-05_treatment_1,SYN-SCREEN-05_treatment_2,SYN-SCREEN-06_control_1,SYN-SCREEN-06_control_2,SYN-SCREEN-06_treatment_1,SYN-SCREEN-06_treatment_2,SYN-SCREEN-07_control_1,SYN-SCREEN-07_control_2,SYN-SCREEN-07_treatment_1,SYN-SCREEN-07_treatment_2,SYN-SCREEN-08_control_1,SYN-SCREEN-08_control_2,SYN-SCREEN-08_treatment_1,SYN-SCREEN-08_treatment_2
SYN-SCREEN-01_GENE000_sg1,GENE000,1289,1115,3825,2711,0,0,0,0,0,0,0,0,0,0,0,0,0,0,0,0,0,0,0,0,0,0,0,0,0,0,0,0
SYN-SCREEN-01_GENE000_sg2,GENE000,917,983,3202,2629,0,0,0,0,0,0,0,0,0,0,0,0,0,0,0,0,0,0,0,0,0,0,0,0,0,0,0,0
SYN-SCREEN-01_GENE000_sg3,GENE000,1053,1105,3664,3884,0,0,0,0,0,0,0,0,0,0,0,0,0,0,0,0,0,0,0,0,0,0,0,0,0,0,0,0
SYN-SCREEN-01_GENE000_sg4,GENE000,1136,1422,3347,3050,0,0,0,0,0,0,0,0,0,0,0,0,0,0,0,0,0,0,0,0,0,0,0,0,0,0,0,0
SYN-SCREEN-01_GENE001_sg1,GENE001,1340,1002,3543,2955,0,0,0,0,0,0,0,0,0,0,0,0,0,0,0,0,0,0,0,0,0,0,0,0,0,0,0,0
SYN-SCREEN-01_GENE001_sg2,GENE001,589,425,1935,1847,0,0,0,0,0,0,0,0,0,0,0,0,0,0,0,0,0,0,0,0,0,0,0,0,0,0,0,0
SYN-SCREEN-01_GENE001_sg3,GENE001,680,692,1910,1910,0,0,0,0,0,0,0,0,0,0,0,0,0,0,0,0,0,0,0,0,0,0,0,0,0,0,0,0
SYN-SCREEN-01_GENE001_sg4,GENE001,722,854,2316,2165,0,0,0,0,0,0,0,0,0,0,0,0,0,0,0,0,0,0,0,0,0,0,0,0,0,0,0,0
SYN-SCREEN-01_GENE002_sg1,GENE002,613,710,2483,1837,0,0,0,0,0,0,0,0,0,0,0,0,0,0,0,0,0,0,0,0,0,0,0,0,0,0,0,0
SYN-SCREEN-01_GENE002_sg2,GENE002,910,1028,3504,3623,0,0,0,0,0,0,0,0,0,0,0,0,0,0,0,0,0,0,0,0,0,0,0,0,0,0,0,0
SYN-SCREEN-01_GENE002_sg3,GENE002,513,397,1080,1250,0,0,0,0,0,0,0,0,0,0,0,0,0,0,0,0,0,0,0,0,0,0,0,0,0,0,0,0
SYN-SCREEN-01_GENE002_sg4,GENE002,989,1214,3583,3113,0,0,0,0,0,0,0,0,0,0,0,0,0,0,0,0,0,0,0,0,0,0,0,0,0,0,0,0
SYN-SCREEN-01_GENE003_sg1,GENE003,382,442,1291,1272,0,0,0,0,0,0,0,0,0,0,0,0,0,0,0,0,0,0,0,0,0,0,0,0,0,0,0,0
SYN-SCREEN-01_GENE003_sg2,GENE003,570,518,2036,1811,0,0,0,0,0,0,0,0,0,0,0,0,0,0,0,0,0,0,0,0,0,0,0,0,0,0,0,0
SYN-SCREEN-01_GENE003_sg3,GENE003,619,576,1840,1863,0,0,0,0,0,0,0,0,0,0,0,0,0,0,0,0,0,0,0,0,0,0,0,0,0,0,0,0
SYN-SCREEN-01_GENE003_sg4,GENE003,571,566,1266,1349,0,0,0,0,0,0,0,0,0,0,0,0,0,0,0,0,0,0,0,0,0,0,0,0,0,0,0,0
SYN-SCREEN-01_GENE004_sg1,GENE004,536,762,1574,1792,0,0,0,0,0,0,0,0,0,0,0,0,0,0,0,0,0,0,0,0,0,0,0,0,0,0,0,0
SYN-SCREEN-01_GENE004_sg2,GENE004,885,1060,3169,3146,0,0,0,0,0,0,0,0,0,0,0,0,0,0,0,0,0,0,0,0,0,0,0,0,0,0,0,0
SYN-SCREEN-01_GENE004_sg3,GENE004,1256,956,3159,3510,0,0,0,0,0,0,0,0,0,0,0,0,0,0,0,0,0,0,0,0,0,0,0,0,0,0,0,0
SYN-SCREEN-01_GENE004_sg4,GENE004,872,980,2960,4050,0,0,0,0,0,0,0,0,0,0,0,0,0,0,0,0,0,0,0,0,0,0,0,0,0,0,0,0
SYN-SCREEN-01_GENE005_sg1,GENE005,995,949,3389,2723,0,0,0,0,0,0,0,0,0,0,0,0,0,0,0,0,0,0,0,0,0,0,0,0,0,0,0,0
SYN-SCREEN-01_GENE005_sg2,GENE005,694,709,1940,1923,0,0,0,0,0,0,0,0,0,0,0,0,0,0,0,0,0,0,0,0,0,0,0,0,0,0,0,0
SYN-SCREEN-01_GENE005_sg3,GENE005,456,662,2089,1570,0,0,0,0,0,0,0,0,0,0,0,0,0,0,0,0,0,0,0,0,0,0,0,0,0,0,0,0
SYN-SCREEN-01_GENE005_sg4,GENE005,962,817,2162,2859,0,0,0,0,0,0,0,0,0,0,0,0,0,0,0,0,0,0,0,0,0,0,0,0,0,0,0,0
SYN-SCREEN-01_GENE006_sg1,GENE006,761,828,281,234,0,0,0,0,0,0,0,0,0,0,0,0,0,0,0,0,0,0,0,0,0,0,0,0,0,0,0,0
SYN-SCREEN-01_GENE006_sg2,GENE006,1059,1150,330,273,0,0,0,0,0,0,0,0,0,0,0,0,0,0,0,0,0,0,0,0,0,0,0,0,0,0,0,0
SYN-SCREEN-01_GENE006_sg3,GENE006,761,810,232,284,0,0,0,0,0,0,0,0,0,0,0,0,0,0,0,0,0,0,0,0,0,0,0,0,0,0,0,0
SYN-SCREEN-01_GENE006_sg4,GENE006,1356,1110,335,375,0,0,0,0,0,0,0,0,0,0,0,0,0,0,0,0,0,0,0,0,0,0,0,0,0,0,0,0
SYN-SCREEN-01_GENE007_sg1,GENE007,546,532,224,169,0,0,0,0,0,0,0,0,0,0,0,0,0,0,0,0,0,0,0,0,0,0,0,0,0,0,0,0
SYN-SCREEN-01_GENE007_sg2,GENE007,622,664,205,206,0,0,0,0,0,0,0,0,0,0,0,0,0,0,0,0,0,0,0,0,0,0,0,0,0,0,0,0
SYN-SCREEN-01_GENE007_sg3,GENE007,501,393,131,167,0,0,0,0,0,0,0,0,0,0,0,0,0,0,0,0,0,0,0,0,0,0,0,0,0,0,0,0
SYN-SCREEN-01_GENE007_sg4,GENE007,724,650,156,171,0,0,0,0,0,0,0,0,0,0,0,0,0,0,0,0,0,0,0,0,0,0,0,0,0,0,0,0
SYN-SCREEN-01_GENE008_sg1,GENE008,708,945,293,239,0,0,0,0,0,0,0,0,0,0,0,0,0,0,0,0,0,0,0,0,0,0,0,0,0,0,0,0
SYN-SCREEN-01_GENE008_sg2,GENE008,962,1132,374,294,0,0,0,0,0,0,0,0,0,0,0,0,0,0,0,0,0,0,0,0,0,0,0,0,0,0,0,0
SYN-SCREEN-01_GENE008_sg3,GENE008,1075,1008,348,271,0,0,0,0,0,0,0,0,0,0,0,0,0,0,0,0,0,0,0,0,0,0,0,0,0,0,0,0
SYN-SCREEN-01_GENE008_sg4,GENE008,443,459,145,180,0,0,0,0,0,0,0,0,0,0,0,0,0,0,0,0,0,0,0,0,0,0,0,0,0,0,0,0
SYN-SCREEN-01_GENE009_sg1,GENE009,766,936,277,285,0,0,0,0,0,0,0,0,0,0,0,0,0,0,0,0,0,0,0,0,0,0,0,0,0,0,0,0
SYN-SCREEN-01_GENE009_sg2,GENE009,570,583,199,201,0,0,0,0,0,0,0,0,0,0,0,0,0,0,0,0,0,0,0,0,0,0,0,0,0,0,0,0
SYN-SCREEN-01_GENE009_sg3,GENE009,923,944,306,238,0,0,0,0,0,0,0,0,0,0,0,0,0,0,0,0,0,0,0,0,0,0,0,0,0,0,0,0
SYN-SCREEN-01_GENE009_sg4,GENE009,1085,1015,361,315,0,0,0,0,0,0,0,0,0,0,0,0,0,0,0,0,0,0,0,0,0,0,0,0,0,0,0,0
SYN-SCREEN-01_GENE010_sg1,GENE010,626,748,181,215,0,0,0,0,0,0,0,0,0,0,0,0,0,0,0,0,0,0,0,0,0,0,0,0,0,0,0,0
SYN-SCREEN-01_GENE010_sg2,GENE010,1007,1012,285,330,0,0,0,0,0,0,0,0,0,0,0,0,0,0,0,0,0,0,0,0,0,0,0,0,0,0,0,0
SYN-SCREEN-01_GENE010_sg3,GENE010,937,1184,367,379,0,0,0,0,0,0,0,0,0,0,0,0,0,0,0,0,0,0,0,0,0,0,0,0,0,0,0,0
SYN-SCREEN-01_GENE010_sg4,GENE010,927,956,276,356,0,0,0,0,0,0,0,0,0,0,0,0,0,0,0,0,0,0,0,0,0,0,0,0,0,0,0,0
SYN-SCREEN-01_GENE011_sg1,GENE011,736,622,182,235,0,0,0,0,0,0,0,0,0,0,0,0,0,0,0,0,0,0,0,0,0,0,0,0,0,0,0,0
SYN-SCREEN-01_GENE011_sg2,GENE011,788,700,304,266,0,0,0,0,0,0,0,0,0,0,0,0,0,0,0,0,0,0,0,0,0,0,0,0,0,0,0,0
SYN-SCREEN-01_GENE011_sg3,GENE011,545,689,154,151,0,0,0,0,0,0,0,0,0,0,0,0,0,0,0,0,0,0,0,0,0,0,0,0,0,0,0,0
SYN-SCREEN-01_GENE011_sg4,GENE011,797,960,289,283,0,0,0,0,0,0,0,0,0,0,0,0,0,0,0,0,0,0,0,0,0,0,0,0,0,0,0,0
SYN-SCREEN-01_GENE012_sg1,GENE012,869,895,1914,1998,0,0,0,0,0,0,0,0,0,0,0,0,0,0,0,0,0,0,0,0,0,0,0,0,0,0,0,0
SYN-SCREEN-01_GENE012_sg2,GENE012,993,1189,2224,2629,0,0,0,0,0,0,0,0,0,0,0,0,0,0,0,0,0,0,0,0,0,0,0,0,0,0,0,0
SYN-SCREEN-01_GENE012_sg3,GENE012,1004,849,1609,1837,0,0,0,0,0,0,0,0,0,0,0,0,0,0,0,0,0,0,0,0,0,0,0,0,0,0,0,0
SYN-SCREEN-01_GENE012_sg4,GENE012,996,951,1557,2157,0,0,0,0,0,0,0,0,0,0,0,0,0,0,0,0,0,0,0,0,0,0,0,0,0,0,0,0
SYN-SCREEN-01_GENE013_sg1,GENE013,534,411,281,261,0,0,0,0,0,0,0,0,0,0,0,0,0,0,0,0,0,0,0,0,0,0,0,0,0,0,0,0
SYN-SCREEN-01_GENE013_sg2,GENE013,1172,1015,502,463,0,0,0,0,0,0,0,0,0,0,0,0,0,0,0,0,0,0,0,0,0,0,0,0,0,0,0,0
SYN-SCREEN-01_GENE013_sg3,GENE013,1073,1133,581,684,0,0,0,0,0,0,0,0,0,0,0,0,0,0,0,0,0,0,0,0,0,0,0,0,0,0,0,0
SYN-SCREEN-01_GENE013_sg4,GENE013,617,578,249,335,0,0,0,0,0,0,0,0,0,0,0,0,0,0,0,0,0,0,0,0,0,0,0,0,0,0,0,0
SYN-SCREEN-01_GENE014_sg1,GENE014,890,955,2021,1822,0,0,0,0,0,0,0,0,0,0,0,0,0,0,0,0,0,0,0,0,0,0,0,0,0,0,0,0
SYN-SCREEN-01_GENE014_sg2,GENE014,776,665,1101,1123,0,0,0,0,0,0,0,0,0,0,0,0,0,0,0,0,0,0,0,0,0,0,0,0,0,0,0,0
SYN-SCREEN-01_GENE014_sg3,GENE014,1454,1070,1870,1583,0,0,0,0,0,0,0,0,0,0,0,0,0,0,0,0,0,0,0,0,0,0,0,0,0,0,0,0
SYN-SCREEN-01_GENE014_sg4,GENE014,610,520,765,966,0,0,0,0,0,0,0,0,0,0,0,0,0,0,0,0,0,0,0,0,0,0,0,0,0,0,0,0
SYN-SCREEN-01_GENE015_sg1,GENE015,481,558,320,337,0,0,0,0,0,0,0,0,0,0,0,0,0,0,0,0,0,0,0,0,0,0,0,0,0,0,0,0
SYN-SCREEN-01_GENE015_sg2,GENE015,793,887,486,530,0,0,0,0,0,0,0,0,0,0,0,0,0,0,0,0,0,0,0,0,0,0,0,0,0,0,0,0
SYN-SCREEN-01_GENE015_sg3,GENE015,849,744,392,550,0,0,0,0,0,0,0,0,0,0,0,0,0,0,0,0,0,0,0,0,0,0,0,0,0,0,0,0
SYN-SCREEN-01_GENE015_sg4,GENE015,778,1123,562,599,0,0,0,0,0,0,0,0,0,0,0,0,0,0,0,0,0,0,0,0,0,0,0,0,0,0,0,0
SYN-SCREEN-01_GENE016_sg1,GENE016,1074,857,1353,1094,0,0,0,0,0,0,0,0,0,0,0,0,0,0,0,0,0,0,0,0,0,0,0,0,0,0,0,0
SYN-SCREEN-01_GENE016_sg2,GENE016,692,549,827,844,0,0,0,0,0,0,0,0,0,0,0,0,0,0,0,0,0,0,0,0,0,0,0,0,0,0,0,0
SYN-SCREEN-01_GENE016_sg3,GENE016,1123,851,1059,1207,0,0,0,0,0,0,0,0,0,0,0,0,0,0,0,0,0,0,0,0,0,0,0,0,0,0,0,0
SYN-SCREEN-01_GENE016_sg4,GENE016,555,560,800,599,0,0,0,0,0,0,0,0,0,0,0,0,0,0,0,0,0,0,0,0,0,0,0,0,0,0,0,0
SYN-SCREEN-01_GENE017_sg1,GENE017,622,752,760,729,0,0,0,0,0,0,0,0,0,0,0,0,0,0,0,0,0,0,0,0,0,0,0,0,0,0,0,0
SYN-SCREEN-01_GENE017_sg2,GENE017,443,425,446,407,0,0,0,0,0,0,0,0,0,0,0,0,0,0,0,0,0,0,0,0,0,0,0,0,0,0,0,0
SYN-SCREEN-01_GENE017_sg3,GENE017,704,699,712,817,0,0,0,0,0,0,0,0,0,0,0,0,0,0,0,0,0,0,0,0,0,0,0,0,0,0,0,0
SYN-SCREEN-01_GENE017_sg4,GENE017,762,977,1169,821,0,0,0,0,0,0,0,0,0,0,0,0,0,0,0,0,0,0,0,0,0,0,0,0,0,0,0,0
SYN-SCREEN-01_GENE018_sg1,GENE018,924,802,1121,916,0,0,0,0,0,0,0,0,0,0,0,0,0,0,0,0,0,0,0,0,0,0,0,0,0,0,0,0
SYN-SCREEN-01_GENE018_sg2,GENE018,1199,1145,962,1417,0,0,0,0,0,0,0,0,0,0,0,0,0,0,0,0,0,0,0,0,0,0,0,0,0,0,0,0
SYN-SCREEN-01_GENE018_sg3,GENE018,618,984,758,768,0,0,0,0,0,0,0,0,0,0,0,0,0,0,0,0,0,0,0,0,0,0,0,0,0,0,0,0
SYN-SCREEN-01_GENE018_sg4,GENE018,820,937,814,729,0,0,0,0,0,0,0,0,0,0,0,0,0,0,0,0,0,0,0,0,0,0,0,0,0,0,0,0
SYN-SCREEN-01_GENE019_sg1,GENE019,1322,1126,1114,901,0,0,0,0,0,0,0,0,0,0,0,0,0,0,0,0,0,0,0,0,0,0,0,0,0,0,0,0
SYN-SCREEN-01_GENE019_sg2,GENE019,589,762,607,521,0,0,0,0,0,0,0,0,0,0,0,0,0,0,0,0,0,0,0,0,0,0,0,0,0,0,0,0
SYN-SCREEN-01_GENE019_sg3,GENE019,1042,1179,779,953,0,0,0,0,0,0,0,0,0,0,0,0,0,0,0,0,0,0,0,0,0,0,0,0,0,0,0,0
SYN-SCREEN-01_GENE019_sg4,GENE019,961,997,635,741,0,0,0,0,0,0,0,0,0,0,0,0,0,0,0,0,0,0,0,0,0,0,0,0,0,0,0,0
SYN-SCREEN-01_GENE020_sg1,GENE020,1223,951,1112,1081,0,0,0,0,0,0,0,0,0,0,0,0,0,0,0,0,0,0,0,0,0,0,0,0,0,0,0,0
SYN-SCREEN-01_GENE020_sg2,GENE020,765,1017,822,813,0,0,0,0,0,0,0,0,0,0,0,0,0,0,0,0,0,0,0,0,0,0,0,0,0,0,0,0
SYN-SCREEN-01_GENE020_sg3,GENE020,718,731,954,987,0,0,0,0,0,0,0,0,0,0,0,0,0,0,0,0,0,0,0,0,0,0,0,0,0,0,0,0
SYN-SCREEN-01_GENE020_sg4,GENE020,473,429,457,460,0,0,0,0,0,0,0,0,0,0,0,0,0,0,0,0,0,0,0,0,0,0,0,0,0,0,0,0
SYN-SCREEN-01_GENE021_sg1,GENE021,775,1071,876,1053,0,0,0,0,0,0,0,0,0,0,0,0,0,0,0,0,0,0,0,0,0,0,0,0,0,0,0,0
SYN-SCREEN-01_GENE021_sg2,GENE021,1321,1182,1006,1308,0,0,0,0,0,0,0,0,0,0,0,0,0,0,0,0,0,0,0,0,0,0,0,0,0,0,0,0
SYN-SCREEN-01_GENE021_sg3,GENE021,363,461,577,419,0,0,0,0,0,0,0,0,0,0,0,0,0,0,0,0,0,0,0,0,0,0,0,0,0,0,0,0
SYN-SCREEN-01_GENE021_sg4,GENE021,607,573,548,563,0,0,0,0,0,0,0,0,0,0,0,0,0,0,0,0,0,0,0,0,0,0,0,0,0,0,0,0
SYN-SCREEN-01_GENE022_sg1,GENE022,487,514,435,431,0,0,0,0,0,0,0,0,0,0,0,0,0,0,0,0,0,0,0,0,0,0,0,0,0,0,0,0
SYN-SCREEN-01_GENE022_sg2,GENE022,761,866,811,1007,0,0,0,0,0,0,0,0,0,0,0,0,0,0,0,0,0,0,0,0,0,0,0,0,0,0,0,0
SYN-SCREEN-01_GENE022_sg3,GENE022,1412,1105,882,1064,0,0,0,0,0,0,0,0,0,0,0,0,0,0,0,0,0,0,0,0,0,0,0,0,0,0,0,0
SYN-SCREEN-01_GENE022_sg4,GENE022,965,1229,854,840,0,0,0,0,0,0,0,0,0,0,0,0,0,0,0,0,0,0,0,0,0,0,0,0,0,0,0,0
SYN-SCREEN-01_GENE023_sg1,GENE023,1096,1072,1025,1096,0,0,0,0,0,0,0,0,0,0,0,0,0,0,0,0,0,0,0,0,0,0,0,0,0,0,0,0
SYN-SCREEN-01_GENE023_sg2,GENE023,1110,937,836,882,0,0,0,0,0,0,0,0,0,0,0,0,0,0,0,0,0,0,0,0,0,0,0,0,0,0,0,0
SYN-SCREEN-01_GENE023_sg3,GENE023,458,488,479,467,0,0,0,0,0,0,0,0,0,0,0,0,0,0,0,0,0,0,0,0,0,0,0,0,0,0,0,0
SYN-SCREEN-01_GENE023_sg4,GENE023,399,479,466,505,0,0,0,0,0,0,0,0,0,0,0,0,0,0,0,0,0,0,0,0,0,0,0,0,0,0,0,0
SYN-SCREEN-01_GENE024_sg1,GENE024,853,1169,822,832,0,0,0,0,0,0,0,0,0,0,0,0,0,0,0,0,0,0,0,0,0,0,0,0,0,0,0,0
SYN-SCREEN-01_GENE024_sg2,GENE024,671,731,729,680,0,0,0,0,0,0,0,0,0,0,0,0,0,0,0,0,0,0,0,0,0,0,0,0,0,0,0,0
SYN-SCREEN-01_GENE024_sg3,GENE024,980,1313,1209,1293,0,0,0,0,0,0,0,0,0,0,0,0,0,0,0,0,0,0,0,0,0,0,0,0,0,0,0,0
SYN-SCREEN-01_GENE024_sg4,GENE024,548,646,514,585,0,0,0,0,0,0,0,0,0,0,0,0,0,0,0,0,0,0,0,0,0,0,0,0,0,0,0,0
SYN-SCREEN-01_GENE025_sg1,GENE025,1002,1074,1248,1144,0,0,0,0,0,0,0,0,0,0,0,0,0,0,0,0,0,0,0,0,0,0,0,0,0,0,0,0
SYN-SCREEN-01_GENE025_sg2,GENE025,894,913,1151,1126,0,0,0,0,0,0,0,0,0,0,0,0,0,0,0,0,0,0,0,0,0,0,0,0,0,0,0,0
SYN-SCREEN-01_GENE025_sg3,GENE025,689,577,724,694,0,0,0,0,0,0,0,0,0,0,0,0,0,0,0,0,0,0,0,0,0,0,0,0,0,0,0,0
SYN-SCREEN-01_GENE025_sg4,GENE025,670,704,615,721,0,0,0,0,0,0,0,0,0,0,0,0,0,0,0,0,0,0,0,0,0,0,0,0,0,0,0,0
SYN-SCREEN-01_GENE026_sg1,GENE026,659,598,561,548,0,0,0,0,0,0,0,0,0,0,0,0,0,0,0,0,0,0,0,0,0,0,0,0,0,0,0,0
SYN-SCREEN-01_GENE026_sg2,GENE026,942,914,736,1001,0,0,0,0,0,0,0,0,0,0,0,0,0,0,0,0,0,0,0,0,0,0,0,0,0,0,0,0
SYN-SCREEN-01_GENE026_sg3,GENE026,497,608,551,630,0,0,0,0,0,0,0,0,0,0,0,0,0,0,0,0,0,0,0,0,0,0,0,0,0,0,0,0
SYN-SCREEN-01_GENE026_sg4,GENE026,554,822,736,710,0,0,0,0,0,0,0,0,0,0,0,0,0,0,0,0,0,0,0,0,0,0,0,0,0,0,0,0
SYN-SCREEN-01_GENE027_sg1,GENE027,1157,1100,1092,1588,0,0,0,0,0,0,0,0,0,0,0,0,0,0,0,0,0,0,0,0,0,0,0,0,0,0,0,0
SYN-SCREEN-01_GENE027_sg2,GENE027,716,731,734,688,0,0,0,0,0,0,0,0,0,0,0,0,0,0,0,0,0,0,0,0,0,0,0,0,0,0,0,0
SYN-SCREEN-01_GENE027_sg3,GENE027,738,883,647,626,0,0,0,0,0,0,0,0,0,0,0,0,0,0,0,0,0,0,0,0,0,0,0,0,0,0,0,0
SYN-SCREEN-01_GENE027_sg4,GENE027,934,1338,1081,1285,0,0,0,0,0,0,0,0,0,0,0,0,0,0,0,0,0,0,0,0,0,0,0,0,0,0,0,0
SYN-SCREEN-01_GENE028_sg1,GENE028,723,895,717,829,0,0,0,0,0,0,0,0,0,0,0,0,0,0,0,0,0,0,0,0,0,0,0,0,0,0,0,0
SYN-SCREEN-01_GENE028_sg2,GENE028,562,501,625,609,0,0,0,0,0,0,0,0,0,0,0,0,0,0,0,0,0,0,0,0,0,0,0,0,0,0,0,0
SYN-SCREEN-01_GENE028_sg3,GENE028,683,714,714,629,0,0,0,0,0,0,0,0,0,0,0,0,0,0,0,0,0,0,0,0,0,0,0,0,0,0,0,0
SYN-SCREEN-01_GENE028_sg4,GENE028,675,551,548,565,0,0,0,0,0,0,0,0,0,0,0,0,0,0,0,0,0,0,0,0,0,0,0,0,0,0,0,0
SYN-SCREEN-01_GENE029_sg1,GENE029,589,707,708,685,0,0,0,0,0,0,0,0,0,0,0,0,0,0,0,0,0,0,0,0,0,0,0,0,0,0,0,0
SYN-SCREEN-01_GENE029_sg2,GENE029,1345,1337,1360,1261,0,0,0,0,0,0,0,0,0,0,0,0,0,0,0,0,0,0,0,0,0,0,0,0,0,0,0,0
SYN-SCREEN-01_GENE029_sg3,GENE029,1020,941,1052,949,0,0,0,0,0,0,0,0,0,0,0,0,0,0,0,0,0,0,0,0,0,0,0,0,0,0,0,0
SYN-SCREEN-01_GENE029_sg4,GENE029,660,500,712,690,0,0,0,0,0,0,0,0,0,0,0,0,0,0,0,0,0,0,0,0,0,0,0,0,0,0,0,0
SYN-SCREEN-01_GENE030_sg1,GENE030,426,431,470,447,0,0,0,0,0,0,0,0,0,0,0,0,0,0,0,0,0,0,0,0,0,0,0,0,0,0,0,0
SYN-SCREEN-01_GENE030_sg2,GENE030,1314,1122,1066,900,0,0,0,0,0,0,0,0,0,0,0,0,0,0,0,0,0,0,0,0,0,0,0,0,0,0,0,0
SYN-SCREEN-01_GENE030_sg3,GENE030,1195,1108,1166,924,0,0,0,0,0,0,0,0,0,0,0,0,0,0,0,0,0,0,0,0,0,0,0,0,0,0,0,0
SYN-SCREEN-01_GENE030_sg4,GENE030,936,1195,940,917,0,0,0,0,0,0,0,0,0,0,0,0,0,0,0,0,0,0,0,0,0,0,0,0,0,0,0,0
SYN-SCREEN-01_GENE031_sg1,GENE031,1051,1015,931,1287,0,0,0,0,0,0,0,0,0,0,0,0,0,0,0,0,0,0,0,0,0,0,0,0,0,0,0,0
SYN-SCREEN-01_GENE031_sg2,GENE031,1022,1038,1102,879,0,0,0,0,0,0,0,0,0,0,0,0,0,0,0,0,0,0,0,0,0,0,0,0,0,0,0,0
SYN-SCREEN-01_GENE031_sg3,GENE031,514,491,574,522,0,0,0,0,0,0,0,0,0,0,0,0,0,0,0,0,0,0,0,0,0,0,0,0,0,0,0,0
SYN-SCREEN-01_GENE031_sg4,GENE031,829,1122,1126,1062,0,0,0,0,0,0,0,0,0,0,0,0,0,0,0,0,0,0,0,0,0,0,0,0,0,0,0,0
SYN-SCREEN-01_GENE032_sg1,GENE032,907,882,990,693,0,0,0,0,0,0,0,0,0,0,0,0,0,0,0,0,0,0,0,0,0,0,0,0,0,0,0,0
SYN-SCREEN-01_GENE032_sg2,GENE032,872,732,852,822,0,0,0,0,0,0,0,0,0,0,0,0,0,0,0,0,0,0,0,0,0,0,0,0,0,0,0,0
SYN-SCREEN-01_GENE032_sg3,GENE032,561,618,728,662,0,0,0,0,0,0,0,0,0,0,0,0,0,0,0,0,0,0,0,0,0,0,0,0,0,0,0,0
SYN-SCREEN-01_GENE032_sg4,GENE032,819,823,1035,899,0,0,0,0,0,0,0,0,0,0,0,0,0,0,0,0,0,0,0,0,0,0,0,0,0,0,0,0
SYN-SCREEN-01_GENE033_sg1,GENE033,1005,1063,1029,899,0,0,0,0,0,0,0,0,0,0,0,0,0,0,0,0,0,0,0,0,0,0,0,0,0,0,0,0
SYN-SCREEN-01_GENE033_sg2,GENE033,661,630,650,561,0,0,0,0,0,0,0,0,0,0,0,0,0,0,0,0,0,0,0,0,0,0,0,0,0,0,0,0
SYN-SCREEN-01_GENE033_sg3,GENE033,638,581,647,715,0,0,0,0,0,0,0,0,0,0,0,0,0,0,0,0,0,0,0,0,0,0,0,0,0,0,0,0
SYN-SCREEN-01_GENE033_sg4,GENE033,791,720,957,1074,0,0,0,0,0,0,0,0,0,0,0,0,0,0,0,0,0,0,0,0,0,0,0,0,0,0,0,0
SYN-SCREEN-01_GENE034_sg1,GENE034,584,644,585,660,0,0,0,0,0,0,0,0,0,0,0,0,0,0,0,0,0,0,0,0,0,0,0,0,0,0,0,0
SYN-SCREEN-01_GENE034_sg2,GENE034,438,533,547,598,0,0,0,0,0,0,0,0,0,0,0,0,0,0,0,0,0,0,0,0,0,0,0,0,0,0,0,0
SYN-SCREEN-01_GENE034_sg3,GENE034,859,954,1082,879,0,0,0,0,0,0,0,0,0,0,0,0,0,0,0,0,0,0,0,0,0,0,0,0,0,0,0,0
SYN-SCREEN-01_GENE034_sg4,GENE034,537,472,512,597,0,0,0,0,0,0,0,0,0,0,0,0,0,0,0,0,0,0,0,0,0,0,0,0,0,0,0,0
SYN-SCREEN-01_GENE035_sg1,GENE035,1208,1104,1104,1175,0,0,0,0,0,0,0,0,0,0,0,0,0,0,0,0,0,0,0,0,0,0,0,0,0,0,0,0
SYN-SCREEN-01_GENE035_sg2,GENE035,646,586,481,627,0,0,0,0,0,0,0,0,0,0,0,0,0,0,0,0,0,0,0,0,0,0,0,0,0,0,0,0
SYN-SCREEN-01_GENE035_sg3,GENE035,835,1079,851,871,0,0,0,0,0,0,0,0,0,0,0,0,0,0,0,0,0,0,0,0,0,0,0,0,0,0,0,0
SYN-SCREEN-01_GENE035_sg4,GENE035,908,1109,1218,1064,0,0,0,0,0,0,0,0,0,0,0,0,0,0,0,0,0,0,0,0,0,0,0,0,0,0,0,0
SYN-SCREEN-01_GENE036_sg1,GENE036,975,1171,1031,1213,0,0,0,0,0,0,0,0,0,0,0,0,0,0,0,0,0,0,0,0,0,0,0,0,0,0,0,0
SYN-SCREEN-01_GENE036_sg2,GENE036,765,633,567,710,0,0,0,0,0,0,0,0,0,0,0,0,0,0,0,0,0,0,0,0,0,0,0,0,0,0,0,0
SYN-SCREEN-01_GENE036_sg3,GENE036,1096,1081,1113,1181,0,0,0,0,0,0,0,0,0,0,0,0,0,0,0,0,0,0,0,0,0,0,0,0,0,0,0,0
SYN-SCREEN-01_GENE036_sg4,GENE036,588,503,480,608,0,0,0,0,0,0,0,0,0,0,0,0,0,0,0,0,0,0,0,0,0,0,0,0,0,0,0,0
SYN-SCREEN-01_GENE037_sg1,GENE037,1201,852,958,1126,0,0,0,0,0,0,0,0,0,0,0,0,0,0,0,0,0,0,0,0,0,0,0,0,0,0,0,0
SYN-SCREEN-01_GENE037_sg2,GENE037,452,523,449,722,0,0,0,0,0,0,0,0,0,0,0,0,0,0,0,0,0,0,0,0,0,0,0,0,0,0,0,0
SYN-SCREEN-01_GENE037_sg3,GENE037,507,568,538,535,0,0,0,0,0,0,0,0,0,0,0,0,0,0,0,0,0,0,0,0,0,0,0,0,0,0,0,0
SYN-SCREEN-01_GENE037_sg4,GENE037,1522,1179,1229,1189,0,0,0,0,0,0,0,0,0,0,0,0,0,0,0,0,0,0,0,0,0,0,0,0,0,0,0,0
SYN-SCREEN-01_GENE038_sg1,GENE038,669,560,547,560,0,0,0,0,0,0,0,0,0,0,0,0,0,0,0,0,0,0,0,0,0,0,0,0,0,0,0,0
SYN-SCREEN-01_GENE038_sg2,GENE038,835,651,897,820,0,0,0,0,0,0,0,0,0,0,0,0,0,0,0,0,0,0,0,0,0,0,0,0,0,0,0,0
SYN-SCREEN-01_GENE038_sg3,GENE038,574,552,704,616,0,0,0,0,0,0,0,0,0,0,0,0,0,0,0,0,0,0,0,0,0,0,0,0,0,0,0,0
SYN-SCREEN-01_GENE038_sg4,GENE038,933,843,933,682,0,0,0,0,0,0,0,0,0,0,0,0,0,0,0,0,0,0,0,0,0,0,0,0,0,0,0,0
SYN-SCREEN-01_GENE039_sg1,GENE039,977,934,968,746,0,0,0,0,0,0,0,0,0,0,0,0,0,0,0,0,0,0,0,0,0,0,0,0,0,0,0,0
SYN-SCREEN-01_GENE039_sg2,GENE039,487,506,545,436,0,0,0,0,0,0,0,0,0,0,0,0,0,0,0,0,0,0,0,0,0,0,0,0,0,0,0,0
SYN-SCREEN-01_GENE039_sg3,GENE039,1226,902,1367,982,0,0,0,0,0,0,0,0,0,0,0,0,0,0,0,0,0,0,0,0,0,0,0,0,0,0,0,0
SYN-SCREEN-01_GENE039_sg4,GENE039,831,830,810,844,0,0,0,0,0,0,0,0,0,0,0,0,0,0,0,0,0,0,0,0,0,0,0,0,0,0,0,0
SYN-SCREEN-01_GENE040_sg1,GENE040,492,608,376,594,0,0,0,0,0,0,0,0,0,0,0,0,0,0,0,0,0,0,0,0,0,0,0,0,0,0,0,0
SYN-SCREEN-01_GENE040_sg2,GENE040,593,812,702,790,0,0,0,0,0,0,0,0,0,0,0,0,0,0,0,0,0,0,0,0,0,0,0,0,0,0,0,0
SYN-SCREEN-01_GENE040_sg3,GENE040,1218,1182,1169,965,0,0,0,0,0,0,0,0,0,0,0,0,0,0,0,0,0,0,0,0,0,0,0,0,0,0,0,0
SYN-SCREEN-01_GENE040_sg4,GENE040,852,1041,858,822,0,0,0,0,0,0,0,0,0,0,0,0,0,0,0,0,0,0,0,0,0,0,0,0,0,0,0,0
SYN-SCREEN-01_GENE041_sg1,GENE041,1029,1034,981,852,0,0,0,0,0,0,0,0,0,0,0,0,0,0,0,0,0,0,0,0,0,0,0,0,0,0,0,0
SYN-SCREEN-01_GENE041_sg2,GENE041,1296,1117,1219,1270,0,0,0,0,0,0,0,0,0,0,0,0,0,0,0,0,0,0,0,0,0,0,0,0,0,0,0,0
SYN-SCREEN-01_GENE041_sg3,GENE041,1232,1093,1494,1197,0,0,0,0,0,0,0,0,0,0,0,0,0,0,0,0,0,0,0,0,0,0,0,0,0,0,0,0
SYN-SCREEN-01_GENE041_sg4,GENE041,433,368,501,515,0,0,0,0,0,0,0,0,0,0,0,0,0,0,0,0,0,0,0,0,0,0,0,0,0,0,0,0
SYN-SCREEN-01_GENE042_sg1,GENE042,938,921,1108,775,0,0,0,0,0,0,0,0,0,0,0,0,0,0,0,0,0,0,0,0,0,0,0,0,0,0,0,0
SYN-SCREEN-01_GENE042_sg2,GENE042,651,787,714,730,0,0,0,0,0,0,0,0,0,0,0,0,0,0,0,0,0,0,0,0,0,0,0,0,0,0,0,0
SYN-SCREEN-01_GENE042_sg3,GENE042,1106,915,885,861,0,0,0,0,0,0,0,0,0,0,0,0,0,0,0,0,0,0,0,0,0,0,0,0,0,0,0,0
SYN-SCREEN-01_GENE042_sg4,GENE042,1366,1184,1134,1162,0,0,0,0,0,0,0,0,0,0,0,0,0,0,0,0,0,0,0,0,0,0,0,0,0,0,0,0
SYN-SCREEN-01_GENE043_sg1,GENE043,1004,808,1095,1142,0,0,0,0,0,0,0,0,0,0,0,0,0,0,0,0,0,0,0,0,0,0,0,0,0,0,0,0
SYN-SCREEN-01_GENE043_sg2,GENE043,1173,1059,908,1200,0,0,0,0,0,0,0,0,0,0,0,0,0,0,0,0,0,0,0,0,0,0,0,0,0,0,0,0
SYN-SCREEN-01_GENE043_sg3,GENE043,637,443,649,816,0,0,0,0,0,0,0,0,0,0,0,0,0,0,0,0,0,0,0,0,0,0,0,0,0,0,0,0
SYN-SCREEN-01_GENE043_sg4,GENE043,910,1121,1012,997,0,0,0,0,0,0,0,0,0,0,0,0,0,0,0,0,0,0,0,0,0,0,0,0,0,0,0,0
SYN-SCREEN-01_GENE044_sg1,GENE044,1242,1067,914,1151,0,0,0,0,0,0,0,0,0,0,0,0,0,0,0,0,0,0,0,0,0,0,0,0,0,0,0,0
SYN-SCREEN-01_GENE044_sg2,GENE044,714,773,650,856,0,0,0,0,0,0,0,0,0,0,0,0,0,0,0,0,0,0,0,0,0,0,0,0,0,0,0,0
SYN-SCREEN-01_GENE044_sg3,GENE044,854,806,894,934,0,0,0,0,0,0,0,0,0,0,0,0,0,0,0,0,0,0,0,0,0,0,0,0,0,0,0,0
SYN-SCREEN-01_GENE044_sg4,GENE044,1004,969,886,793,0,0,0,0,0,0,0,0,0,0,0,0,0,0,0,0,0,0,0,0,0,0,0,0,0,0,0,0
SYN-SCREEN-01_GENE045_sg1,GENE045,989,1079,797,1195,0,0,0,0,0,0,0,0,0,0,0,0,0,0,0,0,0,0,0,0,0,0,0,0,0,0,0,0
SYN-SCREEN-01_GENE045_sg2,GENE045,644,641,547,623,0,0,0,0,0,0,0,0,0,0,0,0,0,0,0,0,0,0,0,0,0,0,0,0,0,0,0,0
SYN-SCREEN-01_GENE045_sg3,GENE045,680,1000,829,943,0,0,0,0,0,0,0,0,0,0,0,0,0,0,0,0,0,0,0,0,0,0,0,0,0,0,0,0
SYN-SCREEN-01_GENE045_sg4,GENE045,387,443,565,356,0,0,0,0,0,0,0,0,0,0,0,0,0,0,0,0,0,0,0,0,0,0,0,0,0,0,0,0
SYN-SCREEN-01_GENE046_sg1,GENE046,1006,1104,959,1110,0,0,0,0,0,0,0,0,0,0,0,0,0,0,0,0,0,0,0,0,0,0,0,0,0,0,0,0
SYN-SCREEN-01_GENE046_sg2,GENE046,727,575,571,597,0,0,0,0,0,0,0,0,0,0,0,0,0,0,0,0,0,0,0,0,0,0,0,0,0,0,0,0
SYN-SCREEN-01_GENE046_sg3,GENE046,1008,1447,1157,973,0,0,0,0,0,0,0,0,0,0,0,0,0,0,0,0,0,0,0,0,0,0,0,0,0,0,0,0
SYN-SCREEN-01_GENE046_sg4,GENE046,801,1067,1149,851,0,0,0,0,0,0,0,0,0,0,0,0,0,0,0,0,0,0,0,0,0,0,0,0,0,0,0,0
SYN-SCREEN-01_GENE047_sg1,GENE047,501,569,554,535,0,0,0,0,0,0,0,0,0,0,0,0,0,0,0,0,0,0,0,0,0,0,0,0,0,0,0,0
SYN-SCREEN-01_GENE047_sg2,GENE047,987,959,1121,1103,0,0,0,0,0,0,0,0,0,0,0,0,0,0,0,0,0,0,0,0,0,0,0,0,0,0,0,0
SYN-SCREEN-01_GENE047_sg3,GENE047,1185,1074,1362,960,0,0,0,0,0,0,0,0,0,0,0,0,0,0,0,0,0,0,0,0,0,0,0,0,0,0,0,0
SYN-SCREEN-01_GENE047_sg4,GENE047,1131,1160,1182,1088,0,0,0,0,0,0,0,0,0,0,0,0,0,0,0,0,0,0,0,0,0,0,0,0,0,0,0,0
SYN-SCREEN-01_GENE048_sg1,GENE048,547,594,483,476,0,0,0,0,0,0,0,0,0,0,0,0,0,0,0,0,0,0,0,0,0,0,0,0,0,0,0,0
SYN-SCREEN-01_GENE048_sg2,GENE048,1543,975,1198,1188,0,0,0,0,0,0,0,0,0,0,0,0,0,0,0,0,0,0,0,0,0,0,0,0,0,0,0,0
SYN-SCREEN-01_GENE048_sg3,GENE048,621,625,860,643,0,0,0,0,0,0,0,0,0,0,0,0,0,0,0,0,0,0,0,0,0,0,0,0,0,0,0,0
SYN-SCREEN-01_GENE048_sg4,GENE048,1041,885,1151,1023,0,0,0,0,0,0,0,0,0,0,0,0,0,0,0,0,0,0,0,0,0,0,0,0,0,0,0,0
SYN-SCREEN-01_GENE049_sg1,GENE049,992,951,843,813,0,0,0,0,0,0,0,0,0,0,0,0,0,0,0,0,0,0,0,0,0,0,0,0,0,0,0,0
SYN-SCREEN-01_GENE049_sg2,GENE049,968,1177,1215,952,0,0,0,0,0,0,0,0,0,0,0,0,0,0,0,0,0,0,0,0,0,0,0,0,0,0,0,0
SYN-SCREEN-01_GENE049_sg3,GENE049,641,556,567,570,0,0,0,0,0,0,0,0,0,0,0,0,0,0,0,0,0,0,0,0,0,0,0,0,0,0,0,0
SYN-SCREEN-01_GENE049_sg4,GENE049,670,544,604,561,0,0,0,0,0,0,0,0,0,0,0,0,0,0,0,0,0,0,0,0,0,0,0,0,0,0,0,0
SYN-SCREEN-01_GENE050_sg1,GENE050,619,767,626,638,0,0,0,0,0,0,0,0,0,0,0,0,0,0,0,0,0,0,0,0,0,0,0,0,0,0,0,0
SYN-SCREEN-01_GENE050_sg2,GENE050,456,473,314,433,0,0,0,0,0,0,0,0,0,0,0,0,0,0,0,0,0,0,0,0,0,0,0,0,0,0,0,0
SYN-SCREEN-01_GENE050_sg3,GENE050,571,691,568,660,0,0,0,0,0,0,0,0,0,0,0,0,0,0,0,0,0,0,0,0,0,0,0,0,0,0,0,0
SYN-SCREEN-01_GENE050_sg4,GENE050,626,609,726,664,0,0,0,0,0,0,0,0,0,0,0,0,0,0,0,0,0,0,0,0,0,0,0,0,0,0,0,0
SYN-SCREEN-01_GENE051_sg1,GENE051,786,873,762,972,0,0,0,0,0,0,0,0,0,0,0,0,0,0,0,0,0,0,0,0,0,0,0,0,0,0,0,0
SYN-SCREEN-01_GENE051_sg2,GENE051,531,609,796,629,0,0,0,0,0,0,0,0,0,0,0,0,0,0,0,0,0,0,0,0,0,0,0,0,0,0,0,0
SYN-SCREEN-01_GENE051_sg3,GENE051,1089,928,1052,915,0,0,0,0,0,0,0,0,0,0,0,0,0,0,0,0,0,0,0,0,0,0,0,0,0,0,0,0
SYN-SCREEN-01_GENE051_sg4,GENE051,970,946,1090,1052,0,0,0,0,0,0,0,0,0,0,0,0,0,0,0,0,0,0,0,0,0,0,0,0,0,0,0,0
SYN-SCREEN-01_GENE052_sg1,GENE052,917,757,832,767,0,0,0,0,0,0,0,0,0,0,0,0,0,0,0,0,0,0,0,0,0,0,0,0,0,0,0,0
SYN-SCREEN-01_GENE052_sg2,GENE052,1082,999,1167,1026,0,0,0,0,0,0,0,0,0,0,0,0,0,0,0,0,0,0,0,0,0,0,0,0,0,0,0,0
SYN-SCREEN-01_GENE052_sg3,GENE052,571,718,674,578,0,0,0,0,0,0,0,0,0,0,0,0,0,0,0,0,0,0,0,0,0,0,0,0,0,0,0,0
SYN-SCREEN-01_GENE052_sg4,GENE052,571,764,605,542,0,0,0,0,0,0,0,0,0,0,0,0,0,0,0,0,0,0,0,0,0,0,0,0,0,0,0,0
SYN-SCREEN-01_GENE053_sg1,GENE053,1092,1300,1343,1413,0,0,0,0,0,0,0,0,0,0,0,0,0,0,0,0,0,0,0,0,0,0,0,0,0,0,0,0
SYN-SCREEN-01_GENE053_sg2,GENE053,1079,944,1197,850,0,0,0,0,0,0,0,0,0,0,0,0,0,0,0,0,0,0,0,0,0,0,0,0,0,0,0,0
SYN-SCREEN-01_GENE053_sg3,GENE053,670,580,797,794,0,0,0,0,0,0,0,0,0,0,0,0,0,0,0,0,0,0,0,0,0,0,0,0,0,0,0,0
SYN-SCREEN-01_GENE053_sg4,GENE053,861,827,1116,902,0,0,0,0,0,0,0,0,0,0,0,0,0,0,0,0,0,0,0,0,0,0,0,0,0,0,0,0
SYN-SCREEN-01_GENE054_sg1,GENE054,953,1097,1201,1359,0,0,0,0,0,0,0,0,0,0,0,0,0,0,0,0,0,0,0,0,0,0,0,0,0,0,0,0
SYN-SCREEN-01_GENE054_sg2,GENE054,680,622,717,961,0,0,0,0,0,0,0,0,0,0,0,0,0,0,0,0,0,0,0,0,0,0,0,0,0,0,0,0
SYN-SCREEN-01_GENE054_sg3,GENE054,485,447,463,489,0,0,0,0,0,0,0,0,0,0,0,0,0,0,0,0,0,0,0,0,0,0,0,0,0,0,0,0
SYN-SCREEN-01_GENE054_sg4,GENE054,1383,1140,1233,1098,0,0,0,0,0,0,0,0,0,0,0,0,0,0,0,0,0,0,0,0,0,0,0,0,0,0,0,0
SYN-SCREEN-01_GENE055_sg1,GENE055,1028,1072,774,670,0,0,0,0,0,0,0,0,0,0,0,0,0,0,0,0,0,0,0,0,0,0,0,0,0,0,0,0
SYN-SCREEN-01_GENE055_sg2,GENE055,657,616,499,519,0,0,0,0,0,0,0,0,0,0,0,0,0,0,0,0,0,0,0,0,0,0,0,0,0,0,0,0
SYN-SCREEN-01_GENE055_sg3,GENE055,798,726,592,699,0,0,0,0,0,0,0,0,0,0,0,0,0,0,0,0,0,0,0,0,0,0,0,0,0,0,0,0
SYN-SCREEN-01_GENE055_sg4,GENE055,485,487,516,445,0,0,0,0,0,0,0,0,0,0,0,0,0,0,0,0,0,0,0,0,0,0,0,0,0,0,0,0
SYN-SCREEN-01_GENE056_sg1,GENE056,1407,1005,1017,1068,0,0,0,0,0,0,0,0,0,0,0,0,0,0,0,0,0,0,0,0,0,0,0,0,0,0,0,0
SYN-SCREEN-01_GENE056_sg2,GENE056,770,639,916,925,0,0,0,0,0,0,0,0,0,0,0,0,0,0,0,0,0,0,0,0,0,0,0,0,0,0,0,0
SYN-SCREEN-01_GENE056_sg3,GENE056,1342,996,1241,1130,0,0,0,0,0,0,0,0,0,0,0,0,0,0,0,0,0,0,0,0,0,0,0,0,0,0,0,0
SYN-SCREEN-01_GENE056_sg4,GENE056,532,454,541,514,0,0,0,0,0,0,0,0,0,0,0,0,0,0,0,0,0,0,0,0,0,0,0,0,0,0,0,0
SYN-SCREEN-01_GENE057_sg1,GENE057,1029,1293,1176,1252,0,0,0,0,0,0,0,0,0,0,0,0,0,0,0,0,0,0,0,0,0,0,0,0,0,0,0,0
SYN-SCREEN-01_GENE057_sg2,GENE057,1030,905,1243,937,0,0,0,0,0,0,0,0,0,0,0,0,0,0,0,0,0,0,0,0,0,0,0,0,0,0,0,0
SYN-SCREEN-01_GENE057_sg3,GENE057,896,1020,764,807,0,0,0,0,0,0,0,0,0,0,0,0,0,0,0,0,0,0,0,0,0,0,0,0,0,0,0,0
SYN-SCREEN-01_GENE057_sg4,GENE057,604,623,724,725,0,0,0,0,0,0,0,0,0,0,0,0,0,0,0,0,0,0,0,0,0,0,0,0,0,0,0,0
SYN-SCREEN-01_GENE058_sg1,GENE058,497,557,729,612,0,0,0,0,0,0,0,0,0,0,0,0,0,0,0,0,0,0,0,0,0,0,0,0,0,0,0,0
SYN-SCREEN-01_GENE058_sg2,GENE058,1106,1121,1171,988,0,0,0,0,0,0,0,0,0,0,0,0,0,0,0,0,0,0,0,0,0,0,0,0,0,0,0,0
SYN-SCREEN-01_GENE058_sg3,GENE058,1095,1075,1237,1478,0,0,0,0,0,0,0,0,0,0,0,0,0,0,0,0,0,0,0,0,0,0,0,0,0,0,0,0
SYN-SCREEN-01_GENE058_sg4,GENE058,741,598,841,847,0,0,0,0,0,0,0,0,0,0,0,0,0,0,0,0,0,0,0,0,0,0,0,0,0,0,0,0
SYN-SCREEN-01_GENE059_sg1,GENE059,685,668,1031,692,0,0,0,0,0,0,0,0,0,0,0,0,0,0,0,0,0,0,0,0,0,0,0,0,0,0,0,0
SYN-SCREEN-01_GENE059_sg2,GENE059,986,914,1050,904,0,0,0,0,0,0,0,0,0,0,0,0,0,0,0,0,0,0,0,0,0,0,0,0,0,0,0,0
SYN-SCREEN-01_GENE059_sg3,GENE059,920,1011,1270,1301,0,0,0,0,0,0,0,0,0,0,0,0,0,0,0,0,0,0,0,0,0,0,0,0,0,0,0,0
SYN-SCREEN-01_GENE059_sg4,GENE059,511,589,553,606,0,0,0,0,0,0,0,0,0,0,0,0,0,0,0,0,0,0,0,0,0,0,0,0,0,0,0,0
SYN-SCREEN-02_GENE000_sg1,GENE000,0,0,0,0,760,769,2544,2185,0,0,0,0,0,0,0,0,0,0,0,0,0,0,0,0,0,0,0,0,0,0,0,0
SYN-SCREEN-02_GENE000_sg2,GENE000,0,0,0,0,1053,1077,2873,2647,0,0,0,0,0,0,0,0,0,0,0,0,0,0,0,0,0,0,0,0,0,0,0,0
SYN-SCREEN-02_GENE000_sg3,GENE000,0,0,0,0,1090,1169,3706,3156,0,0,0,0,0,0,0,0,0,0,0,0,0,0,0,0,0,0,0,0,0,0,0,0
SYN-SCREEN-02_GENE000_sg4,GENE000,0,0,0,0,458,552,1983,1533,0,0,0,0,0,0,0,0,0,0,0,0,0,0,0,0,0,0,0,0,0,0,0,0
SYN-SCREEN-02_GENE001_sg1,GENE001,0,0,0,0,492,518,1653,1829,0,0,0,0,0,0,0,0,0,0,0,0,0,0,0,0,0,0,0,0,0,0,0,0
SYN-SCREEN-02_GENE001_sg2,GENE001,0,0,0,0,949,1144,2837,2971,0,0,0,0,0,0,0,0,0,0,0,0,0,0,0,0,0,0,0,0,0,0,0,0
SYN-SCREEN-02_GENE001_sg3,GENE001,0,0,0,0,1014,982,3357,3534,0,0,0,0,0,0,0,0,0,0,0,0,0,0,0,0,0,0,0,0,0,0,0,0
SYN-SCREEN-02_GENE001_sg4,GENE001,0,0,0,0,1018,939,3072,3019,0,0,0,0,0,0,0,0,0,0,0,0,0,0,0,0,0,0,0,0,0,0,0,0
SYN-SCREEN-02_GENE002_sg1,GENE002,0,0,0,0,615,632,1860,1575,0,0,0,0,0,0,0,0,0,0,0,0,0,0,0,0,0,0,0,0,0,0,0,0
SYN-SCREEN-02_GENE002_sg2,GENE002,0,0,0,0,1059,1192,3331,2999,0,0,0,0,0,0,0,0,0,0,0,0,0,0,0,0,0,0,0,0,0,0,0,0
SYN-SCREEN-02_GENE002_sg3,GENE002,0,0,0,0,839,708,3002,2123,0,0,0,0,0,0,0,0,0,0,0,0,0,0,0,0,0,0,0,0,0,0,0,0
SYN-SCREEN-02_GENE002_sg4,GENE002,0,0,0,0,852,693,1805,2118,0,0,0,0,0,0,0,0,0,0,0,0,0,0,0,0,0,0,0,0,0,0,0,0
SYN-SCREEN-02_GENE003_sg1,GENE003,0,0,0,0,875,1049,3290,3181,0,0,0,0,0,0,0,0,0,0,0,0,0,0,0,0,0,0,0,0,0,0,0,0
SYN-SCREEN-02_GENE003_sg2,GENE003,0,0,0,0,613,573,1851,1603,0,0,0,0,0,0,0,0,0,0,0,0,0,0,0,0,0,0,0,0,0,0,0,0
SYN-SCREEN-02_GENE003_sg3,GENE003,0,0,0,0,1082,1092,3451,4203,0,0,0,0,0,0,0,0,0,0,0,0,0,0,0,0,0,0,0,0,0,0,0,0
SYN-SCREEN-02_GENE003_sg4,GENE003,0,0,0,0,994,771,2344,2926,0,0,0,0,0,0,0,0,0,0,0,0,0,0,0,0,0,0,0,0,0,0,0,0
SYN-SCREEN-02_GENE004_sg1,GENE004,0,0,0,0,824,722,2132,1771,0,0,0,0,0,0,0,0,0,0,0,0,0,0,0,0,0,0,0,0,0,0,0,0
SYN-SCREEN-02_GENE004_sg2,GENE004,0,0,0,0,903,1037,2759,3293,0,0,0,0,0,0,0,0,0,0,0,0,0,0,0,0,0,0,0,0,0,0,0,0
SYN-SCREEN-02_GENE004_sg3,GENE004,0,0,0,0,646,781,2293,2282,0,0,0,0,0,0,0,0,0,0,0,0,0,0,0,0,0,0,0,0,0,0,0,0
SYN-SCREEN-02_GENE004_sg4,GENE004,0,0,0,0,674,680,2464,2194,0,0,0,0,0,0,0,0,0,0,0,0,0,0,0,0,0,0,0,0,0,0,0,0
SYN-SCREEN-02_GENE005_sg1,GENE005,0,0,0,0,819,792,2223,2696,0,0,0,0,0,0,0,0,0,0,0,0,0,0,0,0,0,0,0,0,0,0,0,0
SYN-SCREEN-02_GENE005_sg2,GENE005,0,0,0,0,696,615,2253,1888,0,0,0,0,0,0,0,0,0,0,0,0,0,0,0,0,0,0,0,0,0,0,0,0
SYN-SCREEN-02_GENE005_sg3,GENE005,0,0,0,0,898,1048,3467,2946,0,0,0,0,0,0,0,0,0,0,0,0,0,0,0,0,0,0,0,0,0,0,0,0
SYN-SCREEN-02_GENE005_sg4,GENE005,0,0,0,0,1087,945,3217,2839,0,0,0,0,0,0,0,0,0,0,0,0,0,0,0,0,0,0,0,0,0,0,0,0
SYN-SCREEN-02_GENE006_sg1,GENE006,0,0,0,0,920,1028,386,330,0,0,0,0,0,0,0,0,0,0,0,0,0,0,0,0,0,0,0,0,0,0,0,0
SYN-SCREEN-02_GENE006_sg2,GENE006,0,0,0,0,490,452,186,180,0,0,0,0,0,0,0,0,0,0,0,0,0,0,0,0,0,0,0,0,0,0,0,0
SYN-SCREEN-02_GENE006_sg3,GENE006,0,0,0,0,927,793,286,275,0,0,0,0,0,0,0,0,0,0,0,0,0,0,0,0,0,0,0,0,0,0,0,0
SYN-SCREEN-02_GENE006_sg4,GENE006,0,0,0,0,1068,943,327,318,0,0,0,0,0,0,0,0,0,0,0,0,0,0,0,0,0,0,0,0,0,0,0,0
SYN-SCREEN-02_GENE007_sg1,GENE007,0,0,0,0,694,671,189,267,0,0,0,0,0,0,0,0,0,0,0,0,0,0,0,0,0,0,0,0,0,0,0,0
SYN-SCREEN-02_GENE007_sg2,GENE007,0,0,0,0,796,552,326,237,0,0,0,0,0,0,0,0,0,0,0,0,0,0,0,0,0,0,0,0,0,0,0,0
SYN-SCREEN-02_GENE007_sg3,GENE007,0,0,0,0,1184,975,300,408,0,0,0,0,0,0,0,0,0,0,0,0,0,0,0,0,0,0,0,0,0,0,0,0
SYN-SCREEN-02_GENE007_sg4,GENE007,0,0,0,0,850,855,271,297,0,0,0,0,0,0,0,0,0,0,0,0,0,0,0,0,0,0,0,0,0,0,0,0
SYN-SCREEN-02_GENE008_sg1,GENE008,0,0,0,0,602,533,223,203,0,0,0,0,0,0,0,0,0,0,0,0,0,0,0,0,0,0,0,0,0,0,0,0
SYN-SCREEN-02_GENE008_sg2,GENE008,0,0,0,0,349,495,192,150,0,0,0,0,0,0,0,0,0,0,0,0,0,0,0,0,0,0,0,0,0,0,0,0
SYN-SCREEN-02_GENE008_sg3,GENE008,0,0,0,0,799,833,246,281,0,0,0,0,0,0,0,0,0,0,0,0,0,0,0,0,0,0,0,0,0,0,0,0
SYN-SCREEN-02_GENE008_sg4,GENE008,0,0,0,0,550,576,174,132,0,0,0,0,0,0,0,0,0,0,0,0,0,0,0,0,0,0,0,0,0,0,0,0
SYN-SCREEN-02_GENE009_sg1,GENE009,0,0,0,0,999,1079,357,385,0,0,0,0,0,0,0,0,0,0,0,0,0,0,0,0,0,0,0,0,0,0,0,0
SYN-SCREEN-02_GENE009_sg2,GENE009,0,0,0,0,703,772,197,283,0,0,0,0,0,0,0,0,0,0,0,0,0,0,0,0,0,0,0,0,0,0,0,0
SYN-SCREEN-02_GENE009_sg3,GENE009,0,0,0,0,743,854,251,253,0,0,0,0,0,0,0,0,0,0,0,0,0,0,0,0,0,0,0,0,0,0,0,0
SYN-SCREEN-02_GENE009_sg4,GENE009,0,0,0,0,1175,844,308,265,0,0,0,0,0,0,0,0,0,0,0,0,0,0,0,0,0,0,0,0,0,0,0,0
SYN-SCREEN-02_GENE010_sg1,GENE010,0,0,0,0,1091,985,240,303,0,0,0,0,0,0,0,0,0,0,0,0,0,0,0,0,0,0,0,0,0,0,0,0
SYN-SCREEN-02_GENE010_sg2,GENE010,0,0,0,0,469,467,208,165,0,0,0,0,0,0,0,0,0,0,0,0,0,0,0,0,0,0,0,0,0,0,0,0
SYN-SCREEN-02_GENE010_sg3,GENE010,0,0,0,0,887,874,302,368,0,0,0,0,0,0,0,0,0,0,0,0,0,0,0,0,0,0,0,0,0,0,0,0
SYN-SCREEN-02_GENE010_sg4,GENE010,0,0,0,0,752,863,197,225,0,0,0,0,0,0,0,0,0,0,0,0,0,0,0,0,0,0,0,0,0,0,0,0
SYN-SCREEN-02_GENE011_sg1,GENE011,0,0,0,0,1102,926,302,330,0,0,0,0,0,0,0,0,0,0,0,0,0,0,0,0,0,0,0,0,0,0,0,0
SYN-SCREEN-02_GENE011_sg2,GENE011,0,0,0,0,610,587,219,216,0,0,0,0,0,0,0,0,0,0,0,0,0,0,0,0,0,0,0,0,0,0,0,0
SYN-SCREEN-02_GENE011_sg3,GENE011,0,0,0,0,724,747,252,246,0,0,0,0,0,0,0,0,0,0,0,0,0,0,0,0,0,0,0,0,0,0,0,0
SYN-SCREEN-02_GENE011_sg4,GENE011,0,0,0,0,492,512,196,173,0,0,0,0,0,0,0,0,0,0,0,0,0,0,0,0,0,0,0,0,0,0,0,0
SYN-SCREEN-02_GENE012_sg1,GENE012,0,0,0,0,426,418,802,875,0,0,0,0,0,0,0,0,0,0,0,0,0,0,0,0,0,0,0,0,0,0,0,0
SYN-SCREEN-02_GENE012_sg2,GENE012,0,0,0,0,875,647,1862,1781,0,0,0,0,0,0,0,0,0,0,0,0,0,0,0,0,0,0,0,0,0,0,0,0
SYN-SCREEN-02_GENE012_sg3,GENE012,0,0,0,0,514,418,809,1190,0,0,0,0,0,0,0,0,0,0,0,0,0,0,0,0,0,0,0,0,0,0,0,0
SYN-SCREEN-02_GENE012_sg4,GENE012,0,0,0,0,567,531,994,1014,0,0,0,0,0,0,0,0,0,0,0,0,0,0,0,0,0,0,0,0,0,0,0,0
SYN-SCREEN-02_GENE013_sg1,GENE013,0,0,0,0,1054,999,573,514,0,0,0,0,0,0,0,0,0,0,0,0,0,0,0,0,0,0,0,0,0,0,0,0
SYN-SCREEN-02_GENE013_sg2,GENE013,0,0,0,0,721,882,308,333,0,0,0,0,0,0,0,0,0,0,0,0,0,0,0,0,0,0,0,0,0,0,0,0
SYN-SCREEN-02_GENE013_sg3,GENE013,0,0,0,0,755,679,364,317,0,0,0,0,0,0,0,0,0,0,0,0,0,0,0,0,0,0,0,0,0,0,0,0
SYN-SCREEN-02_GENE013_sg4,GENE013,0,0,0,0,595,584,309,293,0,0,0,0,0,0,0,0,0,0,0,0,0,0,0,0,0,0,0,0,0,0,0,0
SYN-SCREEN-02_GENE014_sg1,GENE014,0,0,0,0,1072,1127,1923,1878,0,0,0,0,0,0,0,0,0,0,0,0,0,0,0,0,0,0,0,0,0,0,0,0
SYN-SCREEN-02_GENE014_sg2,GENE014,0,0,0,0,468,559,914,901,0,0,0,0,0,0,0,0,0,0,0,0,0,0,0,0,0,0,0,0,0,0,0,0
SYN-SCREEN-02_GENE014_sg3,GENE014,0,0,0,0,743,770,1280,1612,0,0,0,0,0,0,0,0,0,0,0,0,0,0,0,0,0,0,0,0,0,0,0,0
SYN-SCREEN-02_GENE014_sg4,GENE014,0,0,0,0,733,878,1032,1200,0,0,0,0,0,0,0,0,0,0,0,0,0,0,0,0,0,0,0,0,0,0,0,0
SYN-SCREEN-02_GENE015_sg1,GENE015,0,0,0,0,565,631,348,466,0,0,0,0,0,0,0,0,0,0,0,0,0,0,0,0,0,0,0,0,0,0,0,0
SYN-SCREEN-02_GENE015_sg2,GENE015,0,0,0,0,821,724,519,466,0,0,0,0,0,0,0,0,0,0,0,0,0,0,0,0,0,0,0,0,0,0,0,0
SYN-SCREEN-02_GENE015_sg3,GENE015,0,0,0,0,836,840,379,463,0,0,0,0,0,0,0,0,0,0,0,0,0,0,0,0,0,0,0,0,0,0,0,0
SYN-SCREEN-02_GENE015_sg4,GENE015,0,0,0,0,399,547,350,329,0,0,0,0,0,0,0,0,0,0,0,0,0,0,0,0,0,0,0,0,0,0,0,0
SYN-SCREEN-02_GENE016_sg1,GENE016,0,0,0,0,898,1059,1504,1125,0,0,0,0,0,0,0,0,0,0,0,0,0,0,0,0,0,0,0,0,0,0,0,0
SYN-SCREEN-02_GENE016_sg2,GENE016,0,0,0,0,637,704,926,998,0,0,0,0,0,0,0,0,0,0,0,0,0,0,0,0,0,0,0,0,0,0,0,0
SYN-SCREEN-02_GENE016_sg3,GENE016,0,0,0,0,867,813,1360,1045,0,0,0,0,0,0,0,0,0,0,0,0,0,0,0,0,0,0,0,0,0,0,0,0
SYN-SCREEN-02_GENE016_sg4,GENE016,0,0,0,0,1051,826,1174,1248,0,0,0,0,0,0,0,0,0,0,0,0,0,0,0,0,0,0,0,0,0,0,0,0
SYN-SCREEN-02_GENE017_sg1,GENE017,0,0,0,0,667,818,686,806,0,0,0,0,0,0,0,0,0,0,0,0,0,0,0,0,0,0,0,0,0,0,0,0
SYN-SCREEN-02_GENE017_sg2,GENE017,0,0,0,0,568,575,639,679,0,0,0,0,0,0,0,0,0,0,0,0,0,0,0,0,0,0,0,0,0,0,0,0
SYN-SCREEN-02_GENE017_sg3,GENE017,0,0,0,0,630,578,633,568,0,0,0,0,0,0,0,0,0,0,0,0,0,0,0,0,0,0,0,0,0,0,0,0
SYN-SCREEN-02_GENE017_sg4,GENE017,0,0,0,0,579,437,466,560,0,0,0,0,0,0,0,0,0,0,0,0,0,0,0,0,0,0,0,0,0,0,0,0
SYN-SCREEN-02_GENE018_sg1,GENE018,0,0,0,0,1041,1203,1154,1110,0,0,0,0,0,0,0,0,0,0,0,0,0,0,0,0,0,0,0,0,0,0,0,0
SYN-SCREEN-02_GENE018_sg2,GENE018,0,0,0,0,495,479,686,650,0,0,0,0,0,0,0,0,0,0,0,0,0,0,0,0,0,0,0,0,0,0,0,0
SYN-SCREEN-02_GENE018_sg3,GENE018,0,0,0,0,867,940,877,1046,0,0,0,0,0,0,0,0,0,0,0,0,0,0,0,0,0,0,0,0,0,0,0,0
SYN-SCREEN-02_GENE018_sg4,GENE018,0,0,0,0,901,983,1074,1229,0,0,0,0,0,0,0,0,0,0,0,0,0,0,0,0,0,0,0,0,0,0,0,0
SYN-SCREEN-02_GENE019_sg1,GENE019,0,0,0,0,683,775,785,918,0,0,0,0,0,0,0,0,0,0,0,0,0,0,0,0,0,0,0,0,0,0,0,0
SYN-SCREEN-02_GENE019_sg2,GENE019,0,0,0,0,835,715,834,833,0,0,0,0,0,0,0,0,0,0,0,0,0,0,0,0,0,0,0,0,0,0,0,0
SYN-SCREEN-02_GENE019_sg3,GENE019,0,0,0,0,436,410,351,436,0,0,0,0,0,0,0,0,0,0,0,0,0,0,0,0,0,0,0,0,0,0,0,0
SYN-SCREEN-02_GENE019_sg4,GENE019,0,0,0,0,765,589,747,540,0,0,0,0,0,0,0,0,0,0,0,0,0,0,0,0,0,0,0,0,0,0,0,0
SYN-SCREEN-02_GENE020_sg1,GENE020,0,0,0,0,935,1182,1084,1151,0,0,0,0,0,0,0,0,0,0,0,0,0,0,0,0,0,0,0,0,0,0,0,0
SYN-SCREEN-02_GENE020_sg2,GENE020,0,0,0,0,836,784,968,860,0,0,0,0,0,0,0,0,0,0,0,0,0,0,0,0,0,0,0,0,0,0,0,0
SYN-SCREEN-02_GENE020_sg3,GENE020,0,0,0,0,617,628,581,687,0,0,0,0,0,0,0,0,0,0,0,0,0,0,0,0,0,0,0,0,0,0,0,0
SYN-SCREEN-02_GENE020_sg4,GENE020,0,0,0,0,1043,1323,820,1013,0,0,0,0,0,0,0,0,0,0,0,0,0,0,0,0,0,0,0,0,0,0,0,0
SYN-SCREEN-02_GENE021_sg1,GENE021,0,0,0,0,938,1124,983,960,0,0,0,0,0,0,0,0,0,0,0,0,0,0,0,0,0,0,0,0,0,0,0,0
SYN-SCREEN-02_GENE021_sg2,GENE021,0,0,0,0,1234,960,1146,1106,0,0,0,0,0,0,0,0,0,0,0,0,0,0,0,0,0,0,0,0,0,0,0,0
SYN-SCREEN-02_GENE021_sg3,GENE021,0,0,0,0,1076,1334,1089,1048,0,0,0,0,0,0,0,0,0,0,0,0,0,0,0,0,0,0,0,0,0,0,0,0
SYN-SCREEN-02_GENE021_sg4,GENE021,0,0,0,0,441,546,419,563,0,0,0,0,0,0,0,0,0,0,0,0,0,0,0,0,0,0,0,0,0,0,0,0
SYN-SCREEN-02_GENE022_sg1,GENE022,0,0,0,0,705,655,600,637,0,0,0,0,0,0,0,0,0,0,0,0,0,0,0,0,0,0,0,0,0,0,0,0
SYN-SCREEN-02_GENE022_sg2,GENE022,0,0,0,0,620,689,554,583,0,0,0,0,0,0,0,0,0,0,0,0,0,0,0,0,0,0,0,0,0,0,0,0
SYN-SCREEN-02_GENE022_sg3,GENE022,0,0,0,0,967,710,861,1005,0,0,0,0,0,0,0,0,0,0,0,0,0,0,0,0,0,0,0,0,0,0,0,0
SYN-SCREEN-02_GENE022_sg4,GENE022,0,0,0,0,796,915,839,842,0,0,0,0,0,0,0,0,0,0,0,0,0,0,0,0,0,0,0,0,0,0,0,0
SYN-SCREEN-02_GENE023_sg1,GENE023,0,0,0,0,1027,988,858,1089,0,0,0,0,0,0,0,0,0,0,0,0,0,0,0,0,0,0,0,0,0,0,0,0
SYN-SCREEN-02_GENE023_sg2,GENE023,0,0,0,0,873,893,1155,1165,0,0,0,0,0,0,0,0,0,0,0,0,0,0,0,0,0,0,0,0,0,0,0,0
SYN-SCREEN-02_GENE023_sg3,GENE023,0,0,0,0,1114,1333,1674,1308,0,0,0,0,0,0,0,0,0,0,0,0,0,0,0,0,0,0,0,0,0,0,0,0
SYN-SCREEN-02_GENE023_sg4,GENE023,0,0,0,0,1134,1100,1149,1114,0,0,0,0,0,0,0,0,0,0,0,0,0,0,0,0,0,0,0,0,0,0,0,0
SYN-SCREEN-02_GENE024_sg1,GENE024,0,0,0,0,661,535,634,554,0,0,0,0,0,0,0,0,0,0,0,0,0,0,0,0,0,0,0,0,0,0,0,0
SYN-SCREEN-02_GENE024_sg2,GENE024,0,0,0,0,778,700,658,625,0,0,0,0,0,0,0,0,0,0,0,0,0,0,0,0,0,0,0,0,0,0,0,0
SYN-SCREEN-02_GENE024_sg3,GENE024,0,0,0,0,871,790,837,919,0,0,0,0,0,0,0,0,0,0,0,0,0,0,0,0,0,0,0,0,0,0,0,0
SYN-SCREEN-02_GENE024_sg4,GENE024,0,0,0,0,982,1031,961,1048,0,0,0,0,0,0,0,0,0,0,0,0,0,0,0,0,0,0,0,0,0,0,0,0
SYN-SCREEN-02_GENE025_sg1,GENE025,0,0,0,0,1125,1145,1326,1286,0,0,0,0,0,0,0,0,0,0,0,0,0,0,0,0,0,0,0,0,0,0,0,0
SYN-SCREEN-02_GENE025_sg2,GENE025,0,0,0,0,1298,1242,1408,1319,0,0,0,0,0,0,0,0,0,0,0,0,0,0,0,0,0,0,0,0,0,0,0,0
SYN-SCREEN-02_GENE025_sg3,GENE025,0,0,0,0,1272,1089,1276,1522,0,0,0,0,0,0,0,0,0,0,0,0,0,0,0,0,0,0,0,0,0,0,0,0
SYN-SCREEN-02_GENE025_sg4,GENE025,0,0,0,0,805,763,884,732,0,0,0,0,0,0,0,0,0,0,0,0,0,0,0,0,0,0,0,0,0,0,0,0
SYN-SCREEN-02_GENE026_sg1,GENE026,0,0,0,0,1052,856,877,593,0,0,0,0,0,0,0,0,0,0,0,0,0,0,0,0,0,0,0,0,0,0,0,0
SYN-SCREEN-02_GENE026_sg2,GENE026,0,0,0,0,1309,1129,1195,1282,0,0,0,0,0,0,0,0,0,0,0,0,0,0,0,0,0,0,0,0,0,0,0,0
SYN-SCREEN-02_GENE026_sg3,GENE026,0,0,0,0,996,813,734,720,0,0,0,0,0,0,0,0,0,0,0,0,0,0,0,0,0,0,0,0,0,0,0,0
SYN-SCREEN-02_GENE026_sg4,GENE026,0,0,0,0,771,846,1225,876,0,0,0,0,0,0,0,0,0,0,0,0,0,0,0,0,0,0,0,0,0,0,0,0
SYN-SCREEN-02_GENE027_sg1,GENE027,0,0,0,0,503,451,476,441,0,0,0,0,0,0,0,0,0,0,0,0,0,0,0,0,0,0,0,0,0,0,0,0
SYN-SCREEN-02_GENE027_sg2,GENE027,0,0,0,0,806,937,721,862,0,0,0,0,0,0,0,0,0,0,0,0,0,0,0,0,0,0,0,0,0,0,0,0
SYN-SCREEN-02_GENE027_sg3,GENE027,0,0,0,0,887,749,906,883,0,0,0,0,0,0,0,0,0,0,0,0,0,0,0,0,0,0,0,0,0,0,0,0
SYN-SCREEN-02_GENE027_sg4,GENE027,0,0,0,0,1036,1221,934,1148,0,0,0,0,0,0,0,0,0,0,0,0,0,0,0,0,0,0,0,0,0,0,0,0
SYN-SCREEN-02_GENE028_sg1,GENE028,0,0,0,0,755,643,841,992,0,0,0,0,0,0,0,0,0,0,0,0,0,0,0,0,0,0,0,0,0,0,0,0
SYN-SCREEN-02_GENE028_sg2,GENE028,0,0,0,0,582,473,543,524,0,0,0,0,0,0,0,0,0,0,0,0,0,0,0,0,0,0,0,0,0,0,0,0
SYN-SCREEN-02_GENE028_sg3,GENE028,0,0,0,0,724,804,853,857,0,0,0,0,0,0,0,0,0,0,0,0,0,0,0,0,0,0,0,0,0,0,0,0
SYN-SCREEN-02_GENE028_sg4,GENE028,0,0,0,0,762,725,543,627,0,0,0,0,0,0,0,0,0,0,0,0,0,0,0,0,0,0,0,0,0,0,0,0
SYN-SCREEN-02_GENE029_sg1,GENE029,0,0,0,0,714,853,662,728,0,0,0,0,0,0,0,0,0,0,0,0,0,0,0,0,0,0,0,0,0,0,0,0
SYN-SCREEN-02_GENE029_sg2,GENE029,0,0,0,0,1217,1030,1004,1018,0,0,0,0,0,0,0,0,0,0,0,0,0,0,0,0,0,0,0,0,0,0,0,0
SYN-SCREEN-02_GENE029_sg3,GENE029,0,0,0,0,1162,1224,1187,899,0,0,0,0,0,0,0,0,0,0,0,0,0,0,0,0,0,0,0,0,0,0,0,0
SYN-SCREEN-02_GENE029_sg4,GENE029,0,0,0,0,1242,1349,1107,877,0,0,0,0,0,0,0,0,0,0,0,0,0,0,0,0,0,0,0,0,0,0,0,0
SYN-SCREEN-02_GENE030_sg1,GENE030,0,0,0,0,1044,914,1206,1167,0,0,0,0,0,0,0,0,0,0,0,0,0,0,0,0,0,0,0,0,0,0,0,0
SYN-SCREEN-02_GENE030_sg2,GENE030,0,0,0,0,806,1003,920,947,0,0,0,0,0,0,0,0,0,0,0,0,0,0,0,0,0,0,0,0,0,0,0,0
SYN-SCREEN-02_GENE030_sg3,GENE030,0,0,0,0,1024,1370,1080,1016,0,0,0,0,0,0,0,0,0,0,0,0,0,0,0,0,0,0,0,0,0,0,0,0
SYN-SCREEN-02_GENE030_sg4,GENE030,0,0,0,0,611,564,379,476,0,0,0,0,0,0,0,0,0,0,0,0,0,0,0,0,0,0,0,0,0,0,0,0
SYN-SCREEN-02_GENE031_sg1,GENE031,0,0,0,0,600,581,571,683,0,0,0,0,0,0,0,0,0,0,0,0,0,0,0,0,0,0,0,0,0,0,0,0
SYN-SCREEN-02_GENE031_sg2,GENE031,0,0,0,0,760,901,762,953,0,0,0,0,0,0,0,0,0,0,0,0,0,0,0,0,0,0,0,0,0,0,0,0
SYN-SCREEN-02_GENE031_sg3,GENE031,0,0,0,0,1263,970,1504,1097,0,0,0,0,0,0,0,0,0,0,0,0,0,0,0,0,0,0,0,0,0,0,0,0
SYN-SCREEN-02_GENE031_sg4,GENE031,0,0,0,0,1029,998,962,1004,0,0,0,0,0,0,0,0,0,0,0,0,0,0,0,0,0,0,0,0,0,0,0,0
SYN-SCREEN-02_GENE032_sg1,GENE032,0,0,0,0,924,968,778,939,0,0,0,0,0,0,0,0,0,0,0,0,0,0,0,0,0,0,0,0,0,0,0,0
SYN-SCREEN-02_GENE032_sg2,GENE032,0,0,0,0,940,981,998,850,0,0,0,0,0,0,0,0,0,0,0,0,0,0,0,0,0,0,0,0,0,0,0,0
SYN-SCREEN-02_GENE032_sg3,GENE032,0,0,0,0,661,486,491,538,0,0,0,0,0,0,0,0,0,0,0,0,0,0,0,0,0,0,0,0,0,0,0,0
SYN-SCREEN-02_GENE032_sg4,GENE032,0,0,0,0,464,515,530,625,0,0,0,0,0,0,0,0,0,0,0,0,0,0,0,0,0,0,0,0,0,0,0,0
SYN-SCREEN-02_GENE033_sg1,GENE033,0,0,0,0,1113,933,918,682,0,0,0,0,0,0,0,0,0,0,0,0,0,0,0,0,0,0,0,0,0,0,0,0
SYN-SCREEN-02_GENE033_sg2,GENE033,0,0,0,0,908,1108,940,945,0,0,0,0,0,0,0,0,0,0,0,0,0,0,0,0,0,0,0,0,0,0,0,0
SYN-SCREEN-02_GENE033_sg3,GENE033,0,0,0,0,950,963,1011,1044,0,0,0,0,0,0,0,0,0,0,0,0,0,0,0,0,0,0,0,0,0,0,0,0
SYN-SCREEN-02_GENE033_sg4,GENE033,0,0,0,0,565,654,577,944,0,0,0,0,0,0,0,0,0,0,0,0,0,0,0,0,0,0,0,0,0,0,0,0
SYN-SCREEN-02_GENE034_sg1,GENE034,0,0,0,0,958,990,1192,963,0,0,0,0,0,0,0,0,0,0,0,0,0,0,0,0,0,0,0,0,0,0,0,0
SYN-SCREEN-02_GENE034_sg2,GENE034,0,0,0,0,913,877,826,805,0,0,0,0,0,0,0,0,0,0,0,0,0,0,0,0,0,0,0,0,0,0,0,0
SYN-SCREEN-02_GENE034_sg3,GENE034,0,0,0,0,804,891,1231,1038,0,0,0,0,0,0,0,0,0,0,0,0,0,0,0,0,0,0,0,0,0,0,0,0
SYN-SCREEN-02_GENE034_sg4,GENE034,0,0,0,0,1188,1526,1078,1066,0,0,0,0,0,0,0,0,0,0,0,0,0,0,0,0,0,0,0,0,0,0,0,0
SYN-SCREEN-02_GENE035_sg1,GENE035,0,0,0,0,1104,1183,1301,940,0,0,0,0,0,0,0,0,0,0,0,0,0,0,0,0,0,0,0,0,0,0,0,0
SYN-SCREEN-02_GENE035_sg2,GENE035,0,0,0,0,917,1080,888,1147,0,0,0,0,0,0,0,0,0,0,0,0,0,0,0,0,0,0,0,0,0,0,0,0
SYN-SCREEN-02_GENE035_sg3,GENE035,0,0,0,0,619,573,608,417,0,0,0,0,0,0,0,0,0,0,0,0,0,0,0,0,0,0,0,0,0,0,0,0
SYN-SCREEN-02_GENE035_sg4,GENE035,0,0,0,0,581,851,581,661,0,0,0,0,0,0,0,0,0,0,0,0,0,0,0,0,0,0,0,0,0,0,0,0
SYN-SCREEN-02_GENE036_sg1,GENE036,0,0,0,0,1109,1172,981,1306,0,0,0,0,0,0,0,0,0,0,0,0,0,0,0,0,0,0,0,0,0,0,0,0
SYN-SCREEN-02_GENE036_sg2,GENE036,0,0,0,0,695,709,799,848,0,0,0,0,0,0,0,0,0,0,0,0,0,0,0,0,0,0,0,0,0,0,0,0
SYN-SCREEN-02_GENE036_sg3,GENE036,0,0,0,0,627,671,703,596,0,0,0,0,0,0,0,0,0,0,0,0,0,0,0,0,0,0,0,0,0,0,0,0
SYN-SCREEN-02_GENE036_sg4,GENE036,0,0,0,0,934,1028,1388,1216,0,0,0,0,0,0,0,0,0,0,0,0,0,0,0,0,0,0,0,0,0,0,0,0
SYN-SCREEN-02_GENE037_sg1,GENE037,0,0,0,0,509,428,475,609,0,0,0,0,0,0,0,0,0,0,0,0,0,0,0,0,0,0,0,0,0,0,0,0
SYN-SCREEN-02_GENE037_sg2,GENE037,0,0,0,0,585,566,484,589,0,0,0,0,0,0,0,0,0,0,0,0,0,0,0,0,0,0,0,0,0,0,0,0
SYN-SCREEN-02_GENE037_sg3,GENE037,0,0,0,0,487,405,677,511,0,0,0,0,0,0,0,0,0,0,0,0,0,0,0,0,0,0,0,0,0,0,0,0
SYN-SCREEN-02_GENE037_sg4,GENE037,0,0,0,0,1012,867,980,1083,0,0,0,0,0,0,0,0,0,0,0,0,0,0,0,0,0,0,0,0,0,0,0,0
SYN-SCREEN-02_GENE038_sg1,GENE038,0,0,0,0,498,589,460,611,0,0,0,0,0,0,0,0,0,0,0,0,0,0,0,0,0,0,0,0,0,0,0,0
SYN-SCREEN-02_GENE038_sg2,GENE038,0,0,0,0,772,830,902,1002,0,0,0,0,0,0,0,0,0,0,0,0,0,0,0,0,0,0,0,0,0,0,0,0
SYN-SCREEN-02_GENE038_sg3,GENE038,0,0,0,0,714,805,771,1011,0,0,0,0,0,0,0,0,0,0,0,0,0,0,0,0,0,0,0,0,0,0,0,0
SYN-SCREEN-02_GENE038_sg4,GENE038,0,0,0,0,961,1069,1135,1062,0,0,0,0,0,0,0,0,0,0,0,0,0,0,0,0,0,0,0,0,0,0,0,0
SYN-SCREEN-02_GENE039_sg1,GENE039,0,0,0,0,1007,880,1028,823,0,0,0,0,0,0,0,0,0,0,0,0,0,0,0,0,0,0,0,0,0,0,0,0
SYN-SCREEN-02_GENE039_sg2,GENE039,0,0,0,0,872,962,932,724,0,0,0,0,0,0,0,0,0,0,0,0,0,0,0,0,0,0,0,0,0,0,0,0
SYN-SCREEN-02_GENE039_sg3,GENE039,0,0,0,0,860,796,1198,863,0,0,0,0,0,0,0,0,0,0,0,0,0,0,0,0,0,0,0,0,0,0,0,0
SYN-SCREEN-02_GENE039_sg4,GENE039,0,0,0,0,619,608,664,497,0,0,0,0,0,0,0,0,0,0,0,0,0,0,0,0,0,0,0,0,0,0,0,0
SYN-SCREEN-02_GENE040_sg1,GENE040,0,0,0,0,1266,1507,963,959,0,0,0,0,0,0,0,0,0,0,0,0,0,0,0,0,0,0,0,0,0,0,0,0
SYN-SCREEN-02_GENE040_sg2,GENE040,0,0,0,0,540,558,548,434,0,0,0,0,0,0,0,0,0,0,0,0,0,0,0,0,0,0,0,0,0,0,0,0
SYN-SCREEN-02_GENE040_sg3,GENE040,0,0,0,0,1352,931,1165,876,0,0,0,0,0,0,0,0,0,0,0,0,0,0,0,0,0,0,0,0,0,0,0,0
SYN-SCREEN-02_GENE040_sg4,GENE040,0,0,0,0,965,1052,760,877,0,0,0,0,0,0,0,0,0,0,0,0,0,0,0,0,0,0,0,0,0,0,0,0
SYN-SCREEN-02_GENE041_sg1,GENE041,0,0,0,0,898,1220,932,1080,0,0,0,0,0,0,0,0,0,0,0,0,0,0,0,0,0,0,0,0,0,0,0,0
SYN-SCREEN-02_GENE041_sg2,GENE041,0,0,0,0,547,486,422,434,0,0,0,0,0,0,0,0,0,0,0,0,0,0,0,0,0,0,0,0,0,0,0,0
SYN-SCREEN-02_GENE041_sg3,GENE041,0,0,0,0,1375,1251,1056,1171,0,0,0,0,0,0,0,0,0,0,0,0,0,0,0,0,0,0,0,0,0,0,0,0
SYN-SCREEN-02_GENE041_sg4,GENE041,0,0,0,0,573,566,638,617,0,0,0,0,0,0,0,0,0,0,0,0,0,0,0,0,0,0,0,0,0,0,0,0
SYN-SCREEN-02_GENE042_sg1,GENE042,0,0,0,0,952,907,1205,1046,0,0,0,0,0,0,0,0,0,0,0,0,0,0,0,0,0,0,0,0,0,0,0,0
SYN-SCREEN-02_GENE042_sg2,GENE042,0,0,0,0,1058,1012,1026,1258,0,0,0,0,0,0,0,0,0,0,0,0,0,0,0,0,0,0,0,0,0,0,0,0
SYN-SCREEN-02_GENE042_sg3,GENE042,0,0,0,0,621,663,490,442,0,0,0,0,0,0,0,0,0,0,0,0,0,0,0,0,0,0,0,0,0,0,0,0
SYN-SCREEN-02_GENE042_sg4,GENE042,0,0,0,0,828,900,1062,926,0,0,0,0,0,0,0,0,0,0,0,0,0,0,0,0,0,0,0,0,0,0,0,0
SYN-SCREEN-02_GENE043_sg1,GENE043,0,0,0,0,791,881,833,762,0,0,0,0,0,0,0,0,0,0,0,0,0,0,0,0,0,0,0,0,0,0,0,0
SYN-SCREEN-02_GENE043_sg2,GENE043,0,0,0,0,825,1029,1004,1023,0,0,0,0,0,0,0,0,0,0,0,0,0,0,0,0,0,0,0,0,0,0,0,0
SYN-SCREEN-02_GENE043_sg3,GENE043,0,0,0,0,716,924,607,920,0,0,0,0,0,0,0,0,0,0,0,0,0,0,0,0,0,0,0,0,0,0,0,0
SYN-SCREEN-02_GENE043_sg4,GENE043,0,0,0,0,705,638,521,794,0,0,0,0,0,0,0,0,0,0,0,0,0,0,0,0,0,0,0,0,0,0,0,0
SYN-SCREEN-02_GENE044_sg1,GENE044,0,0,0,0,857,811,773,742,0,0,0,0,0,0,0,0,0,0,0,0,0,0,0,0,0,0,0,0,0,0,0,0
SYN-SCREEN-02_GENE044_sg2,GENE044,0,0,0,0,730,741,833,1130,0,0,0,0,0,0,0,0,0,0,0,0,0,0,0,0,0,0,0,0,0,0,0,0
SYN-SCREEN-02_GENE044_sg3,GENE044,0,0,0,0,634,606,646,659,0,0,0,0,0,0,0,0,0,0,0,0,0,0,0,0,0,0,0,0,0,0,0,0
SYN-SCREEN-02_GENE044_sg4,GENE044,0,0,0,0,801,855,743,736,0,0,0,0,0,0,0,0,0,0,0,0,0,0,0,0,0,0,0,0,0,0,0,0
SYN-SCREEN-02_GENE045_sg1,GENE045,0,0,0,0,712,798,1280,1094,0,0,0,0,0,0,0,0,0,0,0,0,0,0,0,0,0,0,0,0,0,0,0,0
SYN-SCREEN-02_GENE045_sg2,GENE045,0,0,0,0,598,434,602,439,0,0,0,0,0,0,0,0,0,0,0,0,0,0,0,0,0,0,0,0,0,0,0,0
SYN-SCREEN-02_GENE045_sg3,GENE045,0,0,0,0,1075,1027,979,914,0,0,0,0,0,0,0,0,0,0,0,0,0,0,0,0,0,0,0,0,0,0,0,0
SYN-SCREEN-02_GENE045_sg4,GENE045,0,0,0,0,860,1151,1048,1185,0,0,0,0,0,0,0,0,0,0,0,0,0,0,0,0,0,0,0,0,0,0,0,0
SYN-SCREEN-02_GENE046_sg1,GENE046,0,0,0,0,836,606,664,713,0,0,0,0,0,0,0,0,0,0,0,0,0,0,0,0,0,0,0,0,0,0,0,0
SYN-SCREEN-02_GENE046_sg2,GENE046,0,0,0,0,813,808,716,1152,0,0,0,0,0,0,0,0,0,0,0,0,0,0,0,0,0,0,0,0,0,0,0,0
SYN-SCREEN-02_GENE046_sg3,GENE046,0,0,0,0,1088,951,1086,1336,0,0,0,0,0,0,0,0,0,0,0,0,0,0,0,0,0,0,0,0,0,0,0,0
SYN-SCREEN-02_GENE046_sg4,GENE046,0,0,0,0,917,931,700,710,0,0,0,0,0,0,0,0,0,0,0,0,0,0,0,0,0,0,0,0,0,0,0,0
SYN-SCREEN-02_GENE047_sg1,GENE047,0,0,0,0,572,488,609,474,0,0,0,0,0,0,0,0,0,0,0,0,0,0,0,0,0,0,0,0,0,0,0,0
SYN-SCREEN-02_GENE047_sg2,GENE047,0,0,0,0,1124,1182,1039,982,0,0,0,0,0,0,0,0,0,0,0,0,0,0,0,0,0,0,0,0,0,0,0,0
SYN-SCREEN-02_GENE047_sg3,GENE047,0,0,0,0,968,1009,1047,886,0,0,0,0,0,0,0,0,0,0,0,0,0,0,0,0,0,0,0,0,0,0,0,0
SYN-SCREEN-02_GENE047_sg4,GENE047,0,0,0,0,691,570,738,665,0,0,0,0,0,0,0,0,0,0,0,0,0,0,0,0,0,0,0,0,0,0,0,0
SYN-SCREEN-02_GENE048_sg1,GENE048,0,0,0,0,983,647,873,931,0,0,0,0,0,0,0,0,0,0,0,0,0,0,0,0,0,0,0,0,0,0,0,0
SYN-SCREEN-02_GENE048_sg2,GENE048,0,0,0,0,975,774,857,896,0,0,0,0,0,0,0,0,0,0,0,0,0,0,0,0,0,0,0,0,0,0,0,0
SYN-SCREEN-02_GENE048_sg3,GENE048,0,0,0,0,1009,715,738,774,0,0,0,0,0,0,0,0,0,0,0,0,0,0,0,0,0,0,0,0,0,0,0,0
SYN-SCREEN-02_GENE048_sg4,GENE048,0,0,0,0,429,443,442,492,0,0,0,0,0,0,0,0,0,0,0,0,0,0,0,0,0,0,0,0,0,0,0,0
SYN-SCREEN-02_GENE049_sg1,GENE049,0,0,0,0,805,798,654,710,0,0,0,0,0,0,0,0,0,0,0,0,0,0,0,0,0,0,0,0,0,0,0,0
SYN-SCREEN-02_GENE049_sg2,GENE049,0,0,0,0,1318,1165,1073,1105,0,0,0,0,0,0,0,0,0,0,0,0,0,0,0,0,0,0,0,0,0,0,0,0
SYN-SCREEN-02_GENE049_sg3,GENE049,0,0,0,0,583,598,601,670,0,0,0,0,0,0,0,0,0,0,0,0,0,0,0,0,0,0,0,0,0,0,0,0
SYN-SCREEN-02_GENE049_sg4,GENE049,0,0,0,0,1301,957,752,1079,0,0,0,0,0,0,0,0,0,0,0,0,0,0,0,0,0,0,0,0,0,0,0,0
SYN-SCREEN-02_GENE050_sg1,GENE050,0,0,0,0,625,480,627,569,0,0,0,0,0,0,0,0,0,0,0,0,0,0,0,0,0,0,0,0,0,0,0,0
SYN-SCREEN-02_GENE050_sg2,GENE050,0,0,0,0,917,1127,1039,1040,0,0,0,0,0,0,0,0,0,0,0,0,0,0,0,0,0,0,0,0,0,0,0,0
SYN-SCREEN-02_GENE050_sg3,GENE050,0,0,0,0,773,1041,838,586,0,0,0,0,0,0,0,0,0,0,0,0,0,0,0,0,0,0,0,0,0,0,0,0
SYN-SCREEN-02_GENE050_sg4,GENE050,0,0,0,0,887,916,877,767,0,0,0,0,0,0,0,0,0,0,0,0,0,0,0,0,0,0,0,0,0,0,0,0
SYN-SCREEN-02_GENE051_sg1,GENE051,0,0,0,0,906,658,720,934,0,0,0,0,0,0,0,0,0,0,0,0,0,0,0,0,0,0,0,0,0,0,0,0
SYN-SCREEN-02_GENE051_sg2,GENE051,0,0,0,0,673,599,702,791,0,0,0,0,0,0,0,0,0,0,0,0,0,0,0,0,0,0,0,0,0,0,0,0
SYN-SCREEN-02_GENE051_sg3,GENE051,0,0,0,0,560,558,677,560,0,0,0,0,0,0,0,0,0,0,0,0,0,0,0,0,0,0,0,0,0,0,0,0
SYN-SCREEN-02_GENE051_sg4,GENE051,0,0,0,0,809,1250,1198,1014,0,0,0,0,0,0,0,0,0,0,0,0,0,0,0,0,0,0,0,0,0,0,0,0
SYN-SCREEN-02_GENE052_sg1,GENE052,0,0,0,0,911,1187,883,777,0,0,0,0,0,0,0,0,0,0,0,0,0,0,0,0,0,0,0,0,0,0,0,0
SYN-SCREEN-02_GENE052_sg2,GENE052,0,0,0,0,987,717,772,688,0,0,0,0,0,0,0,0,0,0,0,0,0,0,0,0,0,0,0,0,0,0,0,0
SYN-SCREEN-02_GENE052_sg3,GENE052,0,0,0,0,824,827,905,760,0,0,0,0,0,0,0,0,0,0,0,0,0,0,0,0,0,0,0,0,0,0,0,0
SYN-SCREEN-02_GENE052_sg4,GENE052,0,0,0,0,773,715,708,651,0,0,0,0,0,0,0,0,0,0,0,0,0,0,0,0,0,0,0,0,0,0,0,0
SYN-SCREEN-02_GENE053_sg1,GENE053,0,0,0,0,845,848,690,752,0,0,0,0,0,0,0,0,0,0,0,0,0,0,0,0,0,0,0,0,0,0,0,0
SYN-SCREEN-02_GENE053_sg2,GENE053,0,0,0,0,1447,1253,1256,1256,0,0,0,0,0,0,0,0,0,0,0,0,0,0,0,0,0,0,0,0,0,0,0,0
SYN-SCREEN-02_GENE053_sg3,GENE053,0,0,0,0,1457,1038,1041,1392,0,0,0,0,0,0,0,0,0,0,0,0,0,0,0,0,0,0,0,0,0,0,0,0
SYN-SCREEN-02_GENE053_sg4,GENE053,0,0,0,0,1158,1158,1222,1183,0,0,0,0,0,0,0,0,0,0,0,0,0,0,0,0,0,0,0,0,0,0,0,0
SYN-SCREEN-02_GENE054_sg1,GENE054,0,0,0,0,768,804,948,875,0,0,0,0,0,0,0,0,0,0,0,0,0,0,0,0,0,0,0,0,0,0,0,0
SYN-SCREEN-02_GENE054_sg2,GENE054,0,0,0,0,1295,1283,1295,1277,0,0,0,0,0,0,0,0,0,0,0,0,0,0,0,0,0,0,0,0,0,0,0,0
SYN-SCREEN-02_GENE054_sg3,GENE054,0,0,0,0,530,567,683,570,0,0,0,0,0,0,0,0,0,0,0,0,0,0,0,0,0,0,0,0,0,0,0,0
SYN-SCREEN-02_GENE054_sg4,GENE054,0,0,0,0,454,415,457,572,0,0,0,0,0,0,0,0,0,0,0,0,0,0,0,0,0,0,0,0,0,0,0,0
SYN-SCREEN-02_GENE055_sg1,GENE055,0,0,0,0,560,524,496,580,0,0,0,0,0,0,0,0,0,0,0,0,0,0,0,0,0,0,0,0,0,0,0,0
SYN-SCREEN-02_GENE055_sg2,GENE055,0,0,0,0,1338,1235,968,1395,0,0,0,0,0,0,0,0,0,0,0,0,0,0,0,0,0,0,0,0,0,0,0,0
SYN-SCREEN-02_GENE055_sg3,GENE055,0,0,0,0,1145,1368,1173,1538,0,0,0,0,0,0,0,0,0,0,0,0,0,0,0,0,0,0,0,0,0,0,0,0
SYN-SCREEN-02_GENE055_sg4,GENE055,0,0,0,0,920,962,1681,1107,0,0,0,0,0,0,0,0,0,0,0,0,0,0,0,0,0,0,0,0,0,0,0,0
SYN-SCREEN-02_GENE056_sg1,GENE056,0,0,0,0,1423,1099,1279,1277,0,0,0,0,0,0,0,0,0,0,0,0,0,0,0,0,0,0,0,0,0,0,0,0
SYN-SCREEN-02_GENE056_sg2,GENE056,0,0,0,0,734,937,857,1069,0,0,0,0,0,0,0,0,0,0,0,0,0,0,0,0,0,0,0,0,0,0,0,0
SYN-SCREEN-02_GENE056_sg3,GENE056,0,0,0,0,1001,1009,907,1073,0,0,0,0,0,0,0,0,0,0,0,0,0,0,0,0,0,0,0,0,0,0,0,0
SYN-SCREEN-02_GENE056_sg4,GENE056,0,0,0,0,807,783,780,747,0,0,0,0,0,0,0,0,0,0,0,0,0,0,0,0,0,0,0,0,0,0,0,0
SYN-SCREEN-02_GENE057_sg1,GENE057,0,0,0,0,719,869,679,768,0,0,0,0,0,0,0,0,0,0,0,0,0,0,0,0,0,0,0,0,0,0,0,0
SYN-SCREEN-02_GENE057_sg2,GENE057,0,0,0,0,473,482,408,388,0,0,0,0,0,0,0,0,0,0,0,0,0,0,0,0,0,0,0,0,0,0,0,0
SYN-SCREEN-02_GENE057_sg3,GENE057,0,0,0,0,719,663,569,450,0,0,0,0,0,0,0,0,0,0,0,0,0,0,0,0,0,0,0,0,0,0,0,0
SYN-SCREEN-02_GENE057_sg4,GENE057,0,0,0,0,719,834,691,564,0,0,0,0,0,0,0,0,0,0,0,0,0,0,0,0,0,0,0,0,0,0,0,0
SYN-SCREEN-02_GENE058_sg1,GENE058,0,0,0,0,447,431,526,454,0,0,0,0,0,0,0,0,0,0,0,0,0,0,0,0,0,0,0,0,0,0,0,0
SYN-SCREEN-02_GENE058_sg2,GENE058,0,0,0,0,1024,1208,1333,1087,0,0,0,0,0,0,0,0,0,0,0,0,0,0,0,0,0,0,0,0,0,0,0,0
SYN-SCREEN-02_GENE058_sg3,GENE058,0,0,0,0,961,1113,756,1083,0,0,0,0,0,0,0,0,0,0,0,0,0,0,0,0,0,0,0,0,0,0,0,0
SYN-SCREEN-02_GENE058_sg4,GENE058,0,0,0,0,1260,1234,1546,1108,0,0,0,0,0,0,0,0,0,0,0,0,0,0,0,0,0,0,0,0,0,0,0,0
SYN-SCREEN-02_GENE059_sg1,GENE059,0,0,0,0,557,524,426,568,0,0,0,0,0,0,0,0,0,0,0,0,0,0,0,0,0,0,0,0,0,0,0,0
SYN-SCREEN-02_GENE059_sg2,GENE059,0,0,0,0,1259,945,797,800,0,0,0,0,0,0,0,0,0,0,0,0,0,0,0,0,0,0,0,0,0,0,0,0
SYN-SCREEN-02_GENE059_sg3,GENE059,0,0,0,0,1131,1289,1004,1077,0,0,0,0,0,0,0,0,0,0,0,0,0,0,0,0,0,0,0,0,0,0,0,0
SYN-SCREEN-02_GENE059_sg4,GENE059,0,0,0,0,1089,1190,1279,1386,0,0,0,0,0,0,0,0,0,0,0,0,0,0,0,0,0,0,0,0,0,0,0,0
SYN-SCREEN-03_GENE000_sg1,GENE000,0,0,0,0,0,0,0,0,671,782,2188,2600,0,0,0,0,0,0,0,0,0,0,0,0,0,0,0,0,0,0,0,0
SYN-SCREEN-03_GENE000_sg2,GENE000,0,0,0,0,0,0,0,0,786,768,2719,2130,0,0,0,0,0,0,0,0,0,0,0,0,0,0,0,0,0,0,0,0
SYN-SCREEN-03_GENE000_sg3,GENE000,0,0,0,0,0,0,0,0,827,922,2233,2702,0,0,0,0,0,0,0,0,0,0,0,0,0,0,0,0,0,0,0,0
SYN-SCREEN-03_GENE000_sg4,GENE000,0,0,0,0,0,0,0,0,803,779,2161,2133,0,0,0,0,0,0,0,0,0,0,0,0,0,0,0,0,0,0,0,0
SYN-SCREEN-03_GENE001_sg1,GENE001,0,0,0,0,0,0,0,0,1114,1186,2897,2934,0,0,0,0,0,0,0,0,0,0,0,0,0,0,0,0,0,0,0,0
SYN-SCREEN-03_GENE001_sg2,GENE001,0,0,0,0,0,0,0,0,616,526,1761,1736,0,0,0,0,0,0,0,0,0,0,0,0,0,0,0,0,0,0,0,0
SYN-SCREEN-03_GENE001_sg3,GENE001,0,0,0,0,0,0,0,0,829,915,2412,2932,0,0,0,0,0,0,0,0,0,0,0,0,0,0,0,0,0,0,0,0
SYN-SCREEN-03_GENE001_sg4,GENE001,0,0,0,0,0,0,0,0,1157,1221,2604,2893,0,0,0,0,0,0,0,0,0,0,0,0,0,0,0,0,0,0,0,0
SYN-SCREEN-03_GENE002_sg1,GENE002,0,0,0,0,0,0,0,0,432,553,1045,1472,0,0,0,0,0,0,0,0,0,0,0,0,0,0,0,0,0,0,0,0
SYN-SCREEN-03_GENE002_sg2,GENE002,0,0,0,0,0,0,0,0,527,443,1895,1784,0,0,0,0,0,0,0,0,0,0,0,0,0,0,0,0,0,0,0,0
SYN-SCREEN-03_GENE002_sg3,GENE002,0,0,0,0,0,0,0,0,845,759,2143,2179,0,0,0,0,0,0,0,0,0,0,0,0,0,0,0,0,0,0,0,0
SYN-SCREEN-03_GENE002_sg4,GENE002,0,0,0,0,0,0,0,0,505,558,1556,1561,0,0,0,0,0,0,0,0,0,0,0,0,0,0,0,0,0,0,0,0
SYN-SCREEN-03_GENE003_sg1,GENE003,0,0,0,0,0,0,0,0,952,839,2379,2694,0,0,0,0,0,0,0,0,0,0,0,0,0,0,0,0,0,0,0,0
SYN-SCREEN-03_GENE003_sg2,GENE003,0,0,0,0,0,0,0,0,453,435,1659,1415,0,0,0,0,0,0,0,0,0,0,0,0,0,0,0,0,0,0,0,0
SYN-SCREEN-03_GENE003_sg3,GENE003,0,0,0,0,0,0,0,0,815,981,3019,2726,0,0,0,0,0,0,0,0,0,0,0,0,0,0,0,0,0,0,0,0
SYN-SCREEN-03_GENE003_sg4,GENE003,0,0,0,0,0,0,0,0,1042,1101,3540,4069,0,0,0,0,0,0,0,0,0,0,0,0,0,0,0,0,0,0,0,0
SYN-SCREEN-03_GENE004_sg1,GENE004,0,0,0,0,0,0,0,0,477,551,1314,1457,0,0,0,0,0,0,0,0,0,0,0,0,0,0,0,0,0,0,0,0
SYN-SCREEN-03_GENE004_sg2,GENE004,0,0,0,0,0,0,0,0,561,596,1485,1678,0,0,0,0,0,0,0,0,0,0,0,0,0,0,0,0,0,0,0,0
SYN-SCREEN-03_GENE004_sg3,GENE004,0,0,0,0,0,0,0,0,1102,1127,3822,3085,0,0,0,0,0,0,0,0,0,0,0,0,0,0,0,0,0,0,0,0
SYN-SCREEN-03_GENE004_sg4,GENE004,0,0,0,0,0,0,0,0,1264,1295,3386,3005,0,0,0,0,0,0,0,0,0,0,0,0,0,0,0,0,0,0,0,0
SYN-SCREEN-03_GENE005_sg1,GENE005,0,0,0,0,0,0,0,0,838,924,2750,3468,0,0,0,0,0,0,0,0,0,0,0,0,0,0,0,0,0,0,0,0
SYN-SCREEN-03_GENE005_sg2,GENE005,0,0,0,0,0,0,0,0,549,496,1186,1552,0,0,0,0,0,0,0,0,0,0,0,0,0,0,0,0,0,0,0,0
SYN-SCREEN-03_GENE005_sg3,GENE005,0,0,0,0,0,0,0,0,936,695,2714,2403,0,0,0,0,0,0,0,0,0,0,0,0,0,0,0,0,0,0,0,0
SYN-SCREEN-03_GENE005_sg4,GENE005,0,0,0,0,0,0,0,0,879,985,3013,3168,0,0,0,0,0,0,0,0,0,0,0,0,0,0,0,0,0,0,0,0
SYN-SCREEN-03_GENE006_sg1,GENE006,0,0,0,0,0,0,0,0,919,920,337,359,0,0,0,0,0,0,0,0,0,0,0,0,0,0,0,0,0,0,0,0
SYN-SCREEN-03_GENE006_sg2,GENE006,0,0,0,0,0,0,0,0,939,1061,357,349,0,0,0,0,0,0,0,0,0,0,0,0,0,0,0,0,0,0,0,0
SYN-SCREEN-03_GENE006_sg3,GENE006,0,0,0,0,0,0,0,0,455,404,114,154,0,0,0,0,0,0,0,0,0,0,0,0,0,0,0,0,0,0,0,0
SYN-SCREEN-03_GENE006_sg4,GENE006,0,0,0,0,0,0,0,0,412,525,167,196,0,0,0,0,0,0,0,0,0,0,0,0,0,0,0,0,0,0,0,0
SYN-SCREEN-03_GENE007_sg1,GENE007,0,0,0,0,0,0,0,0,537,562,244,230,0,0,0,0,0,0,0,0,0,0,0,0,0,0,0,0,0,0,0,0
SYN-SCREEN-03_GENE007_sg2,GENE007,0,0,0,0,0,0,0,0,855,974,368,312,0,0,0,0,0,0,0,0,0,0,0,0,0,0,0,0,0,0,0,0
SYN-SCREEN-03_GENE007_sg3,GENE007,0,0,0,0,0,0,0,0,948,933,394,320,0,0,0,0,0,0,0,0,0,0,0,0,0,0,0,0,0,0,0,0
SYN-SCREEN-03_GENE007_sg4,GENE007,0,0,0,0,0,0,0,0,909,844,323,365,0,0,0,0,0,0,0,0,0,0,0,0,0,0,0,0,0,0,0,0
SYN-SCREEN-03_GENE008_sg1,GENE008,0,0,0,0,0,0,0,0,641,442,169,203,0,0,0,0,0,0,0,0,0,0,0,0,0,0,0,0,0,0,0,0
SYN-SCREEN-03_GENE008_sg2,GENE008,0,0,0,0,0,0,0,0,869,965,285,329,0,0,0,0,0,0,0,0,0,0,0,0,0,0,0,0,0,0,0,0
SYN-SCREEN-03_GENE008_sg3,GENE008,0,0,0,0,0,0,0,0,719,711,253,203,0,0,0,0,0,0,0,0,0,0,0,0,0,0,0,0,0,0,0,0
SYN-SCREEN-03_GENE008_sg4,GENE008,0,0,0,0,0,0,0,0,685,718,187,180,0,0,0,0,0,0,0,0,0,0,0,0,0,0,0,0,0,0,0,0
SYN-SCREEN-03_GENE009_sg1,GENE009,0,0,0,0,0,0,0,0,543,467,130,148,0,0,0,0,0,0,0,0,0,0,0,0,0,0,0,0,0,0,0,0
SYN-SCREEN-03_GENE009_sg2,GENE009,0,0,0,0,0,0,0,0,663,717,252,211,0,0,0,0,0,0,0,0,0,0,0,0,0,0,0,0,0,0,0,0
SYN-SCREEN-03_GENE009_sg3,GENE009,0,0,0,0,0,0,0,0,665,853,225,203,0,0,0,0,0,0,0,0,0,0,0,0,0,0,0,0,0,0,0,0
SYN-SCREEN-03_GENE009_sg4,GENE009,0,0,0,0,0,0,0,0,803,663,303,268,0,0,0,0,0,0,0,0,0,0,0,0,0,0,0,0,0,0,0,0
SYN-SCREEN-03_GENE010_sg1,GENE010,0,0,0,0,0,0,0,0,653,683,260,207,0,0,0,0,0,0,0,0,0,0,0,0,0,0,0,0,0,0,0,0
SYN-SCREEN-03_GENE010_sg2,GENE010,0,0,0,0,0,0,0,0,948,892,333,279,0,0,0,0,0,0,0,0,0,0,0,0,0,0,0,0,0,0,0,0
SYN-SCREEN-03_GENE010_sg3,GENE010,0,0,0,0,0,0,0,0,484,550,215,225,0,0,0,0,0,0,0,0,0,0,0,0,0,0,0,0,0,0,0,0
SYN-SCREEN-03_GENE010_sg4,GENE010,0,0,0,0,0,0,0,0,1166,1000,272,435,0,0,0,0,0,0,0,0,0,0,0,0,0,0,0,0,0,0,0,0
SYN-SCREEN-03_GENE011_sg1,GENE011,0,0,0,0,0,0,0,0,445,399,148,162,0,0,0,0,0,0,0,0,0,0,0,0,0,0,0,0,0,0,0,0
SYN-SCREEN-03_GENE011_sg2,GENE011,0,0,0,0,0,0,0,0,795,789,270,286,0,0,0,0,0,0,0,0,0,0,0,0,0,0,0,0,0,0,0,0
SYN-SCREEN-03_GENE011_sg3,GENE011,0,0,0,0,0,0,0,0,951,878,321,343,0,0,0,0,0,0,0,0,0,0,0,0,0,0,0,0,0,0,0,0
SYN-SCREEN-03_GENE011_sg4,GENE011,0,0,0,0,0,0,0,0,781,826,244,281,0,0,0,0,0,0,0,0,0,0,0,0,0,0,0,0,0,0,0,0
SYN-SCREEN-03_GENE012_sg1,GENE012,0,0,0,0,0,0,0,0,787,754,1253,1537,0,0,0,0,0,0,0,0,0,0,0,0,0,0,0,0,0,0,0,0
SYN-SCREEN-03_GENE012_sg2,GENE012,0,0,0,0,0,0,0,0,1146,1082,1737,1927,0,0,0,0,0,0,0,0,0,0,0,0,0,0,0,0,0,0,0,0
SYN-SCREEN-03_GENE012_sg3,GENE012,0,0,0,0,0,0,0,0,1057,1106,2169,1557,0,0,0,0,0,0,0,0,0,0,0,0,0,0,0,0,0,0,0,0
SYN-SCREEN-03_GENE012_sg4,GENE012,0,0,0,0,0,0,0,0,983,1299,2205,2140,0,0,0,0,0,0,0,0,0,0,0,0,0,0,0,0,0,0,0,0
SYN-SCREEN-03_GENE013_sg1,GENE013,0,0,0,0,0,0,0,0,592,641,303,460,0,0,0,0,0,0,0,0,0,0,0,0,0,0,0,0,0,0,0,0
SYN-SCREEN-03_GENE013_sg2,GENE013,0,0,0,0,0,0,0,0,1076,1107,625,479,0,0,0,0,0,0,0,0,0,0,0,0,0,0,0,0,0,0,0,0
SYN-SCREEN-03_GENE013_sg3,GENE013,0,0,0,0,0,0,0,0,768,1008,490,379,0,0,0,0,0,0,0,0,0,0,0,0,0,0,0,0,0,0,0,0
SYN-SCREEN-03_GENE013_sg4,GENE013,0,0,0,0,0,0,0,0,956,1097,526,615,0,0,0,0,0,0,0,0,0,0,0,0,0,0,0,0,0,0,0,0
SYN-SCREEN-03_GENE014_sg1,GENE014,0,0,0,0,0,0,0,0,1353,969,1639,2024,0,0,0,0,0,0,0,0,0,0,0,0,0,0,0,0,0,0,0,0
SYN-SCREEN-03_GENE014_sg2,GENE014,0,0,0,0,0,0,0,0,1079,1016,1840,2037,0,0,0,0,0,0,0,0,0,0,0,0,0,0,0,0,0,0,0,0
SYN-SCREEN-03_GENE014_sg3,GENE014,0,0,0,0,0,0,0,0,615,739,1239,1168,0,0,0,0,0,0,0,0,0,0,0,0,0,0,0,0,0,0,0,0
SYN-SCREEN-03_GENE014_sg4,GENE014,0,0,0,0,0,0,0,0,688,712,1097,1174,0,0,0,0,0,0,0,0,0,0,0,0,0,0,0,0,0,0,0,0
SYN-SCREEN-03_GENE015_sg1,GENE015,0,0,0,0,0,0,0,0,839,614,452,517,0,0,0,0,0,0,0,0,0,0,0,0,0,0,0,0,0,0,0,0
SYN-SCREEN-03_GENE015_sg2,GENE015,0,0,0,0,0,0,0,0,631,887,585,480,0,0,0,0,0,0,0,0,0,0,0,0,0,0,0,0,0,0,0,0
SYN-SCREEN-03_GENE015_sg3,GENE015,0,0,0,0,0,0,0,0,485,506,237,240,0,0,0,0,0,0,0,0,0,0,0,0,0,0,0,0,0,0,0,0
SYN-SCREEN-03_GENE015_sg4,GENE015,0,0,0,0,0,0,0,0,1060,1094,827,783,0,0,0,0,0,0,0,0,0,0,0,0,0,0,0,0,0,0,0,0
SYN-SCREEN-03_GENE016_sg1,GENE016,0,0,0,0,0,0,0,0,1084,1106,1641,1565,0,0,0,0,0,0,0,0,0,0,0,0,0,0,0,0,0,0,0,0
SYN-SCREEN-03_GENE016_sg2,GENE016,0,0,0,0,0,0,0,0,793,716,990,1201,0,0,0,0,0,0,0,0,0,0,0,0,0,0,0,0,0,0,0,0
SYN-SCREEN-03_GENE016_sg3,GENE016,0,0,0,0,0,0,0,0,1105,906,1375,1452,0,0,0,0,0,0,0,0,0,0,0,0,0,0,0,0,0,0,0,0
SYN-SCREEN-03_GENE016_sg4,GENE016,0,0,0,0,0,0,0,0,859,771,1034,1211,0,0,0,0,0,0,0,0,0,0,0,0,0,0,0,0,0,0,0,0
SYN-SCREEN-03_GENE017_sg1,GENE017,0,0,0,0,0,0,0,0,822,869,812,731,0,0,0,0,0,0,0,0,0,0,0,0,0,0,0,0,0,0,0,0
SYN-SCREEN-03_GENE017_sg2,GENE017,0,0,0,0,0,0,0,0,778,711,727,666,0,0,0,0,0,0,0,0,0,0,0,0,0,0,0,0,0,0,0,0
SYN-SCREEN-03_GENE017_sg3,GENE017,0,0,0,0,0,0,0,0,1382,1020,1118,936,0,0,0,0,0,0,0,0,0,0,0,0,0,0,0,0,0,0,0,0
SYN-SCREEN-03_GENE017_sg4,GENE017,0,0,0,0,0,0,0,0,651,748,617,586,0,0,0,0,0,0,0,0,0,0,0,0,0,0,0,0,0,0,0,0
SYN-SCREEN-03_GENE018_sg1,GENE018,0,0,0,0,0,0,0,0,902,998,993,1041,0,0,0,0,0,0,0,0,0,0,0,0,0,0,0,0,0,0,0,0
SYN-SCREEN-03_GENE018_sg2,GENE018,0,0,0,0,0,0,0,0,975,1048,1357,844,0,0,0,0,0,0,0,0,0,0,0,0,0,0,0,0,0,0,0,0
SYN-SCREEN-03_GENE018_sg3,GENE018,0,0,0,0,0,0,0,0,790,880,731,694,0,0,0,0,0,0,0,0,0,0,0,0,0,0,0,0,0,0,0,0
SYN-SCREEN-03_GENE018_sg4,GENE018,0,0,0,0,0,0,0,0,511,607,446,507,0,0,0,0,0,0,0,0,0,0,0,0,0,0,0,0,0,0,0,0
SYN-SCREEN-03_GENE019_sg1,GENE019,0,0,0,0,0,0,0,0,605,643,699,589,0,0,0,0,0,0,0,0,0,0,0,0,0,0,0,0,0,0,0,0
SYN-SCREEN-03_GENE019_sg2,GENE019,0,0,0,0,0,0,0,0,596,474,520,501,0,0,0,0,0,0,0,0,0,0,0,0,0,0,0,0,0,0,0,0
SYN-SCREEN-03_GENE019_sg3,GENE019,0,0,0,0,0,0,0,0,448,472,533,548,0,0,0,0,0,0,0,0,0,0,0,0,0,0,0,0,0,0,0,0
SYN-SCREEN-03_GENE019_sg4,GENE019,0,0,0,0,0,0,0,0,1006,1127,987,960,0,0,0,0,0,0,0,0,0,0,0,0,0,0,0,0,0,0,0,0
SYN-SCREEN-03_GENE020_sg1,GENE020,0,0,0,0,0,0,0,0,1033,1069,878,1092,0,0,0,0,0,0,0,0,0,0,0,0,0,0,0,0,0,0,0,0
SYN-SCREEN-03_GENE020_sg2,GENE020,0,0,0,0,0,0,0,0,480,533,399,461,0,0,0,0,0,0,0,0,0,0,0,0,0,0,0,0,0,0,0,0
SYN-SCREEN-03_GENE020_sg3,GENE020,0,0,0,0,0,0,0,0,900,644,784,685,0,0,0,0,0,0,0,0,0,0,0,0,0,0,0,0,0,0,0,0
SYN-SCREEN-03_GENE020_sg4,GENE020,0,0,0,0,0,0,0,0,952,905,1245,812,0,0,0,0,0,0,0,0,0,0,0,0,0,0,0,0,0,0,0,0
SYN-SCREEN-03_GENE021_sg1,GENE021,0,0,0,0,0,0,0,0,1101,1146,994,924,0,0,0,0,0,0,0,0,0,0,0,0,0,0,0,0,0,0,0,0
SYN-SCREEN-03_GENE021_sg2,GENE021,0,0,0,0,0,0,0,0,890,937,1037,971,0,0,0,0,0,0,0,0,0,0,0,0,0,0,0,0,0,0,0,0
SYN-SCREEN-03_GENE021_sg3,GENE021,0,0,0,0,0,0,0,0,710,586,715,718,0,0,0,0,0,0,0,0,0,0,0,0,0,0,0,0,0,0,0,0
SYN-SCREEN-03_GENE021_sg4,GENE021,0,0,0,0,0,0,0,0,674,646,593,663,0,0,0,0,0,0,0,0,0,0,0,0,0,0,0,0,0,0,0,0
SYN-SCREEN-03_GENE022_sg1,GENE022,0,0,0,0,0,0,0,0,475,500,455,386,0,0,0,0,0,0,0,0,0,0,0,0,0,0,0,0,0,0,0,0
SYN-SCREEN-03_GENE022_sg2,GENE022,0,0,0,0,0,0,0,0,744,796,806,693,0,0,0,0,0,0,0,0,0,0,0,0,0,0,0,0,0,0,0,0
SYN-SCREEN-03_GENE022_sg3,GENE022,0,0,0,0,0,0,0,0,864,731,667,805,0,0,0,0,0,0,0,0,0,0,0,0,0,0,0,0,0,0,0,0
SYN-SCREEN-03_GENE022_sg4,GENE022,0,0,0,0,0,0,0,0,1125,1117,1094,1016,0,0,0,0,0,0,0,0,0,0,0,0,0,0,0,0,0,0,0,0
SYN-SCREEN-03_GENE023_sg1,GENE023,0,0,0,0,0,0,0,0,938,726,774,675,0,0,0,0,0,0,0,0,0,0,0,0,0,0,0,0,0,0,0,0
SYN-SCREEN-03_GENE023_sg2,GENE023,0,0,0,0,0,0,0,0,669,720,764,849,0,0,0,0,0,0,0,0,0,0,0,0,0,0,0,0,0,0,0,0
SYN-SCREEN-03_GENE023_sg3,GENE023,0,0,0,0,0,0,0,0,401,556,605,532,0,0,0,0,0,0,0,0,0,0,0,0,0,0,0,0,0,0,0,0
SYN-SCREEN-03_GENE023_sg4,GENE023,0,0,0,0,0,0,0,0,551,591,735,761,0,0,0,0,0,0,0,0,0,0,0,0,0,0,0,0,0,0,0,0
SYN-SCREEN-03_GENE024_sg1,GENE024,0,0,0,0,0,0,0,0,789,903,968,918,0,0,0,0,0,0,0,0,0,0,0,0,0,0,0,0,0,0,0,0
SYN-SCREEN-03_GENE024_sg2,GENE024,0,0,0,0,0,0,0,0,679,740,779,727,0,0,0,0,0,0,0,0,0,0,0,0,0,0,0,0,0,0,0,0
SYN-SCREEN-03_GENE024_sg3,GENE024,0,0,0,0,0,0,0,0,463,408,493,444,0,0,0,0,0,0,0,0,0,0,0,0,0,0,0,0,0,0,0,0
SYN-SCREEN-03_GENE024_sg4,GENE024,0,0,0,0,0,0,0,0,764,657,944,757,0,0,0,0,0,0,0,0,0,0,0,0,0,0,0,0,0,0,0,0
SYN-SCREEN-03_GENE025_sg1,GENE025,0,0,0,0,0,0,0,0,1099,918,913,1128,0,0,0,0,0,0,0,0,0,0,0,0,0,0,0,0,0,0,0,0
SYN-SCREEN-03_GENE025_sg2,GENE025,0,0,0,0,0,0,0,0,847,714,998,851,0,0,0,0,0,0,0,0,0,0,0,0,0,0,0,0,0,0,0,0
SYN-SCREEN-03_GENE025_sg3,GENE025,0,0,0,0,0,0,0,0,584,436,824,558,0,0,0,0,0,0,0,0,0,0,0,0,0,0,0,0,0,0,0,0
SYN-SCREEN-03_GENE025_sg4,GENE025,0,0,0,0,0,0,0,0,760,781,869,681,0,0,0,0,0,0,0,0,0,0,0,0,0,0,0,0,0,0,0,0
SYN-SCREEN-03_GENE026_sg1,GENE026,0,0,0,0,0,0,0,0,590,596,594,624,0,0,0,0,0,0,0,0,0,0,0,0,0,0,0,0,0,0,0,0
SYN-SCREEN-03_GENE026_sg2,GENE026,0,0,0,0,0,0,0,0,511,463,506,516,0,0,0,0,0,0,0,0,0,0,0,0,0,0,0,0,0,0,0,0
SYN-SCREEN-03_GENE026_sg3,GENE026,0,0,0,0,0,0,0,0,960,721,780,726,0,0,0,0,0,0,0,0,0,0,0,0,0,0,0,0,0,0,0,0
SYN-SCREEN-03_GENE026_sg4,GENE026,0,0,0,0,0,0,0,0,1123,1088,1017,1128,0,0,0,0,0,0,0,0,0,0,0,0,0,0,0,0,0,0,0,0
SYN-SCREEN-03_GENE027_sg1,GENE027,0,0,0,0,0,0,0,0,559,583,514,563,0,0,0,0,0,0,0,0,0,0,0,0,0,0,0,0,0,0,0,0
SYN-SCREEN-03_GENE027_sg2,GENE027,0,0,0,0,0,0,0,0,880,863,838,911,0,0,0,0,0,0,0,0,0,0,0,0,0,0,0,0,0,0,0,0
SYN-SCREEN-03_GENE027_sg3,GENE027,0,0,0,0,0,0,0,0,897,983,920,1025,0,0,0,0,0,0,0,0,0,0,0,0,0,0,0,0,0,0,0,0
SYN-SCREEN-03_GENE027_sg4,GENE027,0,0,0,0,0,0,0,0,1231,1217,1234,1221,0,0,0,0,0,0,0,0,0,0,0,0,0,0,0,0,0,0,0,0
SYN-SCREEN-03_GENE028_sg1,GENE028,0,0,0,0,0,0,0,0,477,470,475,436,0,0,0,0,0,0,0,0,0,0,0,0,0,0,0,0,0,0,0,0
SYN-SCREEN-03_GENE028_sg2,GENE028,0,0,0,0,0,0,0,0,977,934,788,1040,0,0,0,0,0,0,0,0,0,0,0,0,0,0,0,0,0,0,0,0
SYN-SCREEN-03_GENE028_sg3,GENE028,0,0,0,0,0,0,0,0,1105,982,1181,1245,0,0,0,0,0,0,0,0,0,0,0,0,0,0,0,0,0,0,0,0
SYN-SCREEN-03_GENE028_sg4,GENE028,0,0,0,0,0,0,0,0,1150,1008,964,1046,0,0,0,0,0,0,0,0,0,0,0,0,0,0,0,0,0,0,0,0
SYN-SCREEN-03_GENE029_sg1,GENE029,0,0,0,0,0,0,0,0,646,632,796,834,0,0,0,0,0,0,0,0,0,0,0,0,0,0,0,0,0,0,0,0
SYN-SCREEN-03_GENE029_sg2,GENE029,0,0,0,0,0,0,0,0,1126,1104,1120,1078,0,0,0,0,0,0,0,0,0,0,0,0,0,0,0,0,0,0,0,0
SYN-SCREEN-03_GENE029_sg3,GENE029,0,0,0,0,0,0,0,0,610,859,921,766,0,0,0,0,0,0,0,0,0,0,0,0,0,0,0,0,0,0,0,0
SYN-SCREEN-03_GENE029_sg4,GENE029,0,0,0,0,0,0,0,0,696,943,658,849,0,0,0,0,0,0,0,0,0,0,0,0,0,0,0,0,0,0,0,0
SYN-SCREEN-03_GENE030_sg1,GENE030,0,0,0,0,0,0,0,0,1034,838,882,839,0,0,0,0,0,0,0,0,0,0,0,0,0,0,0,0,0,0,0,0
SYN-SCREEN-03_GENE030_sg2,GENE030,0,0,0,0,0,0,0,0,550,722,527,606,0,0,0,0,0,0,0,0,0,0,0,0,0,0,0,0,0,0,0,0
SYN-SCREEN-03_GENE030_sg3,GENE030,0,0,0,0,0,0,0,0,822,938,619,610,0,0,0,0,0,0,0,0,0,0,0,0,0,0,0,0,0,0,0,0
SYN-SCREEN-03_GENE030_sg4,GENE030,0,0,0,0,0,0,0,0,471,487,515,504,0,0,0,0,0,0,0,0,0,0,0,0,0,0,0,0,0,0,0,0
SYN-SCREEN-03_GENE031_sg1,GENE031,0,0,0,0,0,0,0,0,1405,1113,1014,1088,0,0,0,0,0,0,0,0,0,0,0,0,0,0,0,0,0,0,0,0
SYN-SCREEN-03_GENE031_sg2,GENE031,0,0,0,0,0,0,0,0,770,776,609,765,0,0,0,0,0,0,0,0,0,0,0,0,0,0,0,0,0,0,0,0
SYN-SCREEN-03_GENE031_sg3,GENE031,0,0,0,0,0,0,0,0,930,865,715,955,0,0,0,0,0,0,0,0,0,0,0,0,0,0,0,0,0,0,0,0
SYN-SCREEN-03_GENE031_sg4,GENE031,0,0,0,0,0,0,0,0,825,673,518,745,0,0,0,0,0,0,0,0,0,0,0,0,0,0,0,0,0,0,0,0
SYN-SCREEN-03_GENE032_sg1,GENE032,0,0,0,0,0,0,0,0,569,468,479,558,0,0,0,0,0,0,0,0,0,0,0,0,0,0,0,0,0,0,0,0
SYN-SCREEN-03_GENE032_sg2,GENE032,0,0,0,0,0,0,0,0,653,522,604,722,0,0,0,0,0,0,0,0,0,0,0,0,0,0,0,0,0,0,0,0
SYN-SCREEN-03_GENE032_sg3,GENE032,0,0,0,0,0,0,0,0,1044,1024,918,938,0,0,0,0,0,0,0,0,0,0,0,0,0,0,0,0,0,0,0,0
SYN-SCREEN-03_GENE032_sg4,GENE032,0,0,0,0,0,0,0,0,606,689,515,516,0,0,0,0,0,0,0,0,0,0,0,0,0,0,0,0,0,0,0,0
SYN-SCREEN-03_GENE033_sg1,GENE033,0,0,0,0,0,0,0,0,909,950,1040,973,0,0,0,0,0,0,0,0,0,0,0,0,0,0,0,0,0,0,0,0
SYN-SCREEN-03_GENE033_sg2,GENE033,0,0,0,0,0,0,0,0,1426,1483,987,1159,0,0,0,0,0,0,0,0,0,0,0,0,0,0,0,0,0,0,0,0
SYN-SCREEN-03_GENE033_sg3,GENE033,0,0,0,0,0,0,0,0,1103,1171,1060,1456,0,0,0,0,0,0,0,0,0,0,0,0,0,0,0,0,0,0,0,0
SYN-SCREEN-03_GENE033_sg4,GENE033,0,0,0,0,0,0,0,0,562,479,498,480,0,0,0,0,0,0,0,0,0,0,0,0,0,0,0,0,0,0,0,0
SYN-SCREEN-03_GENE034_sg1,GENE034,0,0,0,0,0,0,0,0,647,796,745,683,0,0,0,0,0,0,0,0,0,0,0,0,0,0,0,0,0,0,0,0
SYN-SCREEN-03_GENE034_sg2,GENE034,0,0,0,0,0,0,0,0,866,1140,1176,1256,0,0,0,0,0,0,0,0,0,0,0,0,0,0,0,0,0,0,0,0
SYN-SCREEN-03_GENE034_sg3,GENE034,0,0,0,0,0,0,0,0,680,574,530,719,0,0,0,0,0,0,0,0,0,0,0,0,0,0,0,0,0,0,0,0
SYN-SCREEN-03_GENE034_sg4,GENE034,0,0,0,0,0,0,0,0,915,1021,986,917,0,0,0,0,0,0,0,0,0,0,0,0,0,0,0,0,0,0,0,0
SYN-SCREEN-03_GENE035_sg1,GENE035,0,0,0,0,0,0,0,0,887,1125,1239,972,0,0,0,0,0,0,0,0,0,0,0,0,0,0,0,0,0,0,0,0
SYN-SCREEN-03_GENE035_sg2,GENE035,0,0,0,0,0,0,0,0,431,462,537,476,0,0,0,0,0,0,0,0,0,0,0,0,0,0,0,0,0,0,0,0
SYN-SCREEN-03_GENE035_sg3,GENE035,0,0,0,0,0,0,0,0,724,467,543,666,0,0,0,0,0,0,0,0,0,0,0,0,0,0,0,0,0,0,0,0
SYN-SCREEN-03_GENE035_sg4,GENE035,0,0,0,0,0,0,0,0,869,1003,766,969,0,0,0,0,0,0,0,0,0,0,0,0,0,0,0,0,0,0,0,0
SYN-SCREEN-03_GENE036_sg1,GENE036,0,0,0,0,0,0,0,0,988,908,1185,1129,0,0,0,0,0,0,0,0,0,0,0,0,0,0,0,0,0,0,0,0
SYN-SCREEN-03_GENE036_sg2,GENE036,0,0,0,0,0,0,0,0,1057,830,1236,909,0,0,0,0,0,0,0,0,0,0,0,0,0,0,0,0,0,0,0,0
SYN-SCREEN-03_GENE036_sg3,GENE036,0,0,0,0,0,0,0,0,1078,966,1111,935,0,0,0,0,0,0,0,0,0,0,0,0,0,0,0,0,0,0,0,0
SYN-SCREEN-03_GENE036_sg4,GENE036,0,0,0,0,0,0,0,0,918,1259,833,1161,0,0,0,0,0,0,0,0,0,0,0,0,0,0,0,0,0,0,0,0
SYN-SCREEN-03_GENE037_sg1,GENE037,0,0,0,0,0,0,0,0,462,539,511,666,0,0,0,0,0,0,0,0,0,0,0,0,0,0,0,0,0,0,0,0
SYN-SCREEN-03_GENE037_sg2,GENE037,0,0,0,0,0,0,0,0,562,438,450,589,0,0,0,0,0,0,0,0,0,0,0,0,0,0,0,0,0,0,0,0
SYN-SCREEN-03_GENE037_sg3,GENE037,0,0,0,0,0,0,0,0,667,724,656,711,0,0,0,0,0,0,0,0,0,0,0,0,0,0,0,0,0,0,0,0
SYN-SCREEN-03_GENE037_sg4,GENE037,0,0,0,0,0,0,0,0,997,1195,1092,1188,0,0,0,0,0,0,0,0,0,0,0,0,0,0,0,0,0,0,0,0
SYN-SCREEN-03_GENE038_sg1,GENE038,0,0,0,0,0,0,0,0,782,800,638,834,0,0,0,0,0,0,0,0,0,0,0,0,0,0,0,0,0,0,0,0
SYN-SCREEN-03_GENE038_sg2,GENE038,0,0,0,0,0,0,0,0,1127,1482,1300,1059,0,0,0,0,0,0,0,0,0,0,0,0,0,0,0,0,0,0,0,0
SYN-SCREEN-03_GENE038_sg3,GENE038,0,0,0,0,0,0,0,0,550,641,567,574,0,0,0,0,0,0,0,0,0,0,0,0,0,0,0,0,0,0,0,0
SYN-SCREEN-03_GENE038_sg4,GENE038,0,0,0,0,0,0,0,0,603,471,420,483,0,0,0,0,0,0,0,0,0,0,0,0,0,0,0,0,0,0,0,0
SYN-SCREEN-03_GENE039_sg1,GENE039,0,0,0,0,0,0,0,0,1029,864,965,1148,0,0,0,0,0,0,0,0,0,0,0,0,0,0,0,0,0,0,0,0
SYN-SCREEN-03_GENE039_sg2,GENE039,0,0,0,0,0,0,0,0,1013,822,824,921,0,0,0,0,0,0,0,0,0,0,0,0,0,0,0,0,0,0,0,0
SYN-SCREEN-03_GENE039_sg3,GENE039,0,0,0,0,0,0,0,0,598,643,883,679,0,0,0,0,0,0,0,0,0,0,0,0,0,0,0,0,0,0,0,0
SYN-SCREEN-03_GENE039_sg4,GENE039,0,0,0,0,0,0,0,0,1122,1097,1318,1133,0,0,0,0,0,0,0,0,0,0,0,0,0,0,0,0,0,0,0,0
SYN-SCREEN-03_GENE040_sg1,GENE040,0,0,0,0,0,0,0,0,727,639,608,678,0,0,0,0,0,0,0,0,0,0,0,0,0,0,0,0,0,0,0,0
SYN-SCREEN-03_GENE040_sg2,GENE040,0,0,0,0,0,0,0,0,1262,1103,1267,1103,0,0,0,0,0,0,0,0,0,0,0,0,0,0,0,0,0,0,0,0
SYN-SCREEN-03_GENE040_sg3,GENE040,0,0,0,0,0,0,0,0,867,892,756,782,0,0,0,0,0,0,0,0,0,0,0,0,0,0,0,0,0,0,0,0
SYN-SCREEN-03_GENE040_sg4,GENE040,0,0,0,0,0,0,0,0,952,888,1173,840,0,0,0,0,0,0,0,0,0,0,0,0,0,0,0,0,0,0,0,0
SYN-SCREEN-03_GENE041_sg1,GENE041,0,0,0,0,0,0,0,0,1079,871,790,1032,0,0,0,0,0,0,0,0,0,0,0,0,0,0,0,0,0,0,0,0
SYN-SCREEN-03_GENE041_sg2,GENE041,0,0,0,0,0,0,0,0,458,460,446,475,0,0,0,0,0,0,0,0,0,0,0,0,0,0,0,0,0,0,0,0
SYN-SCREEN-03_GENE041_sg3,GENE041,0,0,0,0,0,0,0,0,680,654,574,695,0,0,0,0,0,0,0,0,0,0,0,0,0,0,0,0,0,0,0,0
SYN-SCREEN-03_GENE041_sg4,GENE041,0,0,0,0,0,0,0,0,748,565,772,524,0,0,0,0,0,0,0,0,0,0,0,0,0,0,0,0,0,0,0,0
SYN-SCREEN-03_GENE042_sg1,GENE042,0,0,0,0,0,0,0,0,486,617,512,573,0,0,0,0,0,0,0,0,0,0,0,0,0,0,0,0,0,0,0,0
SYN-SCREEN-03_GENE042_sg2,GENE042,0,0,0,0,0,0,0,0,1029,991,1178,952,0,0,0,0,0,0,0,0,0,0,0,0,0,0,0,0,0,0,0,0
SYN-SCREEN-03_GENE042_sg3,GENE042,0,0,0,0,0,0,0,0,1310,1330,1032,1229,0,0,0,0,0,0,0,0,0,0,0,0,0,0,0,0,0,0,0,0
SYN-SCREEN-03_GENE042_sg4,GENE042,0,0,0,0,0,0,0,0,1074,794,846,1002,0,0,0,0,0,0,0,0,0,0,0,0,0,0,0,0,0,0,0,0
SYN-SCREEN-03_GENE043_sg1,GENE043,0,0,0,0,0,0,0,0,1170,1200,1377,1077,0,0,0,0,0,0,0,0,0,0,0,0,0,0,0,0,0,0,0,0
SYN-SCREEN-03_GENE043_sg2,GENE043,0,0,0,0,0,0,0,0,635,773,608,570,0,0,0,0,0,0,0,0,0,0,0,0,0,0,0,0,0,0,0,0
SYN-SCREEN-03_GENE043_sg3,GENE043,0,0,0,0,0,0,0,0,554,475,562,588,0,0,0,0,0,0,0,0,0,0,0,0,0,0,0,0,0,0,0,0
SYN-SCREEN-03_GENE043_sg4,GENE043,0,0,0,0,0,0,0,0,899,1161,1075,1242,0,0,0,0,0,0,0,0,0,0,0,0,0,0,0,0,0,0,0,0
SYN-SCREEN-03_GENE044_sg1,GENE044,0,0,0,0,0,0,0,0,545,628,704,536,0,0,0,0,0,0,0,0,0,0,0,0,0,0,0,0,0,0,0,0
SYN-SCREEN-03_GENE044_sg2,GENE044,0,0,0,0,0,0,0,0,1152,1074,1199,1101,0,0,0,0,0,0,0,0,0,0,0,0,0,0,0,0,0,0,0,0
SYN-SCREEN-03_GENE044_sg3,GENE044,0,0,0,0,0,0,0,0,1128,1107,1021,1090,0,0,0,0,0,0,0,0,0,0,0,0,0,0,0,0,0,0,0,0
SYN-SCREEN-03_GENE044_sg4,GENE044,0,0,0,0,0,0,0,0,1082,945,1040,1155,0,0,0,0,0,0,0,0,0,0,0,0,0,0,0,0,0,0,0,0
SYN-SCREEN-03_GENE045_sg1,GENE045,0,0,0,0,0,0,0,0,875,869,1064,930,0,0,0,0,0,0,0,0,0,0,0,0,0,0,0,0,0,0,0,0
SYN-SCREEN-03_GENE045_sg2,GENE045,0,0,0,0,0,0,0,0,540,625,673,572,0,0,0,0,0,0,0,0,0,0,0,0,0,0,0,0,0,0,0,0
SYN-SCREEN-03_GENE045_sg3,GENE045,0,0,0,0,0,0,0,0,577,509,462,594,0,0,0,0,0,0,0,0,0,0,0,0,0,0,0,0,0,0,0,0
SYN-SCREEN-03_GENE045_sg4,GENE045,0,0,0,0,0,0,0,0,1247,1063,1411,1188,0,0,0,0,0,0,0,0,0,0,0,0,0,0,0,0,0,0,0,0
SYN-SCREEN-03_GENE046_sg1,GENE046,0,0,0,0,0,0,0,0,862,995,993,1008,0,0,0,0,0,0,0,0,0,0,0,0,0,0,0,0,0,0,0,0
SYN-SCREEN-03_GENE046_sg2,GENE046,0,0,0,0,0,0,0,0,518,529,623,671,0,0,0,0,0,0,0,0,0,0,0,0,0,0,0,0,0,0,0,0
SYN-SCREEN-03_GENE046_sg3,GENE046,0,0,0,0,0,0,0,0,583,642,615,622,0,0,0,0,0,0,0,0,0,0,0,0,0,0,0,0,0,0,0,0
SYN-SCREEN-03_GENE046_sg4,GENE046,0,0,0,0,0,0,0,0,1123,739,1008,1132,0,0,0,0,0,0,0,0,0,0,0,0,0,0,0,0,0,0,0,0
SYN-SCREEN-03_GENE047_sg1,GENE047,0,0,0,0,0,0,0,0,725,654,895,876,0,0,0,0,0,0,0,0,0,0,0,0,0,0,0,0,0,0,0,0
SYN-SCREEN-03_GENE047_sg2,GENE047,0,0,0,0,0,0,0,0,980,876,980,962,0,0,0,0,0,0,0,0,0,0,0,0,0,0,0,0,0,0,0,0
SYN-SCREEN-03_GENE047_sg3,GENE047,0,0,0,0,0,0,0,0,540,514,594,634,0,0,0,0,0,0,0,0,0,0,0,0,0,0,0,0,0,0,0,0
SYN-SCREEN-03_GENE047_sg4,GENE047,0,0,0,0,0,0,0,0,878,667,739,696,0,0,0,0,0,0,0,0,0,0,0,0,0,0,0,0,0,0,0,0
SYN-SCREEN-03_GENE048_sg1,GENE048,0,0,0,0,0,0,0,0,719,682,786,826,0,0,0,0,0,0,0,0,0,0,0,0,0,0,0,0,0,0,0,0
SYN-SCREEN-03_GENE048_sg2,GENE048,0,0,0,0,0,0,0,0,541,528,527,425,0,0,0,0,0,0,0,0,0,0,0,0,0,0,0,0,0,0,0,0
SYN-SCREEN-03_GENE048_sg3,GENE048,0,0,0,0,0,0,0,0,687,531,595,660,0,0,0,0,0,0,0,0,0,0,0,0,0,0,0,0,0,0,0,0
SYN-SCREEN-03_GENE048_sg4,GENE048,0,0,0,0,0,0,0,0,927,735,950,974,0,0,0,0,0,0,0,0,0,0,0,0,0,0,0,0,0,0,0,0
SYN-SCREEN-03_GENE049_sg1,GENE049,0,0,0,0,0,0,0,0,649,678,880,823,0,0,0,0,0,0,0,0,0,0,0,0,0,0,0,0,0,0,0,0
SYN-SCREEN-03_GENE049_sg2,GENE049,0,0,0,0,0,0,0,0,569,498,514,616,0,0,0,0,0,0,0,0,0,0,0,0,0,0,0,0,0,0,0,0
SYN-SCREEN-03_GENE049_sg3,GENE049,0,0,0,0,0,0,0,0,863,799,754,782,0,0,0,0,0,0,0,0,0,0,0,0,0,0,0,0,0,0,0,0
SYN-SCREEN-03_GENE049_sg4,GENE049,0,0,0,0,0,0,0,0,1137,1061,1453,1020,0,0,0,0,0,0,0,0,0,0,0,0,0,0,0,0,0,0,0,0
SYN-SCREEN-03_GENE050_sg1,GENE050,0,0,0,0,0,0,0,0,909,923,1039,1164,0,0,0,0,0,0,0,0,0,0,0,0,0,0,0,0,0,0,0,0
SYN-SCREEN-03_GENE050_sg2,GENE050,0,0,0,0,0,0,0,0,517,490,554,447,0,0,0,0,0,0,0,0,0,0,0,0,0,0,0,0,0,0,0,0
SYN-SCREEN-03_GENE050_sg3,GENE050,0,0,0,0,0,0,0,0,494,558,557,536,0,0,0,0,0,0,0,0,0,0,0,0,0,0,0,0,0,0,0,0
SYN-SCREEN-03_GENE050_sg4,GENE050,0,0,0,0,0,0,0,0,530,571,630,527,0,0,0,0,0,0,0,0,0,0,0,0,0,0,0,0,0,0,0,0
SYN-SCREEN-03_GENE051_sg1,GENE051,0,0,0,0,0,0,0,0,1268,1310,1186,844,0,0,0,0,0,0,0,0,0,0,0,0,0,0,0,0,0,0,0,0
SYN-SCREEN-03_GENE051_sg2,GENE051,0,0,0,0,0,0,0,0,561,547,555,609,0,0,0,0,0,0,0,0,0,0,0,0,0,0,0,0,0,0,0,0
SYN-SCREEN-03_GENE051_sg3,GENE051,0,0,0,0,0,0,0,0,493,497,539,425,0,0,0,0,0,0,0,0,0,0,0,0,0,0,0,0,0,0,0,0
SYN-SCREEN-03_GENE051_sg4,GENE051,0,0,0,0,0,0,0,0,891,865,983,1091,0,0,0,0,0,0,0,0,0,0,0,0,0,0,0,0,0,0,0,0
SYN-SCREEN-03_GENE052_sg1,GENE052,0,0,0,0,0,0,0,0,626,626,501,627,0,0,0,0,0,0,0,0,0,0,0,0,0,0,0,0,0,0,0,0
SYN-SCREEN-03_GENE052_sg2,GENE052,0,0,0,0,0,0,0,0,458,439,422,533,0,0,0,0,0,0,0,0,0,0,0,0,0,0,0,0,0,0,0,0
SYN-SCREEN-03_GENE052_sg3,GENE052,0,0,0,0,0,0,0,0,624,594,589,468,0,0,0,0,0,0,0,0,0,0,0,0,0,0,0,0,0,0,0,0
SYN-SCREEN-03_GENE052_sg4,GENE052,0,0,0,0,0,0,0,0,794,737,604,786,0,0,0,0,0,0,0,0,0,0,0,0,0,0,0,0,0,0,0,0
SYN-SCREEN-03_GENE053_sg1,GENE053,0,0,0,0,0,0,0,0,779,746,875,787,0,0,0,0,0,0,0,0,0,0,0,0,0,0,0,0,0,0,0,0
SYN-SCREEN-03_GENE053_sg2,GENE053,0,0,0,0,0,0,0,0,1227,1165,1443,1144,0,0,0,0,0,0,0,0,0,0,0,0,0,0,0,0,0,0,0,0
SYN-SCREEN-03_GENE053_sg3,GENE053,0,0,0,0,0,0,0,0,640,583,784,937,0,0,0,0,0,0,0,0,0,0,0,0,0,0,0,0,0,0,0,0
SYN-SCREEN-03_GENE053_sg4,GENE053,0,0,0,0,0,0,0,0,895,1006,941,988,0,0,0,0,0,0,0,0,0,0,0,0,0,0,0,0,0,0,0,0
SYN-SCREEN-03_GENE054_sg1,GENE054,0,0,0,0,0,0,0,0,664,718,836,715,0,0,0,0,0,0,0,0,0,0,0,0,0,0,0,0,0,0,0,0
SYN-SCREEN-03_GENE054_sg2,GENE054,0,0,0,0,0,0,0,0,811,902,774,797,0,0,0,0,0,0,0,0,0,0,0,0,0,0,0,0,0,0,0,0
SYN-SCREEN-03_GENE054_sg3,GENE054,0,0,0,0,0,0,0,0,1092,1182,754,879,0,0,0,0,0,0,0,0,0,0,0,0,0,0,0,0,0,0,0,0
SYN-SCREEN-03_GENE054_sg4,GENE054,0,0,0,0,0,0,0,0,1004,1196,900,782,0,0,0,0,0,0,0,0,0,0,0,0,0,0,0,0,0,0,0,0
SYN-SCREEN-03_GENE055_sg1,GENE055,0,0,0,0,0,0,0,0,620,537,546,496,0,0,0,0,0,0,0,0,0,0,0,0,0,0,0,0,0,0,0,0
SYN-SCREEN-03_GENE055_sg2,GENE055,0,0,0,0,0,0,0,0,605,695,520,531,0,0,0,0,0,0,0,0,0,0,0,0,0,0,0,0,0,0,0,0
SYN-SCREEN-03_GENE055_sg3,GENE055,0,0,0,0,0,0,0,0,988,849,1051,1179,0,0,0,0,0,0,0,0,0,0,0,0,0,0,0,0,0,0,0,0
SYN-SCREEN-03_GENE055_sg4,GENE055,0,0,0,0,0,0,0,0,677,695,611,561,0,0,0,0,0,0,0,0,0,0,0,0,0,0,0,0,0,0,0,0
SYN-SCREEN-03_GENE056_sg1,GENE056,0,0,0,0,0,0,0,0,888,962,1159,929,0,0,0,0,0,0,0,0,0,0,0,0,0,0,0,0,0,0,0,0
SYN-SCREEN-03_GENE056_sg2,GENE056,0,0,0,0,0,0,0,0,1135,1302,863,981,0,0,0,0,0,0,0,0,0,0,0,0,0,0,0,0,0,0,0,0
SYN-SCREEN-03_GENE056_sg3,GENE056,0,0,0,0,0,0,0,0,468,499,481,513,0,0,0,0,0,0,0,0,0,0,0,0,0,0,0,0,0,0,0,0
SYN-SCREEN-03_GENE056_sg4,GENE056,0,0,0,0,0,0,0,0,986,975,1028,1226,0,0,0,0,0,0,0,0,0,0,0,0,0,0,0,0,0,0,0,0
SYN-SCREEN-03_GENE057_sg1,GENE057,0,0,0,0,0,0,0,0,1190,996,1092,1100,0,0,0,0,0,0,0,0,0,0,0,0,0,0,0,0,0,0,0,0
SYN-SCREEN-03_GENE057_sg2,GENE057,0,0,0,0,0,0,0,0,1234,994,1049,1144,0,0,0,0,0,0,0,0,0,0,0,0,0,0,0,0,0,0,0,0
SYN-SCREEN-03_GENE057_sg3,GENE057,0,0,0,0,0,0,0,0,854,900,641,840,0,0,0,0,0,0,0,0,0,0,0,0,0,0,0,0,0,0,0,0
SYN-SCREEN-03_GENE057_sg4,GENE057,0,0,0,0,0,0,0,0,818,1059,989,931,0,0,0,0,0,0,0,0,0,0,0,0,0,0,0,0,0,0,0,0
SYN-SCREEN-03_GENE058_sg1,GENE058,0,0,0,0,0,0,0,0,677,524,452,480,0,0,0,0,0,0,0,0,0,0,0,0,0,0,0,0,0,0,0,0
SYN-SCREEN-03_GENE058_sg2,GENE058,0,0,0,0,0,0,0,0,467,457,443,526,0,0,0,0,0,0,0,0,0,0,0,0,0,0,0,0,0,0,0,0
SYN-SCREEN-03_GENE058_sg3,GENE058,0,0,0,0,0,0,0,0,1007,880,1179,1028,0,0,0,0,0,0,0,0,0,0,0,0,0,0,0,0,0,0,0,0
SYN-SCREEN-03_GENE058_sg4,GENE058,0,0,0,0,0,0,0,0,654,727,544,609,0,0,0,0,0,0,0,0,0,0,0,0,0,0,0,0,0,0,0,0
SYN-SCREEN-03_GENE059_sg1,GENE059,0,0,0,0,0,0,0,0,1232,923,1180,888,0,0,0,0,0,0,0,0,0,0,0,0,0,0,0,0,0,0,0,0
SYN-SCREEN-03_GENE059_sg2,GENE059,0,0,0,0,0,0,0,0,1170,1277,1026,841,0,0,0,0,0,0,0,0,0,0,0,0,0,0,0,0,0,0,0,0
SYN-SCREEN-03_GENE059_sg3,GENE059,0,0,0,0,0,0,0,0,577,588,724,578,0,0,0,0,0,0,0,0,0,0,0,0,0,0,0,0,0,0,0,0
SYN-SCREEN-03_GENE059_sg4,GENE059,0,0,0,0,0,0,0,0,518,502,504,486,0,0,0,0,0,0,0,0,0,0,0,0,0,0,0,0,0,0,0,0
SYN-SCREEN-04_GENE000_sg1,GENE000,0,0,0,0,0,0,0,0,0,0,0,0,929,1288,4224,2967,0,0,0,0,0,0,0,0,0,0,0,0,0,0,0,0
SYN-SCREEN-04_GENE000_sg2,GENE000,0,0,0,0,0,0,0,0,0,0,0,0,992,1081,2780,3313,0,0,0,0,0,0,0,0,0,0,0,0,0,0,0,0
SYN-SCREEN-04_GENE000_sg3,GENE000,0,0,0,0,0,0,0,0,0,0,0,0,1071,816,3278,3255,0,0,0,0,0,0,0,0,0,0,0,0,0,0,0,0
SYN-SCREEN-04_GENE000_sg4,GENE000,0,0,0,0,0,0,0,0,0,0,0,0,888,700,2572,2486,0,0,0,0,0,0,0,0,0,0,0,0,0,0,0,0
SYN-SCREEN-04_GENE001_sg1,GENE001,0,0,0,0,0,0,0,0,0,0,0,0,879,766,2874,2765,0,0,0,0,0,0,0,0,0,0,0,0,0,0,0,0
SYN-SCREEN-04_GENE001_sg2,GENE001,0,0,0,0,0,0,0,0,0,0,0,0,731,734,1776,2444,0,0,0,0,0,0,0,0,0,0,0,0,0,0,0,0
SYN-SCREEN-04_GENE001_sg3,GENE001,0,0,0,0,0,0,0,0,0,0,0,0,668,737,2128,1959,0,0,0,0,0,0,0,0,0,0,0,0,0,0,0,0
SYN-SCREEN-04_GENE001_sg4,GENE001,0,0,0,0,0,0,0,0,0,0,0,0,657,587,1849,1904,0,0,0,0,0,0,0,0,0,0,0,0,0,0,0,0
SYN-SCREEN-04_GENE002_sg1,GENE002,0,0,0,0,0,0,0,0,0,0,0,0,595,847,2783,2000,0,0,0,0,0,0,0,0,0,0,0,0,0,0,0,0
SYN-SCREEN-04_GENE002_sg2,GENE002,0,0,0,0,0,0,0,0,0,0,0,0,998,945,2786,3221,0,0,0,0,0,0,0,0,0,0,0,0,0,0,0,0
SYN-SCREEN-04_GENE002_sg3,GENE002,0,0,0,0,0,0,0,0,0,0,0,0,1131,1058,3026,3636,0,0,0,0,0,0,0,0,0,0,0,0,0,0,0,0
SYN-SCREEN-04_GENE002_sg4,GENE002,0,0,0,0,0,0,0,0,0,0,0,0,647,500,1543,1894,0,0,0,0,0,0,0,0,0,0,0,0,0,0,0,0
SYN-SCREEN-04_GENE003_sg1,GENE003,0,0,0,0,0,0,0,0,0,0,0,0,704,733,1786,1995,0,0,0,0,0,0,0,0,0,0,0,0,0,0,0,0
SYN-SCREEN-04_GENE003_sg2,GENE003,0,0,0,0,0,0,0,0,0,0,0,0,1064,1027,2930,2545,0,0,0,0,0,0,0,0,0,0,0,0,0,0,0,0
SYN-SCREEN-04_GENE003_sg3,GENE003,0,0,0,0,0,0,0,0,0,0,0,0,823,789,1937,2554,0,0,0,0,0,0,0,0,0,0,0,0,0,0,0,0
SYN-SCREEN-04_GENE003_sg4,GENE003,0,0,0,0,0,0,0,0,0,0,0,0,753,942,2620,2937,0,0,0,0,0,0,0,0,0,0,0,0,0,0,0,0
SYN-SCREEN-04_GENE004_sg1,GENE004,0,0,0,0,0,0,0,0,0,0,0,0,825,871,2895,2523,0,0,0,0,0,0,0,0,0,0,0,0,0,0,0,0
SYN-SCREEN-04_GENE004_sg2,GENE004,0,0,0,0,0,0,0,0,0,0,0,0,1093,1156,3512,3679,0,0,0,0,0,0,0,0,0,0,0,0,0,0,0,0
SYN-SCREEN-04_GENE004_sg3,GENE004,0,0,0,0,0,0,0,0,0,0,0,0,967,954,2985,3217,0,0,0,0,0,0,0,0,0,0,0,0,0,0,0,0
SYN-SCREEN-04_GENE004_sg4,GENE004,0,0,0,0,0,0,0,0,0,0,0,0,875,1059,3064,3189,0,0,0,0,0,0,0,0,0,0,0,0,0,0,0,0
SYN-SCREEN-04_GENE005_sg1,GENE005,0,0,0,0,0,0,0,0,0,0,0,0,524,554,1849,1828,0,0,0,0,0,0,0,0,0,0,0,0,0,0,0,0
SYN-SCREEN-04_GENE005_sg2,GENE005,0,0,0,0,0,0,0,0,0,0,0,0,904,1178,3414,3280,0,0,0,0,0,0,0,0,0,0,0,0,0,0,0,0
SYN-SCREEN-04_GENE005_sg3,GENE005,0,0,0,0,0,0,0,0,0,0,0,0,703,805,1922,2416,0,0,0,0,0,0,0,0,0,0,0,0,0,0,0,0
SYN-SCREEN-04_GENE005_sg4,GENE005,0,0,0,0,0,0,0,0,0,0,0,0,531,491,1452,1439,0,0,0,0,0,0,0,0,0,0,0,0,0,0,0,0
SYN-SCREEN-04_GENE006_sg1,GENE006,0,0,0,0,0,0,0,0,0,0,0,0,923,863,288,277,0,0,0,0,0,0,0,0,0,0,0,0,0,0,0,0
SYN-SCREEN-04_GENE006_sg2,GENE006,0,0,0,0,0,0,0,0,0,0,0,0,595,563,193,198,0,0,0,0,0,0,0,0,0,0,0,0,0,0,0,0
SYN-SCREEN-04_GENE006_sg3,GENE006,0,0,0,0,0,0,0,0,0,0,0,0,527,668,210,185,0,0,0,0,0,0,0,0,0,0,0,0,0,0,0,0
SYN-SCREEN-04_GENE006_sg4,GENE006,0,0,0,0,0,0,0,0,0,0,0,0,1119,948,377,252,0,0,0,0,0,0,0,0,0,0,0,0,0,0,0,0
SYN-SCREEN-04_GENE007_sg1,GENE007,0,0,0,0,0,0,0,0,0,0,0,0,1208,1295,448,330,0,0,0,0,0,0,0,0,0,0,0,0,0,0,0,0
SYN-SCREEN-04_GENE007_sg2,GENE007,0,0,0,0,0,0,0,0,0,0,0,0,895,1052,298,309,0,0,0,0,0,0,0,0,0,0,0,0,0,0,0,0
SYN-SCREEN-04_GENE007_sg3,GENE007,0,0,0,0,0,0,0,0,0,0,0,0,618,552,163,194,0,0,0,0,0,0,0,0,0,0,0,0,0,0,0,0
SYN-SCREEN-04_GENE007_sg4,GENE007,0,0,0,0,0,0,0,0,0,0,0,0,531,550,194,201,0,0,0,0,0,0,0,0,0,0,0,0,0,0,0,0
SYN-SCREEN-04_GENE008_sg1,GENE008,0,0,0,0,0,0,0,0,0,0,0,0,981,873,301,272,0,0,0,0,0,0,0,0,0,0,0,0,0,0,0,0
SYN-SCREEN-04_GENE008_sg2,GENE008,0,0,0,0,0,0,0,0,0,0,0,0,930,947,324,355,0,0,0,0,0,0,0,0,0,0,0,0,0,0,0,0
SYN-SCREEN-04_GENE008_sg3,GENE008,0,0,0,0,0,0,0,0,0,0,0,0,1156,1296,369,427,0,0,0,0,0,0,0,0,0,0,0,0,0,0,0,0
SYN-SCREEN-04_GENE008_sg4,GENE008,0,0,0,0,0,0,0,0,0,0,0,0,1248,1136,337,353,0,0,0,0,0,0,0,0,0,0,0,0,0,0,0,0
SYN-SCREEN-04_GENE009_sg1,GENE009,0,0,0,0,0,0,0,0,0,0,0,0,917,755,294,279,0,0,0,0,0,0,0,0,0,0,0,0,0,0,0,0
SYN-SCREEN-04_GENE009_sg2,GENE009,0,0,0,0,0,0,0,0,0,0,0,0,688,694,206,198,0,0,0,0,0,0,0,0,0,0,0,0,0,0,0,0
SYN-SCREEN-04_GENE009_sg3,GENE009,0,0,0,0,0,0,0,0,0,0,0,0,629,828,188,231,0,0,0,0,0,0,0,0,0,0,0,0,0,0,0,0
SYN-SCREEN-04_GENE009_sg4,GENE009,0,0,0,0,0,0,0,0,0,0,0,0,1044,1009,372,399,0,0,0,0,0,0,0,0,0,0,0,0,0,0,0,0
SYN-SCREEN-04_GENE010_sg1,GENE010,0,0,0,0,0,0,0,0,0,0,0,0,513,439,138,196,0,0,0,0,0,0,0,0,0,0,0,0,0,0,0,0
SYN-SCREEN-04_GENE010_sg2,GENE010,0,0,0,0,0,0,0,0,0,0,0,0,393,517,145,180,0,0,0,0,0,0,0,0,0,0,0,0,0,0,0,0
SYN-SCREEN-04_GENE010_sg3,GENE010,0,0,0,0,0,0,0,0,0,0,0,0,628,684,251,246,0,0,0,0,0,0,0,0,0,0,0,0,0,0,0,0
SYN-SCREEN-04_GENE010_sg4,GENE010,0,0,0,0,0,0,0,0,0,0,0,0,738,676,285,170,0,0,0,0,0,0,0,0,0,0,0,0,0,0,0,0
SYN-SCREEN-04_GENE011_sg1,GENE011,0,0,0,0,0,0,0,0,0,0,0,0,1230,1012,410,336,0,0,0,0,0,0,0,0,0,0,0,0,0,0,0,0
SYN-SCREEN-04_GENE011_sg2,GENE011,0,0,0,0,0,0,0,0,0,0,0,0,402,502,190,128,0,0,0,0,0,0,0,0,0,0,0,0,0,0,0,0
SYN-SCREEN-04_GENE011_sg3,GENE011,0,0,0,0,0,0,0,0,0,0,0,0,1055,992,491,387,0,0,0,0,0,0,0,0,0,0,0,0,0,0,0,0
SYN-SCREEN-04_GENE011_sg4,GENE011,0,0,0,0,0,0,0,0,0,0,0,0,883,907,255,255,0,0,0,0,0,0,0,0,0,0,0,0,0,0,0,0
SYN-SCREEN-04_GENE012_sg1,GENE012,0,0,0,0,0,0,0,0,0,0,0,0,1332,1152,2298,1975,0,0,0,0,0,0,0,0,0,0,0,0,0,0,0,0
SYN-SCREEN-04_GENE012_sg2,GENE012,0,0,0,0,0,0,0,0,0,0,0,0,528,458,1045,1102,0,0,0,0,0,0,0,0,0,0,0,0,0,0,0,0
SYN-SCREEN-04_GENE012_sg3,GENE012,0,0,0,0,0,0,0,0,0,0,0,0,1407,1234,2950,2370,0,0,0,0,0,0,0,0,0,0,0,0,0,0,0,0
SYN-SCREEN-04_GENE012_sg4,GENE012,0,0,0,0,0,0,0,0,0,0,0,0,969,945,1942,2594,0,0,0,0,0,0,0,0,0,0,0,0,0,0,0,0
SYN-SCREEN-04_GENE013_sg1,GENE013,0,0,0,0,0,0,0,0,0,0,0,0,943,1181,485,569,0,0,0,0,0,0,0,0,0,0,0,0,0,0,0,0
SYN-SCREEN-04_GENE013_sg2,GENE013,0,0,0,0,0,0,0,0,0,0,0,0,936,980,575,510,0,0,0,0,0,0,0,0,0,0,0,0,0,0,0,0
SYN-SCREEN-04_GENE013_sg3,GENE013,0,0,0,0,0,0,0,0,0,0,0,0,735,734,395,381,0,0,0,0,0,0,0,0,0,0,0,0,0,0,0,0
SYN-SCREEN-04_GENE013_sg4,GENE013,0,0,0,0,0,0,0,0,0,0,0,0,572,597,266,300,0,0,0,0,0,0,0,0,0,0,0,0,0,0,0,0
SYN-SCREEN-04_GENE014_sg1,GENE014,0,0,0,0,0,0,0,0,0,0,0,0,1105,1101,1539,1700,0,0,0,0,0,0,0,0,0,0,0,0,0,0,0,0
SYN-SCREEN-04_GENE014_sg2,GENE014,0,0,0,0,0,0,0,0,0,0,0,0,1207,1526,2167,1608,0,0,0,0,0,0,0,0,0,0,0,0,0,0,0,0
SYN-SCREEN-04_GENE014_sg3,GENE014,0,0,0,0,0,0,0,0,0,0,0,0,812,816,1422,1180,0,0,0,0,0,0,0,0,0,0,0,0,0,0,0,0
SYN-SCREEN-04_GENE014_sg4,GENE014,0,0,0,0,0,0,0,0,0,0,0,0,449,556,667,783,0,0,0,0,0,0,0,0,0,0,0,0,0,0,0,0
SYN-SCREEN-04_GENE015_sg1,GENE015,0,0,0,0,0,0,0,0,0,0,0,0,995,1017,732,591,0,0,0,0,0,0,0,0,0,0,0,0,0,0,0,0
SYN-SCREEN-04_GENE015_sg2,GENE015,0,0,0,0,0,0,0,0,0,0,0,0,1188,1145,860,693,0,0,0,0,0,0,0,0,0,0,0,0,0,0,0,0
SYN-SCREEN-04_GENE015_sg3,GENE015,0,0,0,0,0,0,0,0,0,0,0,0,408,389,271,335,0,0,0,0,0,0,0,0,0,0,0,0,0,0,0,0
SYN-SCREEN-04_GENE015_sg4,GENE015,0,0,0,0,0,0,0,0,0,0,0,0,1018,1247,562,760,0,0,0,0,0,0,0,0,0,0,0,0,0,0,0,0
SYN-SCREEN-04_GENE016_sg1,GENE016,0,0,0,0,0,0,0,0,0,0,0,0,1208,915,1346,1478,0,0,0,0,0,0,0,0,0,0,0,0,0,0,0,0
SYN-SCREEN-04_GENE016_sg2,GENE016,0,0,0,0,0,0,0,0,0,0,0,0,1004,1018,1399,1327,0,0,0,0,0,0,0,0,0,0,0,0,0,0,0,0
SYN-SCREEN-04_GENE016_sg3,GENE016,0,0,0,0,0,0,0,0,0,0,0,0,952,825,1168,1133,0,0,0,0,0,0,0,0,0,0,0,0,0,0,0,0
SYN-SCREEN-04_GENE016_sg4,GENE016,0,0,0,0,0,0,0,0,0,0,0,0,452,474,695,777,0,0,0,0,0,0,0,0,0,0,0,0,0,0,0,0
SYN-SCREEN-04_GENE017_sg1,GENE017,0,0,0,0,0,0,0,0,0,0,0,0,948,1188,1438,1361,0,0,0,0,0,0,0,0,0,0,0,0,0,0,0,0
SYN-SCREEN-04_GENE017_sg2,GENE017,0,0,0,0,0,0,0,0,0,0,0,0,1101,1464,1436,1252,0,0,0,0,0,0,0,0,0,0,0,0,0,0,0,0
SYN-SCREEN-04_GENE017_sg3,GENE017,0,0,0,0,0,0,0,0,0,0,0,0,1013,1125,1288,1222,0,0,0,0,0,0,0,0,0,0,0,0,0,0,0,0
SYN-SCREEN-04_GENE017_sg4,GENE017,0,0,0,0,0,0,0,0,0,0,0,0,559,581,511,735,0,0,0,0,0,0,0,0,0,0,0,0,0,0,0,0
SYN-SCREEN-04_GENE018_sg1,GENE018,0,0,0,0,0,0,0,0,0,0,0,0,1209,1152,1282,1007,0,0,0,0,0,0,0,0,0,0,0,0,0,0,0,0
SYN-SCREEN-04_GENE018_sg2,GENE018,0,0,0,0,0,0,0,0,0,0,0,0,804,961,764,793,0,0,0,0,0,0,0,0,0,0,0,0,0,0,0,0
SYN-SCREEN-04_GENE018_sg3,GENE018,0,0,0,0,0,0,0,0,0,0,0,0,564,503,510,452,0,0,0,0,0,0,0,0,0,0,0,0,0,0,0,0
SYN-SCREEN-04_GENE018_sg4,GENE018,0,0,0,0,0,0,0,0,0,0,0,0,893,820,757,797,0,0,0,0,0,0,0,0,0,0,0,0,0,0,0,0
SYN-SCREEN-04_GENE019_sg1,GENE019,0,0,0,0,0,0,0,0,0,0,0,0,853,934,836,918,0,0,0,0,0,0,0,0,0,0,0,0,0,0,0,0
SYN-SCREEN-04_GENE019_sg2,GENE019,0,0,0,0,0,0,0,0,0,0,0,0,902,768,944,841,0,0,0,0,0,0,0,0,0,0,0,0,0,0,0,0
SYN-SCREEN-04_GENE019_sg3,GENE019,0,0,0,0,0,0,0,0,0,0,0,0,836,978,1114,812,0,0,0,0,0,0,0,0,0,0,0,0,0,0,0,0
SYN-SCREEN-04_GENE019_sg4,GENE019,0,0,0,0,0,0,0,0,0,0,0,0,1186,959,1319,1124,0,0,0,0,0,0,0,0,0,0,0,0,0,0,0,0
SYN-SCREEN-04_GENE020_sg1,GENE020,0,0,0,0,0,0,0,0,0,0,0,0,529,418,528,526,0,0,0,0,0,0,0,0,0,0,0,0,0,0,0,0
SYN-SCREEN-04_GENE020_sg2,GENE020,0,0,0,0,0,0,0,0,0,0,0,0,516,543,574,508,0,0,0,0,0,0,0,0,0,0,0,0,0,0,0,0
SYN-SCREEN-04_GENE020_sg3,GENE020,0,0,0,0,0,0,0,0,0,0,0,0,752,846,693,652,0,0,0,0,0,0,0,0,0,0,0,0,0,0,0,0
SYN-SCREEN-04_GENE020_sg4,GENE020,0,0,0,0,0,0,0,0,0,0,0,0,1092,936,883,1085,0,0,0,0,0,0,0,0,0,0,0,0,0,0,0,0
SYN-SCREEN-04_GENE021_sg1,GENE021,0,0,0,0,0,0,0,0,0,0,0,0,1092,1030,1154,1151,0,0,0,0,0,0,0,0,0,0,0,0,0,0,0,0
SYN-SCREEN-04_GENE021_sg2,GENE021,0,0,0,0,0,0,0,0,0,0,0,0,558,505,469,439,0,0,0,0,0,0,0,0,0,0,0,0,0,0,0,0
SYN-SCREEN-04_GENE021_sg3,GENE021,0,0,0,0,0,0,0,0,0,0,0,0,1202,886,963,953,0,0,0,0,0,0,0,0,0,0,0,0,0,0,0,0
SYN-SCREEN-04_GENE021_sg4,GENE021,0,0,0,0,0,0,0,0,0,0,0,0,1005,886,870,923,0,0,0,0,0,0,0,0,0,0,0,0,0,0,0,0
SYN-SCREEN-04_GENE022_sg1,GENE022,0,0,0,0,0,0,0,0,0,0,0,0,831,712,864,918,0,0,0,0,0,0,0,0,0,0,0,0,0,0,0,0
SYN-SCREEN-04_GENE022_sg2,GENE022,0,0,0,0,0,0,0,0,0,0,0,0,1219,1173,1020,888,0,0,0,0,0,0,0,0,0,0,0,0,0,0,0,0
SYN-SCREEN-04_GENE022_sg3,GENE022,0,0,0,0,0,0,0,0,0,0,0,0,443,676,586,521,0,0,0,0,0,0,0,0,0,0,0,0,0,0,0,0
SYN-SCREEN-04_GENE022_sg4,GENE022,0,0,0,0,0,0,0,0,0,0,0,0,518,523,398,553,0,0,0,0,0,0,0,0,0,0,0,0,0,0,0,0
SYN-SCREEN-04_GENE023_sg1,GENE023,0,0,0,0,0,0,0,0,0,0,0,0,760,725,500,567,0,0,0,0,0,0,0,0,0,0,0,0,0,0,0,0
SYN-SCREEN-04_GENE023_sg2,GENE023,0,0,0,0,0,0,0,0,0,0,0,0,671,480,535,617,0,0,0,0,0,0,0,0,0,0,0,0,0,0,0,0
SYN-SCREEN-04_GENE023_sg3,GENE023,0,0,0,0,0,0,0,0,0,0,0,0,493,643,712,776,0,0,0,0,0,0,0,0,0,0,0,0,0,0,0,0
SYN-SCREEN-04_GENE023_sg4,GENE023,0,0,0,0,0,0,0,0,0,0,0,0,1153,1143,1024,778,0,0,0,0,0,0,0,0,0,0,0,0,0,0,0,0
SYN-SCREEN-04_GENE024_sg1,GENE024,0,0,0,0,0,0,0,0,0,0,0,0,860,800,590,679,0,0,0,0,0,0,0,0,0,0,0,0,0,0,0,0
SYN-SCREEN-04_GENE024_sg2,GENE024,0,0,0,0,0,0,0,0,0,0,0,0,1069,1071,1006,874,0,0,0,0,0,0,0,0,0,0,0,0,0,0,0,0
SYN-SCREEN-04_GENE024_sg3,GENE024,0,0,0,0,0,0,0,0,0,0,0,0,1116,1065,1145,939,0,0,0,0,0,0,0,0,0,0,0,0,0,0,0,0
SYN-SCREEN-04_GENE024_sg4,GENE024,0,0,0,0,0,0,0,0,0,0,0,0,711,935,712,934,0,0,0,0,0,0,0,0,0,0,0,0,0,0,0,0
SYN-SCREEN-04_GENE025_sg1,GENE025,0,0,0,0,0,0,0,0,0,0,0,0,629,492,454,474,0,0,0,0,0,0,0,0,0,0,0,0,0,0,0,0
SYN-SCREEN-04_GENE025_sg2,GENE025,0,0,0,0,0,0,0,0,0,0,0,0,864,1010,949,1113,0,0,0,0,0,0,0,0,0,0,0,0,0,0,0,0
SYN-SCREEN-04_GENE025_sg3,GENE025,0,0,0,0,0,0,0,0,0,0,0,0,941,653,922,1049,0,0,0,0,0,0,0,0,0,0,0,0,0,0,0,0
SYN-SCREEN-04_GENE025_sg4,GENE025,0,0,0,0,0,0,0,0,0,0,0,0,1248,945,1082,953,0,0,0,0,0,0,0,0,0,0,0,0,0,0,0,0
SYN-SCREEN-04_GENE026_sg1,GENE026,0,0,0,0,0,0,0,0,0,0,0,0,625,487,584,506,0,0,0,0,0,0,0,0,0,0,0,0,0,0,0,0
SYN-SCREEN-04_GENE026_sg2,GENE026,0,0,0,0,0,0,0,0,0,0,0,0,880,1105,861,891,0,0,0,0,0,0,0,0,0,0,0,0,0,0,0,0
SYN-SCREEN-04_GENE026_sg3,GENE026,0,0,0,0,0,0,0,0,0,0,0,0,534,570,535,484,0,0,0,0,0,0,0,0,0,0,0,0,0,0,0,0
SYN-SCREEN-04_GENE026_sg4,GENE026,0,0,0,0,0,0,0,0,0,0,0,0,797,754,626,653,0,0,0,0,0,0,0,0,0,0,0,0,0,0,0,0
SYN-SCREEN-04_GENE027_sg1,GENE027,0,0,0,0,0,0,0,0,0,0,0,0,827,1180,855,916,0,0,0,0,0,0,0,0,0,0,0,0,0,0,0,0
SYN-SCREEN-04_GENE027_sg2,GENE027,0,0,0,0,0,0,0,0,0,0,0,0,739,937,745,762,0,0,0,0,0,0,0,0,0,0,0,0,0,0,0,0
SYN-SCREEN-04_GENE027_sg3,GENE027,0,0,0,0,0,0,0,0,0,0,0,0,485,519,568,607,0,0,0,0,0,0,0,0,0,0,0,0,0,0,0,0
SYN-SCREEN-04_GENE027_sg4,GENE027,0,0,0,0,0,0,0,0,0,0,0,0,1463,1151,1046,1114,0,0,0,0,0,0,0,0,0,0,0,0,0,0,0,0
SYN-SCREEN-04_GENE028_sg1,GENE028,0,0,0,0,0,0,0,0,0,0,0,0,975,907,1409,1133,0,0,0,0,0,0,0,0,0,0,0,0,0,0,0,0
SYN-SCREEN-04_GENE028_sg2,GENE028,0,0,0,0,0,0,0,0,0,0,0,0,623,514,719,725,0,0,0,0,0,0,0,0,0,0,0,0,0,0,0,0
SYN-SCREEN-04_GENE028_sg3,GENE028,0,0,0,0,0,0,0,0,0,0,0,0,620,849,675,778,0,0,0,0,0,0,0,0,0,0,0,0,0,0,0,0
SYN-SCREEN-04_GENE028_sg4,GENE028,0,0,0,0,0,0,0,0,0,0,0,0,607,528,1072,841,0,0,0,0,0,0,0,0,0,0,0,0,0,0,0,0
SYN-SCREEN-04_GENE029_sg1,GENE029,0,0,0,0,0,0,0,0,0,0,0,0,787,736,732,751,0,0,0,0,0,0,0,0,0,0,0,0,0,0,0,0
SYN-SCREEN-04_GENE029_sg2,GENE029,0,0,0,0,0,0,0,0,0,0,0,0,935,829,983,898,0,0,0,0,0,0,0,0,0,0,0,0,0,0,0,0
SYN-SCREEN-04_GENE029_sg3,GENE029,0,0,0,0,0,0,0,0,0,0,0,0,1113,1104,998,1108,0,0,0,0,0,0,0,0,0,0,0,0,0,0,0,0
SYN-SCREEN-04_GENE029_sg4,GENE029,0,0,0,0,0,0,0,0,0,0,0,0,928,915,929,820,0,0,0,0,0,0,0,0,0,0,0,0,0,0,0,0
SYN-SCREEN-04_GENE030_sg1,GENE030,0,0,0,0,0,0,0,0,0,0,0,0,1260,902,959,987,0,0,0,0,0,0,0,0,0,0,0,0,0,0,0,0
SYN-SCREEN-04_GENE030_sg2,GENE030,0,0,0,0,0,0,0,0,0,0,0,0,786,991,716,906,0,0,0,0,0,0,0,0,0,0,0,0,0,0,0,0
SYN-SCREEN-04_GENE030_sg3,GENE030,0,0,0,0,0,0,0,0,0,0,0,0,496,548,544,463,0,0,0,0,0,0,0,0,0,0,0,0,0,0,0,0
SYN-SCREEN-04_GENE030_sg4,GENE030,0,0,0,0,0,0,0,0,0,0,0,0,457,525,482,621,0,0,0,0,0,0,0,0,0,0,0,0,0,0,0,0
SYN-SCREEN-04_GENE031_sg1,GENE031,0,0,0,0,0,0,0,0,0,0,0,0,1028,1042,884,748,0,0,0,0,0,0,0,0,0,0,0,0,0,0,0,0
SYN-SCREEN-04_GENE031_sg2,GENE031,0,0,0,0,0,0,0,0,0,0,0,0,699,523,553,590,0,0,0,0,0,0,0,0,0,0,0,0,0,0,0,0
SYN-SCREEN-04_GENE031_sg3,GENE031,0,0,0,0,0,0,0,0,0,0,0,0,921,797,935,785,0,0,0,0,0,0,0,0,0,0,0,0,0,0,0,0
SYN-SCREEN-04_GENE031_sg4,GENE031,0,0,0,0,0,0,0,0,0,0,0,0,510,436,425,451,0,0,0,0,0,0,0,0,0,0,0,0,0,0,0,0
SYN-SCREEN-04_GENE032_sg1,GENE032,0,0,0,0,0,0,0,0,0,0,0,0,585,470,397,540,0,0,0,0,0,0,0,0,0,0,0,0,0,0,0,0
SYN-SCREEN-04_GENE032_sg2,GENE032,0,0,0,0,0,0,0,0,0,0,0,0,1088,1006,1074,1154,0,0,0,0,0,0,0,0,0,0,0,0,0,0,0,0
SYN-SCREEN-04_GENE032_sg3,GENE032,0,0,0,0,0,0,0,0,0,0,0,0,951,1083,930,857,0,0,0,0,0,0,0,0,0,0,0,0,0,0,0,0
SYN-SCREEN-04_GENE032_sg4,GENE032,0,0,0,0,0,0,0,0,0,0,0,0,469,588,469,674,0,0,0,0,0,0,0,0,0,0,0,0,0,0,0,0
SYN-SCREEN-04_GENE033_sg1,GENE033,0,0,0,0,0,0,0,0,0,0,0,0,728,1033,1151,1026,0,0,0,0,0,0,0,0,0,0,0,0,0,0,0,0
SYN-SCREEN-04_GENE033_sg2,GENE033,0,0,0,0,0,0,0,0,0,0,0,0,701,953,723,732,0,0,0,0,0,0,0,0,0,0,0,0,0,0,0,0
SYN-SCREEN-04_GENE033_sg3,GENE033,0,0,0,0,0,0,0,0,0,0,0,0,987,780,766,637,0,0,0,0,0,0,0,0,0,0,0,0,0,0,0,0
SYN-SCREEN-04_GENE033_sg4,GENE033,0,0,0,0,0,0,0,0,0,0,0,0,681,814,828,653,0,0,0,0,0,0,0,0,0,0,0,0,0,0,0,0
SYN-SCREEN-04_GENE034_sg1,GENE034,0,0,0,0,0,0,0,0,0,0,0,0,946,1072,1182,1089,0,0,0,0,0,0,0,0,0,0,0,0,0,0,0,0
SYN-SCREEN-04_GENE034_sg2,GENE034,0,0,0,0,0,0,0,0,0,0,0,0,1202,1175,1011,1302,0,0,0,0,0,0,0,0,0,0,0,0,0,0,0,0
SYN-SCREEN-04_GENE034_sg3,GENE034,0,0,0,0,0,0,0,0,0,0,0,0,596,639,684,661,0,0,0,0,0,0,0,0,0,0,0,0,0,0,0,0
SYN-SCREEN-04_GENE034_sg4,GENE034,0,0,0,0,0,0,0,0,0,0,0,0,803,778,712,881,0,0,0,0,0,0,0,0,0,0,0,0,0,0,0,0
SYN-SCREEN-04_GENE035_sg1,GENE035,0,0,0,0,0,0,0,0,0,0,0,0,792,851,692,768,0,0,0,0,0,0,0,0,0,0,0,0,0,0,0,0
SYN-SCREEN-04_GENE035_sg2,GENE035,0,0,0,0,0,0,0,0,0,0,0,0,1040,788,1134,1070,0,0,0,0,0,0,0,0,0,0,0,0,0,0,0,0
SYN-SCREEN-04_GENE035_sg3,GENE035,0,0,0,0,0,0,0,0,0,0,0,0,791,697,967,881,0,0,0,0,0,0,0,0,0,0,0,0,0,0,0,0
SYN-SCREEN-04_GENE035_sg4,GENE035,0,0,0,0,0,0,0,0,0,0,0,0,707,777,636,703,0,0,0,0,0,0,0,0,0,0,0,0,0,0,0,0
SYN-SCREEN-04_GENE036_sg1,GENE036,0,0,0,0,0,0,0,0,0,0,0,0,1103,968,972,920,0,0,0,0,0,0,0,0,0,0,0,0,0,0,0,0
SYN-SCREEN-04_GENE036_sg2,GENE036,0,0,0,0,0,0,0,0,0,0,0,0,835,1005,792,926,0,0,0,0,0,0,0,0,0,0,0,0,0,0,0,0
SYN-SCREEN-04_GENE036_sg3,GENE036,0,0,0,0,0,0,0,0,0,0,0,0,1135,1097,1495,1507,0,0,0,0,0,0,0,0,0,0,0,0,0,0,0,0
SYN-SCREEN-04_GENE036_sg4,GENE036,0,0,0,0,0,0,0,0,0,0,0,0,859,756,894,845,0,0,0,0,0,0,0,0,0,0,0,0,0,0,0,0
SYN-SCREEN-04_GENE037_sg1,GENE037,0,0,0,0,0,0,0,0,0,0,0,0,482,638,510,552,0,0,0,0,0,0,0,0,0,0,0,0,0,0,0,0
SYN-SCREEN-04_GENE037_sg2,GENE037,0,0,0,0,0,0,0,0,0,0,0,0,910,652,806,770,0,0,0,0,0,0,0,0,0,0,0,0,0,0,0,0
SYN-SCREEN-04_GENE037_sg3,GENE037,0,0,0,0,0,0,0,0,0,0,0,0,1236,1125,1221,1457,0,0,0,0,0,0,0,0,0,0,0,0,0,0,0,0
SYN-SCREEN-04_GENE037_sg4,GENE037,0,0,0,0,0,0,0,0,0,0,0,0,929,1070,1074,890,0,0,0,0,0,0,0,0,0,0,0,0,0,0,0,0
SYN-SCREEN-04_GENE038_sg1,GENE038,0,0,0,0,0,0,0,0,0,0,0,0,638,561,596,648,0,0,0,0,0,0,0,0,0,0,0,0,0,0,0,0
SYN-SCREEN-04_GENE038_sg2,GENE038,0,0,0,0,0,0,0,0,0,0,0,0,794,1038,788,735,0,0,0,0,0,0,0,0,0,0,0,0,0,0,0,0
SYN-SCREEN-04_GENE038_sg3,GENE038,0,0,0,0,0,0,0,0,0,0,0,0,589,521,620,491,0,0,0,0,0,0,0,0,0,0,0,0,0,0,0,0
SYN-SCREEN-04_GENE038_sg4,GENE038,0,0,0,0,0,0,0,0,0,0,0,0,651,838,806,729,0,0,0,0,0,0,0,0,0,0,0,0,0,0,0,0
SYN-SCREEN-04_GENE039_sg1,GENE039,0,0,0,0,0,0,0,0,0,0,0,0,608,779,811,749,0,0,0,0,0,0,0,0,0,0,0,0,0,0,0,0
SYN-SCREEN-04_GENE039_sg2,GENE039,0,0,0,0,0,0,0,0,0,0,0,0,1063,1117,1043,997,0,0,0,0,0,0,0,0,0,0,0,0,0,0,0,0
SYN-SCREEN-04_GENE039_sg3,GENE039,0,0,0,0,0,0,0,0,0,0,0,0,835,1494,1115,913,0,0,0,0,0,0,0,0,0,0,0,0,0,0,0,0
SYN-SCREEN-04_GENE039_sg4,GENE039,0,0,0,0,0,0,0,0,0,0,0,0,631,556,636,528,0,0,0,0,0,0,0,0,0,0,0,0,0,0,0,0
SYN-SCREEN-04_GENE040_sg1,GENE040,0,0,0,0,0,0,0,0,0,0,0,0,616,792,766,905,0,0,0,0,0,0,0,0,0,0,0,0,0,0,0,0
SYN-SCREEN-04_GENE040_sg2,GENE040,0,0,0,0,0,0,0,0,0,0,0,0,727,651,783,827,0,0,0,0,0,0,0,0,0,0,0,0,0,0,0,0
SYN-SCREEN-04_GENE040_sg3,GENE040,0,0,0,0,0,0,0,0,0,0,0,0,1131,913,864,872,0,0,0,0,0,0,0,0,0,0,0,0,0,0,0,0
SYN-SCREEN-04_GENE040_sg4,GENE040,0,0,0,0,0,0,0,0,0,0,0,0,449,445,411,398,0,0,0,0,0,0,0,0,0,0,0,0,0,0,0,0
SYN-SCREEN-04_GENE041_sg1,GENE041,0,0,0,0,0,0,0,0,0,0,0,0,915,762,799,1060,0,0,0,0,0,0,0,0,0,0,0,0,0,0,0,0
SYN-SCREEN-04_GENE041_sg2,GENE041,0,0,0,0,0,0,0,0,0,0,0,0,1001,1141,1002,882,0,0,0,0,0,0,0,0,0,0,0,0,0,0,0,0
SYN-SCREEN-04_GENE041_sg3,GENE041,0,0,0,0,0,0,0,0,0,0,0,0,761,748,1022,745,0,0,0,0,0,0,0,0,0,0,0,0,0,0,0,0
SYN-SCREEN-04_GENE041_sg4,GENE041,0,0,0,0,0,0,0,0,0,0,0,0,553,657,589,646,0,0,0,0,0,0,0,0,0,0,0,0,0,0,0,0
SYN-SCREEN-04_GENE042_sg1,GENE042,0,0,0,0,0,0,0,0,0,0,0,0,662,623,555,612,0,0,0,0,0,0,0,0,0,0,0,0,0,0,0,0
SYN-SCREEN-04_GENE042_sg2,GENE042,0,0,0,0,0,0,0,0,0,0,0,0,606,650,474,631,0,0,0,0,0,0,0,0,0,0,0,0,0,0,0,0
SYN-SCREEN-04_GENE042_sg3,GENE042,0,0,0,0,0,0,0,0,0,0,0,0,712,893,726,644,0,0,0,0,0,0,0,0,0,0,0,0,0,0,0,0
SYN-SCREEN-04_GENE042_sg4,GENE042,0,0,0,0,0,0,0,0,0,0,0,0,413,457,506,482,0,0,0,0,0,0,0,0,0,0,0,0,0,0,0,0
SYN-SCREEN-04_GENE043_sg1,GENE043,0,0,0,0,0,0,0,0,0,0,0,0,738,672,667,596,0,0,0,0,0,0,0,0,0,0,0,0,0,0,0,0
SYN-SCREEN-04_GENE043_sg2,GENE043,0,0,0,0,0,0,0,0,0,0,0,0,586,505,553,488,0,0,0,0,0,0,0,0,0,0,0,0,0,0,0,0
SYN-SCREEN-04_GENE043_sg3,GENE043,0,0,0,0,0,0,0,0,0,0,0,0,458,554,601,682,0,0,0,0,0,0,0,0,0,0,0,0,0,0,0,0
SYN-SCREEN-04_GENE043_sg4,GENE043,0,0,0,0,0,0,0,0,0,0,0,0,603,582,651,543,0,0,0,0,0,0,0,0,0,0,0,0,0,0,0,0
SYN-SCREEN-04_GENE044_sg1,GENE044,0,0,0,0,0,0,0,0,0,0,0,0,797,717,630,592,0,0,0,0,0,0,0,0,0,0,0,0,0,0,0,0
SYN-SCREEN-04_GENE044_sg2,GENE044,0,0,0,0,0,0,0,0,0,0,0,0,515,583,555,533,0,0,0,0,0,0,0,0,0,0,0,0,0,0,0,0
SYN-SCREEN-04_GENE044_sg3,GENE044,0,0,0,0,0,0,0,0,0,0,0,0,1013,784,1069,770,0,0,0,0,0,0,0,0,0,0,0,0,0,0,0,0
SYN-SCREEN-04_GENE044_sg4,GENE044,0,0,0,0,0,0,0,0,0,0,0,0,902,957,887,859,0,0,0,0,0,0,0,0,0,0,0,0,0,0,0,0
SYN-SCREEN-04_GENE045_sg1,GENE045,0,0,0,0,0,0,0,0,0,0,0,0,485,497,516,570,0,0,0,0,0,0,0,0,0,0,0,0,0,0,0,0
SYN-SCREEN-04_GENE045_sg2,GENE045,0,0,0,0,0,0,0,0,0,0,0,0,468,489,582,597,0,0,0,0,0,0,0,0,0,0,0,0,0,0,0,0
SYN-SCREEN-04_GENE045_sg3,GENE045,0,0,0,0,0,0,0,0,0,0,0,0,623,630,641,712,0,0,0,0,0,0,0,0,0,0,0,0,0,0,0,0
SYN-SCREEN-04_GENE045_sg4,GENE045,0,0,0,0,0,0,0,0,0,0,0,0,665,754,753,777,0,0,0,0,0,0,0,0,0,0,0,0,0,0,0,0
SYN-SCREEN-04_GENE046_sg1,GENE046,0,0,0,0,0,0,0,0,0,0,0,0,828,766,838,670,0,0,0,0,0,0,0,0,0,0,0,0,0,0,0,0
SYN-SCREEN-04_GENE046_sg2,GENE046,0,0,0,0,0,0,0,0,0,0,0,0,856,927,805,870,0,0,0,0,0,0,0,0,0,0,0,0,0,0,0,0
SYN-SCREEN-04_GENE046_sg3,GENE046,0,0,0,0,0,0,0,0,0,0,0,0,894,1021,837,1132,0,0,0,0,0,0,0,0,0,0,0,0,0,0,0,0
SYN-SCREEN-04_GENE046_sg4,GENE046,0,0,0,0,0,0,0,0,0,0,0,0,909,1065,789,1087,0,0,0,0,0,0,0,0,0,0,0,0,0,0,0,0
SYN-SCREEN-04_GENE047_sg1,GENE047,0,0,0,0,0,0,0,0,0,0,0,0,494,540,582,611,0,0,0,0,0,0,0,0,0,0,0,0,0,0,0,0
SYN-SCREEN-04_GENE047_sg2,GENE047,0,0,0,0,0,0,0,0,0,0,0,0,811,654,640,882,0,0,0,0,0,0,0,0,0,0,0,0,0,0,0,0
SYN-SCREEN-04_GENE047_sg3,GENE047,0,0,0,0,0,0,0,0,0,0,0,0,810,1079,950,965,0,0,0,0,0,0,0,0,0,0,0,0,0,0,0,0
SYN-SCREEN-04_GENE047_sg4,GENE047,0,0,0,0,0,0,0,0,0,0,0,0,737,539,470,447,0,0,0,0,0,0,0,0,0,0,0,0,0,0,0,0
SYN-SCREEN-04_GENE048_sg1,GENE048,0,0,0,0,0,0,0,0,0,0,0,0,577,679,650,658,0,0,0,0,0,0,0,0,0,0,0,0,0,0,0,0
SYN-SCREEN-04_GENE048_sg2,GENE048,0,0,0,0,0,0,0,0,0,0,0,0,1435,1087,1213,1337,0,0,0,0,0,0,0,0,0,0,0,0,0,0,0,0
SYN-SCREEN-04_GENE048_sg3,GENE048,0,0,0,0,0,0,0,0,0,0,0,0,727,581,482,726,0,0,0,0,0,0,0,0,0,0,0,0,0,0,0,0
SYN-SCREEN-04_GENE048_sg4,GENE048,0,0,0,0,0,0,0,0,0,0,0,0,799,771,886,671,0,0,0,0,0,0,0,0,0,0,0,0,0,0,0,0
SYN-SCREEN-04_GENE049_sg1,GENE049,0,0,0,0,0,0,0,0,0,0,0,0,910,1010,865,1049,0,0,0,0,0,0,0,0,0,0,0,0,0,0,0,0
SYN-SCREEN-04_GENE049_sg2,GENE049,0,0,0,0,0,0,0,0,0,0,0,0,519,518,481,461,0,0,0,0,0,0,0,0,0,0,0,0,0,0,0,0
SYN-SCREEN-04_GENE049_sg3,GENE049,0,0,0,0,0,0,0,0,0,0,0,0,794,932,770,1088,0,0,0,0,0,0,0,0,0,0,0,0,0,0,0,0
SYN-SCREEN-04_GENE049_sg4,GENE049,0,0,0,0,0,0,0,0,0,0,0,0,1094,1061,1000,1078,0,0,0,0,0,0,0,0,0,0,0,0,0,0,0,0
SYN-SCREEN-04_GENE050_sg1,GENE050,0,0,0,0,0,0,0,0,0,0,0,0,950,1150,1112,926,0,0,0,0,0,0,0,0,0,0,0,0,0,0,0,0
SYN-SCREEN-04_GENE050_sg2,GENE050,0,0,0,0,0,0,0,0,0,0,0,0,1234,1256,1265,1304,0,0,0,0,0,0,0,0,0,0,0,0,0,0,0,0
SYN-SCREEN-04_GENE050_sg3,GENE050,0,0,0,0,0,0,0,0,0,0,0,0,924,836,789,818,0,0,0,0,0,0,0,0,0,0,0,0,0,0,0,0
SYN-SCREEN-04_GENE050_sg4,GENE050,0,0,0,0,0,0,0,0,0,0,0,0,1050,1371,1064,1259,0,0,0,0,0,0,0,0,0,0,0,0,0,0,0,0
SYN-SCREEN-04_GENE051_sg1,GENE051,0,0,0,0,0,0,0,0,0,0,0,0,702,759,685,732,0,0,0,0,0,0,0,0,0,0,0,0,0,0,0,0
SYN-SCREEN-04_GENE051_sg2,GENE051,0,0,0,0,0,0,0,0,0,0,0,0,1404,1032,1072,782,0,0,0,0,0,0,0,0,0,0,0,0,0,0,0,0
SYN-SCREEN-04_GENE051_sg3,GENE051,0,0,0,0,0,0,0,0,0,0,0,0,1024,1178,1034,1014,0,0,0,0,0,0,0,0,0,0,0,0,0,0,0,0
SYN-SCREEN-04_GENE051_sg4,GENE051,0,0,0,0,0,0,0,0,0,0,0,0,1182,796,1073,1100,0,0,0,0,0,0,0,0,0,0,0,0,0,0,0,0
SYN-SCREEN-04_GENE052_sg1,GENE052,0,0,0,0,0,0,0,0,0,0,0,0,904,984,989,1099,0,0,0,0,0,0,0,0,0,0,0,0,0,0,0,0
SYN-SCREEN-04_GENE052_sg2,GENE052,0,0,0,0,0,0,0,0,0,0,0,0,1109,1104,1234,1267,0,0,0,0,0,0,0,0,0,0,0,0,0,0,0,0
SYN-SCREEN-04_GENE052_sg3,GENE052,0,0,0,0,0,0,0,0,0,0,0,0,1185,895,1029,1082,0,0,0,0,0,0,0,0,0,0,0,0,0,0,0,0
SYN-SCREEN-04_GENE052_sg4,GENE052,0,0,0,0,0,0,0,0,0,0,0,0,1241,1320,1031,1125,0,0,0,0,0,0,0,0,0,0,0,0,0,0,0,0
SYN-SCREEN-04_GENE053_sg1,GENE053,0,0,0,0,0,0,0,0,0,0,0,0,949,669,727,1141,0,0,0,0,0,0,0,0,0,0,0,0,0,0,0,0
SYN-SCREEN-04_GENE053_sg2,GENE053,0,0,0,0,0,0,0,0,0,0,0,0,695,789,702,743,0,0,0,0,0,0,0,0,0,0,0,0,0,0,0,0
SYN-SCREEN-04_GENE053_sg3,GENE053,0,0,0,0,0,0,0,0,0,0,0,0,1391,1088,1410,1163,0,0,0,0,0,0,0,0,0,0,0,0,0,0,0,0
SYN-SCREEN-04_GENE053_sg4,GENE053,0,0,0,0,0,0,0,0,0,0,0,0,676,756,633,761,0,0,0,0,0,0,0,0,0,0,0,0,0,0,0,0
SYN-SCREEN-04_GENE054_sg1,GENE054,0,0,0,0,0,0,0,0,0,0,0,0,957,1369,1111,1193,0,0,0,0,0,0,0,0,0,0,0,0,0,0,0,0
SYN-SCREEN-04_GENE054_sg2,GENE054,0,0,0,0,0,0,0,0,0,0,0,0,585,745,716,586,0,0,0,0,0,0,0,0,0,0,0,0,0,0,0,0
SYN-SCREEN-04_GENE054_sg3,GENE054,0,0,0,0,0,0,0,0,0,0,0,0,906,726,764,797,0,0,0,0,0,0,0,0,0,0,0,0,0,0,0,0
SYN-SCREEN-04_GENE054_sg4,GENE054,0,0,0,0,0,0,0,0,0,0,0,0,516,701,614,593,0,0,0,0,0,0,0,0,0,0,0,0,0,0,0,0
SYN-SCREEN-04_GENE055_sg1,GENE055,0,0,0,0,0,0,0,0,0,0,0,0,775,911,909,1193,0,0,0,0,0,0,0,0,0,0,0,0,0,0,0,0
SYN-SCREEN-04_GENE055_sg2,GENE055,0,0,0,0,0,0,0,0,0,0,0,0,1356,1111,1117,1053,0,0,0,0,0,0,0,0,0,0,0,0,0,0,0,0
SYN-SCREEN-04_GENE055_sg3,GENE055,0,0,0,0,0,0,0,0,0,0,0,0,1168,831,1051,1183,0,0,0,0,0,0,0,0,0,0,0,0,0,0,0,0
SYN-SCREEN-04_GENE055_sg4,GENE055,0,0,0,0,0,0,0,0,0,0,0,0,1064,764,1147,861,0,0,0,0,0,0,0,0,0,0,0,0,0,0,0,0
SYN-SCREEN-04_GENE056_sg1,GENE056,0,0,0,0,0,0,0,0,0,0,0,0,487,613,722,736,0,0,0,0,0,0,0,0,0,0,0,0,0,0,0,0
SYN-SCREEN-04_GENE056_sg2,GENE056,0,0,0,0,0,0,0,0,0,0,0,0,1130,1101,1483,1594,0,0,0,0,0,0,0,0,0,0,0,0,0,0,0,0
SYN-SCREEN-04_GENE056_sg3,GENE056,0,0,0,0,0,0,0,0,0,0,0,0,607,562,561,609,0,0,0,0,0,0,0,0,0,0,0,0,0,0,0,0
SYN-SCREEN-04_GENE056_sg4,GENE056,0,0,0,0,0,0,0,0,0,0,0,0,802,985,1226,1136,0,0,0,0,0,0,0,0,0,0,0,0,0,0,0,0
SYN-SCREEN-04_GENE057_sg1,GENE057,0,0,0,0,0,0,0,0,0,0,0,0,660,794,610,607,0,0,0,0,0,0,0,0,0,0,0,0,0,0,0,0
SYN-SCREEN-04_GENE057_sg2,GENE057,0,0,0,0,0,0,0,0,0,0,0,0,784,1024,688,705,0,0,0,0,0,0,0,0,0,0,0,0,0,0,0,0
SYN-SCREEN-04_GENE057_sg3,GENE057,0,0,0,0,0,0,0,0,0,0,0,0,1152,1283,1194,1076,0,0,0,0,0,0,0,0,0,0,0,0,0,0,0,0
SYN-SCREEN-04_GENE057_sg4,GENE057,0,0,0,0,0,0,0,0,0,0,0,0,596,639,486,594,0,0,0,0,0,0,0,0,0,0,0,0,0,0,0,0
SYN-SCREEN-04_GENE058_sg1,GENE058,0,0,0,0,0,0,0,0,0,0,0,0,676,669,780,912,0,0,0,0,0,0,0,0,0,0,0,0,0,0,0,0
SYN-SCREEN-04_GENE058_sg2,GENE058,0,0,0,0,0,0,0,0,0,0,0,0,629,468,628,637,0,0,0,0,0,0,0,0,0,0,0,0,0,0,0,0
SYN-SCREEN-04_GENE058_sg3,GENE058,0,0,0,0,0,0,0,0,0,0,0,0,792,848,855,920,0,0,0,0,0,0,0,0,0,0,0,0,0,0,0,0
SYN-SCREEN-04_GENE058_sg4,GENE058,0,0,0,0,0,0,0,0,0,0,0,0,838,1058,1209,1066,0,0,0,0,0,0,0,0,0,0,0,0,0,0,0,0
SYN-SCREEN-04_GENE059_sg1,GENE059,0,0,0,0,0,0,0,0,0,0,0,0,1100,1218,971,1045,0,0,0,0,0,0,0,0,0,0,0,0,0,0,0,0
SYN-SCREEN-04_GENE059_sg2,GENE059,0,0,0,0,0,0,0,0,0,0,0,0,588,753,677,653,0,0,0,0,0,0,0,0,0,0,0,0,0,0,0,0
SYN-SCREEN-04_GENE059_sg3,GENE059,0,0,0,0,0,0,0,0,0,0,0,0,909,809,805,803,0,0,0,0,0,0,0,0,0,0,0,0,0,0,0,0
SYN-SCREEN-04_GENE059_sg4,GENE059,0,0,0,0,0,0,0,0,0,0,0,0,824,769,985,797,0,0,0,0,0,0,0,0,0,0,0,0,0,0,0,0
SYN-SCREEN-05_GENE000_sg1,GENE000,0,0,0,0,0,0,0,0,0,0,0,0,0,0,0,0,813,514,1698,1899,0,0,0,0,0,0,0,0,0,0,0,0
SYN-SCREEN-05_GENE000_sg2,GENE000,0,0,0,0,0,0,0,0,0,0,0,0,0,0,0,0,845,633,2321,1874,0,0,0,0,0,0,0,0,0,0,0,0
SYN-SCREEN-05_GENE000_sg3,GENE000,0,0,0,0,0,0,0,0,0,0,0,0,0,0,0,0,821,649,2174,2410,0,0,0,0,0,0,0,0,0,0,0,0
SYN-SCREEN-05_GENE000_sg4,GENE000,0,0,0,0,0,0,0,0,0,0,0,0,0,0,0,0,1152,1081,2559,3045,0,0,0,0,0,0,0,0,0,0,0,0
SYN-SCREEN-05_GENE001_sg1,GENE001,0,0,0,0,0,0,0,0,0,0,0,0,0,0,0,0,882,959,2910,2712,0,0,0,0,0,0,0,0,0,0,0,0
SYN-SCREEN-05_GENE001_sg2,GENE001,0,0,0,0,0,0,0,0,0,0,0,0,0,0,0,0,744,675,2435,2135,0,0,0,0,0,0,0,0,0,0,0,0
SYN-SCREEN-05_GENE001_sg3,GENE001,0,0,0,0,0,0,0,0,0,0,0,0,0,0,0,0,957,995,3254,3808,0,0,0,0,0,0,0,0,0,0,0,0
SYN-SCREEN-05_GENE001_sg4,GENE001,0,0,0,0,0,0,0,0,0,0,0,0,0,0,0,0,971,1157,2985,3154,0,0,0,0,0,0,0,0,0,0,0,0
SYN-SCREEN-05_GENE002_sg1,GENE002,0,0,0,0,0,0,0,0,0,0,0,0,0,0,0,0,1100,889,2498,3064,0,0,0,0,0,0,0,0,0,0,0,0
SYN-SCREEN-05_GENE002_sg2,GENE002,0,0,0,0,0,0,0,0,0,0,0,0,0,0,0,0,757,950,2881,3517,0,0,0,0,0,0,0,0,0,0,0,0
SYN-SCREEN-05_GENE002_sg3,GENE002,0,0,0,0,0,0,0,0,0,0,0,0,0,0,0,0,684,720,2477,2170,0,0,0,0,0,0,0,0,0,0,0,0
SYN-SCREEN-05_GENE002_sg4,GENE002,0,0,0,0,0,0,0,0,0,0,0,0,0,0,0,0,1064,1018,2910,3928,0,0,0,0,0,0,0,0,0,0,0,0
SYN-SCREEN-05_GENE003_sg1,GENE003,0,0,0,0,0,0,0,0,0,0,0,0,0,0,0,0,879,984,2773,3063,0,0,0,0,0,0,0,0,0,0,0,0
SYN-SCREEN-05_GENE003_sg2,GENE003,0,0,0,0,0,0,0,0,0,0,0,0,0,0,0,0,811,1054,2401,2549,0,0,0,0,0,0,0,0,0,0,0,0
SYN-SCREEN-05_GENE003_sg3,GENE003,0,0,0,0,0,0,0,0,0,0,0,0,0,0,0,0,841,854,2435,2532,0,0,0,0,0,0,0,0,0,0,0,0
SYN-SCREEN-05_GENE003_sg4,GENE003,0,0,0,0,0,0,0,0,0,0,0,0,0,0,0,0,547,616,1765,1696,0,0,0,0,0,0,0,0,0,0,0,0
SYN-SCREEN-05_GENE004_sg1,GENE004,0,0,0,0,0,0,0,0,0,0,0,0,0,0,0,0,429,442,1586,1361,0,0,0,0,0,0,0,0,0,0,0,0
SYN-SCREEN-05_GENE004_sg2,GENE004,0,0,0,0,0,0,0,0,0,0,0,0,0,0,0,0,723,688,2162,2280,0,0,0,0,0,0,0,0,0,0,0,0
SYN-SCREEN-05_GENE004_sg3,GENE004,0,0,0,0,0,0,0,0,0,0,0,0,0,0,0,0,802,886,2425,2820,0,0,0,0,0,0,0,0,0,0,0,0
SYN-SCREEN-05_GENE004_sg4,GENE004,0,0,0,0,0,0,0,0,0,0,0,0,0,0,0,0,1435,1249,3103,3118,0,0,0,0,0,0,0,0,0,0,0,0
SYN-SCREEN-05_GENE005_sg1,GENE005,0,0,0,0,0,0,0,0,0,0,0,0,0,0,0,0,443,518,1402,1818,0,0,0,0,0,0,0,0,0,0,0,0
SYN-SCREEN-05_GENE005_sg2,GENE005,0,0,0,0,0,0,0,0,0,0,0,0,0,0,0,0,581,770,1986,1953,0,0,0,0,0,0,0,0,0,0,0,0
SYN-SCREEN-05_GENE005_sg3,GENE005,0,0,0,0,0,0,0,0,0,0,0,0,0,0,0,0,662,876,2318,1791,0,0,0,0,0,0,0,0,0,0,0,0
SYN-SCREEN-05_GENE005_sg4,GENE005,0,0,0,0,0,0,0,0,0,0,0,0,0,0,0,0,625,444,1206,1569,0,0,0,0,0,0,0,0,0,0,0,0
SYN-SCREEN-05_GENE006_sg1,GENE006,0,0,0,0,0,0,0,0,0,0,0,0,0,0,0,0,531,544,161,174,0,0,0,0,0,0,0,0,0,0,0,0
SYN-SCREEN-05_GENE006_sg2,GENE006,0,0,0,0,0,0,0,0,0,0,0,0,0,0,0,0,984,849,270,274,0,0,0,0,0,0,0,0,0,0,0,0
SYN-SCREEN-05_GENE006_sg3,GENE006,0,0,0,0,0,0,0,0,0,0,0,0,0,0,0,0,1271,1348,365,469,0,0,0,0,0,0,0,0,0,0,0,0
SYN-SCREEN-05_GENE006_sg4,GENE006,0,0,0,0,0,0,0,0,0,0,0,0,0,0,0,0,1172,1117,461,310,0,0,0,0,0,0,0,0,0,0,0,0
SYN-SCREEN-05_GENE007_sg1,GENE007,0,0,0,0,0,0,0,0,0,0,0,0,0,0,0,0,970,874,262,271,0,0,0,0,0,0,0,0,0,0,0,0
SYN-SCREEN-05_GENE007_sg2,GENE007,0,0,0,0,0,0,0,0,0,0,0,0,0,0,0,0,1155,1057,327,377,0,0,0,0,0,0,0,0,0,0,0,0
SYN-SCREEN-05_GENE007_sg3,GENE007,0,0,0,0,0,0,0,0,0,0,0,0,0,0,0,0,1111,1137,410,443,0,0,0,0,0,0,0,0,0,0,0,0
SYN-SCREEN-05_GENE007_sg4,GENE007,0,0,0,0,0,0,0,0,0,0,0,0,0,0,0,0,1077,847,398,327,0,0,0,0,0,0,0,0,0,0,0,0
SYN-SCREEN-05_GENE008_sg1,GENE008,0,0,0,0,0,0,0,0,0,0,0,0,0,0,0,0,681,700,245,210,0,0,0,0,0,0,0,0,0,0,0,0
SYN-SCREEN-05_GENE008_sg2,GENE008,0,0,0,0,0,0,0,0,0,0,0,0,0,0,0,0,1121,1020,406,299,0,0,0,0,0,0,0,0,0,0,0,0
SYN-SCREEN-05_GENE008_sg3,GENE008,0,0,0,0,0,0,0,0,0,0,0,0,0,0,0,0,894,985,307,351,0,0,0,0,0,0,0,0,0,0,0,0
SYN-SCREEN-05_GENE008_sg4,GENE008,0,0,0,0,0,0,0,0,0,0,0,0,0,0,0,0,581,702,169,234,0,0,0,0,0,0,0,0,0,0,0,0
SYN-SCREEN-05_GENE009_sg1,GENE009,0,0,0,0,0,0,0,0,0,0,0,0,0,0,0,0,508,517,277,213,0,0,0,0,0,0,0,0,0,0,0,0
SYN-SCREEN-05_GENE009_sg2,GENE009,0,0,0,0,0,0,0,0,0,0,0,0,0,0,0,0,629,580,177,197,0,0,0,0,0,0,0,0,0,0,0,0
SYN-SCREEN-05_GENE009_sg3,GENE009,0,0,0,0,0,0,0,0,0,0,0,0,0,0,0,0,977,822,299,256,0,0,0,0,0,0,0,0,0,0,0,0
SYN-SCREEN-05_GENE009_sg4,GENE009,0,0,0,0,0,0,0,0,0,0,0,0,0,0,0,0,872,985,310,320,0,0,0,0,0,0,0,0,0,0,0,0
SYN-SCREEN-05_GENE010_sg1,GENE010,0,0,0,0,0,0,0,0,0,0,0,0,0,0,0,0,639,699,242,258,0,0,0,0,0,0,0,0,0,0,0,0
SYN-SCREEN-05_GENE010_sg2,GENE010,0,0,0,0,0,0,0,0,0,0,0,0,0,0,0,0,862,1225,296,313,0,0,0,0,0,0,0,0,0,0,0,0
SYN-SCREEN-05_GENE010_sg3,GENE010,0,0,0,0,0,0,0,0,0,0,0,0,0,0,0,0,1061,1151,284,405,0,0,0,0,0,0,0,0,0,0,0,0
SYN-SCREEN-05_GENE010_sg4,GENE010,0,0,0,0,0,0,0,0,0,0,0,0,0,0,0,0,943,917,287,345,0,0,0,0,0,0,0,0,0,0,0,0
SYN-SCREEN-05_GENE011_sg1,GENE011,0,0,0,0,0,0,0,0,0,0,0,0,0,0,0,0,768,760,254,321,0,0,0,0,0,0,0,0,0,0,0,0
SYN-SCREEN-05_GENE011_sg2,GENE011,0,0,0,0,0,0,0,0,0,0,0,0,0,0,0,0,872,712,228,227,0,0,0,0,0,0,0,0,0,0,0,0
SYN-SCREEN-05_GENE011_sg3,GENE011,0,0,0,0,0,0,0,0,0,0,0,0,0,0,0,0,1191,1247,327,368,0,0,0,0,0,0,0,0,0,0,0,0
SYN-SCREEN-05_GENE011_sg4,GENE011,0,0,0,0,0,0,0,0,0,0,0,0,0,0,0,0,1091,1223,383,343,0,0,0,0,0,0,0,0,0,0,0,0
SYN-SCREEN-05_GENE012_sg1,GENE012,0,0,0,0,0,0,0,0,0,0,0,0,0,0,0,0,877,781,1541,1380,0,0,0,0,0,0,0,0,0,0,0,0
SYN-SCREEN-05_GENE012_sg2,GENE012,0,0,0,0,0,0,0,0,0,0,0,0,0,0,0,0,786,993,1514,1898,0,0,0,0,0,0,0,0,0,0,0,0
SYN-SCREEN-05_GENE012_sg3,GENE012,0,0,0,0,0,0,0,0,0,0,0,0,0,0,0,0,492,609,1178,1356,0,0,0,0,0,0,0,0,0,0,0,0
SYN-SCREEN-05_GENE012_sg4,GENE012,0,0,0,0,0,0,0,0,0,0,0,0,0,0,0,0,602,503,1589,1210,0,0,0,0,0,0,0,0,0,0,0,0
SYN-SCREEN-05_GENE013_sg1,GENE013,0,0,0,0,0,0,0,0,0,0,0,0,0,0,0,0,1271,1229,566,611,0,0,0,0,0,0,0,0,0,0,0,0
SYN-SCREEN-05_GENE013_sg2,GENE013,0,0,0,0,0,0,0,0,0,0,0,0,0,0,0,0,605,845,349,334,0,0,0,0,0,0,0,0,0,0,0,0
SYN-SCREEN-05_GENE013_sg3,GENE013,0,0,0,0,0,0,0,0,0,0,0,0,0,0,0,0,791,1244,510,517,0,0,0,0,0,0,0,0,0,0,0,0
SYN-SCREEN-05_GENE013_sg4,GENE013,0,0,0,0,0,0,0,0,0,0,0,0,0,0,0,0,708,825,408,500,0,0,0,0,0,0,0,0,0,0,0,0
SYN-SCREEN-05_GENE014_sg1,GENE014,0,0,0,0,0,0,0,0,0,0,0,0,0,0,0,0,642,649,1080,1080,0,0,0,0,0,0,0,0,0,0,0,0
SYN-SCREEN-05_GENE014_sg2,GENE014,0,0,0,0,0,0,0,0,0,0,0,0,0,0,0,0,1130,1423,1988,1737,0,0,0,0,0,0,0,0,0,0,0,0
SYN-SCREEN-05_GENE014_sg3,GENE014,0,0,0,0,0,0,0,0,0,0,0,0,0,0,0,0,860,925,1318,1132,0,0,0,0,0,0,0,0,0,0,0,0
SYN-SCREEN-05_GENE014_sg4,GENE014,0,0,0,0,0,0,0,0,0,0,0,0,0,0,0,0,542,477,755,691,0,0,0,0,0,0,0,0,0,0,0,0
SYN-SCREEN-05_GENE015_sg1,GENE015,0,0,0,0,0,0,0,0,0,0,0,0,0,0,0,0,1061,1087,730,635,0,0,0,0,0,0,0,0,0,0,0,0
SYN-SCREEN-05_GENE015_sg2,GENE015,0,0,0,0,0,0,0,0,0,0,0,0,0,0,0,0,688,681,488,399,0,0,0,0,0,0,0,0,0,0,0,0
SYN-SCREEN-05_GENE015_sg3,GENE015,0,0,0,0,0,0,0,0,0,0,0,0,0,0,0,0,669,822,522,509,0,0,0,0,0,0,0,0,0,0,0,0
SYN-SCREEN-05_GENE015_sg4,GENE015,0,0,0,0,0,0,0,0,0,0,0,0,0,0,0,0,455,456,342,280,0,0,0,0,0,0,0,0,0,0,0,0
SYN-SCREEN-05_GENE016_sg1,GENE016,0,0,0,0,0,0,0,0,0,0,0,0,0,0,0,0,765,733,1091,1029,0,0,0,0,0,0,0,0,0,0,0,0
SYN-SCREEN-05_GENE016_sg2,GENE016,0,0,0,0,0,0,0,0,0,0,0,0,0,0,0,0,656,759,1188,1026,0,0,0,0,0,0,0,0,0,0,0,0
SYN-SCREEN-05_GENE016_sg3,GENE016,0,0,0,0,0,0,0,0,0,0,0,0,0,0,0,0,771,704,974,1014,0,0,0,0,0,0,0,0,0,0,0,0
SYN-SCREEN-05_GENE016_sg4,GENE016,0,0,0,0,0,0,0,0,0,0,0,0,0,0,0,0,913,1120,1673,2443,0,0,0,0,0,0,0,0,0,0,0,0
SYN-SCREEN-05_GENE017_sg1,GENE017,0,0,0,0,0,0,0,0,0,0,0,0,0,0,0,0,591,788,638,708,0,0,0,0,0,0,0,0,0,0,0,0
SYN-SCREEN-05_GENE017_sg2,GENE017,0,0,0,0,0,0,0,0,0,0,0,0,0,0,0,0,1042,935,896,909,0,0,0,0,0,0,0,0,0,0,0,0
SYN-SCREEN-05_GENE017_sg3,GENE017,0,0,0,0,0,0,0,0,0,0,0,0,0,0,0,0,610,385,424,565,0,0,0,0,0,0,0,0,0,0,0,0
SYN-SCREEN-05_GENE017_sg4,GENE017,0,0,0,0,0,0,0,0,0,0,0,0,0,0,0,0,515,560,528,465,0,0,0,0,0,0,0,0,0,0,0,0
SYN-SCREEN-05_GENE018_sg1,GENE018,0,0,0,0,0,0,0,0,0,0,0,0,0,0,0,0,671,592,500,552,0,0,0,0,0,0,0,0,0,0,0,0
SYN-SCREEN-05_GENE018_sg2,GENE018,0,0,0,0,0,0,0,0,0,0,0,0,0,0,0,0,634,609,474,436,0,0,0,0,0,0,0,0,0,0,0,0
SYN-SCREEN-05_GENE018_sg3,GENE018,0,0,0,0,0,0,0,0,0,0,0,0,0,0,0,0,1190,917,794,783,0,0,0,0,0,0,0,0,0,0,0,0
SYN-SCREEN-05_GENE018_sg4,GENE018,0,0,0,0,0,0,0,0,0,0,0,0,0,0,0,0,697,688,680,573,0,0,0,0,0,0,0,0,0,0,0,0
SYN-SCREEN-05_GENE019_sg1,GENE019,0,0,0,0,0,0,0,0,0,0,0,0,0,0,0,0,828,828,955,950,0,0,0,0,0,0,0,0,0,0,0,0
SYN-SCREEN-05_GENE019_sg2,GENE019,0,0,0,0,0,0,0,0,0,0,0,0,0,0,0,0,1320,1424,1032,1039,0,0,0,0,0,0,0,0,0,0,0,0
SYN-SCREEN-05_GENE019_sg3,GENE019,0,0,0,0,0,0,0,0,0,0,0,0,0,0,0,0,651,534,492,488,0,0,0,0,0,0,0,0,0,0,0,0
SYN-SCREEN-05_GENE019_sg4,GENE019,0,0,0,0,0,0,0,0,0,0,0,0,0,0,0,0,925,888,923,838,0,0,0,0,0,0,0,0,0,0,0,0
SYN-SCREEN-05_GENE020_sg1,GENE020,0,0,0,0,0,0,0,0,0,0,0,0,0,0,0,0,1154,1251,1256,1209,0,0,0,0,0,0,0,0,0,0,0,0
SYN-SCREEN-05_GENE020_sg2,GENE020,0,0,0,0,0,0,0,0,0,0,0,0,0,0,0,0,1279,914,1318,1137,0,0,0,0,0,0,0,0,0,0,0,0
SYN-SCREEN-05_GENE020_sg3,GENE020,0,0,0,0,0,0,0,0,0,0,0,0,0,0,0,0,749,762,890,862,0,0,0,0,0,0,0,0,0,0,0,0
SYN-SCREEN-05_GENE020_sg4,GENE020,0,0,0,0,0,0,0,0,0,0,0,0,0,0,0,0,536,502,469,587,0,0,0,0,0,0,0,0,0,0,0,0
SYN-SCREEN-05_GENE021_sg1,GENE021,0,0,0,0,0,0,0,0,0,0,0,0,0,0,0,0,933,897,743,867,0,0,0,0,0,0,0,0,0,0,0,0
SYN-SCREEN-05_GENE021_sg2,GENE021,0,0,0,0,0,0,0,0,0,0,0,0,0,0,0,0,655,724,578,479,0,0,0,0,0,0,0,0,0,0,0,0
SYN-SCREEN-05_GENE021_sg3,GENE021,0,0,0,0,0,0,0,0,0,0,0,0,0,0,0,0,1381,1357,1118,952,0,0,0,0,0,0,0,0,0,0,0,0
SYN-SCREEN-05_GENE021_sg4,GENE021,0,0,0,0,0,0,0,0,0,0,0,0,0,0,0,0,503,608,489,501,0,0,0,0,0,0,0,0,0,0,0,0
SYN-SCREEN-05_GENE022_sg1,GENE022,0,0,0,0,0,0,0,0,0,0,0,0,0,0,0,0,532,564,622,709,0,0,0,0,0,0,0,0,0,0,0,0
SYN-SCREEN-05_GENE022_sg2,GENE022,0,0,0,0,0,0,0,0,0,0,0,0,0,0,0,0,634,583,687,657,0,0,0,0,0,0,0,0,0,0,0,0
SYN-SCREEN-05_GENE022_sg3,GENE022,0,0,0,0,0,0,0,0,0,0,0,0,0,0,0,0,732,616,817,805,0,0,0,0,0,0,0,0,0,0,0,0
SYN-SCREEN-05_GENE022_sg4,GENE022,0,0,0,0,0,0,0,0,0,0,0,0,0,0,0,0,574,600,495,704,0,0,0,0,0,0,0,0,0,0,0,0
SYN-SCREEN-05_GENE023_sg1,GENE023,0,0,0,0,0,0,0,0,0,0,0,0,0,0,0,0,742,674,815,782,0,0,0,0,0,0,0,0,0,0,0,0
SYN-SCREEN-05_GENE023_sg2,GENE023,0,0,0,0,0,0,0,0,0,0,0,0,0,0,0,0,571,882,1030,660,0,0,0,0,0,0,0,0,0,0,0,0
SYN-SCREEN-05_GENE023_sg3,GENE023,0,0,0,0,0,0,0,0,0,0,0,0,0,0,0,0,1384,1008,919,1372,0,0,0,0,0,0,0,0,0,0,0,0
SYN-SCREEN-05_GENE023_sg4,GENE023,0,0,0,0,0,0,0,0,0,0,0,0,0,0,0,0,1117,944,1283,1156,0,0,0,0,0,0,0,0,0,0,0,0
SYN-SCREEN-05_GENE024_sg1,GENE024,0,0,0,0,0,0,0,0,0,0,0,0,0,0,0,0,892,916,845,959,0,0,0,0,0,0,0,0,0,0,0,0
SYN-SCREEN-05_GENE024_sg2,GENE024,0,0,0,0,0,0,0,0,0,0,0,0,0,0,0,0,628,681,655,606,0,0,0,0,0,0,0,0,0,0,0,0
SYN-SCREEN-05_GENE024_sg3,GENE024,0,0,0,0,0,0,0,0,0,0,0,0,0,0,0,0,682,661,681,803,0,0,0,0,0,0,0,0,0,0,0,0
SYN-SCREEN-05_GENE024_sg4,GENE024,0,0,0,0,0,0,0,0,0,0,0,0,0,0,0,0,929,1006,1211,1178,0,0,0,0,0,0,0,0,0,0,0,0
SYN-SCREEN-05_GENE025_sg1,GENE025,0,0,0,0,0,0,0,0,0,0,0,0,0,0,0,0,537,477,674,865,0,0,0,0,0,0,0,0,0,0,0,0
SYN-SCREEN-05_GENE025_sg2,GENE025,0,0,0,0,0,0,0,0,0,0,0,0,0,0,0,0,1007,1163,1061,1441,0,0,0,0,0,0,0,0,0,0,0,0
SYN-SCREEN-05_GENE025_sg3,GENE025,0,0,0,0,0,0,0,0,0,0,0,0,0,0,0,0,660,458,763,654,0,0,0,0,0,0,0,0,0,0,0,0
SYN-SCREEN-05_GENE025_sg4,GENE025,0,0,0,0,0,0,0,0,0,0,0,0,0,0,0,0,1033,775,1028,1148,0,0,0,0,0,0,0,0,0,0,0,0
SYN-SCREEN-05_GENE026_sg1,GENE026,0,0,0,0,0,0,0,0,0,0,0,0,0,0,0,0,895,845,824,993,0,0,0,0,0,0,0,0,0,0,0,0
SYN-SCREEN-05_GENE026_sg2,GENE026,0,0,0,0,0,0,0,0,0,0,0,0,0,0,0,0,951,1393,932,1161,0,0,0,0,0,0,0,0,0,0,0,0
SYN-SCREEN-05_GENE026_sg3,GENE026,0,0,0,0,0,0,0,0,0,0,0,0,0,0,0,0,975,991,867,889,0,0,0,0,0,0,0,0,0,0,0,0
SYN-SCREEN-05_GENE026_sg4,GENE026,0,0,0,0,0,0,0,0,0,0,0,0,0,0,0,0,618,459,607,367,0,0,0,0,0,0,0,0,0,0,0,0
SYN-SCREEN-05_GENE027_sg1,GENE027,0,0,0,0,0,0,0,0,0,0,0,0,0,0,0,0,554,615,710,763,0,0,0,0,0,0,0,0,0,0,0,0
SYN-SCREEN-05_GENE027_sg2,GENE027,0,0,0,0,0,0,0,0,0,0,0,0,0,0,0,0,748,771,751,766,0,0,0,0,0,0,0,0,0,0,0,0
SYN-SCREEN-05_GENE027_sg3,GENE027,0,0,0,0,0,0,0,0,0,0,0,0,0,0,0,0,1203,1025,1112,1278,0,0,0,0,0,0,0,0,0,0,0,0
SYN-SCREEN-05_GENE027_sg4,GENE027,0,0,0,0,0,0,0,0,0,0,0,0,0,0,0,0,779,771,941,994,0,0,0,0,0,0,0,0,0,0,0,0
SYN-SCREEN-05_GENE028_sg1,GENE028,0,0,0,0,0,0,0,0,0,0,0,0,0,0,0,0,1087,1020,1091,1217,0,0,0,0,0,0,0,0,0,0,0,0
SYN-SCREEN-05_GENE028_sg2,GENE028,0,0,0,0,0,0,0,0,0,0,0,0,0,0,0,0,890,643,768,664,0,0,0,0,0,0,0,0,0,0,0,0
SYN-SCREEN-05_GENE028_sg3,GENE028,0,0,0,0,0,0,0,0,0,0,0,0,0,0,0,0,859,954,1015,932,0,0,0,0,0,0,0,0,0,0,0,0
SYN-SCREEN-05_GENE028_sg4,GENE028,0,0,0,0,0,0,0,0,0,0,0,0,0,0,0,0,693,732,820,776,0,0,0,0,0,0,0,0,0,0,0,0
SYN-SCREEN-05_GENE029_sg1,GENE029,0,0,0,0,0,0,0,0,0,0,0,0,0,0,0,0,1051,944,1128,1041,0,0,0,0,0,0,0,0,0,0,0,0
SYN-SCREEN-05_GENE029_sg2,GENE029,0,0,0,0,0,0,0,0,0,0,0,0,0,0,0,0,1077,1327,980,856,0,0,0,0,0,0,0,0,0,0,0,0
SYN-SCREEN-05_GENE029_sg3,GENE029,0,0,0,0,0,0,0,0,0,0,0,0,0,0,0,0,1020,1204,1144,1241,0,0,0,0,0,0,0,0,0,0,0,0
SYN-SCREEN-05_GENE029_sg4,GENE029,0,0,0,0,0,0,0,0,0,0,0,0,0,0,0,0,937,690,819,544,0,0,0,0,0,0,0,0,0,0,0,0
SYN-SCREEN-05_GENE030_sg1,GENE030,0,0,0,0,0,0,0,0,0,0,0,0,0,0,0,0,921,912,1036,1074,0,0,0,0,0,0,0,0,0,0,0,0
SYN-SCREEN-05_GENE030_sg2,GENE030,0,0,0,0,0,0,0,0,0,0,0,0,0,0,0,0,837,844,885,895,0,0,0,0,0,0,0,0,0,0,0,0
SYN-SCREEN-05_GENE030_sg3,GENE030,0,0,0,0,0,0,0,0,0,0,0,0,0,0,0,0,1356,1368,1222,1204,0,0,0,0,0,0,0,0,0,0,0,0
SYN-SCREEN-05_GENE030_sg4,GENE030,0,0,0,0,0,0,0,0,0,0,0,0,0,0,0,0,707,695,844,828,0,0,0,0,0,0,0,0,0,0,0,0
SYN-SCREEN-05_GENE031_sg1,GENE031,0,0,0,0,0,0,0,0,0,0,0,0,0,0,0,0,878,953,716,723,0,0,0,0,0,0,0,0,0,0,0,0
SYN-SCREEN-05_GENE031_sg2,GENE031,0,0,0,0,0,0,0,0,0,0,0,0,0,0,0,0,1261,796,868,808,0,0,0,0,0,0,0,0,0,0,0,0
SYN-SCREEN-05_GENE031_sg3,GENE031,0,0,0,0,0,0,0,0,0,0,0,0,0,0,0,0,1002,1049,1002,983,0,0,0,0,0,0,0,0,0,0,0,0
SYN-SCREEN-05_GENE031_sg4,GENE031,0,0,0,0,0,0,0,0,0,0,0,0,0,0,0,0,404,434,404,352,0,0,0,0,0,0,0,0,0,0,0,0
SYN-SCREEN-05_GENE032_sg1,GENE032,0,0,0,0,0,0,0,0,0,0,0,0,0,0,0,0,687,644,877,912,0,0,0,0,0,0,0,0,0,0,0,0
SYN-SCREEN-05_GENE032_sg2,GENE032,0,0,0,0,0,0,0,0,0,0,0,0,0,0,0,0,909,1170,1098,1068,0,0,0,0,0,0,0,0,0,0,0,0
SYN-SCREEN-05_GENE032_sg3,GENE032,0,0,0,0,0,0,0,0,0,0,0,0,0,0,0,0,943,930,1184,1091,0,0,0,0,0,0,0,0,0,0,0,0
SYN-SCREEN-05_GENE032_sg4,GENE032,0,0,0,0,0,0,0,0,0,0,0,0,0,0,0,0,816,725,1030,826,0,0,0,0,0,0,0,0,0,0,0,0
SYN-SCREEN-05_GENE033_sg1,GENE033,0,0,0,0,0,0,0,0,0,0,0,0,0,0,0,0,596,510,465,684,0,0,0,0,0,0,0,0,0,0,0,0
SYN-SCREEN-05_GENE033_sg2,GENE033,0,0,0,0,0,0,0,0,0,0,0,0,0,0,0,0,882,777,797,663,0,0,0,0,0,0,0,0,0,0,0,0
SYN-SCREEN-05_GENE033_sg3,GENE033,0,0,0,0,0,0,0,0,0,0,0,0,0,0,0,0,846,855,585,727,0,0,0,0,0,0,0,0,0,0,0,0
SYN-SCREEN-05_GENE033_sg4,GENE033,0,0,0,0,0,0,0,0,0,0,0,0,0,0,0,0,482,489,432,432,0,0,0,0,0,0,0,0,0,0,0,0
SYN-SCREEN-05_GENE034_sg1,GENE034,0,0,0,0,0,0,0,0,0,0,0,0,0,0,0,0,487,494,565,461,0,0,0,0,0,0,0,0,0,0,0,0
SYN-SCREEN-05_GENE034_sg2,GENE034,0,0,0,0,0,0,0,0,0,0,0,0,0,0,0,0,720,702,765,994,0,0,0,0,0,0,0,0,0,0,0,0
SYN-SCREEN-05_GENE034_sg3,GENE034,0,0,0,0,0,0,0,0,0,0,0,0,0,0,0,0,616,710,554,907,0,0,0,0,0,0,0,0,0,0,0,0
SYN-SCREEN-05_GENE034_sg4,GENE034,0,0,0,0,0,0,0,0,0,0,0,0,0,0,0,0,761,807,1062,987,0,0,0,0,0,0,0,0,0,0,0,0
SYN-SCREEN-05_GENE035_sg1,GENE035,0,0,0,0,0,0,0,0,0,0,0,0,0,0,0,0,958,1266,1159,1039,0,0,0,0,0,0,0,0,0,0,0,0
SYN-SCREEN-05_GENE035_sg2,GENE035,0,0,0,0,0,0,0,0,0,0,0,0,0,0,0,0,1164,1127,909,892,0,0,0,0,0,0,0,0,0,0,0,0
SYN-SCREEN-05_GENE035_sg3,GENE035,0,0,0,0,0,0,0,0,0,0,0,0,0,0,0,0,1246,1225,1221,1468,0,0,0,0,0,0,0,0,0,0,0,0
SYN-SCREEN-05_GENE035_sg4,GENE035,0,0,0,0,0,0,0,0,0,0,0,0,0,0,0,0,690,1021,640,929,0,0,0,0,0,0,0,0,0,0,0,0
SYN-SCREEN-05_GENE036_sg1,GENE036,0,0,0,0,0,0,0,0,0,0,0,0,0,0,0,0,1406,1312,1116,1300,0,0,0,0,0,0,0,0,0,0,0,0
SYN-SCREEN-05_GENE036_sg2,GENE036,0,0,0,0,0,0,0,0,0,0,0,0,0,0,0,0,896,730,842,1019,0,0,0,0,0,0,0,0,0,0,0,0
SYN-SCREEN-05_GENE036_sg3,GENE036,0,0,0,0,0,0,0,0,0,0,0,0,0,0,0,0,840,888,1036,947,0,0,0,0,0,0,0,0,0,0,0,0
SYN-SCREEN-05_GENE036_sg4,GENE036,0,0,0,0,0,0,0,0,0,0,0,0,0,0,0,0,732,628,821,608,0,0,0,0,0,0,0,0,0,0,0,0
SYN-SCREEN-05_GENE037_sg1,GENE037,0,0,0,0,0,0,0,0,0,0,0,0,0,0,0,0,693,675,682,572,0,0,0,0,0,0,0,0,0,0,0,0
SYN-SCREEN-05_GENE037_sg2,GENE037,0,0,0,0,0,0,0,0,0,0,0,0,0,0,0,0,997,1349,726,1056,0,0,0,0,0,0,0,0,0,0,0,0
SYN-SCREEN-05_GENE037_sg3,GENE037,0,0,0,0,0,0,0,0,0,0,0,0,0,0,0,0,1157,1281,997,1094,0,0,0,0,0,0,0,0,0,0,0,0
SYN-SCREEN-05_GENE037_sg4,GENE037,0,0,0,0,0,0,0,0,0,0,0,0,0,0,0,0,766,950,1033,839,0,0,0,0,0,0,0,0,0,0,0,0
SYN-SCREEN-05_GENE038_sg1,GENE038,0,0,0,0,0,0,0,0,0,0,0,0,0,0,0,0,918,839,631,868,0,0,0,0,0,0,0,0,0,0,0,0
SYN-SCREEN-05_GENE038_sg2,GENE038,0,0,0,0,0,0,0,0,0,0,0,0,0,0,0,0,824,572,760,671,0,0,0,0,0,0,0,0,0,0,0,0
SYN-SCREEN-05_GENE038_sg3,GENE038,0,0,0,0,0,0,0,0,0,0,0,0,0,0,0,0,661,767,823,639,0,0,0,0,0,0,0,0,0,0,0,0
SYN-SCREEN-05_GENE038_sg4,GENE038,0,0,0,0,0,0,0,0,0,0,0,0,0,0,0,0,807,856,849,837,0,0,0,0,0,0,0,0,0,0,0,0
SYN-SCREEN-05_GENE039_sg1,GENE039,0,0,0,0,0,0,0,0,0,0,0,0,0,0,0,0,911,922,820,877,0,0,0,0,0,0,0,0,0,0,0,0
SYN-SCREEN-05_GENE039_sg2,GENE039,0,0,0,0,0,0,0,0,0,0,0,0,0,0,0,0,874,1126,936,850,0,0,0,0,0,0,0,0,0,0,0,0
SYN-SCREEN-05_GENE039_sg3,GENE039,0,0,0,0,0,0,0,0,0,0,0,0,0,0,0,0,899,967,926,1016,0,0,0,0,0,0,0,0,0,0,0,0
SYN-SCREEN-05_GENE039_sg4,GENE039,0,0,0,0,0,0,0,0,0,0,0,0,0,0,0,0,676,612,570,482,0,0,0,0,0,0,0,0,0,0,0,0
SYN-SCREEN-05_GENE040_sg1,GENE040,0,0,0,0,0,0,0,0,0,0,0,0,0,0,0,0,1360,1104,1119,1133,0,0,0,0,0,0,0,0,0,0,0,0
SYN-SCREEN-05_GENE040_sg2,GENE040,0,0,0,0,0,0,0,0,0,0,0,0,0,0,0,0,698,783,708,767,0,0,0,0,0,0,0,0,0,0,0,0
SYN-SCREEN-05_GENE040_sg3,GENE040,0,0,0,0,0,0,0,0,0,0,0,0,0,0,0,0,1080,921,1057,1060,0,0,0,0,0,0,0,0,0,0,0,0
SYN-SCREEN-05_GENE040_sg4,GENE040,0,0,0,0,0,0,0,0,0,0,0,0,0,0,0,0,1305,1017,1134,999,0,0,0,0,0,0,0,0,0,0,0,0
SYN-SCREEN-05_GENE041_sg1,GENE041,0,0,0,0,0,0,0,0,0,0,0,0,0,0,0,0,1060,1014,1141,1003,0,0,0,0,0,0,0,0,0,0,0,0
SYN-SCREEN-05_GENE041_sg2,GENE041,0,0,0,0,0,0,0,0,0,0,0,0,0,0,0,0,1003,1098,946,851,0,0,0,0,0,0,0,0,0,0,0,0
SYN-SCREEN-05_GENE041_sg3,GENE041,0,0,0,0,0,0,0,0,0,0,0,0,0,0,0,0,929,1288,1263,1186,0,0,0,0,0,0,0,0,0,0,0,0
SYN-SCREEN-05_GENE041_sg4,GENE041,0,0,0,0,0,0,0,0,0,0,0,0,0,0,0,0,1085,962,1041,1010,0,0,0,0,0,0,0,0,0,0,0,0
SYN-SCREEN-05_GENE042_sg1,GENE042,0,0,0,0,0,0,0,0,0,0,0,0,0,0,0,0,1020,868,1184,1008,0,0,0,0,0,0,0,0,0,0,0,0
SYN-SCREEN-05_GENE042_sg2,GENE042,0,0,0,0,0,0,0,0,0,0,0,0,0,0,0,0,932,1062,1122,917,0,0,0,0,0,0,0,0,0,0,0,0
SYN-SCREEN-05_GENE042_sg3,GENE042,0,0,0,0,0,0,0,0,0,0,0,0,0,0,0,0,664,640,714,854,0,0,0,0,0,0,0,0,0,0,0,0
SYN-SCREEN-05_GENE042_sg4,GENE042,0,0,0,0,0,0,0,0,0,0,0,0,0,0,0,0,658,515,609,624,0,0,0,0,0,0,0,0,0,0,0,0
SYN-SCREEN-05_GENE043_sg1,GENE043,0,0,0,0,0,0,0,0,0,0,0,0,0,0,0,0,801,878,668,783,0,0,0,0,0,0,0,0,0,0,0,0
SYN-SCREEN-05_GENE043_sg2,GENE043,0,0,0,0,0,0,0,0,0,0,0,0,0,0,0,0,668,751,651,571,0,0,0,0,0,0,0,0,0,0,0,0
SYN-SCREEN-05_GENE043_sg3,GENE043,0,0,0,0,0,0,0,0,0,0,0,0,0,0,0,0,1073,997,948,962,0,0,0,0,0,0,0,0,0,0,0,0
SYN-SCREEN-05_GENE043_sg4,GENE043,0,0,0,0,0,0,0,0,0,0,0,0,0,0,0,0,636,530,679,617,0,0,0,0,0,0,0,0,0,0,0,0
SYN-SCREEN-05_GENE044_sg1,GENE044,0,0,0,0,0,0,0,0,0,0,0,0,0,0,0,0,960,1049,979,785,0,0,0,0,0,0,0,0,0,0,0,0
SYN-SCREEN-05_GENE044_sg2,GENE044,0,0,0,0,0,0,0,0,0,0,0,0,0,0,0,0,835,991,909,810,0,0,0,0,0,0,0,0,0,0,0,0
SYN-SCREEN-05_GENE044_sg3,GENE044,0,0,0,0,0,0,0,0,0,0,0,0,0,0,0,0,590,597,577,568,0,0,0,0,0,0,0,0,0,0,0,0
SYN-SCREEN-05_GENE044_sg4,GENE044,0,0,0,0,0,0,0,0,0,0,0,0,0,0,0,0,1080,927,997,1046,0,0,0,0,0,0,0,0,0,0,0,0
SYN-SCREEN-05_GENE045_sg1,GENE045,0,0,0,0,0,0,0,0,0,0,0,0,0,0,0,0,567,518,575,562,0,0,0,0,0,0,0,0,0,0,0,0
SYN-SCREEN-05_GENE045_sg2,GENE045,0,0,0,0,0,0,0,0,0,0,0,0,0,0,0,0,801,800,767,953,0,0,0,0,0,0,0,0,0,0,0,0
SYN-SCREEN-05_GENE045_sg3,GENE045,0,0,0,0,0,0,0,0,0,0,0,0,0,0,0,0,1199,1050,1417,1398,0,0,0,0,0,0,0,0,0,0,0,0
SYN-SCREEN-05_GENE045_sg4,GENE045,0,0,0,0,0,0,0,0,0,0,0,0,0,0,0,0,573,473,720,636,0,0,0,0,0,0,0,0,0,0,0,0
SYN-SCREEN-05_GENE046_sg1,GENE046,0,0,0,0,0,0,0,0,0,0,0,0,0,0,0,0,1263,1376,984,1234,0,0,0,0,0,0,0,0,0,0,0,0
SYN-SCREEN-05_GENE046_sg2,GENE046,0,0,0,0,0,0,0,0,0,0,0,0,0,0,0,0,1092,806,825,706,0,0,0,0,0,0,0,0,0,0,0,0
SYN-SCREEN-05_GENE046_sg3,GENE046,0,0,0,0,0,0,0,0,0,0,0,0,0,0,0,0,973,720,866,678,0,0,0,0,0,0,0,0,0,0,0,0
SYN-SCREEN-05_GENE046_sg4,GENE046,0,0,0,0,0,0,0,0,0,0,0,0,0,0,0,0,734,757,657,790,0,0,0,0,0,0,0,0,0,0,0,0
SYN-SCREEN-05_GENE047_sg1,GENE047,0,0,0,0,0,0,0,0,0,0,0,0,0,0,0,0,953,828,1067,859,0,0,0,0,0,0,0,0,0,0,0,0
SYN-SCREEN-05_GENE047_sg2,GENE047,0,0,0,0,0,0,0,0,0,0,0,0,0,0,0,0,533,493,520,517,0,0,0,0,0,0,0,0,0,0,0,0
SYN-SCREEN-05_GENE047_sg3,GENE047,0,0,0,0,0,0,0,0,0,0,0,0,0,0,0,0,860,668,743,595,0,0,0,0,0,0,0,0,0,0,0,0
SYN-SCREEN-05_GENE047_sg4,GENE047,0,0,0,0,0,0,0,0,0,0,0,0,0,0,0,0,884,1094,816,1235,0,0,0,0,0,0,0,0,0,0,0,0
SYN-SCREEN-05_GENE048_sg1,GENE048,0,0,0,0,0,0,0,0,0,0,0,0,0,0,0,0,649,754,731,1022,0,0,0,0,0,0,0,0,0,0,0,0
SYN-SCREEN-05_GENE048_sg2,GENE048,0,0,0,0,0,0,0,0,0,0,0,0,0,0,0,0,768,856,835,948,0,0,0,0,0,0,0,0,0,0,0,0
SYN-SCREEN-05_GENE048_sg3,GENE048,0,0,0,0,0,0,0,0,0,0,0,0,0,0,0,0,955,716,729,733,0,0,0,0,0,0,0,0,0,0,0,0
SYN-SCREEN-05_GENE048_sg4,GENE048,0,0,0,0,0,0,0,0,0,0,0,0,0,0,0,0,711,717,701,670,0,0,0,0,0,0,0,0,0,0,0,0
SYN-SCREEN-05_GENE049_sg1,GENE049,0,0,0,0,0,0,0,0,0,0,0,0,0,0,0,0,937,974,870,873,0,0,0,0,0,0,0,0,0,0,0,0
SYN-SCREEN-05_GENE049_sg2,GENE049,0,0,0,0,0,0,0,0,0,0,0,0,0,0,0,0,571,526,547,590,0,0,0,0,0,0,0,0,0,0,0,0
SYN-SCREEN-05_GENE049_sg3,GENE049,0,0,0,0,0,0,0,0,0,0,0,0,0,0,0,0,850,781,766,918,0,0,0,0,0,0,0,0,0,0,0,0
SYN-SCREEN-05_GENE049_sg4,GENE049,0,0,0,0,0,0,0,0,0,0,0,0,0,0,0,0,900,909,780,895,0,0,0,0,0,0,0,0,0,0,0,0
SYN-SCREEN-05_GENE050_sg1,GENE050,0,0,0,0,0,0,0,0,0,0,0,0,0,0,0,0,654,692,721,711,0,0,0,0,0,0,0,0,0,0,0,0
SYN-SCREEN-05_GENE050_sg2,GENE050,0,0,0,0,0,0,0,0,0,0,0,0,0,0,0,0,1098,1135,1149,1034,0,0,0,0,0,0,0,0,0,0,0,0
SYN-SCREEN-05_GENE050_sg3,GENE050,0,0,0,0,0,0,0,0,0,0,0,0,0,0,0,0,1017,1011,744,867,0,0,0,0,0,0,0,0,0,0,0,0
SYN-SCREEN-05_GENE050_sg4,GENE050,0,0,0,0,0,0,0,0,0,0,0,0,0,0,0,0,1089,991,947,1204,0,0,0,0,0,0,0,0,0,0,0,0
SYN-SCREEN-05_GENE051_sg1,GENE051,0,0,0,0,0,0,0,0,0,0,0,0,0,0,0,0,892,847,952,1230,0,0,0,0,0,0,0,0,0,0,0,0
SYN-SCREEN-05_GENE051_sg2,GENE051,0,0,0,0,0,0,0,0,0,0,0,0,0,0,0,0,648,914,970,1005,0,0,0,0,0,0,0,0,0,0,0,0
SYN-SCREEN-05_GENE051_sg3,GENE051,0,0,0,0,0,0,0,0,0,0,0,0,0,0,0,0,682,778,1034,730,0,0,0,0,0,0,0,0,0,0,0,0
SYN-SCREEN-05_GENE051_sg4,GENE051,0,0,0,0,0,0,0,0,0,0,0,0,0,0,0,0,417,460,519,514,0,0,0,0,0,0,0,0,0,0,0,0
SYN-SCREEN-05_GENE052_sg1,GENE052,0,0,0,0,0,0,0,0,0,0,0,0,0,0,0,0,748,727,912,935,0,0,0,0,0,0,0,0,0,0,0,0
SYN-SCREEN-05_GENE052_sg2,GENE052,0,0,0,0,0,0,0,0,0,0,0,0,0,0,0,0,850,1006,1226,1101,0,0,0,0,0,0,0,0,0,0,0,0
SYN-SCREEN-05_GENE052_sg3,GENE052,0,0,0,0,0,0,0,0,0,0,0,0,0,0,0,0,613,589,511,630,0,0,0,0,0,0,0,0,0,0,0,0
SYN-SCREEN-05_GENE052_sg4,GENE052,0,0,0,0,0,0,0,0,0,0,0,0,0,0,0,0,639,745,754,701,0,0,0,0,0,0,0,0,0,0,0,0
SYN-SCREEN-05_GENE053_sg1,GENE053,0,0,0,0,0,0,0,0,0,0,0,0,0,0,0,0,1096,884,969,945,0,0,0,0,0,0,0,0,0,0,0,0
SYN-SCREEN-05_GENE053_sg2,GENE053,0,0,0,0,0,0,0,0,0,0,0,0,0,0,0,0,649,781,704,603,0,0,0,0,0,0,0,0,0,0,0,0
SYN-SCREEN-05_GENE053_sg3,GENE053,0,0,0,0,0,0,0,0,0,0,0,0,0,0,0,0,1025,957,1049,1112,0,0,0,0,0,0,0,0,0,0,0,0
SYN-SCREEN-05_GENE053_sg4,GENE053,0,0,0,0,0,0,0,0,0,0,0,0,0,0,0,0,968,906,1020,1073,0,0,0,0,0,0,0,0,0,0,0,0
SYN-SCREEN-05_GENE054_sg1,GENE054,0,0,0,0,0,0,0,0,0,0,0,0,0,0,0,0,595,546,570,626,0,0,0,0,0,0,0,0,0,0,0,0
SYN-SCREEN-05_GENE054_sg2,GENE054,0,0,0,0,0,0,0,0,0,0,0,0,0,0,0,0,1082,857,902,1006,0,0,0,0,0,0,0,0,0,0,0,0
SYN-SCREEN-05_GENE054_sg3,GENE054,0,0,0,0,0,0,0,0,0,0,0,0,0,0,0,0,951,828,891,855,0,0,0,0,0,0,0,0,0,0,0,0
SYN-SCREEN-05_GENE054_sg4,GENE054,0,0,0,0,0,0,0,0,0,0,0,0,0,0,0,0,851,1269,1204,1214,0,0,0,0,0,0,0,0,0,0,0,0
SYN-SCREEN-05_GENE055_sg1,GENE055,0,0,0,0,0,0,0,0,0,0,0,0,0,0,0,0,636,586,902,744,0,0,0,0,0,0,0,0,0,0,0,0
SYN-SCREEN-05_GENE055_sg2,GENE055,0,0,0,0,0,0,0,0,0,0,0,0,0,0,0,0,777,891,957,838,0,0,0,0,0,0,0,0,0,0,0,0
SYN-SCREEN-05_GENE055_sg3,GENE055,0,0,0,0,0,0,0,0,0,0,0,0,0,0,0,0,765,733,693,738,0,0,0,0,0,0,0,0,0,0,0,0
SYN-SCREEN-05_GENE055_sg4,GENE055,0,0,0,0,0,0,0,0,0,0,0,0,0,0,0,0,691,706,641,659,0,0,0,0,0,0,0,0,0,0,0,0
SYN-SCREEN-05_GENE056_sg1,GENE056,0,0,0,0,0,0,0,0,0,0,0,0,0,0,0,0,439,496,544,477,0,0,0,0,0,0,0,0,0,0,0,0
SYN-SCREEN-05_GENE056_sg2,GENE056,0,0,0,0,0,0,0,0,0,0,0,0,0,0,0,0,1018,976,970,920,0,0,0,0,0,0,0,0,0,0,0,0
SYN-SCREEN-05_GENE056_sg3,GENE056,0,0,0,0,0,0,0,0,0,0,0,0,0,0,0,0,485,513,530,487,0,0,0,0,0,0,0,0,0,0,0,0
SYN-SCREEN-05_GENE056_sg4,GENE056,0,0,0,0,0,0,0,0,0,0,0,0,0,0,0,0,539,580,648,478,0,0,0,0,0,0,0,0,0,0,0,0
SYN-SCREEN-05_GENE057_sg1,GENE057,0,0,0,0,0,0,0,0,0,0,0,0,0,0,0,0,850,715,1091,727,0,0,0,0,0,0,0,0,0,0,0,0
SYN-SCREEN-05_GENE057_sg2,GENE057,0,0,0,0,0,0,0,0,0,0,0,0,0,0,0,0,398,492,488,438,0,0,0,0,0,0,0,0,0,0,0,0
SYN-SCREEN-05_GENE057_sg3,GENE057,0,0,0,0,0,0,0,0,0,0,0,0,0,0,0,0,1184,1016,1103,1057,0,0,0,0,0,0,0,0,0,0,0,0
SYN-SCREEN-05_GENE057_sg4,GENE057,0,0,0,0,0,0,0,0,0,0,0,0,0,0,0,0,1025,1101,1156,1049,0,0,0,0,0,0,0,0,0,0,0,0
SYN-SCREEN-05_GENE058_sg1,GENE058,0,0,0,0,0,0,0,0,0,0,0,0,0,0,0,0,1153,1345,913,926,0,0,0,0,0,0,0,0,0,0,0,0
SYN-SCREEN-05_GENE058_sg2,GENE058,0,0,0,0,0,0,0,0,0,0,0,0,0,0,0,0,868,627,827,666,0,0,0,0,0,0,0,0,0,0,0,0
SYN-SCREEN-05_GENE058_sg3,GENE058,0,0,0,0,0,0,0,0,0,0,0,0,0,0,0,0,870,978,1049,941,0,0,0,0,0,0,0,0,0,0,0,0
SYN-SCREEN-05_GENE058_sg4,GENE058,0,0,0,0,0,0,0,0,0,0,0,0,0,0,0,0,1024,842,777,797,0,0,0,0,0,0,0,0,0,0,0,0
SYN-SCREEN-05_GENE059_sg1,GENE059,0,0,0,0,0,0,0,0,0,0,0,0,0,0,0,0,1303,1213,1124,1188,0,0,0,0,0,0,0,0,0,0,0,0
SYN-SCREEN-05_GENE059_sg2,GENE059,0,0,0,0,0,0,0,0,0,0,0,0,0,0,0,0,994,994,961,1121,0,0,0,0,0,0,0,0,0,0,0,0
SYN-SCREEN-05_GENE059_sg3,GENE059,0,0,0,0,0,0,0,0,0,0,0,0,0,0,0,0,1251,1013,999,1229,0,0,0,0,0,0,0,0,0,0,0,0
SYN-SCREEN-05_GENE059_sg4,GENE059,0,0,0,0,0,0,0,0,0,0,0,0,0,0,0,0,746,569,823,836,0,0,0,0,0,0,0,0,0,0,0,0
SYN-SCREEN-06_GENE000_sg1,GENE000,0,0,0,0,0,0,0,0,0,0,0,0,0,0,0,0,0,0,0,0,749,737,2119,2825,0,0,0,0,0,0,0,0
SYN-SCREEN-06_GENE000_sg2,GENE000,0,0,0,0,0,0,0,0,0,0,0,0,0,0,0,0,0,0,0,0,841,636,3004,2740,0,0,0,0,0,0,0,0
SYN-SCREEN-06_GENE000_sg3,GENE000,0,0,0,0,0,0,0,0,0,0,0,0,0,0,0,0,0,0,0,0,914,975,3315,2964,0,0,0,0,0,0,0,0
SYN-SCREEN-06_GENE000_sg4,GENE000,0,0,0,0,0,0,0,0,0,0,0,0,0,0,0,0,0,0,0,0,607,676,1824,2257,0,0,0,0,0,0,0,0
SYN-SCREEN-06_GENE001_sg1,GENE001,0,0,0,0,0,0,0,0,0,0,0,0,0,0,0,0,0,0,0,0,501,557,1711,2107,0,0,0,0,0,0,0,0
SYN-SCREEN-06_GENE001_sg2,GENE001,0,0,0,0,0,0,0,0,0,0,0,0,0,0,0,0,0,0,0,0,790,776,2180,2425,0,0,0,0,0,0,0,0
SYN-SCREEN-06_GENE001_sg3,GENE001,0,0,0,0,0,0,0,0,0,0,0,0,0,0,0,0,0,0,0,0,1105,915,3229,3546,0,0,0,0,0,0,0,0
SYN-SCREEN-06_GENE001_sg4,GENE001,0,0,0,0,0,0,0,0,0,0,0,0,0,0,0,0,0,0,0,0,545,602,1437,1496,0,0,0,0,0,0,0,0
SYN-SCREEN-06_GENE002_sg1,GENE002,0,0,0,0,0,0,0,0,0,0,0,0,0,0,0,0,0,0,0,0,670,625,1924,2043,0,0,0,0,0,0,0,0
SYN-SCREEN-06_GENE002_sg2,GENE002,0,0,0,0,0,0,0,0,0,0,0,0,0,0,0,0,0,0,0,0,799,1021,2510,2017,0,0,0,0,0,0,0,0
SYN-SCREEN-06_GENE002_sg3,GENE002,0,0,0,0,0,0,0,0,0,0,0,0,0,0,0,0,0,0,0,0,554,546,1574,1497,0,0,0,0,0,0,0,0
SYN-SCREEN-06_GENE002_sg4,GENE002,0,0,0,0,0,0,0,0,0,0,0,0,0,0,0,0,0,0,0,0,528,563,1839,1930,0,0,0,0,0,0,0,0
SYN-SCREEN-06_GENE003_sg1,GENE003,0,0,0,0,0,0,0,0,0,0,0,0,0,0,0,0,0,0,0,0,740,841,2207,2456,0,0,0,0,0,0,0,0
SYN-SCREEN-06_GENE003_sg2,GENE003,0,0,0,0,0,0,0,0,0,0,0,0,0,0,0,0,0,0,0,0,557,616,1999,2112,0,0,0,0,0,0,0,0
SYN-SCREEN-06_GENE003_sg3,GENE003,0,0,0,0,0,0,0,0,0,0,0,0,0,0,0,0,0,0,0,0,967,897,3133,2354,0,0,0,0,0,0,0,0
SYN-SCREEN-06_GENE003_sg4,GENE003,0,0,0,0,0,0,0,0,0,0,0,0,0,0,0,0,0,0,0,0,945,783,2532,2864,0,0,0,0,0,0,0,0
SYN-SCREEN-06_GENE004_sg1,GENE004,0,0,0,0,0,0,0,0,0,0,0,0,0,0,0,0,0,0,0,0,663,683,2090,2191,0,0,0,0,0,0,0,0
SYN-SCREEN-06_GENE004_sg2,GENE004,0,0,0,0,0,0,0,0,0,0,0,0,0,0,0,0,0,0,0,0,876,1059,2676,2814,0,0,0,0,0,0,0,0
SYN-SCREEN-06_GENE004_sg3,GENE004,0,0,0,0,0,0,0,0,0,0,0,0,0,0,0,0,0,0,0,0,637,541,2168,1899,0,0,0,0,0,0,0,0
SYN-SCREEN-06_GENE004_sg4,GENE004,0,0,0,0,0,0,0,0,0,0,0,0,0,0,0,0,0,0,0,0,557,526,1985,1502,0,0,0,0,0,0,0,0
SYN-SCREEN-06_GENE005_sg1,GENE005,0,0,0,0,0,0,0,0,0,0,0,0,0,0,0,0,0,0,0,0,1012,908,1869,2773,0,0,0,0,0,0,0,0
SYN-SCREEN-06_GENE005_sg2,GENE005,0,0,0,0,0,0,0,0,0,0,0,0,0,0,0,0,0,0,0,0,752,727,1819,2381,0,0,0,0,0,0,0,0
SYN-SCREEN-06_GENE005_sg3,GENE005,0,0,0,0,0,0,0,0,0,0,0,0,0,0,0,0,0,0,0,0,1039,1080,2998,3615,0,0,0,0,0,0,0,0
SYN-SCREEN-06_GENE005_sg4,GENE005,0,0,0,0,0,0,0,0,0,0,0,0,0,0,0,0,0,0,0,0,737,510,1601,1675,0,0,0,0,0,0,0,0
SYN-SCREEN-06_GENE006_sg1,GENE006,0,0,0,0,0,0,0,0,0,0,0,0,0,0,0,0,0,0,0,0,977,1200,366,360,0,0,0,0,0,0,0,0
SYN-SCREEN-06_GENE006_sg2,GENE006,0,0,0,0,0,0,0,0,0,0,0,0,0,0,0,0,0,0,0,0,615,617,226,216,0,0,0,0,0,0,0,0
SYN-SCREEN-06_GENE006_sg3,GENE006,0,0,0,0,0,0,0,0,0,0,0,0,0,0,0,0,0,0,0,0,546,489,187,205,0,0,0,0,0,0,0,0
SYN-SCREEN-06_GENE006_sg4,GENE006,0,0,0,0,0,0,0,0,0,0,0,0,0,0,0,0,0,0,0,0,571,614,204,236,0,0,0,0,0,0,0,0
SYN-SCREEN-06_GENE007_sg1,GENE007,0,0,0,0,0,0,0,0,0,0,0,0,0,0,0,0,0,0,0,0,541,433,160,152,0,0,0,0,0,0,0,0
SYN-SCREEN-06_GENE007_sg2,GENE007,0,0,0,0,0,0,0,0,0,0,0,0,0,0,0,0,0,0,0,0,573,544,142,205,0,0,0,0,0,0,0,0
SYN-SCREEN-06_GENE007_sg3,GENE007,0,0,0,0,0,0,0,0,0,0,0,0,0,0,0,0,0,0,0,0,927,760,258,239,0,0,0,0,0,0,0,0
SYN-SCREEN-06_GENE007_sg4,GENE007,0,0,0,0,0,0,0,0,0,0,0,0,0,0,0,0,0,0,0,0,1155,1183,327,370,0,0,0,0,0,0,0,0
SYN-SCREEN-06_GENE008_sg1,GENE008,0,0,0,0,0,0,0,0,0,0,0,0,0,0,0,0,0,0,0,0,742,867,308,252,0,0,0,0,0,0,0,0
SYN-SCREEN-06_GENE008_sg2,GENE008,0,0,0,0,0,0,0,0,0,0,0,0,0,0,0,0,0,0,0,0,785,729,259,294,0,0,0,0,0,0,0,0
SYN-SCREEN-06_GENE008_sg3,GENE008,0,0,0,0,0,0,0,0,0,0,0,0,0,0,0,0,0,0,0,0,518,496,183,172,0,0,0,0,0,0,0,0
SYN-SCREEN-06_GENE008_sg4,GENE008,0,0,0,0,0,0,0,0,0,0,0,0,0,0,0,0,0,0,0,0,890,901,308,306,0,0,0,0,0,0,0,0
SYN-SCREEN-06_GENE009_sg1,GENE009,0,0,0,0,0,0,0,0,0,0,0,0,0,0,0,0,0,0,0,0,924,862,295,360,0,0,0,0,0,0,0,0
SYN-SCREEN-06_GENE009_sg2,GENE009,0,0,0,0,0,0,0,0,0,0,0,0,0,0,0,0,0,0,0,0,635,581,198,210,0,0,0,0,0,0,0,0
SYN-SCREEN-06_GENE009_sg3,GENE009,0,0,0,0,0,0,0,0,0,0,0,0,0,0,0,0,0,0,0,0,490,652,180,235,0,0,0,0,0,0,0,0
SYN-SCREEN-06_GENE009_sg4,GENE009,0,0,0,0,0,0,0,0,0,0,0,0,0,0,0,0,0,0,0,0,1008,894,388,350,0,0,0,0,0,0,0,0
SYN-SCREEN-06_GENE010_sg1,GENE010,0,0,0,0,0,0,0,0,0,0,0,0,0,0,0,0,0,0,0,0,497,503,136,155,0,0,0,0,0,0,0,0
SYN-SCREEN-06_GENE010_sg2,GENE010,0,0,0,0,0,0,0,0,0,0,0,0,0,0,0,0,0,0,0,0,559,530,176,143,0,0,0,0,0,0,0,0
SYN-SCREEN-06_GENE010_sg3,GENE010,0,0,0,0,0,0,0,0,0,0,0,0,0,0,0,0,0,0,0,0,823,1222,270,370,0,0,0,0,0,0,0,0
SYN-SCREEN-06_GENE010_sg4,GENE010,0,0,0,0,0,0,0,0,0,0,0,0,0,0,0,0,0,0,0,0,729,852,284,290,0,0,0,0,0,0,0,0
SYN-SCREEN-06_GENE011_sg1,GENE011,0,0,0,0,0,0,0,0,0,0,0,0,0,0,0,0,0,0,0,0,686,764,314,239,0,0,0,0,0,0,0,0
SYN-SCREEN-06_GENE011_sg2,GENE011,0,0,0,0,0,0,0,0,0,0,0,0,0,0,0,0,0,0,0,0,1151,1013,354,431,0,0,0,0,0,0,0,0
SYN-SCREEN-06_GENE011_sg3,GENE011,0,0,0,0,0,0,0,0,0,0,0,0,0,0,0,0,0,0,0,0,1234,1000,384,395,0,0,0,0,0,0,0,0
SYN-SCREEN-06_GENE011_sg4,GENE011,0,0,0,0,0,0,0,0,0,0,0,0,0,0,0,0,0,0,0,0,877,965,280,327,0,0,0,0,0,0,0,0
SYN-SCREEN-06_GENE012_sg1,GENE012,0,0,0,0,0,0,0,0,0,0,0,0,0,0,0,0,0,0,0,0,582,709,1249,1310,0,0,0,0,0,0,0,0
SYN-SCREEN-06_GENE012_sg2,GENE012,0,0,0,0,0,0,0,0,0,0,0,0,0,0,0,0,0,0,0,0,576,556,715,985,0,0,0,0,0,0,0,0
SYN-SCREEN-06_GENE012_sg3,GENE012,0,0,0,0,0,0,0,0,0,0,0,0,0,0,0,0,0,0,0,0,789,744,1338,1411,0,0,0,0,0,0,0,0
SYN-SCREEN-06_GENE012_sg4,GENE012,0,0,0,0,0,0,0,0,0,0,0,0,0,0,0,0,0,0,0,0,432,697,1256,1073,0,0,0,0,0,0,0,0
SYN-SCREEN-06_GENE013_sg1,GENE013,0,0,0,0,0,0,0,0,0,0,0,0,0,0,0,0,0,0,0,0,1020,958,582,595,0,0,0,0,0,0,0,0
SYN-SCREEN-06_GENE013_sg2,GENE013,0,0,0,0,0,0,0,0,0,0,0,0,0,0,0,0,0,0,0,0,1127,1072,599,609,0,0,0,0,0,0,0,0
SYN-SCREEN-06_GENE013_sg3,GENE013,0,0,0,0,0,0,0,0,0,0,0,0,0,0,0,0,0,0,0,0,697,611,427,368,0,0,0,0,0,0,0,0
SYN-SCREEN-06_GENE013_sg4,GENE013,0,0,0,0,0,0,0,0,0,0,0,0,0,0,0,0,0,0,0,0,1017,902,523,501,0,0,0,0,0,0,0,0
SYN-SCREEN-06_GENE014_sg1,GENE014,0,0,0,0,0,0,0,0,0,0,0,0,0,0,0,0,0,0,0,0,664,780,1146,997,0,0,0,0,0,0,0,0
SYN-SCREEN-06_GENE014_sg2,GENE014,0,0,0,0,0,0,0,0,0,0,0,0,0,0,0,0,0,0,0,0,457,437,735,806,0,0,0,0,0,0,0,0
SYN-SCREEN-06_GENE014_sg3,GENE014,0,0,0,0,0,0,0,0,0,0,0,0,0,0,0,0,0,0,0,0,634,659,1170,947,0,0,0,0,0,0,0,0
SYN-SCREEN-06_GENE014_sg4,GENE014,0,0,0,0,0,0,0,0,0,0,0,0,0,0,0,0,0,0,0,0,737,831,1429,1438,0,0,0,0,0,0,0,0
SYN-SCREEN-06_GENE015_sg1,GENE015,0,0,0,0,0,0,0,0,0,0,0,0,0,0,0,0,0,0,0,0,663,744,400,430,0,0,0,0,0,0,0,0
SYN-SCREEN-06_GENE015_sg2,GENE015,0,0,0,0,0,0,0,0,0,0,0,0,0,0,0,0,0,0,0,0,936,1227,790,694,0,0,0,0,0,0,0,0
SYN-SCREEN-06_GENE015_sg3,GENE015,0,0,0,0,0,0,0,0,0,0,0,0,0,0,0,0,0,0,0,0,382,496,255,239,0,0,0,0,0,0,0,0
SYN-SCREEN-06_GENE015_sg4,GENE015,0,0,0,0,0,0,0,0,0,0,0,0,0,0,0,0,0,0,0,0,904,679,469,640,0,0,0,0,0,0,0,0
SYN-SCREEN-06_GENE016_sg1,GENE016,0,0,0,0,0,0,0,0,0,0,0,0,0,0,0,0,0,0,0,0,639,473,621,787,0,0,0,0,0,0,0,0
SYN-SCREEN-06_GENE016_sg2,GENE016,0,0,0,0,0,0,0,0,0,0,0,0,0,0,0,0,0,0,0,0,568,516,859,684,0,0,0,0,0,0,0,0
SYN-SCREEN-06_GENE016_sg3,GENE016,0,0,0,0,0,0,0,0,0,0,0,0,0,0,0,0,0,0,0,0,564,733,743,1000,0,0,0,0,0,0,0,0
SYN-SCREEN-06_GENE016_sg4,GENE016,0,0,0,0,0,0,0,0,0,0,0,0,0,0,0,0,0,0,0,0,520,510,858,914,0,0,0,0,0,0,0,0
SYN-SCREEN-06_GENE017_sg1,GENE017,0,0,0,0,0,0,0,0,0,0,0,0,0,0,0,0,0,0,0,0,915,958,1271,967,0,0,0,0,0,0,0,0
SYN-SCREEN-06_GENE017_sg2,GENE017,0,0,0,0,0,0,0,0,0,0,0,0,0,0,0,0,0,0,0,0,1000,949,921,1015,0,0,0,0,0,0,0,0
SYN-SCREEN-06_GENE017_sg3,GENE017,0,0,0,0,0,0,0,0,0,0,0,0,0,0,0,0,0,0,0,0,935,958,1003,1040,0,0,0,0,0,0,0,0
SYN-SCREEN-06_GENE017_sg4,GENE017,0,0,0,0,0,0,0,0,0,0,0,0,0,0,0,0,0,0,0,0,942,912,1004,963,0,0,0,0,0,0,0,0
SYN-SCREEN-06_GENE018_sg1,GENE018,0,0,0,0,0,0,0,0,0,0,0,0,0,0,0,0,0,0,0,0,1096,1338,1203,1397,0,0,0,0,0,0,0,0
SYN-SCREEN-06_GENE018_sg2,GENE018,0,0,0,0,0,0,0,0,0,0,0,0,0,0,0,0,0,0,0,0,668,669,693,668,0,0,0,0,0,0,0,0
SYN-SCREEN-06_GENE018_sg3,GENE018,0,0,0,0,0,0,0,0,0,0,0,0,0,0,0,0,0,0,0,0,641,682,750,905,0,0,0,0,0,0,0,0
SYN-SCREEN-06_GENE018_sg4,GENE018,0,0,0,0,0,0,0,0,0,0,0,0,0,0,0,0,0,0,0,0,1117,1069,968,854,0,0,0,0,0,0,0,0
SYN-SCREEN-06_GENE019_sg1,GENE019,0,0,0,0,0,0,0,0,0,0,0,0,0,0,0,0,0,0,0,0,1132,946,1102,971,0,0,0,0,0,0,0,0
SYN-SCREEN-06_GENE019_sg2,GENE019,0,0,0,0,0,0,0,0,0,0,0,0,0,0,0,0,0,0,0,0,1026,1049,1163,746,0,0,0,0,0,0,0,0
SYN-SCREEN-06_GENE019_sg3,GENE019,0,0,0,0,0,0,0,0,0,0,0,0,0,0,0,0,0,0,0,0,435,539,510,484,0,0,0,0,0,0,0,0
SYN-SCREEN-06_GENE019_sg4,GENE019,0,0,0,0,0,0,0,0,0,0,0,0,0,0,0,0,0,0,0,0,819,1042,1050,1173,0,0,0,0,0,0,0,0
SYN-SCREEN-06_GENE020_sg1,GENE020,0,0,0,0,0,0,0,0,0,0,0,0,0,0,0,0,0,0,0,0,765,703,773,778,0,0,0,0,0,0,0,0
SYN-SCREEN-06_GENE020_sg2,GENE020,0,0,0,0,0,0,0,0,0,0,0,0,0,0,0,0,0,0,0,0,561,574,779,462,0,0,0,0,0,0,0,0
SYN-SCREEN-06_GENE020_sg3,GENE020,0,0,0,0,0,0,0,0,0,0,0,0,0,0,0,0,0,0,0,0,677,625,623,767,0,0,0,0,0,0,0,0
SYN-SCREEN-06_GENE020_sg4,GENE020,0,0,0,0,0,0,0,0,0,0,0,0,0,0,0,0,0,0,0,0,1161,1095,1462,1278,0,0,0,0,0,0,0,0
SYN-SCREEN-06_GENE021_sg1,GENE021,0,0,0,0,0,0,0,0,0,0,0,0,0,0,0,0,0,0,0,0,755,649,691,707,0,0,0,0,0,0,0,0
SYN-SCREEN-06_GENE021_sg2,GENE021,0,0,0,0,0,0,0,0,0,0,0,0,0,0,0,0,0,0,0,0,1185,1117,1251,991,0,0,0,0,0,0,0,0
SYN-SCREEN-06_GENE021_sg3,GENE021,0,0,0,0,0,0,0,0,0,0,0,0,0,0,0,0,0,0,0,0,526,501,341,449,0,0,0,0,0,0,0,0
SYN-SCREEN-06_GENE021_sg4,GENE021,0,0,0,0,0,0,0,0,0,0,0,0,0,0,0,0,0,0,0,0,653,642,595,668,0,0,0,0,0,0,0,0
SYN-SCREEN-06_GENE022_sg1,GENE022,0,0,0,0,0,0,0,0,0,0,0,0,0,0,0,0,0,0,0,0,934,989,656,701,0,0,0,0,0,0,0,0
SYN-SCREEN-06_GENE022_sg2,GENE022,0,0,0,0,0,0,0,0,0,0,0,0,0,0,0,0,0,0,0,0,921,1145,1172,1161,0,0,0,0,0,0,0,0
SYN-SCREEN-06_GENE022_sg3,GENE022,0,0,0,0,0,0,0,0,0,0,0,0,0,0,0,0,0,0,0,0,1088,1274,901,1085,0,0,0,0,0,0,0,0
SYN-SCREEN-06_GENE022_sg4,GENE022,0,0,0,0,0,0,0,0,0,0,0,0,0,0,0,0,0,0,0,0,1109,1144,1105,1218,0,0,0,0,0,0,0,0
SYN-SCREEN-06_GENE023_sg1,GENE023,0,0,0,0,0,0,0,0,0,0,0,0,0,0,0,0,0,0,0,0,629,668,671,770,0,0,0,0,0,0,0,0
SYN-SCREEN-06_GENE023_sg2,GENE023,0,0,0,0,0,0,0,0,0,0,0,0,0,0,0,0,0,0,0,0,834,832,1156,928,0,0,0,0,0,0,0,0
SYN-SCREEN-06_GENE023_sg3,GENE023,0,0,0,0,0,0,0,0,0,0,0,0,0,0,0,0,0,0,0,0,900,889,966,859,0,0,0,0,0,0,0,0
SYN-SCREEN-06_GENE023_sg4,GENE023,0,0,0,0,0,0,0,0,0,0,0,0,0,0,0,0,0,0,0,0,564,541,541,452,0,0,0,0,0,0,0,0
SYN-SCREEN-06_GENE024_sg1,GENE024,0,0,0,0,0,0,0,0,0,0,0,0,0,0,0,0,0,0,0,0,1107,1188,996,938,0,0,0,0,0,0,0,0
SYN-SCREEN-06_GENE024_sg2,GENE024,0,0,0,0,0,0,0,0,0,0,0,0,0,0,0,0,0,0,0,0,644,611,550,707,0,0,0,0,0,0,0,0
SYN-SCREEN-06_GENE024_sg3,GENE024,0,0,0,0,0,0,0,0,0,0,0,0,0,0,0,0,0,0,0,0,970,1025,711,846,0,0,0,0,0,0,0,0
SYN-SCREEN-06_GENE024_sg4,GENE024,0,0,0,0,0,0,0,0,0,0,0,0,0,0,0,0,0,0,0,0,1224,1132,1046,966,0,0,0,0,0,0,0,0
SYN-SCREEN-06_GENE025_sg1,GENE025,0,0,0,0,0,0,0,0,0,0,0,0,0,0,0,0,0,0,0,0,599,718,550,572,0,0,0,0,0,0,0,0
SYN-SCREEN-06_GENE025_sg2,GENE025,0,0,0,0,0,0,0,0,0,0,0,0,0,0,0,0,0,0,0,0,851,832,763,610,0,0,0,0,0,0,0,0
SYN-SCREEN-06_GENE025_sg3,GENE025,0,0,0,0,0,0,0,0,0,0,0,0,0,0,0,0,0,0,0,0,525,637,556,524,0,0,0,0,0,0,0,0
SYN-SCREEN-06_GENE025_sg4,GENE025,0,0,0,0,0,0,0,0,0,0,0,0,0,0,0,0,0,0,0,0,490,402,310,359,0,0,0,0,0,0,0,0
SYN-SCREEN-06_GENE026_sg1,GENE026,0,0,0,0,0,0,0,0,0,0,0,0,0,0,0,0,0,0,0,0,707,610,726,609,0,0,0,0,0,0,0,0
SYN-SCREEN-06_GENE026_sg2,GENE026,0,0,0,0,0,0,0,0,0,0,0,0,0,0,0,0,0,0,0,0,792,860,1259,1135,0,0,0,0,0,0,0,0
SYN-SCREEN-06_GENE026_sg3,GENE026,0,0,0,0,0,0,0,0,0,0,0,0,0,0,0,0,0,0,0,0,1063,1103,1013,937,0,0,0,0,0,0,0,0
SYN-SCREEN-06_GENE026_sg4,GENE026,0,0,0,0,0,0,0,0,0,0,0,0,0,0,0,0,0,0,0,0,525,577,581,544,0,0,0,0,0,0,0,0
SYN-SCREEN-06_GENE027_sg1,GENE027,0,0,0,0,0,0,0,0,0,0,0,0,0,0,0,0,0,0,0,0,891,820,740,668,0,0,0,0,0,0,0,0
SYN-SCREEN-06_GENE027_sg2,GENE027,0,0,0,0,0,0,0,0,0,0,0,0,0,0,0,0,0,0,0,0,825,780,985,911,0,0,0,0,0,0,0,0
SYN-SCREEN-06_GENE027_sg3,GENE027,0,0,0,0,0,0,0,0,0,0,0,0,0,0,0,0,0,0,0,0,693,712,695,583,0,0,0,0,0,0,0,0
SYN-SCREEN-06_GENE027_sg4,GENE027,0,0,0,0,0,0,0,0,0,0,0,0,0,0,0,0,0,0,0,0,1114,973,1354,1073,0,0,0,0,0,0,0,0
SYN-SCREEN-06_GENE028_sg1,GENE028,0,0,0,0,0,0,0,0,0,0,0,0,0,0,0,0,0,0,0,0,747,810,679,720,0,0,0,0,0,0,0,0
SYN-SCREEN-06_GENE028_sg2,GENE028,0,0,0,0,0,0,0,0,0,0,0,0,0,0,0,0,0,0,0,0,771,786,646,670,0,0,0,0,0,0,0,0
SYN-SCREEN-06_GENE028_sg3,GENE028,0,0,0,0,0,0,0,0,0,0,0,0,0,0,0,0,0,0,0,0,786,886,873,863,0,0,0,0,0,0,0,0
SYN-SCREEN-06_GENE028_sg4,GENE028,0,0,0,0,0,0,0,0,0,0,0,0,0,0,0,0,0,0,0,0,1077,1023,939,1245,0,0,0,0,0,0,0,0
SYN-SCREEN-06_GENE029_sg1,GENE029,0,0,0,0,0,0,0,0,0,0,0,0,0,0,0,0,0,0,0,0,1100,1049,1099,1113,0,0,0,0,0,0,0,0
SYN-SCREEN-06_GENE029_sg2,GENE029,0,0,0,0,0,0,0,0,0,0,0,0,0,0,0,0,0,0,0,0,1001,1144,1231,1002,0,0,0,0,0,0,0,0
SYN-SCREEN-06_GENE029_sg3,GENE029,0,0,0,0,0,0,0,0,0,0,0,0,0,0,0,0,0,0,0,0,769,681,793,669,0,0,0,0,0,0,0,0
SYN-SCREEN-06_GENE029_sg4,GENE029,0,0,0,0,0,0,0,0,0,0,0,0,0,0,0,0,0,0,0,0,800,738,718,556,0,0,0,0,0,0,0,0
SYN-SCREEN-06_GENE030_sg1,GENE030,0,0,0,0,0,0,0,0,0,0,0,0,0,0,0,0,0,0,0,0,809,824,1225,1027,0,0,0,0,0,0,0,0
SYN-SCREEN-06_GENE030_sg2,GENE030,0,0,0,0,0,0,0,0,0,0,0,0,0,0,0,0,0,0,0,0,708,574,770,779,0,0,0,0,0,0,0,0
SYN-SCREEN-06_GENE030_sg3,GENE030,0,0,0,0,0,0,0,0,0,0,0,0,0,0,0,0,0,0,0,0,493,552,740,673,0,0,0,0,0,0,0,0
SYN-SCREEN-06_GENE030_sg4,GENE030,0,0,0,0,0,0,0,0,0,0,0,0,0,0,0,0,0,0,0,0,1157,1286,1116,1178,0,0,0,0,0,0,0,0
SYN-SCREEN-06_GENE031_sg1,GENE031,0,0,0,0,0,0,0,0,0,0,0,0,0,0,0,0,0,0,0,0,524,603,469,636,0,0,0,0,0,0,0,0
SYN-SCREEN-06_GENE031_sg2,GENE031,0,0,0,0,0,0,0,0,0,0,0,0,0,0,0,0,0,0,0,0,488,535,720,681,0,0,0,0,0,0,0,0
SYN-SCREEN-06_GENE031_sg3,GENE031,0,0,0,0,0,0,0,0,0,0,0,0,0,0,0,0,0,0,0,0,709,858,669,884,0,0,0,0,0,0,0,0
SYN-SCREEN-06_GENE031_sg4,GENE031,0,0,0,0,0,0,0,0,0,0,0,0,0,0,0,0,0,0,0,0,473,629,573,516,0,0,0,0,0,0,0,0
SYN-SCREEN-06_GENE032_sg1,GENE032,0,0,0,0,0,0,0,0,0,0,0,0,0,0,0,0,0,0,0,0,1089,888,1123,1164,0,0,0,0,0,0,0,0
SYN-SCREEN-06_GENE032_sg2,GENE032,0,0,0,0,0,0,0,0,0,0,0,0,0,0,0,0,0,0,0,0,984,1280,1259,1241,0,0,0,0,0,0,0,0
SYN-SCREEN-06_GENE032_sg3,GENE032,0,0,0,0,0,0,0,0,0,0,0,0,0,0,0,0,0,0,0,0,526,413,508,447,0,0,0,0,0,0,0,0
SYN-SCREEN-06_GENE032_sg4,GENE032,0,0,0,0,0,0,0,0,0,0,0,0,0,0,0,0,0,0,0,0,687,895,738,877,0,0,0,0,0,0,0,0
SYN-SCREEN-06_GENE033_sg1,GENE033,0,0,0,0,0,0,0,0,0,0,0,0,0,0,0,0,0,0,0,0,859,773,904,971,0,0,0,0,0,0,0,0
SYN-SCREEN-06_GENE033_sg2,GENE033,0,0,0,0,0,0,0,0,0,0,0,0,0,0,0,0,0,0,0,0,863,683,692,896,0,0,0,0,0,0,0,0
SYN-SCREEN-06_GENE033_sg3,GENE033,0,0,0,0,0,0,0,0,0,0,0,0,0,0,0,0,0,0,0,0,731,560,740,588,0,0,0,0,0,0,0,0
SYN-SCREEN-06_GENE033_sg4,GENE033,0,0,0,0,0,0,0,0,0,0,0,0,0,0,0,0,0,0,0,0,641,845,869,1075,0,0,0,0,0,0,0,0
SYN-SCREEN-06_GENE034_sg1,GENE034,0,0,0,0,0,0,0,0,0,0,0,0,0,0,0,0,0,0,0,0,1012,962,760,957,0,0,0,0,0,0,0,0
SYN-SCREEN-06_GENE034_sg2,GENE034,0,0,0,0,0,0,0,0,0,0,0,0,0,0,0,0,0,0,0,0,1024,1059,825,737,0,0,0,0,0,0,0,0
SYN-SCREEN-06_GENE034_sg3,GENE034,0,0,0,0,0,0,0,0,0,0,0,0,0,0,0,0,0,0,0,0,546,496,417,437,0,0,0,0,0,0,0,0
SYN-SCREEN-06_GENE034_sg4,GENE034,0,0,0,0,0,0,0,0,0,0,0,0,0,0,0,0,0,0,0,0,1073,1141,1614,1186,0,0,0,0,0,0,0,0
SYN-SCREEN-06_GENE035_sg1,GENE035,0,0,0,0,0,0,0,0,0,0,0,0,0,0,0,0,0,0,0,0,502,516,489,530,0,0,0,0,0,0,0,0
SYN-SCREEN-06_GENE035_sg2,GENE035,0,0,0,0,0,0,0,0,0,0,0,0,0,0,0,0,0,0,0,0,517,620,756,669,0,0,0,0,0,0,0,0
SYN-SCREEN-06_GENE035_sg3,GENE035,0,0,0,0,0,0,0,0,0,0,0,0,0,0,0,0,0,0,0,0,480,496,611,397,0,0,0,0,0,0,0,0
SYN-SCREEN-06_GENE035_sg4,GENE035,0,0,0,0,0,0,0,0,0,0,0,0,0,0,0,0,0,0,0,0,565,740,658,699,0,0,0,0,0,0,0,0
SYN-SCREEN-06_GENE036_sg1,GENE036,0,0,0,0,0,0,0,0,0,0,0,0,0,0,0,0,0,0,0,0,891,1069,1138,935,0,0,0,0,0,0,0,0
SYN-SCREEN-06_GENE036_sg2,GENE036,0,0,0,0,0,0,0,0,0,0,0,0,0,0,0,0,0,0,0,0,558,568,561,646,0,0,0,0,0,0,0,0
SYN-SCREEN-06_GENE036_sg3,GENE036,0,0,0,0,0,0,0,0,0,0,0,0,0,0,0,0,0,0,0,0,878,1008,1009,1013,0,0,0,0,0,0,0,0
SYN-SCREEN-06_GENE036_sg4,GENE036,0,0,0,0,0,0,0,0,0,0,0,0,0,0,0,0,0,0,0,0,1324,1190,1482,1477,0,0,0,0,0,0,0,0
SYN-SCREEN-06_GENE037_sg1,GENE037,0,0,0,0,0,0,0,0,0,0,0,0,0,0,0,0,0,0,0,0,1127,1198,941,900,0,0,0,0,0,0,0,0
SYN-SCREEN-06_GENE037_sg2,GENE037,0,0,0,0,0,0,0,0,0,0,0,0,0,0,0,0,0,0,0,0,411,448,562,598,0,0,0,0,0,0,0,0
SYN-SCREEN-06_GENE037_sg3,GENE037,0,0,0,0,0,0,0,0,0,0,0,0,0,0,0,0,0,0,0,0,809,911,879,830,0,0,0,0,0,0,0,0
SYN-SCREEN-06_GENE037_sg4,GENE037,0,0,0,0,0,0,0,0,0,0,0,0,0,0,0,0,0,0,0,0,539,479,412,415,0,0,0,0,0,0,0,0
SYN-SCREEN-06_GENE038_sg1,GENE038,0,0,0,0,0,0,0,0,0,0,0,0,0,0,0,0,0,0,0,0,579,499,388,445,0,0,0,0,0,0,0,0
SYN-SCREEN-06_GENE038_sg2,GENE038,0,0,0,0,0,0,0,0,0,0,0,0,0,0,0,0,0,0,0,0,989,950,1065,979,0,0,0,0,0,0,0,0
SYN-SCREEN-06_GENE038_sg3,GENE038,0,0,0,0,0,0,0,0,0,0,0,0,0,0,0,0,0,0,0,0,762,789,920,841,0,0,0,0,0,0,0,0
SYN-SCREEN-06_GENE038_sg4,GENE038,0,0,0,0,0,0,0,0,0,0,0,0,0,0,0,0,0,0,0,0,627,893,862,922,0,0,0,0,0,0,0,0
SYN-SCREEN-06_GENE039_sg1,GENE039,0,0,0,0,0,0,0,0,0,0,0,0,0,0,0,0,0,0,0,0,1253,1015,1077,1181,0,0,0,0,0,0,0,0
SYN-SCREEN-06_GENE039_sg2,GENE039,0,0,0,0,0,0,0,0,0,0,0,0,0,0,0,0,0,0,0,0,845,807,973,797,0,0,0,0,0,0,0,0
SYN-SCREEN-06_GENE039_sg3,GENE039,0,0,0,0,0,0,0,0,0,0,0,0,0,0,0,0,0,0,0,0,568,517,643,512,0,0,0,0,0,0,0,0
SYN-SCREEN-06_GENE039_sg4,GENE039,0,0,0,0,0,0,0,0,0,0,0,0,0,0,0,0,0,0,0,0,582,380,408,438,0,0,0,0,0,0,0,0
SYN-SCREEN-06_GENE040_sg1,GENE040,0,0,0,0,0,0,0,0,0,0,0,0,0,0,0,0,0,0,0,0,493,551,674,492,0,0,0,0,0,0,0,0
SYN-SCREEN-06_GENE040_sg2,GENE040,0,0,0,0,0,0,0,0,0,0,0,0,0,0,0,0,0,0,0,0,1004,792,907,910,0,0,0,0,0,0,0,0
SYN-SCREEN-06_GENE040_sg3,GENE040,0,0,0,0,0,0,0,0,0,0,0,0,0,0,0,0,0,0,0,0,847,968,934,1188,0,0,0,0,0,0,0,0
SYN-SCREEN-06_GENE040_sg4,GENE040,0,0,0,0,0,0,0,0,0,0,0,0,0,0,0,0,0,0,0,0,492,733,843,710,0,0,0,0,0,0,0,0
SYN-SCREEN-06_GENE041_sg1,GENE041,0,0,0,0,0,0,0,0,0,0,0,0,0,0,0,0,0,0,0,0,893,899,1027,1026,0,0,0,0,0,0,0,0
SYN-SCREEN-06_GENE041_sg2,GENE041,0,0,0,0,0,0,0,0,0,0,0,0,0,0,0,0,0,0,0,0,817,903,777,817,0,0,0,0,0,0,0,0
SYN-SCREEN-06_GENE041_sg3,GENE041,0,0,0,0,0,0,0,0,0,0,0,0,0,0,0,0,0,0,0,0,1115,1063,1129,1145,0,0,0,0,0,0,0,0
SYN-SCREEN-06_GENE041_sg4,GENE041,0,0,0,0,0,0,0,0,0,0,0,0,0,0,0,0,0,0,0,0,851,908,875,957,0,0,0,0,0,0,0,0
SYN-SCREEN-06_GENE042_sg1,GENE042,0,0,0,0,0,0,0,0,0,0,0,0,0,0,0,0,0,0,0,0,1173,1417,1090,1354,0,0,0,0,0,0,0,0
SYN-SCREEN-06_GENE042_sg2,GENE042,0,0,0,0,0,0,0,0,0,0,0,0,0,0,0,0,0,0,0,0,729,626,810,559,0,0,0,0,0,0,0,0
SYN-SCREEN-06_GENE042_sg3,GENE042,0,0,0,0,0,0,0,0,0,0,0,0,0,0,0,0,0,0,0,0,670,808,808,762,0,0,0,0,0,0,0,0
SYN-SCREEN-06_GENE042_sg4,GENE042,0,0,0,0,0,0,0,0,0,0,0,0,0,0,0,0,0,0,0,0,1142,1194,1056,1319,0,0,0,0,0,0,0,0
SYN-SCREEN-06_GENE043_sg1,GENE043,0,0,0,0,0,0,0,0,0,0,0,0,0,0,0,0,0,0,0,0,1097,1129,781,790,0,0,0,0,0,0,0,0
SYN-SCREEN-06_GENE043_sg2,GENE043,0,0,0,0,0,0,0,0,0,0,0,0,0,0,0,0,0,0,0,0,989,1098,955,830,0,0,0,0,0,0,0,0
SYN-SCREEN-06_GENE043_sg3,GENE043,0,0,0,0,0,0,0,0,0,0,0,0,0,0,0,0,0,0,0,0,1080,1179,850,963,0,0,0,0,0,0,0,0
SYN-SCREEN-06_GENE043_sg4,GENE043,0,0,0,0,0,0,0,0,0,0,0,0,0,0,0,0,0,0,0,0,1194,1194,1038,1032,0,0,0,0,0,0,0,0
SYN-SCREEN-06_GENE044_sg1,GENE044,0,0,0,0,0,0,0,0,0,0,0,0,0,0,0,0,0,0,0,0,669,906,776,963,0,0,0,0,0,0,0,0
SYN-SCREEN-06_GENE044_sg2,GENE044,0,0,0,0,0,0,0,0,0,0,0,0,0,0,0,0,0,0,0,0,765,721,720,712,0,0,0,0,0,0,0,0
SYN-SCREEN-06_GENE044_sg3,GENE044,0,0,0,0,0,0,0,0,0,0,0,0,0,0,0,0,0,0,0,0,432,476,502,475,0,0,0,0,0,0,0,0
SYN-SCREEN-06_GENE044_sg4,GENE044,0,0,0,0,0,0,0,0,0,0,0,0,0,0,0,0,0,0,0,0,1184,1026,1123,1032,0,0,0,0,0,0,0,0
SYN-SCREEN-06_GENE045_sg1,GENE045,0,0,0,0,0,0,0,0,0,0,0,0,0,0,0,0,0,0,0,0,421,493,360,363,0,0,0,0,0,0,0,0
SYN-SCREEN-06_GENE045_sg2,GENE045,0,0,0,0,0,0,0,0,0,0,0,0,0,0,0,0,0,0,0,0,990,940,832,931,0,0,0,0,0,0,0,0
SYN-SCREEN-06_GENE045_sg3,GENE045,0,0,0,0,0,0,0,0,0,0,0,0,0,0,0,0,0,0,0,0,888,965,912,765,0,0,0,0,0,0,0,0
SYN-SCREEN-06_GENE045_sg4,GENE045,0,0,0,0,0,0,0,0,0,0,0,0,0,0,0,0,0,0,0,0,689,621,605,577,0,0,0,0,0,0,0,0
SYN-SCREEN-06_GENE046_sg1,GENE046,0,0,0,0,0,0,0,0,0,0,0,0,0,0,0,0,0,0,0,0,1369,1083,1179,1382,0,0,0,0,0,0,0,0
SYN-SCREEN-06_GENE046_sg2,GENE046,0,0,0,0,0,0,0,0,0,0,0,0,0,0,0,0,0,0,0,0,1313,1179,1419,1401,0,0,0,0,0,0,0,0
SYN-SCREEN-06_GENE046_sg3,GENE046,0,0,0,0,0,0,0,0,0,0,0,0,0,0,0,0,0,0,0,0,802,811,976,907,0,0,0,0,0,0,0,0
SYN-SCREEN-06_GENE046_sg4,GENE046,0,0,0,0,0,0,0,0,0,0,0,0,0,0,0,0,0,0,0,0,617,559,673,694,0,0,0,0,0,0,0,0
SYN-SCREEN-06_GENE047_sg1,GENE047,0,0,0,0,0,0,0,0,0,0,0,0,0,0,0,0,0,0,0,0,760,649,792,878,0,0,0,0,0,0,0,0
SYN-SCREEN-06_GENE047_sg2,GENE047,0,0,0,0,0,0,0,0,0,0,0,0,0,0,0,0,0,0,0,0,515,497,517,531,0,0,0,0,0,0,0,0
SYN-SCREEN-06_GENE047_sg3,GENE047,0,0,0,0,0,0,0,0,0,0,0,0,0,0,0,0,0,0,0,0,820,1217,880,1146,0,0,0,0,0,0,0,0
SYN-SCREEN-06_GENE047_sg4,GENE047,0,0,0,0,0,0,0,0,0,0,0,0,0,0,0,0,0,0,0,0,1038,994,1068,1369,0,0,0,0,0,0,0,0
SYN-SCREEN-06_GENE048_sg1,GENE048,0,0,0,0,0,0,0,0,0,0,0,0,0,0,0,0,0,0,0,0,952,1023,1064,869,0,0,0,0,0,0,0,0
SYN-SCREEN-06_GENE048_sg2,GENE048,0,0,0,0,0,0,0,0,0,0,0,0,0,0,0,0,0,0,0,0,1239,1202,1203,958,0,0,0,0,0,0,0,0
SYN-SCREEN-06_GENE048_sg3,GENE048,0,0,0,0,0,0,0,0,0,0,0,0,0,0,0,0,0,0,0,0,1199,1311,992,1333,0,0,0,0,0,0,0,0
SYN-SCREEN-06_GENE048_sg4,GENE048,0,0,0,0,0,0,0,0,0,0,0,0,0,0,0,0,0,0,0,0,1007,1031,853,1115,0,0,0,0,0,0,0,0
SYN-SCREEN-06_GENE049_sg1,GENE049,0,0,0,0,0,0,0,0,0,0,0,0,0,0,0,0,0,0,0,0,439,292,527,440,0,0,0,0,0,0,0,0
SYN-SCREEN-06_GENE049_sg2,GENE049,0,0,0,0,0,0,0,0,0,0,0,0,0,0,0,0,0,0,0,0,851,733,779,717,0,0,0,0,0,0,0,0
SYN-SCREEN-06_GENE049_sg3,GENE049,0,0,0,0,0,0,0,0,0,0,0,0,0,0,0,0,0,0,0,0,678,567,669,686,0,0,0,0,0,0,0,0
SYN-SCREEN-06_GENE049_sg4,GENE049,0,0,0,0,0,0,0,0,0,0,0,0,0,0,0,0,0,0,0,0,1222,1034,1055,1216,0,0,0,0,0,0,0,0
SYN-SCREEN-06_GENE050_sg1,GENE050,0,0,0,0,0,0,0,0,0,0,0,0,0,0,0,0,0,0,0,0,720,827,722,623,0,0,0,0,0,0,0,0
SYN-SCREEN-06_GENE050_sg2,GENE050,0,0,0,0,0,0,0,0,0,0,0,0,0,0,0,0,0,0,0,0,1291,1217,1096,1085,0,0,0,0,0,0,0,0
SYN-SCREEN-06_GENE050_sg3,GENE050,0,0,0,0,0,0,0,0,0,0,0,0,0,0,0,0,0,0,0,0,799,848,906,635,0,0,0,0,0,0,0,0
SYN-SCREEN-06_GENE050_sg4,GENE050,0,0,0,0,0,0,0,0,0,0,0,0,0,0,0,0,0,0,0,0,996,1021,1093,875,0,0,0,0,0,0,0,0
SYN-SCREEN-06_GENE051_sg1,GENE051,0,0,0,0,0,0,0,0,0,0,0,0,0,0,0,0,0,0,0,0,754,639,723,605,0,0,0,0,0,0,0,0
SYN-SCREEN-06_GENE051_sg2,GENE051,0,0,0,0,0,0,0,0,0,0,0,0,0,0,0,0,0,0,0,0,1185,1156,1199,1124,0,0,0,0,0,0,0,0
SYN-SCREEN-06_GENE051_sg3,GENE051,0,0,0,0,0,0,0,0,0,0,0,0,0,0,0,0,0,0,0,0,881,897,942,1070,0,0,0,0,0,0,0,0
SYN-SCREEN-06_GENE051_sg4,GENE051,0,0,0,0,0,0,0,0,0,0,0,0,0,0,0,0,0,0,0,0,623,616,518,647,0,0,0,0,0,0,0,0
SYN-SCREEN-06_GENE052_sg1,GENE052,0,0,0,0,0,0,0,0,0,0,0,0,0,0,0,0,0,0,0,0,898,778,862,1120,0,0,0,0,0,0,0,0
SYN-SCREEN-06_GENE052_sg2,GENE052,0,0,0,0,0,0,0,0,0,0,0,0,0,0,0,0,0,0,0,0,879,999,998,1245,0,0,0,0,0,0,0,0
SYN-SCREEN-06_GENE052_sg3,GENE052,0,0,0,0,0,0,0,0,0,0,0,0,0,0,0,0,0,0,0,0,900,1047,1222,1205,0,0,0,0,0,0,0,0
SYN-SCREEN-06_GENE052_sg4,GENE052,0,0,0,0,0,0,0,0,0,0,0,0,0,0,0,0,0,0,0,0,698,599,698,817,0,0,0,0,0,0,0,0
SYN-SCREEN-06_GENE053_sg1,GENE053,0,0,0,0,0,0,0,0,0,0,0,0,0,0,0,0,0,0,0,0,1458,1215,965,1059,0,0,0,0,0,0,0,0
SYN-SCREEN-06_GENE053_sg2,GENE053,0,0,0,0,0,0,0,0,0,0,0,0,0,0,0,0,0,0,0,0,813,943,731,844,0,0,0,0,0,0,0,0
SYN-SCREEN-06_GENE053_sg3,GENE053,0,0,0,0,0,0,0,0,0,0,0,0,0,0,0,0,0,0,0,0,491,566,479,583,0,0,0,0,0,0,0,0
SYN-SCREEN-06_GENE053_sg4,GENE053,0,0,0,0,0,0,0,0,0,0,0,0,0,0,0,0,0,0,0,0,740,958,820,944,0,0,0,0,0,0,0,0
SYN-SCREEN-06_GENE054_sg1,GENE054,0,0,0,0,0,0,0,0,0,0,0,0,0,0,0,0,0,0,0,0,442,418,632,477,0,0,0,0,0,0,0,0
SYN-SCREEN-06_GENE054_sg2,GENE054,0,0,0,0,0,0,0,0,0,0,0,0,0,0,0,0,0,0,0,0,527,545,527,476,0,0,0,0,0,0,0,0
SYN-SCREEN-06_GENE054_sg3,GENE054,0,0,0,0,0,0,0,0,0,0,0,0,0,0,0,0,0,0,0,0,1114,1212,1049,1030,0,0,0,0,0,0,0,0
SYN-SCREEN-06_GENE054_sg4,GENE054,0,0,0,0,0,0,0,0,0,0,0,0,0,0,0,0,0,0,0,0,1038,1098,1020,1031,0,0,0,0,0,0,0,0
SYN-SCREEN-06_GENE055_sg1,GENE055,0,0,0,0,0,0,0,0,0,0,0,0,0,0,0,0,0,0,0,0,632,645,602,670,0,0,0,0,0,0,0,0
SYN-SCREEN-06_GENE055_sg2,GENE055,0,0,0,0,0,0,0,0,0,0,0,0,0,0,0,0,0,0,0,0,543,589,376,456,0,0,0,0,0,0,0,0
SYN-SCREEN-06_GENE055_sg3,GENE055,0,0,0,0,0,0,0,0,0,0,0,0,0,0,0,0,0,0,0,0,729,673,669,700,0,0,0,0,0,0,0,0
SYN-SCREEN-06_GENE055_sg4,GENE055,0,0,0,0,0,0,0,0,0,0,0,0,0,0,0,0,0,0,0,0,1024,1183,1000,1226,0,0,0,0,0,0,0,0
SYN-SCREEN-06_GENE056_sg1,GENE056,0,0,0,0,0,0,0,0,0,0,0,0,0,0,0,0,0,0,0,0,759,1063,1240,1349,0,0,0,0,0,0,0,0
SYN-SCREEN-06_GENE056_sg2,GENE056,0,0,0,0,0,0,0,0,0,0,0,0,0,0,0,0,0,0,0,0,1268,1191,1063,1250,0,0,0,0,0,0,0,0
SYN-SCREEN-06_GENE056_sg3,GENE056,0,0,0,0,0,0,0,0,0,0,0,0,0,0,0,0,0,0,0,0,507,512,709,575,0,0,0,0,0,0,0,0
SYN-SCREEN-06_GENE056_sg4,GENE056,0,0,0,0,0,0,0,0,0,0,0,0,0,0,0,0,0,0,0,0,853,982,1174,1247,0,0,0,0,0,0,0,0
SYN-SCREEN-06_GENE057_sg1,GENE057,0,0,0,0,0,0,0,0,0,0,0,0,0,0,0,0,0,0,0,0,1059,1287,1065,1098,0,0,0,0,0,0,0,0
SYN-SCREEN-06_GENE057_sg2,GENE057,0,0,0,0,0,0,0,0,0,0,0,0,0,0,0,0,0,0,0,0,768,680,552,684,0,0,0,0,0,0,0,0
SYN-SCREEN-06_GENE057_sg3,GENE057,0,0,0,0,0,0,0,0,0,0,0,0,0,0,0,0,0,0,0,0,526,568,575,674,0,0,0,0,0,0,0,0
SYN-SCREEN-06_GENE057_sg4,GENE057,0,0,0,0,0,0,0,0,0,0,0,0,0,0,0,0,0,0,0,0,990,1124,909,1008,0,0,0,0,0,0,0,0
SYN-SCREEN-06_GENE058_sg1,GENE058,0,0,0,0,0,0,0,0,0,0,0,0,0,0,0,0,0,0,0,0,1037,1054,1102,958,0,0,0,0,0,0,0,0
SYN-SCREEN-06_GENE058_sg2,GENE058,0,0,0,0,0,0,0,0,0,0,0,0,0,0,0,0,0,0,0,0,858,759,765,615,0,0,0,0,0,0,0,0
SYN-SCREEN-06_GENE058_sg3,GENE058,0,0,0,0,0,0,0,0,0,0,0,0,0,0,0,0,0,0,0,0,789,810,938,943,0,0,0,0,0,0,0,0
SYN-SCREEN-06_GENE058_sg4,GENE058,0,0,0,0,0,0,0,0,0,0,0,0,0,0,0,0,0,0,0,0,1032,973,1239,1220,0,0,0,0,0,0,0,0
SYN-SCREEN-06_GENE059_sg1,GENE059,0,0,0,0,0,0,0,0,0,0,0,0,0,0,0,0,0,0,0,0,1085,1117,1155,992,0,0,0,0,0,0,0,0
SYN-SCREEN-06_GENE059_sg2,GENE059,0,0,0,0,0,0,0,0,0,0,0,0,0,0,0,0,0,0,0,0,878,1013,865,874,0,0,0,0,0,0,0,0
SYN-SCREEN-06_GENE059_sg3,GENE059,0,0,0,0,0,0,0,0,0,0,0,0,0,0,0,0,0,0,0,0,387,460,424,440,0,0,0,0,0,0,0,0
SYN-SCREEN-06_GENE059_sg4,GENE059,0,0,0,0,0,0,0,0,0,0,0,0,0,0,0,0,0,0,0,0,510,597,619,568,0,0,0,0,0,0,0,0
SYN-SCREEN-07_GENE000_sg1,GENE000,0,0,0,0,0,0,0,0,0,0,0,0,0,0,0,0,0,0,0,0,0,0,0,0,582,553,1836,1967,0,0,0,0
SYN-SCREEN-07_GENE000_sg2,GENE000,0,0,0,0,0,0,0,0,0,0,0,0,0,0,0,0,0,0,0,0,0,0,0,0,1073,1320,3397,4264,0,0,0,0
SYN-SCREEN-07_GENE000_sg3,GENE000,0,0,0,0,0,0,0,0,0,0,0,0,0,0,0,0,0,0,0,0,0,0,0,0,1141,1181,3973,3793,0,0,0,0
SYN-SCREEN-07_GENE000_sg4,GENE000,0,0,0,0,0,0,0,0,0,0,0,0,0,0,0,0,0,0,0,0,0,0,0,0,1128,1137,3463,3807,0,0,0,0
SYN-SCREEN-07_GENE001_sg1,GENE001,0,0,0,0,0,0,0,0,0,0,0,0,0,0,0,0,0,0,0,0,0,0,0,0,551,675,1664,1902,0,0,0,0
SYN-SCREEN-07_GENE001_sg2,GENE001,0,0,0,0,0,0,0,0,0,0,0,0,0,0,0,0,0,0,0,0,0,0,0,0,761,994,2614,2316,0,0,0,0
SYN-SCREEN-07_GENE001_sg3,GENE001,0,0,0,0,0,0,0,0,0,0,0,0,0,0,0,0,0,0,0,0,0,0,0,0,419,448,1496,1523,0,0,0,0
SYN-SCREEN-07_GENE001_sg4,GENE001,0,0,0,0,0,0,0,0,0,0,0,0,0,0,0,0,0,0,0,0,0,0,0,0,507,531,1311,1445,0,0,0,0
SYN-SCREEN-07_GENE002_sg1,GENE002,0,0,0,0,0,0,0,0,0,0,0,0,0,0,0,0,0,0,0,0,0,0,0,0,1176,1019,2877,2983,0,0,0,0
SYN-SCREEN-07_GENE002_sg2,GENE002,0,0,0,0,0,0,0,0,0,0,0,0,0,0,0,0,0,0,0,0,0,0,0,0,1264,1135,3807,3620,0,0,0,0
SYN-SCREEN-07_GENE002_sg3,GENE002,0,0,0,0,0,0,0,0,0,0,0,0,0,0,0,0,0,0,0,0,0,0,0,0,844,910,2859,2745,0,0,0,0
SYN-SCREEN-07_GENE002_sg4,GENE002,0,0,0,0,0,0,0,0,0,0,0,0,0,0,0,0,0,0,0,0,0,0,0,0,1347,1282,2618,4319,0,0,0,0
SYN-SCREEN-07_GENE003_sg1,GENE003,0,0,0,0,0,0,0,0,0,0,0,0,0,0,0,0,0,0,0,0,0,0,0,0,858,623,2002,2229,0,0,0,0
SYN-SCREEN-07_GENE003_sg2,GENE003,0,0,0,0,0,0,0,0,0,0,0,0,0,0,0,0,0,0,0,0,0,0,0,0,871,841,2669,2666,0,0,0,0
SYN-SCREEN-07_GENE003_sg3,GENE003,0,0,0,0,0,0,0,0,0,0,0,0,0,0,0,0,0,0,0,0,0,0,0,0,720,841,2301,2886,0,0,0,0
SYN-SCREEN-07_GENE003_sg4,GENE003,0,0,0,0,0,0,0,0,0,0,0,0,0,0,0,0,0,0,0,0,0,0,0,0,495,531,1716,1731,0,0,0,0
SYN-SCREEN-07_GENE004_sg1,GENE004,0,0,0,0,0,0,0,0,0,0,0,0,0,0,0,0,0,0,0,0,0,0,0,0,675,621,2041,2205,0,0,0,0
SYN-SCREEN-07_GENE004_sg2,GENE004,0,0,0,0,0,0,0,0,0,0,0,0,0,0,0,0,0,0,0,0,0,0,0,0,613,777,2058,1993,0,0,0,0
SYN-SCREEN-07_GENE004_sg3,GENE004,0,0,0,0,0,0,0,0,0,0,0,0,0,0,0,0,0,0,0,0,0,0,0,0,1175,1089,3218,3996,0,0,0,0
SYN-SCREEN-07_GENE004_sg4,GENE004,0,0,0,0,0,0,0,0,0,0,0,0,0,0,0,0,0,0,0,0,0,0,0,0,1001,775,2937,3556,0,0,0,0
SYN-SCREEN-07_GENE005_sg1,GENE005,0,0,0,0,0,0,0,0,0,0,0,0,0,0,0,0,0,0,0,0,0,0,0,0,496,613,1582,2305,0,0,0,0
SYN-SCREEN-07_GENE005_sg2,GENE005,0,0,0,0,0,0,0,0,0,0,0,0,0,0,0,0,0,0,0,0,0,0,0,0,626,582,1627,1576,0,0,0,0
SYN-SCREEN-07_GENE005_sg3,GENE005,0,0,0,0,0,0,0,0,0,0,0,0,0,0,0,0,0,0,0,0,0,0,0,0,711,907,1827,2098,0,0,0,0
SYN-SCREEN-07_GENE005_sg4,GENE005,0,0,0,0,0,0,0,0,0,0,0,0,0,0,0,0,0,0,0,0,0,0,0,0,642,557,1906,1854,0,0,0,0
SYN-SCREEN-07_GENE006_sg1,GENE006,0,0,0,0,0,0,0,0,0,0,0,0,0,0,0,0,0,0,0,0,0,0,0,0,849,815,339,243,0,0,0,0
SYN-SCREEN-07_GENE006_sg2,GENE006,0,0,0,0,0,0,0,0,0,0,0,0,0,0,0,0,0,0,0,0,0,0,0,0,832,648,321,234,0,0,0,0
SYN-SCREEN-07_GENE006_sg3,GENE006,0,0,0,0,0,0,0,0,0,0,0,0,0,0,0,0,0,0,0,0,0,0,0,0,599,474,139,160,0,0,0,0
SYN-SCREEN-07_GENE006_sg4,GENE006,0,0,0,0,0,0,0,0,0,0,0,0,0,0,0,0,0,0,0,0,0,0,0,0,1161,1151,369,415,0,0,0,0
SYN-SCREEN-07_GENE007_sg1,GENE007,0,0,0,0,0,0,0,0,0,0,0,0,0,0,0,0,0,0,0,0,0,0,0,0,643,628,273,271,0,0,0,0
SYN-SCREEN-07_GENE007_sg2,GENE007,0,0,0,0,0,0,0,0,0,0,0,0,0,0,0,0,0,0,0,0,0,0,0,0,730,981,303,280,0,0,0,0
SYN-SCREEN-07_GENE007_sg3,GENE007,0,0,0,0,0,0,0,0,0,0,0,0,0,0,0,0,0,0,0,0,0,0,0,0,839,891,253,268,0,0,0,0
SYN-SCREEN-07_GENE007_sg4,GENE007,0,0,0,0,0,0,0,0,0,0,0,0,0,0,0,0,0,0,0,0,0,0,0,0,1031,1067,262,237,0,0,0,0
SYN-SCREEN-07_GENE008_sg1,GENE008,0,0,0,0,0,0,0,0,0,0,0,0,0,0,0,0,0,0,0,0,0,0,0,0,766,767,272,184,0,0,0,0
SYN-SCREEN-07_GENE008_sg2,GENE008,0,0,0,0,0,0,0,0,0,0,0,0,0,0,0,0,0,0,0,0,0,0,0,0,729,706,252,295,0,0,0,0
SYN-SCREEN-07_GENE008_sg3,GENE008,0,0,0,0,0,0,0,0,0,0,0,0,0,0,0,0,0,0,0,0,0,0,0,0,1219,1378,349,365,0,0,0,0
SYN-SCREEN-07_GENE008_sg4,GENE008,0,0,0,0,0,0,0,0,0,0,0,0,0,0,0,0,0,0,0,0,0,0,0,0,767,1163,352,349,0,0,0,0
SYN-SCREEN-07_GENE009_sg1,GENE009,0,0,0,0,0,0,0,0,0,0,0,0,0,0,0,0,0,0,0,0,0,0,0,0,810,575,272,224,0,0,0,0
SYN-SCREEN-07_GENE009_sg2,GENE009,0,0,0,0,0,0,0,0,0,0,0,0,0,0,0,0,0,0,0,0,0,0,0,0,599,664,137,188,0,0,0,0
SYN-SCREEN-07_GENE009_sg3,GENE009,0,0,0,0,0,0,0,0,0,0,0,0,0,0,0,0,0,0,0,0,0,0,0,0,555,825,355,293,0,0,0,0
SYN-SCREEN-07_GENE009_sg4,GENE009,0,0,0,0,0,0,0,0,0,0,0,0,0,0,0,0,0,0,0,0,0,0,0,0,618,688,232,248,0,0,0,0
SYN-SCREEN-07_GENE010_sg1,GENE010,0,0,0,0,0,0,0,0,0,0,0,0,0,0,0,0,0,0,0,0,0,0,0,0,963,1459,304,338,0,0,0,0
SYN-SCREEN-07_GENE010_sg2,GENE010,0,0,0,0,0,0,0,0,0,0,0,0,0,0,0,0,0,0,0,0,0,0,0,0,1246,1047,347,349,0,0,0,0
SYN-SCREEN-07_GENE010_sg3,GENE010,0,0,0,0,0,0,0,0,0,0,0,0,0,0,0,0,0,0,0,0,0,0,0,0,472,363,169,162,0,0,0,0
SYN-SCREEN-07_GENE010_sg4,GENE010,0,0,0,0,0,0,0,0,0,0,0,0,0,0,0,0,0,0,0,0,0,0,0,0,865,965,324,280,0,0,0,0
SYN-SCREEN-07_GENE011_sg1,GENE011,0,0,0,0,0,0,0,0,0,0,0,0,0,0,0,0,0,0,0,0,0,0,0,0,406,476,164,157,0,0,0,0
SYN-SCREEN-07_GENE011_sg2,GENE011,0,0,0,0,0,0,0,0,0,0,0,0,0,0,0,0,0,0,0,0,0,0,0,0,519,591,147,211,0,0,0,0
SYN-SCREEN-07_GENE011_sg3,GENE011,0,0,0,0,0,0,0,0,0,0,0,0,0,0,0,0,0,0,0,0,0,0,0,0,832,1024,354,286,0,0,0,0
SYN-SCREEN-07_GENE011_sg4,GENE011,0,0,0,0,0,0,0,0,0,0,0,0,0,0,0,0,0,0,0,0,0,0,0,0,578,573,215,175,0,0,0,0
SYN-SCREEN-07_GENE012_sg1,GENE012,0,0,0,0,0,0,0,0,0,0,0,0,0,0,0,0,0,0,0,0,0,0,0,0,973,990,1633,1773,0,0,0,0
SYN-SCREEN-07_GENE012_sg2,GENE012,0,0,0,0,0,0,0,0,0,0,0,0,0,0,0,0,0,0,0,0,0,0,0,0,828,915,1419,1799,0,0,0,0
SYN-SCREEN-07_GENE012_sg3,GENE012,0,0,0,0,0,0,0,0,0,0,0,0,0,0,0,0,0,0,0,0,0,0,0,0,1102,1093,1543,1584,0,0,0,0
SYN-SCREEN-07_GENE012_sg4,GENE012,0,0,0,0,0,0,0,0,0,0,0,0,0,0,0,0,0,0,0,0,0,0,0,0,400,448,870,903,0,0,0,0
SYN-SCREEN-07_GENE013_sg1,GENE013,0,0,0,0,0,0,0,0,0,0,0,0,0,0,0,0,0,0,0,0,0,0,0,0,857,859,460,464,0,0,0,0
SYN-SCREEN-07_GENE013_sg2,GENE013,0,0,0,0,0,0,0,0,0,0,0,0,0,0,0,0,0,0,0,0,0,0,0,0,896,990,537,580,0,0,0,0
SYN-SCREEN-07_GENE013_sg3,GENE013,0,0,0,0,0,0,0,0,0,0,0,0,0,0,0,0,0,0,0,0,0,0,0,0,589,426,262,366,0,0,0,0
SYN-SCREEN-07_GENE013_sg4,GENE013,0,0,0,0,0,0,0,0,0,0,0,0,0,0,0,0,0,0,0,0,0,0,0,0,951,1116,525,640,0,0,0,0
SYN-SCREEN-07_GENE014_sg1,GENE014,0,0,0,0,0,0,0,0,0,0,0,0,0,0,0,0,0,0,0,0,0,0,0,0,1023,961,1450,1724,0,0,0,0
SYN-SCREEN-07_GENE014_sg2,GENE014,0,0,0,0,0,0,0,0,0,0,0,0,0,0,0,0,0,0,0,0,0,0,0,0,538,518,1178,960,0,0,0,0
SYN-SCREEN-07_GENE014_sg3,GENE014,0,0,0,0,0,0,0,0,0,0,0,0,0,0,0,0,0,0,0,0,0,0,0,0,557,550,1078,971,0,0,0,0
SYN-SCREEN-07_GENE014_sg4,GENE014,0,0,0,0,0,0,0,0,0,0,0,0,0,0,0,0,0,0,0,0,0,0,0,0,987,755,1266,1249,0,0,0,0
SYN-SCREEN-07_GENE015_sg1,GENE015,0,0,0,0,0,0,0,0,0,0,0,0,0,0,0,0,0,0,0,0,0,0,0,0,822,731,462,612,0,0,0,0
SYN-SCREEN-07_GENE015_sg2,GENE015,0,0,0,0,0,0,0,0,0,0,0,0,0,0,0,0,0,0,0,0,0,0,0,0,626,680,393,558,0,0,0,0
SYN-SCREEN-07_GENE015_sg3,GENE015,0,0,0,0,0,0,0,0,0,0,0,0,0,0,0,0,0,0,0,0,0,0,0,0,980,1039,658,633,0,0,0,0
SYN-SCREEN-07_GENE015_sg4,GENE015,0,0,0,0,0,0,0,0,0,0,0,0,0,0,0,0,0,0,0,0,0,0,0,0,893,954,531,506,0,0,0,0
SYN-SCREEN-07_GENE016_sg1,GENE016,0,0,0,0,0,0,0,0,0,0,0,0,0,0,0,0,0,0,0,0,0,0,0,0,710,833,746,710,0,0,0,0
SYN-SCREEN-07_GENE016_sg2,GENE016,0,0,0,0,0,0,0,0,0,0,0,0,0,0,0,0,0,0,0,0,0,0,0,0,904,937,1144,932,0,0,0,0
SYN-SCREEN-07_GENE016_sg3,GENE016,0,0,0,0,0,0,0,0,0,0,0,0,0,0,0,0,0,0,0,0,0,0,0,0,492,614,955,1000,0,0,0,0
SYN-SCREEN-07_GENE016_sg4,GENE016,0,0,0,0,0,0,0,0,0,0,0,0,0,0,0,0,0,0,0,0,0,0,0,0,589,580,843,708,0,0,0,0
SYN-SCREEN-07_GENE017_sg1,GENE017,0,0,0,0,0,0,0,0,0,0,0,0,0,0,0,0,0,0,0,0,0,0,0,0,970,1296,1237,897,0,0,0,0
SYN-SCREEN-07_GENE017_sg2,GENE017,0,0,0,0,0,0,0,0,0,0,0,0,0,0,0,0,0,0,0,0,0,0,0,0,1118,1252,1041,1070,0,0,0,0
SYN-SCREEN-07_GENE017_sg3,GENE017,0,0,0,0,0,0,0,0,0,0,0,0,0,0,0,0,0,0,0,0,0,0,0,0,1154,1224,1136,1159,0,0,0,0
SYN-SCREEN-07_GENE017_sg4,GENE017,0,0,0,0,0,0,0,0,0,0,0,0,0,0,0,0,0,0,0,0,0,0,0,0,867,777,820,817,0,0,0,0
SYN-SCREEN-07_GENE018_sg1,GENE018,0,0,0,0,0,0,0,0,0,0,0,0,0,0,0,0,0,0,0,0,0,0,0,0,1157,1228,1278,1111,0,0,0,0
SYN-SCREEN-07_GENE018_sg2,GENE018,0,0,0,0,0,0,0,0,0,0,0,0,0,0,0,0,0,0,0,0,0,0,0,0,616,495,695,772,0,0,0,0
SYN-SCREEN-07_GENE018_sg3,GENE018,0,0,0,0,0,0,0,0,0,0,0,0,0,0,0,0,0,0,0,0,0,0,0,0,777,1081,1222,1041,0,0,0,0
SYN-SCREEN-07_GENE018_sg4,GENE018,0,0,0,0,0,0,0,0,0,0,0,0,0,0,0,0,0,0,0,0,0,0,0,0,367,528,452,477,0,0,0,0
SYN-SCREEN-07_GENE019_sg1,GENE019,0,0,0,0,0,0,0,0,0,0,0,0,0,0,0,0,0,0,0,0,0,0,0,0,946,822,899,1018,0,0,0,0
SYN-SCREEN-07_GENE019_sg2,GENE019,0,0,0,0,0,0,0,0,0,0,0,0,0,0,0,0,0,0,0,0,0,0,0,0,967,1018,982,1127,0,0,0,0
SYN-SCREEN-07_GENE019_sg3,GENE019,0,0,0,0,0,0,0,0,0,0,0,0,0,0,0,0,0,0,0,0,0,0,0,0,1034,1063,1039,1155,0,0,0,0
SYN-SCREEN-07_GENE019_sg4,GENE019,0,0,0,0,0,0,0,0,0,0,0,0,0,0,0,0,0,0,0,0,0,0,0,0,1197,1284,1072,1234,0,0,0,0
SYN-SCREEN-07_GENE020_sg1,GENE020,0,0,0,0,0,0,0,0,0,0,0,0,0,0,0,0,0,0,0,0,0,0,0,0,453,544,532,461,0,0,0,0
SYN-SCREEN-07_GENE020_sg2,GENE020,0,0,0,0,0,0,0,0,0,0,0,0,0,0,0,0,0,0,0,0,0,0,0,0,910,631,717,713,0,0,0,0
SYN-SCREEN-07_GENE020_sg3,GENE020,0,0,0,0,0,0,0,0,0,0,0,0,0,0,0,0,0,0,0,0,0,0,0,0,540,605,510,450,0,0,0,0
SYN-SCREEN-07_GENE020_sg4,GENE020,0,0,0,0,0,0,0,0,0,0,0,0,0,0,0,0,0,0,0,0,0,0,0,0,1012,995,1068,847,0,0,0,0
SYN-SCREEN-07_GENE021_sg1,GENE021,0,0,0,0,0,0,0,0,0,0,0,0,0,0,0,0,0,0,0,0,0,0,0,0,532,573,491,510,0,0,0,0
SYN-SCREEN-07_GENE021_sg2,GENE021,0,0,0,0,0,0,0,0,0,0,0,0,0,0,0,0,0,0,0,0,0,0,0,0,637,723,749,706,0,0,0,0
SYN-SCREEN-07_GENE021_sg3,GENE021,0,0,0,0,0,0,0,0,0,0,0,0,0,0,0,0,0,0,0,0,0,0,0,0,717,943,930,882,0,0,0,0
SYN-SCREEN-07_GENE021_sg4,GENE021,0,0,0,0,0,0,0,0,0,0,0,0,0,0,0,0,0,0,0,0,0,0,0,0,610,722,690,782,0,0,0,0
SYN-SCREEN-07_GENE022_sg1,GENE022,0,0,0,0,0,0,0,0,0,0,0,0,0,0,0,0,0,0,0,0,0,0,0,0,1069,1101,1157,1219,0,0,0,0
SYN-SCREEN-07_GENE022_sg2,GENE022,0,0,0,0,0,0,0,0,0,0,0,0,0,0,0,0,0,0,0,0,0,0,0,0,539,640,602,542,0,0,0,0
SYN-SCREEN-07_GENE022_sg3,GENE022,0,0,0,0,0,0,0,0,0,0,0,0,0,0,0,0,0,0,0,0,0,0,0,0,943,1050,1156,1204,0,0,0,0
SYN-SCREEN-07_GENE022_sg4,GENE022,0,0,0,0,0,0,0,0,0,0,0,0,0,0,0,0,0,0,0,0,0,0,0,0,441,531,534,566,0,0,0,0
SYN-SCREEN-07_GENE023_sg1,GENE023,0,0,0,0,0,0,0,0,0,0,0,0,0,0,0,0,0,0,0,0,0,0,0,0,862,729,715,702,0,0,0,0
SYN-SCREEN-07_GENE023_sg2,GENE023,0,0,0,0,0,0,0,0,0,0,0,0,0,0,0,0,0,0,0,0,0,0,0,0,834,792,684,704,0,0,0,0
SYN-SCREEN-07_GENE023_sg3,GENE023,0,0,0,0,0,0,0,0,0,0,0,0,0,0,0,0,0,0,0,0,0,0,0,0,641,611,397,510,0,0,0,0
SYN-SCREEN-07_GENE023_sg4,GENE023,0,0,0,0,0,0,0,0,0,0,0,0,0,0,0,0,0,0,0,0,0,0,0,0,743,565,650,625,0,0,0,0
SYN-SCREEN-07_GENE024_sg1,GENE024,0,0,0,0,0,0,0,0,0,0,0,0,0,0,0,0,0,0,0,0,0,0,0,0,863,971,701,760,0,0,0,0
SYN-SCREEN-07_GENE024_sg2,GENE024,0,0,0,0,0,0,0,0,0,0,0,0,0,0,0,0,0,0,0,0,0,0,0,0,556,597,496,456,0,0,0,0
SYN-SCREEN-07_GENE024_sg3,GENE024,0,0,0,0,0,0,0,0,0,0,0,0,0,0,0,0,0,0,0,0,0,0,0,0,676,562,445,516,0,0,0,0
SYN-SCREEN-07_GENE024_sg4,GENE024,0,0,0,0,0,0,0,0,0,0,0,0,0,0,0,0,0,0,0,0,0,0,0,0,871,793,785,928,0,0,0,0
SYN-SCREEN-07_GENE025_sg1,GENE025,0,0,0,0,0,0,0,0,0,0,0,0,0,0,0,0,0,0,0,0,0,0,0,0,457,430,463,470,0,0,0,0
SYN-SCREEN-07_GENE025_sg2,GENE025,0,0,0,0,0,0,0,0,0,0,0,0,0,0,0,0,0,0,0,0,0,0,0,0,1011,1182,862,829,0,0,0,0
SYN-SCREEN-07_GENE025_sg3,GENE025,0,0,0,0,0,0,0,0,0,0,0,0,0,0,0,0,0,0,0,0,0,0,0,0,756,710,645,888,0,0,0,0
SYN-SCREEN-07_GENE025_sg4,GENE025,0,0,0,0,0,0,0,0,0,0,0,0,0,0,0,0,0,0,0,0,0,0,0,0,1236,1348,1210,1331,0,0,0,0
SYN-SCREEN-07_GENE026_sg1,GENE026,0,0,0,0,0,0,0,0,0,0,0,0,0,0,0,0,0,0,0,0,0,0,0,0,800,709,570,637,0,0,0,0
SYN-SCREEN-07_GENE026_sg2,GENE026,0,0,0,0,0,0,0,0,0,0,0,0,0,0,0,0,0,0,0,0,0,0,0,0,1330,1034,950,988,0,0,0,0
SYN-SCREEN-07_GENE026_sg3,GENE026,0,0,0,0,0,0,0,0,0,0,0,0,0,0,0,0,0,0,0,0,0,0,0,0,1094,860,787,859,0,0,0,0
SYN-SCREEN-07_GENE026_sg4,GENE026,0,0,0,0,0,0,0,0,0,0,0,0,0,0,0,0,0,0,0,0,0,0,0,0,770,1228,923,837,0,0,0,0
SYN-SCREEN-07_GENE027_sg1,GENE027,0,0,0,0,0,0,0,0,0,0,0,0,0,0,0,0,0,0,0,0,0,0,0,0,1167,1135,1363,1065,0,0,0,0
SYN-SCREEN-07_GENE027_sg2,GENE027,0,0,0,0,0,0,0,0,0,0,0,0,0,0,0,0,0,0,0,0,0,0,0,0,827,1026,902,993,0,0,0,0
SYN-SCREEN-07_GENE027_sg3,GENE027,0,0,0,0,0,0,0,0,0,0,0,0,0,0,0,0,0,0,0,0,0,0,0,0,1155,1099,993,1191,0,0,0,0
SYN-SCREEN-07_GENE027_sg4,GENE027,0,0,0,0,0,0,0,0,0,0,0,0,0,0,0,0,0,0,0,0,0,0,0,0,783,742,980,743,0,0,0,0
SYN-SCREEN-07_GENE028_sg1,GENE028,0,0,0,0,0,0,0,0,0,0,0,0,0,0,0,0,0,0,0,0,0,0,0,0,906,771,799,939,0,0,0,0
SYN-SCREEN-07_GENE028_sg2,GENE028,0,0,0,0,0,0,0,0,0,0,0,0,0,0,0,0,0,0,0,0,0,0,0,0,777,696,729,593,0,0,0,0
SYN-SCREEN-07_GENE028_sg3,GENE028,0,0,0,0,0,0,0,0,0,0,0,0,0,0,0,0,0,0,0,0,0,0,0,0,649,575,544,627,0,0,0,0
SYN-SCREEN-07_GENE028_sg4,GENE028,0,0,0,0,0,0,0,0,0,0,0,0,0,0,0,0,0,0,0,0,0,0,0,0,779,1039,821,922,0,0,0,0
SYN-SCREEN-07_GENE029_sg1,GENE029,0,0,0,0,0,0,0,0,0,0,0,0,0,0,0,0,0,0,0,0,0,0,0,0,1066,965,1029,980,0,0,0,0
SYN-SCREEN-07_GENE029_sg2,GENE029,0,0,0,0,0,0,0,0,0,0,0,0,0,0,0,0,0,0,0,0,0,0,0,0,500,457,493,513,0,0,0,0
SYN-SCREEN-07_GENE029_sg3,GENE029,0,0,0,0,0,0,0,0,0,0,0,0,0,0,0,0,0,0,0,0,0,0,0,0,1042,829,1013,886,0,0,0,0
SYN-SCREEN-07_GENE029_sg4,GENE029,0,0,0,0,0,0,0,0,0,0,0,0,0,0,0,0,0,0,0,0,0,0,0,0,1067,1121,1027,1360,0,0,0,0
SYN-SCREEN-07_GENE030_sg1,GENE030,0,0,0,0,0,0,0,0,0,0,0,0,0,0,0,0,0,0,0,0,0,0,0,0,980,1027,1385,881,0,0,0,0
SYN-SCREEN-07_GENE030_sg2,GENE030,0,0,0,0,0,0,0,0,0,0,0,0,0,0,0,0,0,0,0,0,0,0,0,0,547,478,612,516,0,0,0,0
SYN-SCREEN-07_GENE030_sg3,GENE030,0,0,0,0,0,0,0,0,0,0,0,0,0,0,0,0,0,0,0,0,0,0,0,0,1119,954,1017,962,0,0,0,0
SYN-SCREEN-07_GENE030_sg4,GENE030,0,0,0,0,0,0,0,0,0,0,0,0,0,0,0,0,0,0,0,0,0,0,0,0,1220,1161,954,943,0,0,0,0
SYN-SCREEN-07_GENE031_sg1,GENE031,0,0,0,0,0,0,0,0,0,0,0,0,0,0,0,0,0,0,0,0,0,0,0,0,553,390,438,446,0,0,0,0
SYN-SCREEN-07_GENE031_sg2,GENE031,0,0,0,0,0,0,0,0,0,0,0,0,0,0,0,0,0,0,0,0,0,0,0,0,1053,1032,937,1200,0,0,0,0
SYN-SCREEN-07_GENE031_sg3,GENE031,0,0,0,0,0,0,0,0,0,0,0,0,0,0,0,0,0,0,0,0,0,0,0,0,818,972,768,844,0,0,0,0
SYN-SCREEN-07_GENE031_sg4,GENE031,0,0,0,0,0,0,0,0,0,0,0,0,0,0,0,0,0,0,0,0,0,0,0,0,477,491,466,464,0,0,0,0
SYN-SCREEN-07_GENE032_sg1,GENE032,0,0,0,0,0,0,0,0,0,0,0,0,0,0,0,0,0,0,0,0,0,0,0,0,490,429,520,407,0,0,0,0
SYN-SCREEN-07_GENE032_sg2,GENE032,0,0,0,0,0,0,0,0,0,0,0,0,0,0,0,0,0,0,0,0,0,0,0,0,921,1130,1142,907,0,0,0,0
SYN-SCREEN-07_GENE032_sg3,GENE032,0,0,0,0,0,0,0,0,0,0,0,0,0,0,0,0,0,0,0,0,0,0,0,0,931,902,842,1071,0,0,0,0
SYN-SCREEN-07_GENE032_sg4,GENE032,0,0,0,0,0,0,0,0,0,0,0,0,0,0,0,0,0,0,0,0,0,0,0,0,715,587,793,621,0,0,0,0
SYN-SCREEN-07_GENE033_sg1,GENE033,0,0,0,0,0,0,0,0,0,0,0,0,0,0,0,0,0,0,0,0,0,0,0,0,1033,983,922,1050,0,0,0,0
SYN-SCREEN-07_GENE033_sg2,GENE033,0,0,0,0,0,0,0,0,0,0,0,0,0,0,0,0,0,0,0,0,0,0,0,0,536,593,658,684,0,0,0,0
SYN-SCREEN-07_GENE033_sg3,GENE033,0,0,0,0,0,0,0,0,0,0,0,0,0,0,0,0,0,0,0,0,0,0,0,0,622,597,610,746,0,0,0,0
SYN-SCREEN-07_GENE033_sg4,GENE033,0,0,0,0,0,0,0,0,0,0,0,0,0,0,0,0,0,0,0,0,0,0,0,0,535,503,613,484,0,0,0,0
SYN-SCREEN-07_GENE034_sg1,GENE034,0,0,0,0,0,0,0,0,0,0,0,0,0,0,0,0,0,0,0,0,0,0,0,0,772,589,804,700,0,0,0,0
SYN-SCREEN-07_GENE034_sg2,GENE034,0,0,0,0,0,0,0,0,0,0,0,0,0,0,0,0,0,0,0,0,0,0,0,0,1205,1226,1119,951,0,0,0,0
SYN-SCREEN-07_GENE034_sg3,GENE034,0,0,0,0,0,0,0,0,0,0,0,0,0,0,0,0,0,0,0,0,0,0,0,0,1133,1557,1183,1183,0,0,0,0
SYN-SCREEN-07_GENE034_sg4,GENE034,0,0,0,0,0,0,0,0,0,0,0,0,0,0,0,0,0,0,0,0,0,0,0,0,1164,963,949,1243,0,0,0,0
SYN-SCREEN-07_GENE035_sg1,GENE035,0,0,0,0,0,0,0,0,0,0,0,0,0,0,0,0,0,0,0,0,0,0,0,0,1096,1149,1305,1419,0,0,0,0
SYN-SCREEN-07_GENE035_sg2,GENE035,0,0,0,0,0,0,0,0,0,0,0,0,0,0,0,0,0,0,0,0,0,0,0,0,627,550,617,393,0,0,0,0
SYN-SCREEN-07_GENE035_sg3,GENE035,0,0,0,0,0,0,0,0,0,0,0,0,0,0,0,0,0,0,0,0,0,0,0,0,837,737,1127,1071,0,0,0,0
SYN-SCREEN-07_GENE035_sg4,GENE035,0,0,0,0,0,0,0,0,0,0,0,0,0,0,0,0,0,0,0,0,0,0,0,0,859,763,876,843,0,0,0,0
SYN-SCREEN-07_GENE036_sg1,GENE036,0,0,0,0,0,0,0,0,0,0,0,0,0,0,0,0,0,0,0,0,0,0,0,0,970,772,741,769,0,0,0,0
SYN-SCREEN-07_GENE036_sg2,GENE036,0,0,0,0,0,0,0,0,0,0,0,0,0,0,0,0,0,0,0,0,0,0,0,0,1034,1092,909,1025,0,0,0,0
SYN-SCREEN-07_GENE036_sg3,GENE036,0,0,0,0,0,0,0,0,0,0,0,0,0,0,0,0,0,0,0,0,0,0,0,0,891,891,825,934,0,0,0,0
SYN-SCREEN-07_GENE036_sg4,GENE036,0,0,0,0,0,0,0,0,0,0,0,0,0,0,0,0,0,0,0,0,0,0,0,0,907,752,775,656,0,0,0,0
SYN-SCREEN-07_GENE037_sg1,GENE037,0,0,0,0,0,0,0,0,0,0,0,0,0,0,0,0,0,0,0,0,0,0,0,0,572,587,578,602,0,0,0,0
SYN-SCREEN-07_GENE037_sg2,GENE037,0,0,0,0,0,0,0,0,0,0,0,0,0,0,0,0,0,0,0,0,0,0,0,0,553,703,606,945,0,0,0,0
SYN-SCREEN-07_GENE037_sg3,GENE037,0,0,0,0,0,0,0,0,0,0,0,0,0,0,0,0,0,0,0,0,0,0,0,0,833,720,641,663,0,0,0,0
SYN-SCREEN-07_GENE037_sg4,GENE037,0,0,0,0,0,0,0,0,0,0,0,0,0,0,0,0,0,0,0,0,0,0,0,0,1099,1241,1110,927,0,0,0,0
SYN-SCREEN-07_GENE038_sg1,GENE038,0,0,0,0,0,0,0,0,0,0,0,0,0,0,0,0,0,0,0,0,0,0,0,0,413,520,715,516,0,0,0,0
SYN-SCREEN-07_GENE038_sg2,GENE038,0,0,0,0,0,0,0,0,0,0,0,0,0,0,0,0,0,0,0,0,0,0,0,0,732,755,765,1038,0,0,0,0
SYN-SCREEN-07_GENE038_sg3,GENE038,0,0,0,0,0,0,0,0,0,0,0,0,0,0,0,0,0,0,0,0,0,0,0,0,1542,1571,1424,1196,0,0,0,0
SYN-SCREEN-07_GENE038_sg4,GENE038,0,0,0,0,0,0,0,0,0,0,0,0,0,0,0,0,0,0,0,0,0,0,0,0,1189,927,1142,994,0,0,0,0
SYN-SCREEN-07_GENE039_sg1,GENE039,0,0,0,0,0,0,0,0,0,0,0,0,0,0,0,0,0,0,0,0,0,0,0,0,617,851,808,775,0,0,0,0
SYN-SCREEN-07_GENE039_sg2,GENE039,0,0,0,0,0,0,0,0,0,0,0,0,0,0,0,0,0,0,0,0,0,0,0,0,671,684,541,595,0,0,0,0
SYN-SCREEN-07_GENE039_sg3,GENE039,0,0,0,0,0,0,0,0,0,0,0,0,0,0,0,0,0,0,0,0,0,0,0,0,1063,1125,1271,1042,0,0,0,0
SYN-SCREEN-07_GENE039_sg4,GENE039,0,0,0,0,0,0,0,0,0,0,0,0,0,0,0,0,0,0,0,0,0,0,0,0,575,721,763,862,0,0,0,0
SYN-SCREEN-07_GENE040_sg1,GENE040,0,0,0,0,0,0,0,0,0,0,0,0,0,0,0,0,0,0,0,0,0,0,0,0,854,1072,1032,875,0,0,0,0
SYN-SCREEN-07_GENE040_sg2,GENE040,0,0,0,0,0,0,0,0,0,0,0,0,0,0,0,0,0,0,0,0,0,0,0,0,1024,1083,1092,990,0,0,0,0
SYN-SCREEN-07_GENE040_sg3,GENE040,0,0,0,0,0,0,0,0,0,0,0,0,0,0,0,0,0,0,0,0,0,0,0,0,1012,1018,952,976,0,0,0,0
SYN-SCREEN-07_GENE040_sg4,GENE040,0,0,0,0,0,0,0,0,0,0,0,0,0,0,0,0,0,0,0,0,0,0,0,0,1270,1645,1145,1245,0,0,0,0
SYN-SCREEN-07_GENE041_sg1,GENE041,0,0,0,0,0,0,0,0,0,0,0,0,0,0,0,0,0,0,0,0,0,0,0,0,893,1043,1001,1137,0,0,0,0
SYN-SCREEN-07_GENE041_sg2,GENE041,0,0,0,0,0,0,0,0,0,0,0,0,0,0,0,0,0,0,0,0,0,0,0,0,1047,876,753,831,0,0,0,0
SYN-SCREEN-07_GENE041_sg3,GENE041,0,0,0,0,0,0,0,0,0,0,0,0,0,0,0,0,0,0,0,0,0,0,0,0,500,643,554,737,0,0,0,0
SYN-SCREEN-07_GENE041_sg4,GENE041,0,0,0,0,0,0,0,0,0,0,0,0,0,0,0,0,0,0,0,0,0,0,0,0,827,653,1048,721,0,0,0,0
SYN-SCREEN-07_GENE042_sg1,GENE042,0,0,0,0,0,0,0,0,0,0,0,0,0,0,0,0,0,0,0,0,0,0,0,0,672,748,685,566,0,0,0,0
SYN-SCREEN-07_GENE042_sg2,GENE042,0,0,0,0,0,0,0,0,0,0,0,0,0,0,0,0,0,0,0,0,0,0,0,0,565,631,628,567,0,0,0,0
SYN-SCREEN-07_GENE042_sg3,GENE042,0,0,0,0,0,0,0,0,0,0,0,0,0,0,0,0,0,0,0,0,0,0,0,0,889,1153,896,797,0,0,0,0
SYN-SCREEN-07_GENE042_sg4,GENE042,0,0,0,0,0,0,0,0,0,0,0,0,0,0,0,0,0,0,0,0,0,0,0,0,736,657,538,594,0,0,0,0
SYN-SCREEN-07_GENE043_sg1,GENE043,0,0,0,0,0,0,0,0,0,0,0,0,0,0,0,0,0,0,0,0,0,0,0,0,912,872,881,820,0,0,0,0
SYN-SCREEN-07_GENE043_sg2,GENE043,0,0,0,0,0,0,0,0,0,0,0,0,0,0,0,0,0,0,0,0,0,0,0,0,1155,1375,993,1232,0,0,0,0
SYN-SCREEN-07_GENE043_sg3,GENE043,0,0,0,0,0,0,0,0,0,0,0,0,0,0,0,0,0,0,0,0,0,0,0,0,481,537,538,486,0,0,0,0
SYN-SCREEN-07_GENE043_sg4,GENE043,0,0,0,0,0,0,0,0,0,0,0,0,0,0,0,0,0,0,0,0,0,0,0,0,1377,1204,894,973,0,0,0,0
SYN-SCREEN-07_GENE044_sg1,GENE044,0,0,0,0,0,0,0,0,0,0,0,0,0,0,0,0,0,0,0,0,0,0,0,0,1133,1283,1416,1263,0,0,0,0
SYN-SCREEN-07_GENE044_sg2,GENE044,0,0,0,0,0,0,0,0,0,0,0,0,0,0,0,0,0,0,0,0,0,0,0,0,808,744,751,672,0,0,0,0
SYN-SCREEN-07_GENE044_sg3,GENE044,0,0,0,0,0,0,0,0,0,0,0,0,0,0,0,0,0,0,0,0,0,0,0,0,868,1052,972,1076,0,0,0,0
SYN-SCREEN-07_GENE044_sg4,GENE044,0,0,0,0,0,0,0,0,0,0,0,0,0,0,0,0,0,0,0,0,0,0,0,0,821,984,706,666,0,0,0,0
SYN-SCREEN-07_GENE045_sg1,GENE045,0,0,0,0,0,0,0,0,0,0,0,0,0,0,0,0,0,0,0,0,0,0,0,0,524,443,528,388,0,0,0,0
SYN-SCREEN-07_GENE045_sg2,GENE045,0,0,0,0,0,0,0,0,0,0,0,0,0,0,0,0,0,0,0,0,0,0,0,0,558,587,636,607,0,0,0,0
SYN-SCREEN-07_GENE045_sg3,GENE045,0,0,0,0,0,0,0,0,0,0,0,0,0,0,0,0,0,0,0,0,0,0,0,0,553,608,567,541,0,0,0,0
SYN-SCREEN-07_GENE045_sg4,GENE045,0,0,0,0,0,0,0,0,0,0,0,0,0,0,0,0,0,0,0,0,0,0,0,0,411,391,417,393,0,0,0,0
SYN-SCREEN-07_GENE046_sg1,GENE046,0,0,0,0,0,0,0,0,0,0,0,0,0,0,0,0,0,0,0,0,0,0,0,0,539,452,798,494,0,0,0,0
SYN-SCREEN-07_GENE046_sg2,GENE046,0,0,0,0,0,0,0,0,0,0,0,0,0,0,0,0,0,0,0,0,0,0,0,0,809,693,788,618,0,0,0,0
SYN-SCREEN-07_GENE046_sg3,GENE046,0,0,0,0,0,0,0,0,0,0,0,0,0,0,0,0,0,0,0,0,0,0,0,0,1146,934,945,840,0,0,0,0
SYN-SCREEN-07_GENE046_sg4,GENE046,0,0,0,0,0,0,0,0,0,0,0,0,0,0,0,0,0,0,0,0,0,0,0,0,860,782,970,1077,0,0,0,0
SYN-SCREEN-07_GENE047_sg1,GENE047,0,0,0,0,0,0,0,0,0,0,0,0,0,0,0,0,0,0,0,0,0,0,0,0,794,721,646,599,0,0,0,0
SYN-SCREEN-07_GENE047_sg2,GENE047,0,0,0,0,0,0,0,0,0,0,0,0,0,0,0,0,0,0,0,0,0,0,0,0,794,683,680,601,0,0,0,0
SYN-SCREEN-07_GENE047_sg3,GENE047,0,0,0,0,0,0,0,0,0,0,0,0,0,0,0,0,0,0,0,0,0,0,0,0,989,968,1159,919,0,0,0,0
SYN-SCREEN-07_GENE047_sg4,GENE047,0,0,0,0,0,0,0,0,0,0,0,0,0,0,0,0,0,0,0,0,0,0,0,0,472,579,525,416,0,0,0,0
SYN-SCREEN-07_GENE048_sg1,GENE048,0,0,0,0,0,0,0,0,0,0,0,0,0,0,0,0,0,0,0,0,0,0,0,0,489,542,397,571,0,0,0,0
SYN-SCREEN-07_GENE048_sg2,GENE048,0,0,0,0,0,0,0,0,0,0,0,0,0,0,0,0,0,0,0,0,0,0,0,0,932,876,1028,968,0,0,0,0
SYN-SCREEN-07_GENE048_sg3,GENE048,0,0,0,0,0,0,0,0,0,0,0,0,0,0,0,0,0,0,0,0,0,0,0,0,483,452,423,562,0,0,0,0
SYN-SCREEN-07_GENE048_sg4,GENE048,0,0,0,0,0,0,0,0,0,0,0,0,0,0,0,0,0,0,0,0,0,0,0,0,851,904,800,721,0,0,0,0
SYN-SCREEN-07_GENE049_sg1,GENE049,0,0,0,0,0,0,0,0,0,0,0,0,0,0,0,0,0,0,0,0,0,0,0,0,532,672,562,586,0,0,0,0
SYN-SCREEN-07_GENE049_sg2,GENE049,0,0,0,0,0,0,0,0,0,0,0,0,0,0,0,0,0,0,0,0,0,0,0,0,458,495,626,500,0,0,0,0
SYN-SCREEN-07_GENE049_sg3,GENE049,0,0,0,0,0,0,0,0,0,0,0,0,0,0,0,0,0,0,0,0,0,0,0,0,787,637,846,814,0,0,0,0
SYN-SCREEN-07_GENE049_sg4,GENE049,0,0,0,0,0,0,0,0,0,0,0,0,0,0,0,0,0,0,0,0,0,0,0,0,996,1072,1253,975,0,0,0,0
SYN-SCREEN-07_GENE050_sg1,GENE050,0,0,0,0,0,0,0,0,0,0,0,0,0,0,0,0,0,0,0,0,0,0,0,0,1064,1029,1158,1127,0,0,0,0
SYN-SCREEN-07_GENE050_sg2,GENE050,0,0,0,0,0,0,0,0,0,0,0,0,0,0,0,0,0,0,0,0,0,0,0,0,420,405,448,693,0,0,0,0
SYN-SCREEN-07_GENE050_sg3,GENE050,0,0,0,0,0,0,0,0,0,0,0,0,0,0,0,0,0,0,0,0,0,0,0,0,678,681,578,617,0,0,0,0
SYN-SCREEN-07_GENE050_sg4,GENE050,0,0,0,0,0,0,0,0,0,0,0,0,0,0,0,0,0,0,0,0,0,0,0,0,1177,989,990,1106,0,0,0,0
SYN-SCREEN-07_GENE051_sg1,GENE051,0,0,0,0,0,0,0,0,0,0,0,0,0,0,0,0,0,0,0,0,0,0,0,0,1129,909,1067,932,0,0,0,0
SYN-SCREEN-07_GENE051_sg2,GENE051,0,0,0,0,0,0,0,0,0,0,0,0,0,0,0,0,0,0,0,0,0,0,0,0,859,947,1007,1011,0,0,0,0
SYN-SCREEN-07_GENE051_sg3,GENE051,0,0,0,0,0,0,0,0,0,0,0,0,0,0,0,0,0,0,0,0,0,0,0,0,446,580,545,719,0,0,0,0
SYN-SCREEN-07_GENE051_sg4,GENE051,0,0,0,0,0,0,0,0,0,0,0,0,0,0,0,0,0,0,0,0,0,0,0,0,584,486,458,461,0,0,0,0
SYN-SCREEN-07_GENE052_sg1,GENE052,0,0,0,0,0,0,0,0,0,0,0,0,0,0,0,0,0,0,0,0,0,0,0,0,1003,875,1230,1258,0,0,0,0
SYN-SCREEN-07_GENE052_sg2,GENE052,0,0,0,0,0,0,0,0,0,0,0,0,0,0,0,0,0,0,0,0,0,0,0,0,573,477,762,500,0,0,0,0
SYN-SCREEN-07_GENE052_sg3,GENE052,0,0,0,0,0,0,0,0,0,0,0,0,0,0,0,0,0,0,0,0,0,0,0,0,600,674,778,809,0,0,0,0
SYN-SCREEN-07_GENE052_sg4,GENE052,0,0,0,0,0,0,0,0,0,0,0,0,0,0,0,0,0,0,0,0,0,0,0,0,614,564,891,905,0,0,0,0
SYN-SCREEN-07_GENE053_sg1,GENE053,0,0,0,0,0,0,0,0,0,0,0,0,0,0,0,0,0,0,0,0,0,0,0,0,533,443,599,626,0,0,0,0
SYN-SCREEN-07_GENE053_sg2,GENE053,0,0,0,0,0,0,0,0,0,0,0,0,0,0,0,0,0,0,0,0,0,0,0,0,802,757,689,794,0,0,0,0
SYN-SCREEN-07_GENE053_sg3,GENE053,0,0,0,0,0,0,0,0,0,0,0,0,0,0,0,0,0,0,0,0,0,0,0,0,690,578,597,536,0,0,0,0
SYN-SCREEN-07_GENE053_sg4,GENE053,0,0,0,0,0,0,0,0,0,0,0,0,0,0,0,0,0,0,0,0,0,0,0,0,1034,1105,966,1223,0,0,0,0
SYN-SCREEN-07_GENE054_sg1,GENE054,0,0,0,0,0,0,0,0,0,0,0,0,0,0,0,0,0,0,0,0,0,0,0,0,585,486,599,659,0,0,0,0
SYN-SCREEN-07_GENE054_sg2,GENE054,0,0,0,0,0,0,0,0,0,0,0,0,0,0,0,0,0,0,0,0,0,0,0,0,493,477,554,468,0,0,0,0
SYN-SCREEN-07_GENE054_sg3,GENE054,0,0,0,0,0,0,0,0,0,0,0,0,0,0,0,0,0,0,0,0,0,0,0,0,701,773,900,736,0,0,0,0
SYN-SCREEN-07_GENE054_sg4,GENE054,0,0,0,0,0,0,0,0,0,0,0,0,0,0,0,0,0,0,0,0,0,0,0,0,526,483,517,486,0,0,0,0
SYN-SCREEN-07_GENE055_sg1,GENE055,0,0,0,0,0,0,0,0,0,0,0,0,0,0,0,0,0,0,0,0,0,0,0,0,641,845,691,750,0,0,0,0
SYN-SCREEN-07_GENE055_sg2,GENE055,0,0,0,0,0,0,0,0,0,0,0,0,0,0,0,0,0,0,0,0,0,0,0,0,932,739,1008,986,0,0,0,0
SYN-SCREEN-07_GENE055_sg3,GENE055,0,0,0,0,0,0,0,0,0,0,0,0,0,0,0,0,0,0,0,0,0,0,0,0,900,977,1339,790,0,0,0,0
SYN-SCREEN-07_GENE055_sg4,GENE055,0,0,0,0,0,0,0,0,0,0,0,0,0,0,0,0,0,0,0,0,0,0,0,0,506,505,556,628,0,0,0,0
SYN-SCREEN-07_GENE056_sg1,GENE056,0,0,0,0,0,0,0,0,0,0,0,0,0,0,0,0,0,0,0,0,0,0,0,0,1065,1141,824,1018,0,0,0,0
SYN-SCREEN-07_GENE056_sg2,GENE056,0,0,0,0,0,0,0,0,0,0,0,0,0,0,0,0,0,0,0,0,0,0,0,0,554,540,584,510,0,0,0,0
SYN-SCREEN-07_GENE056_sg3,GENE056,0,0,0,0,0,0,0,0,0,0,0,0,0,0,0,0,0,0,0,0,0,0,0,0,962,1032,915,879,0,0,0,0
SYN-SCREEN-07_GENE056_sg4,GENE056,0,0,0,0,0,0,0,0,0,0,0,0,0,0,0,0,0,0,0,0,0,0,0,0,1240,856,1061,1168,0,0,0,0
SYN-SCREEN-07_GENE057_sg1,GENE057,0,0,0,0,0,0,0,0,0,0,0,0,0,0,0,0,0,0,0,0,0,0,0,0,640,734,591,753,0,0,0,0
SYN-SCREEN-07_GENE057_sg2,GENE057,0,0,0,0,0,0,0,0,0,0,0,0,0,0,0,0,0,0,0,0,0,0,0,0,696,528,638,596,0,0,0,0
SYN-SCREEN-07_GENE057_sg3,GENE057,0,0,0,0,0,0,0,0,0,0,0,0,0,0,0,0,0,0,0,0,0,0,0,0,862,841,764,870,0,0,0,0
SYN-SCREEN-07_GENE057_sg4,GENE057,0,0,0,0,0,0,0,0,0,0,0,0,0,0,0,0,0,0,0,0,0,0,0,0,1066,1310,1059,1316,0,0,0,0
SYN-SCREEN-07_GENE058_sg1,GENE058,0,0,0,0,0,0,0,0,0,0,0,0,0,0,0,0,0,0,0,0,0,0,0,0,829,716,869,836,0,0,0,0
SYN-SCREEN-07_GENE058_sg2,GENE058,0,0,0,0,0,0,0,0,0,0,0,0,0,0,0,0,0,0,0,0,0,0,0,0,831,999,735,898,0,0,0,0
SYN-SCREEN-07_GENE058_sg3,GENE058,0,0,0,0,0,0,0,0,0,0,0,0,0,0,0,0,0,0,0,0,0,0,0,0,657,495,796,743,0,0,0,0
SYN-SCREEN-07_GENE058_sg4,GENE058,0,0,0,0,0,0,0,0,0,0,0,0,0,0,0,0,0,0,0,0,0,0,0,0,775,558,991,773,0,0,0,0
SYN-SCREEN-07_GENE059_sg1,GENE059,0,0,0,0,0,0,0,0,0,0,0,0,0,0,0,0,0,0,0,0,0,0,0,0,600,496,737,760,0,0,0,0
SYN-SCREEN-07_GENE059_sg2,GENE059,0,0,0,0,0,0,0,0,0,0,0,0,0,0,0,0,0,0,0,0,0,0,0,0,1077,1269,1169,1277,0,0,0,0
SYN-SCREEN-07_GENE059_sg3,GENE059,0,0,0,0,0,0,0,0,0,0,0,0,0,0,0,0,0,0,0,0,0,0,0,0,643,821,729,799,0,0,0,0
SYN-SCREEN-07_GENE059_sg4,GENE059,0,0,0,0,0,0,0,0,0,0,0,0,0,0,0,0,0,0,0,0,0,0,0,0,353,468,512,551,0,0,0,0
SYN-SCREEN-08_GENE000_sg1,GENE000,0,0,0,0,0,0,0,0,0,0,0,0,0,0,0,0,0,0,0,0,0,0,0,0,0,0,0,0,482,485,1465,1460
SYN-SCREEN-08_GENE000_sg2,GENE000,0,0,0,0,0,0,0,0,0,0,0,0,0,0,0,0,0,0,0,0,0,0,0,0,0,0,0,0,876,693,2389,2243
SYN-SCREEN-08_GENE000_sg3,GENE000,0,0,0,0,0,0,0,0,0,0,0,0,0,0,0,0,0,0,0,0,0,0,0,0,0,0,0,0,671,630,2205,1868
SYN-SCREEN-08_GENE000_sg4,GENE000,0,0,0,0,0,0,0,0,0,0,0,0,0,0,0,0,0,0,0,0,0,0,0,0,0,0,0,0,555,402,1335,1391
SYN-SCREEN-08_GENE001_sg1,GENE001,0,0,0,0,0,0,0,0,0,0,0,0,0,0,0,0,0,0,0,0,0,0,0,0,0,0,0,0,1097,866,3027,2756
SYN-SCREEN-08_GENE001_sg2,GENE001,0,0,0,0,0,0,0,0,0,0,0,0,0,0,0,0,0,0,0,0,0,0,0,0,0,0,0,0,718,830,2271,2375
SYN-SCREEN-08_GENE001_sg3,GENE001,0,0,0,0,0,0,0,0,0,0,0,0,0,0,0,0,0,0,0,0,0,0,0,0,0,0,0,0,481,449,1418,1535
SYN-SCREEN-08_GENE001_sg4,GENE001,0,0,0,0,0,0,0,0,0,0,0,0,0,0,0,0,0,0,0,0,0,0,0,0,0,0,0,0,610,483,1777,1416
SYN-SCREEN-08_GENE002_sg1,GENE002,0,0,0,0,0,0,0,0,0,0,0,0,0,0,0,0,0,0,0,0,0,0,0,0,0,0,0,0,771,633,1803,2178
SYN-SCREEN-08_GENE002_sg2,GENE002,0,0,0,0,0,0,0,0,0,0,0,0,0,0,0,0,0,0,0,0,0,0,0,0,0,0,0,0,903,974,2766,2879
SYN-SCREEN-08_GENE002_sg3,GENE002,0,0,0,0,0,0,0,0,0,0,0,0,0,0,0,0,0,0,0,0,0,0,0,0,0,0,0,0,537,599,1986,2505
SYN-SCREEN-08_GENE002_sg4,GENE002,0,0,0,0,0,0,0,0,0,0,0,0,0,0,0,0,0,0,0,0,0,0,0,0,0,0,0,0,449,431,1397,1550
SYN-SCREEN-08_GENE003_sg1,GENE003,0,0,0,0,0,0,0,0,0,0,0,0,0,0,0,0,0,0,0,0,0,0,0,0,0,0,0,0,776,764,1618,2207
SYN-SCREEN-08_GENE003_sg2,GENE003,0,0,0,0,0,0,0,0,0,0,0,0,0,0,0,0,0,0,0,0,0,0,0,0,0,0,0,0,991,750,3151,2642
SYN-SCREEN-08_GENE003_sg3,GENE003,0,0,0,0,0,0,0,0,0,0,0,0,0,0,0,0,0,0,0,0,0,0,0,0,0,0,0,0,799,720,2788,2540
SYN-SCREEN-08_GENE003_sg4,GENE003,0,0,0,0,0,0,0,0,0,0,0,0,0,0,0,0,0,0,0,0,0,0,0,0,0,0,0,0,674,751,2177,1795
SYN-SCREEN-08_GENE004_sg1,GENE004,0,0,0,0,0,0,0,0,0,0,0,0,0,0,0,0,0,0,0,0,0,0,0,0,0,0,0,0,1097,1208,3348,3461
SYN-SCREEN-08_GENE004_sg2,GENE004,0,0,0,0,0,0,0,0,0,0,0,0,0,0,0,0,0,0,0,0,0,0,0,0,0,0,0,0,781,762,2325,2266
SYN-SCREEN-08_GENE004_sg3,GENE004,0,0,0,0,0,0,0,0,0,0,0,0,0,0,0,0,0,0,0,0,0,0,0,0,0,0,0,0,1001,1304,3514,3200
SYN-SCREEN-08_GENE004_sg4,GENE004,0,0,0,0,0,0,0,0,0,0,0,0,0,0,0,0,0,0,0,0,0,0,0,0,0,0,0,0,886,955,2452,2287
SYN-SCREEN-08_GENE005_sg1,GENE005,0,0,0,0,0,0,0,0,0,0,0,0,0,0,0,0,0,0,0,0,0,0,0,0,0,0,0,0,614,535,1666,1580
SYN-SCREEN-08_GENE005_sg2,GENE005,0,0,0,0,0,0,0,0,0,0,0,0,0,0,0,0,0,0,0,0,0,0,0,0,0,0,0,0,720,649,2388,1618
SYN-SCREEN-08_GENE005_sg3,GENE005,0,0,0,0,0,0,0,0,0,0,0,0,0,0,0,0,0,0,0,0,0,0,0,0,0,0,0,0,1152,1091,3081,3453
SYN-SCREEN-08_GENE005_sg4,GENE005,0,0,0,0,0,0,0,0,0,0,0,0,0,0,0,0,0,0,0,0,0,0,0,0,0,0,0,0,932,781,3735,3004
SYN-SCREEN-08_GENE006_sg1,GENE006,0,0,0,0,0,0,0,0,0,0,0,0,0,0,0,0,0,0,0,0,0,0,0,0,0,0,0,0,991,1073,354,376
SYN-SCREEN-08_GENE006_sg2,GENE006,0,0,0,0,0,0,0,0,0,0,0,0,0,0,0,0,0,0,0,0,0,0,0,0,0,0,0,0,1266,1279,379,358
SYN-SCREEN-08_GENE006_sg3,GENE006,0,0,0,0,0,0,0,0,0,0,0,0,0,0,0,0,0,0,0,0,0,0,0,0,0,0,0,0,614,790,200,229
SYN-SCREEN-08_GENE006_sg4,GENE006,0,0,0,0,0,0,0,0,0,0,0,0,0,0,0,0,0,0,0,0,0,0,0,0,0,0,0,0,553,657,157,218
SYN-SCREEN-08_GENE007_sg1,GENE007,0,0,0,0,0,0,0,0,0,0,0,0,0,0,0,0,0,0,0,0,0,0,0,0,0,0,0,0,721,793,352,201
SYN-SCREEN-08_GENE007_sg2,GENE007,0,0,0,0,0,0,0,0,0,0,0,0,0,0,0,0,0,0,0,0,0,0,0,0,0,0,0,0,708,828,237,195
SYN-SCREEN-08_GENE007_sg3,GENE007,0,0,0,0,0,0,0,0,0,0,0,0,0,0,0,0,0,0,0,0,0,0,0,0,0,0,0,0,621,540,225,279
SYN-SCREEN-08_GENE007_sg4,GENE007,0,0,0,0,0,0,0,0,0,0,0,0,0,0,0,0,0,0,0,0,0,0,0,0,0,0,0,0,1210,896,310,453
SYN-SCREEN-08_GENE008_sg1,GENE008,0,0,0,0,0,0,0,0,0,0,0,0,0,0,0,0,0,0,0,0,0,0,0,0,0,0,0,0,756,621,196,256
SYN-SCREEN-08_GENE008_sg2,GENE008,0,0,0,0,0,0,0,0,0,0,0,0,0,0,0,0,0,0,0,0,0,0,0,0,0,0,0,0,1246,802,345,293
SYN-SCREEN-08_GENE008_sg3,GENE008,0,0,0,0,0,0,0,0,0,0,0,0,0,0,0,0,0,0,0,0,0,0,0,0,0,0,0,0,620,800,204,207
SYN-SCREEN-08_GENE008_sg4,GENE008,0,0,0,0,0,0,0,0,0,0,0,0,0,0,0,0,0,0,0,0,0,0,0,0,0,0,0,0,1206,934,342,365
SYN-SCREEN-08_GENE009_sg1,GENE009,0,0,0,0,0,0,0,0,0,0,0,0,0,0,0,0,0,0,0,0,0,0,0,0,0,0,0,0,590,635,264,221
SYN-SCREEN-08_GENE009_sg2,GENE009,0,0,0,0,0,0,0,0,0,0,0,0,0,0,0,0,0,0,0,0,0,0,0,0,0,0,0,0,788,905,293,327
SYN-SCREEN-08_GENE009_sg3,GENE009,0,0,0,0,0,0,0,0,0,0,0,0,0,0,0,0,0,0,0,0,0,0,0,0,0,0,0,0,538,478,159,170
SYN-SCREEN-08_GENE009_sg4,GENE009,0,0,0,0,0,0,0,0,0,0,0,0,0,0,0,0,0,0,0,0,0,0,0,0,0,0,0,0,465,446,179,179
SYN-SCREEN-08_GENE010_sg1,GENE010,0,0,0,0,0,0,0,0,0,0,0,0,0,0,0,0,0,0,0,0,0,0,0,0,0,0,0,0,885,1278,356,366
SYN-SCREEN-08_GENE010_sg2,GENE010,0,0,0,0,0,0,0,0,0,0,0,0,0,0,0,0,0,0,0,0,0,0,0,0,0,0,0,0,888,631,267,244
SYN-SCREEN-08_GENE010_sg3,GENE010,0,0,0,0,0,0,0,0,0,0,0,0,0,0,0,0,0,0,0,0,0,0,0,0,0,0,0,0,674,535,213,166
SYN-SCREEN-08_GENE010_sg4,GENE010,0,0,0,0,0,0,0,0,0,0,0,0,0,0,0,0,0,0,0,0,0,0,0,0,0,0,0,0,611,590,206,193
SYN-SCREEN-08_GENE011_sg1,GENE011,0,0,0,0,0,0,0,0,0,0,0,0,0,0,0,0,0,0,0,0,0,0,0,0,0,0,0,0,967,1007,293,357
SYN-SCREEN-08_GENE011_sg2,GENE011,0,0,0,0,0,0,0,0,0,0,0,0,0,0,0,0,0,0,0,0,0,0,0,0,0,0,0,0,623,649,259,247
SYN-SCREEN-08_GENE011_sg3,GENE011,0,0,0,0,0,0,0,0,0,0,0,0,0,0,0,0,0,0,0,0,0,0,0,0,0,0,0,0,850,921,251,307
SYN-SCREEN-08_GENE011_sg4,GENE011,0,0,0,0,0,0,0,0,0,0,0,0,0,0,0,0,0,0,0,0,0,0,0,0,0,0,0,0,733,695,240,264
SYN-SCREEN-08_GENE012_sg1,GENE012,0,0,0,0,0,0,0,0,0,0,0,0,0,0,0,0,0,0,0,0,0,0,0,0,0,0,0,0,506,579,897,985
SYN-SCREEN-08_GENE012_sg2,GENE012,0,0,0,0,0,0,0,0,0,0,0,0,0,0,0,0,0,0,0,0,0,0,0,0,0,0,0,0,862,1061,1964,2320
SYN-SCREEN-08_GENE012_sg3,GENE012,0,0,0,0,0,0,0,0,0,0,0,0,0,0,0,0,0,0,0,0,0,0,0,0,0,0,0,0,1441,1225,1861,2308
SYN-SCREEN-08_GENE012_sg4,GENE012,0,0,0,0,0,0,0,0,0,0,0,0,0,0,0,0,0,0,0,0,0,0,0,0,0,0,0,0,1170,1220,2037,2671
SYN-SCREEN-08_GENE013_sg1,GENE013,0,0,0,0,0,0,0,0,0,0,0,0,0,0,0,0,0,0,0,0,0,0,0,0,0,0,0,0,990,1191,660,573
SYN-SCREEN-08_GENE013_sg2,GENE013,0,0,0,0,0,0,0,0,0,0,0,0,0,0,0,0,0,0,0,0,0,0,0,0,0,0,0,0,530,457,295,340
SYN-SCREEN-08_GENE013_sg3,GENE013,0,0,0,0,0,0,0,0,0,0,0,0,0,0,0,0,0,0,0,0,0,0,0,0,0,0,0,0,744,763,641,350
SYN-SCREEN-08_GENE013_sg4,GENE013,0,0,0,0,0,0,0,0,0,0,0,0,0,0,0,0,0,0,0,0,0,0,0,0,0,0,0,0,682,932,347,406
SYN-SCREEN-08_GENE014_sg1,GENE014,0,0,0,0,0,0,0,0,0,0,0,0,0,0,0,0,0,0,0,0,0,0,0,0,0,0,0,0,877,605,1283,1259
SYN-SCREEN-08_GENE014_sg2,GENE014,0,0,0,0,0,0,0,0,0,0,0,0,0,0,0,0,0,0,0,0,0,0,0,0,0,0,0,0,1026,955,1587,1413
SYN-SCREEN-08_GENE014_sg3,GENE014,0,0,0,0,0,0,0,0,0,0,0,0,0,0,0,0,0,0,0,0,0,0,0,0,0,0,0,0,845,843,1401,1723
SYN-SCREEN-08_GENE014_sg4,GENE014,0,0,0,0,0,0,0,0,0,0,0,0,0,0,0,0,0,0,0,0,0,0,0,0,0,0,0,0,1061,936,1884,1624
SYN-SCREEN-08_GENE015_sg1,GENE015,0,0,0,0,0,0,0,0,0,0,0,0,0,0,0,0,0,0,0,0,0,0,0,0,0,0,0,0,945,932,701,463
SYN-SCREEN-08_GENE015_sg2,GENE015,0,0,0,0,0,0,0,0,0,0,0,0,0,0,0,0,0,0,0,0,0,0,0,0,0,0,0,0,947,888,483,530
SYN-SCREEN-08_GENE015_sg3,GENE015,0,0,0,0,0,0,0,0,0,0,0,0,0,0,0,0,0,0,0,0,0,0,0,0,0,0,0,0,1130,959,592,494
SYN-SCREEN-08_GENE015_sg4,GENE015,0,0,0,0,0,0,0,0,0,0,0,0,0,0,0,0,0,0,0,0,0,0,0,0,0,0,0,0,1074,851,510,429
SYN-SCREEN-08_GENE016_sg1,GENE016,0,0,0,0,0,0,0,0,0,0,0,0,0,0,0,0,0,0,0,0,0,0,0,0,0,0,0,0,755,803,789,1057
SYN-SCREEN-08_GENE016_sg2,GENE016,0,0,0,0,0,0,0,0,0,0,0,0,0,0,0,0,0,0,0,0,0,0,0,0,0,0,0,0,753,889,918,1286
SYN-SCREEN-08_GENE016_sg3,GENE016,0,0,0,0,0,0,0,0,0,0,0,0,0,0,0,0,0,0,0,0,0,0,0,0,0,0,0,0,853,1060,1403,1282
SYN-SCREEN-08_GENE016_sg4,GENE016,0,0,0,0,0,0,0,0,0,0,0,0,0,0,0,0,0,0,0,0,0,0,0,0,0,0,0,0,444,628,773,814
SYN-SCREEN-08_GENE017_sg1,GENE017,0,0,0,0,0,0,0,0,0,0,0,0,0,0,0,0,0,0,0,0,0,0,0,0,0,0,0,0,1077,1003,918,879
SYN-SCREEN-08_GENE017_sg2,GENE017,0,0,0,0,0,0,0,0,0,0,0,0,0,0,0,0,0,0,0,0,0,0,0,0,0,0,0,0,449,491,484,574
SYN-SCREEN-08_GENE017_sg3,GENE017,0,0,0,0,0,0,0,0,0,0,0,0,0,0,0,0,0,0,0,0,0,0,0,0,0,0,0,0,460,645,579,603
SYN-SCREEN-08_GENE017_sg4,GENE017,0,0,0,0,0,0,0,0,0,0,0,0,0,0,0,0,0,0,0,0,0,0,0,0,0,0,0,0,1087,1188,1332,849
SYN-SCREEN-08_GENE018_sg1,GENE018,0,0,0,0,0,0,0,0,0,0,0,0,0,0,0,0,0,0,0,0,0,0,0,0,0,0,0,0,606,548,582,470
SYN-SCREEN-08_GENE018_sg2,GENE018,0,0,0,0,0,0,0,0,0,0,0,0,0,0,0,0,0,0,0,0,0,0,0,0,0,0,0,0,981,806,930,859
SYN-SCREEN-08_GENE018_sg3,GENE018,0,0,0,0,0,0,0,0,0,0,0,0,0,0,0,0,0,0,0,0,0,0,0,0,0,0,0,0,1140,1158,1204,1251
SYN-SCREEN-08_GENE018_sg4,GENE018,0,0,0,0,0,0,0,0,0,0,0,0,0,0,0,0,0,0,0,0,0,0,0,0,0,0,0,0,887,811,673,799
SYN-SCREEN-08_GENE019_sg1,GENE019,0,0,0,0,0,0,0,0,0,0,0,0,0,0,0,0,0,0,0,0,0,0,0,0,0,0,0,0,629,591,467,582
SYN-SCREEN-08_GENE019_sg2,GENE019,0,0,0,0,0,0,0,0,0,0,0,0,0,0,0,0,0,0,0,0,0,0,0,0,0,0,0,0,711,769,832,751
SYN-SCREEN-08_GENE019_sg3,GENE019,0,0,0,0,0,0,0,0,0,0,0,0,0,0,0,0,0,0,0,0,0,0,0,0,0,0,0,0,1077,1039,891,957
SYN-SCREEN-08_GENE019_sg4,GENE019,0,0,0,0,0,0,0,0,0,0,0,0,0,0,0,0,0,0,0,0,0,0,0,0,0,0,0,0,1079,944,912,717
SYN-SCREEN-08_GENE020_sg1,GENE020,0,0,0,0,0,0,0,0,0,0,0,0,0,0,0,0,0,0,0,0,0,0,0,0,0,0,0,0,592,632,589,762
SYN-SCREEN-08_GENE020_sg2,GENE020,0,0,0,0,0,0,0,0,0,0,0,0,0,0,0,0,0,0,0,0,0,0,0,0,0,0,0,0,907,1209,1320,1212
SYN-SCREEN-08_GENE020_sg3,GENE020,0,0,0,0,0,0,0,0,0,0,0,0,0,0,0,0,0,0,0,0,0,0,0,0,0,0,0,0,1003,1076,1019,1017
SYN-SCREEN-08_GENE020_sg4,GENE020,0,0,0,0,0,0,0,0,0,0,0,0,0,0,0,0,0,0,0,0,0,0,0,0,0,0,0,0,540,585,592,466
SYN-SCREEN-08_GENE021_sg1,GENE021,0,0,0,0,0,0,0,0,0,0,0,0,0,0,0,0,0,0,0,0,0,0,0,0,0,0,0,0,994,882,756,806
SYN-SCREEN-08_GENE021_sg2,GENE021,0,0,0,0,0,0,0,0,0,0,0,0,0,0,0,0,0,0,0,0,0,0,0,0,0,0,0,0,841,861,968,1000
SYN-SCREEN-08_GENE021_sg3,GENE021,0,0,0,0,0,0,0,0,0,0,0,0,0,0,0,0,0,0,0,0,0,0,0,0,0,0,0,0,866,961,753,780
SYN-SCREEN-08_GENE021_sg4,GENE021,0,0,0,0,0,0,0,0,0,0,0,0,0,0,0,0,0,0,0,0,0,0,0,0,0,0,0,0,742,752,799,571
SYN-SCREEN-08_GENE022_sg1,GENE022,0,0,0,0,0,0,0,0,0,0,0,0,0,0,0,0,0,0,0,0,0,0,0,0,0,0,0,0,1112,953,1027,893
SYN-SCREEN-08_GENE022_sg2,GENE022,0,0,0,0,0,0,0,0,0,0,0,0,0,0,0,0,0,0,0,0,0,0,0,0,0,0,0,0,1045,1061,1086,1161
SYN-SCREEN-08_GENE022_sg3,GENE022,0,0,0,0,0,0,0,0,0,0,0,0,0,0,0,0,0,0,0,0,0,0,0,0,0,0,0,0,652,652,902,636
SYN-SCREEN-08_GENE022_sg4,GENE022,0,0,0,0,0,0,0,0,0,0,0,0,0,0,0,0,0,0,0,0,0,0,0,0,0,0,0,0,810,963,1007,888
SYN-SCREEN-08_GENE023_sg1,GENE023,0,0,0,0,0,0,0,0,0,0,0,0,0,0,0,0,0,0,0,0,0,0,0,0,0,0,0,0,1043,950,869,924
SYN-SCREEN-08_GENE023_sg2,GENE023,0,0,0,0,0,0,0,0,0,0,0,0,0,0,0,0,0,0,0,0,0,0,0,0,0,0,0,0,1033,881,1047,755
SYN-SCREEN-08_GENE023_sg3,GENE023,0,0,0,0,0,0,0,0,0,0,0,0,0,0,0,0,0,0,0,0,0,0,0,0,0,0,0,0,922,1046,979,998
SYN-SCREEN-08_GENE023_sg4,GENE023,0,0,0,0,0,0,0,0,0,0,0,0,0,0,0,0,0,0,0,0,0,0,0,0,0,0,0,0,913,1074,1274,1002
SYN-SCREEN-08_GENE024_sg1,GENE024,0,0,0,0,0,0,0,0,0,0,0,0,0,0,0,0,0,0,0,0,0,0,0,0,0,0,0,0,777,630,1076,690
SYN-SCREEN-08_GENE024_sg2,GENE024,0,0,0,0,0,0,0,0,0,0,0,0,0,0,0,0,0,0,0,0,0,0,0,0,0,0,0,0,638,738,642,657
SYN-SCREEN-08_GENE024_sg3,GENE024,0,0,0,0,0,0,0,0,0,0,0,0,0,0,0,0,0,0,0,0,0,0,0,0,0,0,0,0,515,571,666,428
SYN-SCREEN-08_GENE024_sg4,GENE024,0,0,0,0,0,0,0,0,0,0,0,0,0,0,0,0,0,0,0,0,0,0,0,0,0,0,0,0,613,834,742,837
SYN-SCREEN-08_GENE025_sg1,GENE025,0,0,0,0,0,0,0,0,0,0,0,0,0,0,0,0,0,0,0,0,0,0,0,0,0,0,0,0,994,976,1296,886
SYN-SCREEN-08_GENE025_sg2,GENE025,0,0,0,0,0,0,0,0,0,0,0,0,0,0,0,0,0,0,0,0,0,0,0,0,0,0,0,0,1287,919,1065,1047
SYN-SCREEN-08_GENE025_sg3,GENE025,0,0,0,0,0,0,0,0,0,0,0,0,0,0,0,0,0,0,0,0,0,0,0,0,0,0,0,0,479,462,451,553
SYN-SCREEN-08_GENE025_sg4,GENE025,0,0,0,0,0,0,0,0,0,0,0,0,0,0,0,0,0,0,0,0,0,0,0,0,0,0,0,0,662,650,859,796
SYN-SCREEN-08_GENE026_sg1,GENE026,0,0,0,0,0,0,0,0,0,0,0,0,0,0,0,0,0,0,0,0,0,0,0,0,0,0,0,0,612,579,573,422
SYN-SCREEN-08_GENE026_sg2,GENE026,0,0,0,0,0,0,0,0,0,0,0,0,0,0,0,0,0,0,0,0,0,0,0,0,0,0,0,0,557,495,416,459
SYN-SCREEN-08_GENE026_sg3,GENE026,0,0,0,0,0,0,0,0,0,0,0,0,0,0,0,0,0,0,0,0,0,0,0,0,0,0,0,0,634,578,574,984
SYN-SCREEN-08_GENE026_sg4,GENE026,0,0,0,0,0,0,0,0,0,0,0,0,0,0,0,0,0,0,0,0,0,0,0,0,0,0,0,0,882,646,697,534
SYN-SCREEN-08_GENE027_sg1,GENE027,0,0,0,0,0,0,0,0,0,0,0,0,0,0,0,0,0,0,0,0,0,0,0,0,0,0,0,0,1128,847,1013,1035
SYN-SCREEN-08_GENE027_sg2,GENE027,0,0,0,0,0,0,0,0,0,0,0,0,0,0,0,0,0,0,0,0,0,0,0,0,0,0,0,0,653,594,535,838
SYN-SCREEN-08_GENE027_sg3,GENE027,0,0,0,0,0,0,0,0,0,0,0,0,0,0,0,0,0,0,0,0,0,0,0,0,0,0,0,0,497,605,564,466
SYN-SCREEN-08_GENE027_sg4,GENE027,0,0,0,0,0,0,0,0,0,0,0,0,0,0,0,0,0,0,0,0,0,0,0,0,0,0,0,0,1021,1254,1051,1183
SYN-SCREEN-08_GENE028_sg1,GENE028,0,0,0,0,0,0,0,0,0,0,0,0,0,0,0,0,0,0,0,0,0,0,0,0,0,0,0,0,885,997,878,871
SYN-SCREEN-08_GENE028_sg2,GENE028,0,0,0,0,0,0,0,0,0,0,0,0,0,0,0,0,0,0,0,0,0,0,0,0,0,0,0,0,1010,1180,1600,1433
SYN-SCREEN-08_GENE028_sg3,GENE028,0,0,0,0,0,0,0,0,0,0,0,0,0,0,0,0,0,0,0,0,0,0,0,0,0,0,0,0,935,836,1300,927
SYN-SCREEN-08_GENE028_sg4,GENE028,0,0,0,0,0,0,0,0,0,0,0,0,0,0,0,0,0,0,0,0,0,0,0,0,0,0,0,0,1045,927,844,1106
SYN-SCREEN-08_GENE029_sg1,GENE029,0,0,0,0,0,0,0,0,0,0,0,0,0,0,0,0,0,0,0,0,0,0,0,0,0,0,0,0,1002,783,808,765
SYN-SCREEN-08_GENE029_sg2,GENE029,0,0,0,0,0,0,0,0,0,0,0,0,0,0,0,0,0,0,0,0,0,0,0,0,0,0,0,0,768,659,558,498
SYN-SCREEN-08_GENE029_sg3,GENE029,0,0,0,0,0,0,0,0,0,0,0,0,0,0,0,0,0,0,0,0,0,0,0,0,0,0,0,0,799,944,1030,807
SYN-SCREEN-08_GENE029_sg4,GENE029,0,0,0,0,0,0,0,0,0,0,0,0,0,0,0,0,0,0,0,0,0,0,0,0,0,0,0,0,825,968,844,804
SYN-SCREEN-08_GENE030_sg1,GENE030,0,0,0,0,0,0,0,0,0,0,0,0,0,0,0,0,0,0,0,0,0,0,0,0,0,0,0,0,964,941,1178,1250
SYN-SCREEN-08_GENE030_sg2,GENE030,0,0,0,0,0,0,0,0,0,0,0,0,0,0,0,0,0,0,0,0,0,0,0,0,0,0,0,0,1089,1145,1093,902
SYN-SCREEN-08_GENE030_sg3,GENE030,0,0,0,0,0,0,0,0,0,0,0,0,0,0,0,0,0,0,0,0,0,0,0,0,0,0,0,0,1150,929,941,822
SYN-SCREEN-08_GENE030_sg4,GENE030,0,0,0,0,0,0,0,0,0,0,0,0,0,0,0,0,0,0,0,0,0,0,0,0,0,0,0,0,602,453,401,494
SYN-SCREEN-08_GENE031_sg1,GENE031,0,0,0,0,0,0,0,0,0,0,0,0,0,0,0,0,0,0,0,0,0,0,0,0,0,0,0,0,951,857,854,893
SYN-SCREEN-08_GENE031_sg2,GENE031,0,0,0,0,0,0,0,0,0,0,0,0,0,0,0,0,0,0,0,0,0,0,0,0,0,0,0,0,681,653,780,612
SYN-SCREEN-08_GENE031_sg3,GENE031,0,0,0,0,0,0,0,0,0,0,0,0,0,0,0,0,0,0,0,0,0,0,0,0,0,0,0,0,948,904,947,744
SYN-SCREEN-08_GENE031_sg4,GENE031,0,0,0,0,0,0,0,0,0,0,0,0,0,0,0,0,0,0,0,0,0,0,0,0,0,0,0,0,571,438,615,618
SYN-SCREEN-08_GENE032_sg1,GENE032,0,0,0,0,0,0,0,0,0,0,0,0,0,0,0,0,0,0,0,0,0,0,0,0,0,0,0,0,904,793,783,923
SYN-SCREEN-08_GENE032_sg2,GENE032,0,0,0,0,0,0,0,0,0,0,0,0,0,0,0,0,0,0,0,0,0,0,0,0,0,0,0,0,719,737,744,845
SYN-SCREEN-08_GENE032_sg3,GENE032,0,0,0,0,0,0,0,0,0,0,0,0,0,0,0,0,0,0,0,0,0,0,0,0,0,0,0,0,722,990,720,923
SYN-SCREEN-08_GENE032_sg4,GENE032,0,0,0,0,0,0,0,0,0,0,0,0,0,0,0,0,0,0,0,0,0,0,0,0,0,0,0,0,561,373,542,478
SYN-SCREEN-08_GENE033_sg1,GENE033,0,0,0,0,0,0,0,0,0,0,0,0,0,0,0,0,0,0,0,0,0,0,0,0,0,0,0,0,640,729,657,808
SYN-SCREEN-08_GENE033_sg2,GENE033,0,0,0,0,0,0,0,0,0,0,0,0,0,0,0,0,0,0,0,0,0,0,0,0,0,0,0,0,798,805,976,889
SYN-SCREEN-08_GENE033_sg3,GENE033,0,0,0,0,0,0,0,0,0,0,0,0,0,0,0,0,0,0,0,0,0,0,0,0,0,0,0,0,948,1152,1296,1620
SYN-SCREEN-08_GENE033_sg4,GENE033,0,0,0,0,0,0,0,0,0,0,0,0,0,0,0,0,0,0,0,0,0,0,0,0,0,0,0,0,892,885,1118,1190
SYN-SCREEN-08_GENE034_sg1,GENE034,0,0,0,0,0,0,0,0,0,0,0,0,0,0,0,0,0,0,0,0,0,0,0,0,0,0,0,0,946,1004,1078,853
SYN-SCREEN-08_GENE034_sg2,GENE034,0,0,0,0,0,0,0,0,0,0,0,0,0,0,0,0,0,0,0,0,0,0,0,0,0,0,0,0,1040,1373,1146,1023
SYN-SCREEN-08_GENE034_sg3,GENE034,0,0,0,0,0,0,0,0,0,0,0,0,0,0,0,0,0,0,0,0,0,0,0,0,0,0,0,0,1081,878,1144,1375
SYN-SCREEN-08_GENE034_sg4,GENE034,0,0,0,0,0,0,0,0,0,0,0,0,0,0,0,0,0,0,0,0,0,0,0,0,0,0,0,0,948,963,991,937
SYN-SCREEN-08_GENE035_sg1,GENE035,0,0,0,0,0,0,0,0,0,0,0,0,0,0,0,0,0,0,0,0,0,0,0,0,0,0,0,0,843,952,1161,1230
SYN-SCREEN-08_GENE035_sg2,GENE035,0,0,0,0,0,0,0,0,0,0,0,0,0,0,0,0,0,0,0,0,0,0,0,0,0,0,0,0,700,686,528,530
SYN-SCREEN-08_GENE035_sg3,GENE035,0,0,0,0,0,0,0,0,0,0,0,0,0,0,0,0,0,0,0,0,0,0,0,0,0,0,0,0,645,740,541,649
SYN-SCREEN-08_GENE035_sg4,GENE035,0,0,0,0,0,0,0,0,0,0,0,0,0,0,0,0,0,0,0,0,0,0,0,0,0,0,0,0,961,1062,1296,1021
SYN-SCREEN-08_GENE036_sg1,GENE036,0,0,0,0,0,0,0,0,0,0,0,0,0,0,0,0,0,0,0,0,0,0,0,0,0,0,0,0,672,660,610,447
SYN-SCREEN-08_GENE036_sg2,GENE036,0,0,0,0,0,0,0,0,0,0,0,0,0,0,0,0,0,0,0,0,0,0,0,0,0,0,0,0,1015,900,860,1048
SYN-SCREEN-08_GENE036_sg3,GENE036,0,0,0,0,0,0,0,0,0,0,0,0,0,0,0,0,0,0,0,0,0,0,0,0,0,0,0,0,566,473,544,514
SYN-SCREEN-08_GENE036_sg4,GENE036,0,0,0,0,0,0,0,0,0,0,0,0,0,0,0,0,0,0,0,0,0,0,0,0,0,0,0,0,767,928,831,685
SYN-SCREEN-08_GENE037_sg1,GENE037,0,0,0,0,0,0,0,0,0,0,0,0,0,0,0,0,0,0,0,0,0,0,0,0,0,0,0,0,478,419,465,431
SYN-SCREEN-08_GENE037_sg2,GENE037,0,0,0,0,0,0,0,0,0,0,0,0,0,0,0,0,0,0,0,0,0,0,0,0,0,0,0,0,1251,1045,939,1201
SYN-SCREEN-08_GENE037_sg3,GENE037,0,0,0,0,0,0,0,0,0,0,0,0,0,0,0,0,0,0,0,0,0,0,0,0,0,0,0,0,602,563,804,612
SYN-SCREEN-08_GENE037_sg4,GENE037,0,0,0,0,0,0,0,0,0,0,0,0,0,0,0,0,0,0,0,0,0,0,0,0,0,0,0,0,1151,1050,1068,1103
SYN-SCREEN-08_GENE038_sg1,GENE038,0,0,0,0,0,0,0,0,0,0,0,0,0,0,0,0,0,0,0,0,0,0,0,0,0,0,0,0,616,622,841,769
SYN-SCREEN-08_GENE038_sg2,GENE038,0,0,0,0,0,0,0,0,0,0,0,0,0,0,0,0,0,0,0,0,0,0,0,0,0,0,0,0,478,485,580,502
SYN-SCREEN-08_GENE038_sg3,GENE038,0,0,0,0,0,0,0,0,0,0,0,0,0,0,0,0,0,0,0,0,0,0,0,0,0,0,0,0,806,875,949,745
SYN-SCREEN-08_GENE038_sg4,GENE038,0,0,0,0,0,0,0,0,0,0,0,0,0,0,0,0,0,0,0,0,0,0,0,0,0,0,0,0,522,520,405,587
SYN-SCREEN-08_GENE039_sg1,GENE039,0,0,0,0,0,0,0,0,0,0,0,0,0,0,0,0,0,0,0,0,0,0,0,0,0,0,0,0,774,791,766,728
SYN-SCREEN-08_GENE039_sg2,GENE039,0,0,0,0,0,0,0,0,0,0,0,0,0,0,0,0,0,0,0,0,0,0,0,0,0,0,0,0,1051,970,1014,1215
SYN-SCREEN-08_GENE039_sg3,GENE039,0,0,0,0,0,0,0,0,0,0,0,0,0,0,0,0,0,0,0,0,0,0,0,0,0,0,0,0,516,623,537,531
SYN-SCREEN-08_GENE039_sg4,GENE039,0,0,0,0,0,0,0,0,0,0,0,0,0,0,0,0,0,0,0,0,0,0,0,0,0,0,0,0,1198,880,1044,1076
SYN-SCREEN-08_GENE040_sg1,GENE040,0,0,0,0,0,0,0,0,0,0,0,0,0,0,0,0,0,0,0,0,0,0,0,0,0,0,0,0,750,720,816,750
SYN-SCREEN-08_GENE040_sg2,GENE040,0,0,0,0,0,0,0,0,0,0,0,0,0,0,0,0,0,0,0,0,0,0,0,0,0,0,0,0,476,355,499,584
SYN-SCREEN-08_GENE040_sg3,GENE040,0,0,0,0,0,0,0,0,0,0,0,0,0,0,0,0,0,0,0,0,0,0,0,0,0,0,0,0,924,1230,1346,1036
SYN-SCREEN-08_GENE040_sg4,GENE040,0,0,0,0,0,0,0,0,0,0,0,0,0,0,0,0,0,0,0,0,0,0,0,0,0,0,0,0,528,598,698,691
SYN-SCREEN-08_GENE041_sg1,GENE041,0,0,0,0,0,0,0,0,0,0,0,0,0,0,0,0,0,0,0,0,0,0,0,0,0,0,0,0,1096,1108,927,1163
SYN-SCREEN-08_GENE041_sg2,GENE041,0,0,0,0,0,0,0,0,0,0,0,0,0,0,0,0,0,0,0,0,0,0,0,0,0,0,0,0,1128,1030,934,959
SYN-SCREEN-08_GENE041_sg3,GENE041,0,0,0,0,0,0,0,0,0,0,0,0,0,0,0,0,0,0,0,0,0,0,0,0,0,0,0,0,977,1033,1051,1220
SYN-SCREEN-08_GENE041_sg4,GENE041,0,0,0,0,0,0,0,0,0,0,0,0,0,0,0,0,0,0,0,0,0,0,0,0,0,0,0,0,1037,644,920,814
SYN-SCREEN-08_GENE042_sg1,GENE042,0,0,0,0,0,0,0,0,0,0,0,0,0,0,0,0,0,0,0,0,0,0,0,0,0,0,0,0,1353,1090,1253,1111
SYN-SCREEN-08_GENE042_sg2,GENE042,0,0,0,0,0,0,0,0,0,0,0,0,0,0,0,0,0,0,0,0,0,0,0,0,0,0,0,0,846,847,853,851
SYN-SCREEN-08_GENE042_sg3,GENE042,0,0,0,0,0,0,0,0,0,0,0,0,0,0,0,0,0,0,0,0,0,0,0,0,0,0,0,0,641,633,730,630
SYN-SCREEN-08_GENE042_sg4,GENE042,0,0,0,0,0,0,0,0,0,0,0,0,0,0,0,0,0,0,0,0,0,0,0,0,0,0,0,0,826,789,776,763
SYN-SCREEN-08_GENE043_sg1,GENE043,0,0,0,0,0,0,0,0,0,0,0,0,0,0,0,0,0,0,0,0,0,0,0,0,0,0,0,0,1209,1192,984,1199
SYN-SCREEN-08_GENE043_sg2,GENE043,0,0,0,0,0,0,0,0,0,0,0,0,0,0,0,0,0,0,0,0,0,0,0,0,0,0,0,0,741,675,939,880
SYN-SCREEN-08_GENE043_sg3,GENE043,0,0,0,0,0,0,0,0,0,0,0,0,0,0,0,0,0,0,0,0,0,0,0,0,0,0,0,0,765,670,885,594
SYN-SCREEN-08_GENE043_sg4,GENE043,0,0,0,0,0,0,0,0,0,0,0,0,0,0,0,0,0,0,0,0,0,0,0,0,0,0,0,0,949,875,945,1017
SYN-SCREEN-08_GENE044_sg1,GENE044,0,0,0,0,0,0,0,0,0,0,0,0,0,0,0,0,0,0,0,0,0,0,0,0,0,0,0,0,1126,882,973,751
SYN-SCREEN-08_GENE044_sg2,GENE044,0,0,0,0,0,0,0,0,0,0,0,0,0,0,0,0,0,0,0,0,0,0,0,0,0,0,0,0,619,577,482,585
SYN-SCREEN-08_GENE044_sg3,GENE044,0,0,0,0,0,0,0,0,0,0,0,0,0,0,0,0,0,0,0,0,0,0,0,0,0,0,0,0,702,507,445,490
SYN-SCREEN-08_GENE044_sg4,GENE044,0,0,0,0,0,0,0,0,0,0,0,0,0,0,0,0,0,0,0,0,0,0,0,0,0,0,0,0,967,1174,870,823
SYN-SCREEN-08_GENE045_sg1,GENE045,0,0,0,0,0,0,0,0,0,0,0,0,0,0,0,0,0,0,0,0,0,0,0,0,0,0,0,0,1104,1221,1224,1223
SYN-SCREEN-08_GENE045_sg2,GENE045,0,0,0,0,0,0,0,0,0,0,0,0,0,0,0,0,0,0,0,0,0,0,0,0,0,0,0,0,892,747,926,779
SYN-SCREEN-08_GENE045_sg3,GENE045,0,0,0,0,0,0,0,0,0,0,0,0,0,0,0,0,0,0,0,0,0,0,0,0,0,0,0,0,808,788,635,780
SYN-SCREEN-08_GENE045_sg4,GENE045,0,0,0,0,0,0,0,0,0,0,0,0,0,0,0,0,0,0,0,0,0,0,0,0,0,0,0,0,449,434,589,567
SYN-SCREEN-08_GENE046_sg1,GENE046,0,0,0,0,0,0,0,0,0,0,0,0,0,0,0,0,0,0,0,0,0,0,0,0,0,0,0,0,955,840,961,866
SYN-SCREEN-08_GENE046_sg2,GENE046,0,0,0,0,0,0,0,0,0,0,0,0,0,0,0,0,0,0,0,0,0,0,0,0,0,0,0,0,424,459,444,475
SYN-SCREEN-08_GENE046_sg3,GENE046,0,0,0,0,0,0,0,0,0,0,0,0,0,0,0,0,0,0,0,0,0,0,0,0,0,0,0,0,989,1213,1042,885
SYN-SCREEN-08_GENE046_sg4,GENE046,0,0,0,0,0,0,0,0,0,0,0,0,0,0,0,0,0,0,0,0,0,0,0,0,0,0,0,0,879,912,851,862
SYN-SCREEN-08_GENE047_sg1,GENE047,0,0,0,0,0,0,0,0,0,0,0,0,0,0,0,0,0,0,0,0,0,0,0,0,0,0,0,0,743,511,705,595
SYN-SCREEN-08_GENE047_sg2,GENE047,0,0,0,0,0,0,0,0,0,0,0,0,0,0,0,0,0,0,0,0,0,0,0,0,0,0,0,0,840,851,903,881
SYN-SCREEN-08_GENE047_sg3,GENE047,0,0,0,0,0,0,0,0,0,0,0,0,0,0,0,0,0,0,0,0,0,0,0,0,0,0,0,0,519,480,578,458
SYN-SCREEN-08_GENE047_sg4,GENE047,0,0,0,0,0,0,0,0,0,0,0,0,0,0,0,0,0,0,0,0,0,0,0,0,0,0,0,0,1486,966,1001,817
SYN-SCREEN-08_GENE048_sg1,GENE048,0,0,0,0,0,0,0,0,0,0,0,0,0,0,0,0,0,0,0,0,0,0,0,0,0,0,0,0,466,582,408,446
SYN-SCREEN-08_GENE048_sg2,GENE048,0,0,0,0,0,0,0,0,0,0,0,0,0,0,0,0,0,0,0,0,0,0,0,0,0,0,0,0,1330,1062,1054,983
SYN-SCREEN-08_GENE048_sg3,GENE048,0,0,0,0,0,0,0,0,0,0,0,0,0,0,0,0,0,0,0,0,0,0,0,0,0,0,0,0,1258,992,1138,869
SYN-SCREEN-08_GENE048_sg4,GENE048,0,0,0,0,0,0,0,0,0,0,0,0,0,0,0,0,0,0,0,0,0,0,0,0,0,0,0,0,671,512,645,668
SYN-SCREEN-08_GENE049_sg1,GENE049,0,0,0,0,0,0,0,0,0,0,0,0,0,0,0,0,0,0,0,0,0,0,0,0,0,0,0,0,664,786,749,622
SYN-SCREEN-08_GENE049_sg2,GENE049,0,0,0,0,0,0,0,0,0,0,0,0,0,0,0,0,0,0,0,0,0,0,0,0,0,0,0,0,672,747,1012,737
SYN-SCREEN-08_GENE049_sg3,GENE049,0,0,0,0,0,0,0,0,0,0,0,0,0,0,0,0,0,0,0,0,0,0,0,0,0,0,0,0,1001,1043,1162,1343
SYN-SCREEN-08_GENE049_sg4,GENE049,0,0,0,0,0,0,0,0,0,0,0,0,0,0,0,0,0,0,0,0,0,0,0,0,0,0,0,0,996,1041,794,948
SYN-SCREEN-08_GENE050_sg1,GENE050,0,0,0,0,0,0,0,0,0,0,0,0,0,0,0,0,0,0,0,0,0,0,0,0,0,0,0,0,558,606,626,498
SYN-SCREEN-08_GENE050_sg2,GENE050,0,0,0,0,0,0,0,0,0,0,0,0,0,0,0,0,0,0,0,0,0,0,0,0,0,0,0,0,1495,1221,1132,985
SYN-SCREEN-08_GENE050_sg3,GENE050,0,0,0,0,0,0,0,0,0,0,0,0,0,0,0,0,0,0,0,0,0,0,0,0,0,0,0,0,626,685,753,742
SYN-SCREEN-08_GENE050_sg4,GENE050,0,0,0,0,0,0,0,0,0,0,0,0,0,0,0,0,0,0,0,0,0,0,0,0,0,0,0,0,753,734,872,841
SYN-SCREEN-08_GENE051_sg1,GENE051,0,0,0,0,0,0,0,0,0,0,0,0,0,0,0,0,0,0,0,0,0,0,0,0,0,0,0,0,1007,856,850,925
SYN-SCREEN-08_GENE051_sg2,GENE051,0,0,0,0,0,0,0,0,0,0,0,0,0,0,0,0,0,0,0,0,0,0,0,0,0,0,0,0,856,629,621,803
SYN-SCREEN-08_GENE051_sg3,GENE051,0,0,0,0,0,0,0,0,0,0,0,0,0,0,0,0,0,0,0,0,0,0,0,0,0,0,0,0,1033,1322,1227,1202
SYN-SCREEN-08_GENE051_sg4,GENE051,0,0,0,0,0,0,0,0,0,0,0,0,0,0,0,0,0,0,0,0,0,0,0,0,0,0,0,0,1059,1092,1165,1144
SYN-SCREEN-08_GENE052_sg1,GENE052,0,0,0,0,0,0,0,0,0,0,0,0,0,0,0,0,0,0,0,0,0,0,0,0,0,0,0,0,776,742,766,890
SYN-SCREEN-08_GENE052_sg2,GENE052,0,0,0,0,0,0,0,0,0,0,0,0,0,0,0,0,0,0,0,0,0,0,0,0,0,0,0,0,662,733,604,681
SYN-SCREEN-08_GENE052_sg3,GENE052,0,0,0,0,0,0,0,0,0,0,0,0,0,0,0,0,0,0,0,0,0,0,0,0,0,0,0,0,768,993,908,958
SYN-SCREEN-08_GENE052_sg4,GENE052,0,0,0,0,0,0,0,0,0,0,0,0,0,0,0,0,0,0,0,0,0,0,0,0,0,0,0,0,777,855,1025,905
SYN-SCREEN-08_GENE053_sg1,GENE053,0,0,0,0,0,0,0,0,0,0,0,0,0,0,0,0,0,0,0,0,0,0,0,0,0,0,0,0,1030,911,974,1131
SYN-SCREEN-08_GENE053_sg2,GENE053,0,0,0,0,0,0,0,0,0,0,0,0,0,0,0,0,0,0,0,0,0,0,0,0,0,0,0,0,676,602,725,821
SYN-SCREEN-08_GENE053_sg3,GENE053,0,0,0,0,0,0,0,0,0,0,0,0,0,0,0,0,0,0,0,0,0,0,0,0,0,0,0,0,782,952,966,969
SYN-SCREEN-08_GENE053_sg4,GENE053,0,0,0,0,0,0,0,0,0,0,0,0,0,0,0,0,0,0,0,0,0,0,0,0,0,0,0,0,1165,1083,1177,1169
SYN-SCREEN-08_GENE054_sg1,GENE054,0,0,0,0,0,0,0,0,0,0,0,0,0,0,0,0,0,0,0,0,0,0,0,0,0,0,0,0,523,740,683,674
SYN-SCREEN-08_GENE054_sg2,GENE054,0,0,0,0,0,0,0,0,0,0,0,0,0,0,0,0,0,0,0,0,0,0,0,0,0,0,0,0,543,554,564,413
SYN-SCREEN-08_GENE054_sg3,GENE054,0,0,0,0,0,0,0,0,0,0,0,0,0,0,0,0,0,0,0,0,0,0,0,0,0,0,0,0,977,896,836,745
SYN-SCREEN-08_GENE054_sg4,GENE054,0,0,0,0,0,0,0,0,0,0,0,0,0,0,0,0,0,0,0,0,0,0,0,0,0,0,0,0,1014,999,1151,966
SYN-SCREEN-08_GENE055_sg1,GENE055,0,0,0,0,0,0,0,0,0,0,0,0,0,0,0,0,0,0,0,0,0,0,0,0,0,0,0,0,637,464,544,415
SYN-SCREEN-08_GENE055_sg2,GENE055,0,0,0,0,0,0,0,0,0,0,0,0,0,0,0,0,0,0,0,0,0,0,0,0,0,0,0,0,455,624,527,506
SYN-SCREEN-08_GENE055_sg3,GENE055,0,0,0,0,0,0,0,0,0,0,0,0,0,0,0,0,0,0,0,0,0,0,0,0,0,0,0,0,551,769,576,704
SYN-SCREEN-08_GENE055_sg4,GENE055,0,0,0,0,0,0,0,0,0,0,0,0,0,0,0,0,0,0,0,0,0,0,0,0,0,0,0,0,442,425,418,416
SYN-SCREEN-08_GENE056_sg1,GENE056,0,0,0,0,0,0,0,0,0,0,0,0,0,0,0,0,0,0,0,0,0,0,0,0,0,0,0,0,441,462,597,488
SYN-SCREEN-08_GENE056_sg2,GENE056,0,0,0,0,0,0,0,0,0,0,0,0,0,0,0,0,0,0,0,0,0,0,0,0,0,0,0,0,669,459,537,547
SYN-SCREEN-08_GENE056_sg3,GENE056,0,0,0,0,0,0,0,0,0,0,0,0,0,0,0,0,0,0,0,0,0,0,0,0,0,0,0,0,1252,1037,1161,1140
SYN-SCREEN-08_GENE056_sg4,GENE056,0,0,0,0,0,0,0,0,0,0,0,0,0,0,0,0,0,0,0,0,0,0,0,0,0,0,0,0,738,761,875,754
SYN-SCREEN-08_GENE057_sg1,GENE057,0,0,0,0,0,0,0,0,0,0,0,0,0,0,0,0,0,0,0,0,0,0,0,0,0,0,0,0,807,822,962,666
SYN-SCREEN-08_GENE057_sg2,GENE057,0,0,0,0,0,0,0,0,0,0,0,0,0,0,0,0,0,0,0,0,0,0,0,0,0,0,0,0,847,643,646,836
SYN-SCREEN-08_GENE057_sg3,GENE057,0,0,0,0,0,0,0,0,0,0,0,0,0,0,0,0,0,0,0,0,0,0,0,0,0,0,0,0,1220,1214,1183,1099
SYN-SCREEN-08_GENE057_sg4,GENE057,0,0,0,0,0,0,0,0,0,0,0,0,0,0,0,0,0,0,0,0,0,0,0,0,0,0,0,0,788,645,960,662
SYN-SCREEN-08_GENE058_sg1,GENE058,0,0,0,0,0,0,0,0,0,0,0,0,0,0,0,0,0,0,0,0,0,0,0,0,0,0,0,0,958,948,816,1055
SYN-SCREEN-08_GENE058_sg2,GENE058,0,0,0,0,0,0,0,0,0,0,0,0,0,0,0,0,0,0,0,0,0,0,0,0,0,0,0,0,501,409,375,357
SYN-SCREEN-08_GENE058_sg3,GENE058,0,0,0,0,0,0,0,0,0,0,0,0,0,0,0,0,0,0,0,0,0,0,0,0,0,0,0,0,486,487,389,421
SYN-SCREEN-08_GENE058_sg4,GENE058,0,0,0,0,0,0,0,0,0,0,0,0,0,0,0,0,0,0,0,0,0,0,0,0,0,0,0,0,778,738,738,709
SYN-SCREEN-08_GENE059_sg1,GENE059,0,0,0,0,0,0,0,0,0,0,0,0,0,0,0,0,0,0,0,0,0,0,0,0,0,0,0,0,1153,1007,989,1076
SYN-SCREEN-08_GENE059_sg2,GENE059,0,0,0,0,0,0,0,0,0,0,0,0,0,0,0,0,0,0,0,0,0,0,0,0,0,0,0,0,712,591,639,795
SYN-SCREEN-08_GENE059_sg3,GENE059,0,0,0,0,0,0,0,0,0,0,0,0,0,0,0,0,0,0,0,0,0,0,0,0,0,0,0,0,998,878,810,932
SYN-SCREEN-08_GENE059_sg4,GENE059,0,0,0,0,0,0,0,0,0,0,0,0,0,0,0,0,0,0,0,0,0,0,0,0,0,0,0,0,853,795,742,773
