gene_symbol,guide_n,median_guide_lfc,mean_guide_lfc,mean_control_count,low_count_fraction,zero_fraction_control,zero_fraction_treatment,positive_guide_fraction,negative_guide_fraction,neutral_guide_fraction,guide_lfc_mad,guide_lfc_iqr,top2_abs_lfc_mean,leave_one_guide_out_median_sd,strongest_guide_dominance,guide_direction_agreement,absolute_median_guide_lfc,absolute_mean_guide_lfc,signal_direction,is_sensitization_signal,is_neutral_signal,within_screen_effect_percentile,replicate_correlation,control_replicate_correlation,treatment_replicate_correlation,replicate_effect_sd,median_library_size,normalization_method,screen_id,contrast_id,study_id,source_family_id,raw_data_family_id,control_sample_n,treatment_sample_n,baseline_sample_n,paired_replicate_fraction,vehicle_control_present,baseline_control_present,same_infection_split,matched_control,cnv_amplification_risk_assessed,treatment_dose_reported,observed_infection_replicate_count,observed_biological_replicate_count,observed_technical_replicate_count,observed_timepoint_count,library_size_guides,target_gene_count,guides_per_gene_median,nontargeting_guide_count,library_moi,effector_moi,coverage_transduction,coverage_selection,coverage_harvest,infection_replicate_count,antibiotic_selection_days,editing_maturation_days,plasmid_reads_per_guide,plasmid_zero_guide_fraction,plasmid_skew_ratio,screen_reads_per_guide,gdna_fraction_amplified,pcr_cycle_count,exposure_days,recovery_days,endpoint_timepoint_days,minimum_declared_coverage,control_type_vehicle,control_type_untreated,control_type_baseline_t0,control_type_later_timepoint,control_type_sorted_population,control_type_matched_nontargeting,control_type_other,control_type_unknown,screen_scale_genome_wide,selection_strategy_positive_selection,selection_strategy_negative_selection,selection_strategy_bidirectional_selection,selection_strategy_competitive_growth,selection_strategy_marker_sort,selection_strategy_other,selection_strategy_unknown,independent_infection_replicates_declared,design_metadata_completeness,library_size_guides_missing,target_gene_count_missing,guides_per_gene_median_missing,nontargeting_guide_count_missing,library_moi_missing,effector_moi_missing,coverage_transduction_missing,coverage_selection_missing,coverage_harvest_missing,infection_replicate_count_missing,antibiotic_selection_days_missing,editing_maturation_days_missing,plasmid_reads_per_guide_missing,plasmid_zero_guide_fraction_missing,plasmid_skew_ratio_missing,screen_reads_per_guide_missing,gdna_fraction_amplified_missing,pcr_cycle_count_missing,exposure_days_missing,recovery_days_missing,endpoint_timepoint_days_missing,minimum_declared_coverage_missing,paired_replicate_fraction_missing,vehicle_control_present_missing,baseline_control_present_missing,same_infection_split_missing,matched_control_missing,cnv_amplification_risk_assessed_missing,observed_infection_replicate_count_missing,observed_biological_replicate_count_missing,observed_technical_replicate_count_missing,observed_timepoint_count_missing,phenotype_direction,label_code,testing_status
GENE000,4,1.5051584582,1.52993846481,1127.5,0,0,0,1,0,0,0.140694723315,0.258402098798,1.69541319474,0.107303282865,0.292943246353,1,1.5051584582,1.52993846481,resistance,0,0,0.833333333333,0.886777073013,0.840834109913,0.932720036112,0.227794559688,216006,median_ratio,SYN-SCREEN-01,SYN-SCREEN-01-DRUG-vs-CTRL,SYN-STUDY-01,SYN-SOURCE-FAMILY-SHARED,SYN-FAMILY-SHARED,2,2,0,1,1,1,1,1,1,1,2,2,,1,240,60,4,20,0.25,,450,400,350,2,7,7,200,0,4,500,1,22,14,,14,350,1,0,0,0,0,0,0,0,1,1,0,0,0,0,0,0,1,1,0,0,0,0,0,1,0,0,0,0,0,0,0,0,0,0,0,0,0,1,0,0,0,0,0,0,0,0,0,0,1,0,resistance,V3,tested
GENE001,4,1.48314616258,1.58323717909,788,0,0,0,1,0,0,0.0173059244104,0.132357969633,1.70063412002,0.0172755079004,0.300517363079,1,1.48314616258,1.58323717909,resistance,0,0,0.816666666667,0.886777073013,0.840834109913,0.932720036112,0.0643263956514,216006,median_ratio,SYN-SCREEN-01,SYN-SCREEN-01-DRUG-vs-CTRL,SYN-STUDY-01,SYN-SOURCE-FAMILY-SHARED,SYN-FAMILY-SHARED,2,2,0,1,1,1,1,1,1,1,2,2,,1,240,60,4,20,0.25,,450,400,350,2,7,7,200,0,4,500,1,22,14,,14,350,1,0,0,0,0,0,0,0,1,1,0,0,0,0,0,0,1,1,0,0,0,0,0,1,0,0,0,0,0,0,0,0,0,0,0,0,0,1,0,0,0,0,0,0,0,0,0,0,1,0,resistance,V2,tested
GENE002,4,1.63760549721,1.62317535253,796.75,0,0,0,1,0,0,0.136587506155,0.194191590035,1.77419300336,0.0498529708426,0.28764707513,1,1.63760549721,1.62317535253,resistance,0,0,0.916666666667,0.886777073013,0.840834109913,0.932720036112,0.188078192463,216006,median_ratio,SYN-SCREEN-01,SYN-SCREEN-01-DRUG-vs-CTRL,SYN-STUDY-01,SYN-SOURCE-FAMILY-SHARED,SYN-FAMILY-SHARED,2,2,0,1,1,1,1,1,1,1,2,2,,1,240,60,4,20,0.25,,450,400,350,2,7,7,200,0,4,500,1,22,14,,14,350,1,0,0,0,0,0,0,0,1,1,0,0,0,0,0,0,1,1,0,0,0,0,0,1,0,0,0,0,0,0,0,0,0,0,0,0,0,1,0,0,0,0,0,0,0,0,0,0,1,0,resistance,V2,tested
GENE003,4,1.62223740374,1.55955817125,530.5,0,0,0,1,0,0,0.094188059166,0.160655149177,1.71642546291,0.00437384111627,0.289637427103,1,1.62223740374,1.55955817125,resistance,0,0,0.883333333333,0.886777073013,0.840834109913,0.932720036112,0.0167459965592,216006,median_ratio,SYN-SCREEN-01,SYN-SCREEN-01-DRUG-vs-CTRL,SYN-STUDY-01,SYN-SOURCE-FAMILY-SHARED,SYN-FAMILY-SHARED,2,2,0,1,1,1,1,1,1,1,2,2,,1,240,60,4,20,0.25,,450,400,350,2,7,7,200,0,4,500,1,22,14,,14,350,1,0,0,0,0,0,0,0,1,1,0,0,0,0,0,0,1,1,0,0,0,0,0,1,0,0,0,0,0,0,0,0,0,0,0,0,0,1,0,0,0,0,0,0,0,0,0,0,1,0,resistance,F0,tested
GENE004,4,1.64071204118,1.63822383844,913.375,0,0,0,1,0,0,0.150689626425,0.203785402684,1.79140166761,0.0584365923816,0.288648546697,1,1.64071204118,1.63822383844,resistance,0,0,0.933333333333,0.886777073013,0.840834109913,0.932720036112,0.0790125659923,216006,median_ratio,SYN-SCREEN-01,SYN-SCREEN-01-DRUG-vs-CTRL,SYN-STUDY-01,SYN-SOURCE-FAMILY-SHARED,SYN-FAMILY-SHARED,2,2,0,1,1,1,1,1,1,1,2,2,,1,240,60,4,20,0.25,,450,400,350,2,7,7,200,0,4,500,1,22,14,,14,350,1,0,0,0,0,0,0,0,1,1,0,0,0,0,0,0,1,1,0,0,0,0,0,1,0,0,0,0,0,0,0,0,0,0,0,0,0,1,0,0,0,0,0,0,0,0,0,0,1,0,resistance,F0,tested
GENE005,4,1.55250661582,1.56472311866,780.5,0,0,0,1,0,0,0.091713261162,0.182310521313,1.66865288267,0.0905063026633,0.272639033042,1,1.55250661582,1.56472311866,resistance,0,0,0.85,0.886777073013,0.840834109913,0.932720036112,0.077080953476,216006,median_ratio,SYN-SCREEN-01,SYN-SCREEN-01-DRUG-vs-CTRL,SYN-STUDY-01,SYN-SOURCE-FAMILY-SHARED,SYN-FAMILY-SHARED,2,2,0,1,1,1,1,1,1,1,2,2,,1,240,60,4,20,0.25,,450,400,350,2,7,7,200,0,4,500,1,22,14,,14,350,1,0,0,0,0,0,0,0,1,1,0,0,0,0,0,0,1,1,0,0,0,0,0,1,0,0,0,0,0,0,0,0,0,0,0,0,0,1,0,0,0,0,0,0,0,0,0,0,1,0,resistance,U,unknown
GENE006,4,-1.71992881943,-1.73720841496,979.375,0,0,0,0,1,0,0.0896920001587,0.188007308134,1.84418001064,0.093571980798,0.27161327811,1,1.71992881943,1.73720841496,sensitization,1,0,1,0.886777073013,0.840834109913,0.932720036112,0.0277213042541,216006,median_ratio,SYN-SCREEN-01,SYN-SCREEN-01-DRUG-vs-CTRL,SYN-STUDY-01,SYN-SOURCE-FAMILY-SHARED,SYN-FAMILY-SHARED,2,2,0,1,1,1,1,1,1,1,2,2,,1,240,60,4,20,0.25,,450,400,350,2,7,7,200,0,4,500,1,22,14,,14,350,1,0,0,0,0,0,0,0,1,1,0,0,0,0,0,0,1,1,0,0,0,0,0,1,0,0,0,0,0,0,0,0,0,0,0,0,0,1,0,0,0,0,0,0,0,0,0,0,1,0,sensitization,V2,tested
GENE007,4,-1.62176373394,-1.69932973636,579,0,0,0,0,1,0,0.0875206791579,0.195955706383,1.86441641794,0.0356444795579,0.305443968984,1,1.62176373394,1.69932973636,sensitization,1,0,0.866666666667,0.886777073013,0.840834109913,0.932720036112,0.0504306619304,216006,median_ratio,SYN-SCREEN-01,SYN-SCREEN-01-DRUG-vs-CTRL,SYN-STUDY-01,SYN-SOURCE-FAMILY-SHARED,SYN-FAMILY-SHARED,2,2,0,1,1,1,1,1,1,1,2,2,,1,240,60,4,20,0.25,,450,400,350,2,7,7,200,0,4,500,1,22,14,,14,350,1,0,0,0,0,0,0,0,1,1,0,0,0,0,0,0,1,1,0,0,0,0,0,1,0,0,0,0,0,0,0,0,0,0,0,0,0,1,0,0,0,0,0,0,0,0,0,0,1,0,sensitization,V2,tested
GENE008,4,-1.65018866267,-1.63956533612,841.5,0,0,0,0,1,0,0.066716308573,0.0906508669656,1.71690497124,0.0153704865769,0.269935880103,1,1.65018866267,1.63956533612,sensitization,1,0,0.95,0.886777073013,0.840834109913,0.932720036112,0.172596660626,216006,median_ratio,SYN-SCREEN-01,SYN-SCREEN-01-DRUG-vs-CTRL,SYN-STUDY-01,SYN-SOURCE-FAMILY-SHARED,SYN-FAMILY-SHARED,2,2,0,1,1,1,1,1,1,1,2,2,,1,240,60,4,20,0.25,,450,400,350,2,7,7,200,0,4,500,1,22,14,,14,350,1,0,0,0,0,0,0,0,1,1,0,0,0,0,0,0,1,1,0,0,0,0,0,1,0,0,0,0,0,0,0,0,0,0,0,0,0,1,0,0,0,0,0,0,0,0,0,0,1,0,sensitization,F0,tested
GENE009,4,-1.62400180586,-1.64550080314,852.75,0,0,0,0,1,0,0.0562010871644,0.101127557575,1.72320088759,0.0270517158328,0.273316866932,1,1.62400180586,1.64550080314,sensitization,1,0,0.9,0.886777073013,0.840834109913,0.932720036112,0.0378723842853,216006,median_ratio,SYN-SCREEN-01,SYN-SCREEN-01-DRUG-vs-CTRL,SYN-STUDY-01,SYN-SOURCE-FAMILY-SHARED,SYN-FAMILY-SHARED,2,2,0,1,1,1,1,1,1,1,2,2,,1,240,60,4,20,0.25,,450,400,350,2,7,7,200,0,4,500,1,22,14,,14,350,1,0,0,0,0,0,0,0,1,1,0,0,0,0,0,0,1,1,0,0,0,0,0,1,0,0,0,0,0,0,0,0,0,0,0,0,0,1,0,0,0,0,0,0,0,0,0,0,1,0,sensitization,D,tested
GENE010,4,-1.66198024519,-1.65837600307,924.625,0,0,0,0,1,0,0.102899176922,0.172581082812,1.76487942211,0.0762999139313,0.271606217759,1,1.66198024519,1.65837600307,sensitization,1,0,0.966666666667,0.886777073013,0.840834109913,0.932720036112,0.196482947879,216006,median_ratio,SYN-SCREEN-01,SYN-SCREEN-01-DRUG-vs-CTRL,SYN-STUDY-01,SYN-SOURCE-FAMILY-SHARED,SYN-FAMILY-SHARED,2,2,0,1,1,1,1,1,1,1,2,2,,1,240,60,4,20,0.25,,450,400,350,2,7,7,200,0,4,500,1,22,14,,14,350,1,0,0,0,0,0,0,0,1,1,0,0,0,0,0,0,1,1,0,0,0,0,0,1,0,0,0,0,0,0,0,0,0,0,0,0,0,1,0,0,0,0,0,0,0,0,0,0,1,0,sensitization,U,unknown
GENE011,4,-1.66979166329,-1.68650357925,729.625,0,0,0,0,1,0,0.161608992034,0.2261335276,1.86482448726,0.0552092575914,0.298256807216,1,1.66979166329,1.68650357925,sensitization,1,0,0.983333333333,0.886777073013,0.840834109913,0.932720036112,0.1369739951,216006,median_ratio,SYN-SCREEN-01,SYN-SCREEN-01-DRUG-vs-CTRL,SYN-STUDY-01,SYN-SOURCE-FAMILY-SHARED,SYN-FAMILY-SHARED,2,2,0,1,1,1,1,1,1,1,2,2,,1,240,60,4,20,0.25,,450,400,350,2,7,7,200,0,4,500,1,22,14,,14,350,1,0,0,0,0,0,0,0,1,1,0,0,0,0,0,0,1,1,0,0,0,0,0,1,0,0,0,0,0,0,0,0,0,0,0,0,0,1,0,0,0,0,0,0,0,0,0,0,1,0,sensitization,U,unknown
GENE012,4,1.01765680456,1.01495636239,968.25,0,0,0,1,0,0,0.120473708435,0.240992435514,1.138130513,0.136044837018,0.280993838452,1,1.01765680456,1.01495636239,resistance,0,0,0.8,0.886777073013,0.840834109913,0.932720036112,0.192250983462,216006,median_ratio,SYN-SCREEN-01,SYN-SCREEN-01-DRUG-vs-CTRL,SYN-STUDY-01,SYN-SOURCE-FAMILY-SHARED,SYN-FAMILY-SHARED,2,2,0,1,1,1,1,1,1,1,2,2,,1,240,60,4,20,0.25,,450,400,350,2,7,7,200,0,4,500,1,22,14,,14,350,1,0,0,0,0,0,0,0,1,1,0,0,0,0,0,0,1,1,0,0,0,0,0,1,0,0,0,0,0,0,0,0,0,0,0,0,0,1,0,0,0,0,0,0,0,0,0,0,1,0,resistance,F0,tested
GENE013,4,-0.937971993848,-0.966382166413,816.625,0,0,0,0,1,0,0.12846198228,0.276769921155,1.12325432126,0.138446015308,0.307497107167,1,0.937971993848,0.966382166413,sensitization,1,0,0.783333333333,0.886777073013,0.840834109913,0.932720036112,0.147836410356,216006,median_ratio,SYN-SCREEN-01,SYN-SCREEN-01-DRUG-vs-CTRL,SYN-STUDY-01,SYN-SOURCE-FAMILY-SHARED,SYN-FAMILY-SHARED,2,2,0,1,1,1,1,1,1,1,2,2,,1,240,60,4,20,0.25,,450,400,350,2,7,7,200,0,4,500,1,22,14,,14,350,1,0,0,0,0,0,0,0,1,1,0,0,0,0,0,0,1,1,0,0,0,0,0,1,0,0,0,0,0,0,0,0,0,0,0,0,0,1,0,0,0,0,0,0,0,0,0,0,1,0,sensitization,F0,tested
GENE014,4,0.606895991965,0.677308565875,867.5,0,0,0,1,0,0,0.0829485969968,0.163553727999,0.830669736782,0.0117693511614,0.38544135462,1,0.606895991965,0.677308565875,resistance,0,0,0.75,0.886777073013,0.840834109913,0.932720036112,0.0964532373738,216006,median_ratio,SYN-SCREEN-01,SYN-SCREEN-01-DRUG-vs-CTRL,SYN-STUDY-01,SYN-SOURCE-FAMILY-SHARED,SYN-FAMILY-SHARED,2,2,0,1,1,1,1,1,1,1,2,2,,1,240,60,4,20,0.25,,450,400,350,2,7,7,200,0,4,500,1,22,14,,14,350,1,0,0,0,0,0,0,0,1,1,0,0,0,0,0,0,1,1,0,0,0,0,0,1,0,0,0,0,0,0,0,0,0,0,0,0,0,1,0,0,0,0,0,0,0,0,0,0,1,0,resistance,V1,tested
GENE015,4,-0.717787505533,-0.722688780299,776.625,0,0,0,0,1,0,0.0337009775061,0.0568437106947,0.761291032571,0.0210634218617,0.272092608405,1,0.717787505533,0.722688780299,sensitization,1,0,0.766666666667,0.886777073013,0.840834109913,0.932720036112,0.109460080778,216006,median_ratio,SYN-SCREEN-01,SYN-SCREEN-01-DRUG-vs-CTRL,SYN-STUDY-01,SYN-SOURCE-FAMILY-SHARED,SYN-FAMILY-SHARED,2,2,0,1,1,1,1,1,1,1,2,2,,1,240,60,4,20,0.25,,450,400,350,2,7,7,200,0,4,500,1,22,14,,14,350,1,0,0,0,0,0,0,0,1,1,0,0,0,0,0,0,1,1,0,0,0,0,0,1,0,0,0,0,0,0,0,0,0,0,0,0,0,1,0,0,0,0,0,0,0,0,0,0,1,0,sensitization,A,tested
GENE016,4,0.314608681755,0.312978952504,782.625,0,0,0,1,0,0,0.0631533334308,0.0800523655121,0.377762015186,0.0176314721987,0.33999574283,1,0.314608681755,0.312978952504,resistance,0,0,0.7,0.886777073013,0.840834109913,0.932720036112,0.132631743053,216006,median_ratio,SYN-SCREEN-01,SYN-SCREEN-01-DRUG-vs-CTRL,SYN-STUDY-01,SYN-SOURCE-FAMILY-SHARED,SYN-FAMILY-SHARED,2,2,0,1,1,1,1,1,1,1,2,2,,1,240,60,4,20,0.25,,450,400,350,2,7,7,200,0,4,500,1,22,14,,14,350,1,0,0,0,0,0,0,0,1,1,0,0,0,0,0,0,1,1,0,0,0,0,0,1,0,0,0,0,0,0,0,0,0,0,0,0,0,1,0,0,0,0,0,0,0,0,0,0,1,0,resistance,T,tested
GENE017,4,0.108734292639,0.0873042400587,673,0,0,0,0.75,0,0.25,0.0312553662501,0.0534069919968,0.139989658889,0.000833200923744,0.399570272104,0.75,0.108734292639,0.0873042400587,resistance,0,0,0.5,0.886777073013,0.840834109913,0.932720036112,0.0425744587118,216006,median_ratio,SYN-SCREEN-01,SYN-SCREEN-01-DRUG-vs-CTRL,SYN-STUDY-01,SYN-SOURCE-FAMILY-SHARED,SYN-FAMILY-SHARED,2,2,0,1,1,1,1,1,1,1,2,2,,1,240,60,4,20,0.25,,450,400,350,2,7,7,200,0,4,500,1,22,14,,14,350,1,0,0,0,0,0,0,0,1,1,0,0,0,0,0,0,1,1,0,0,0,0,0,1,0,0,0,0,0,0,0,0,0,0,0,0,0,1,0,0,0,0,0,0,0,0,0,0,1,0,sensitization,U,unknown
GENE018,4,-0.0307910293614,-0.00942338600591,928.625,0,0,0,0.25,0.25,0.5,0.0905232483326,0.125088687301,0.210583987763,0.0152395016994,0.460959563595,0.25,0.0307910293614,0.00942338600591,neutral,0,1,0.216666666667,0.886777073013,0.840834109913,0.932720036112,0.0939952095515,216006,median_ratio,SYN-SCREEN-01,SYN-SCREEN-01-DRUG-vs-CTRL,SYN-STUDY-01,SYN-SOURCE-FAMILY-SHARED,SYN-FAMILY-SHARED,2,2,0,1,1,1,1,1,1,1,2,2,,1,240,60,4,20,0.25,,450,400,350,2,7,7,200,0,4,500,1,22,14,,14,350,1,0,0,0,0,0,0,0,1,1,0,0,0,0,0,0,1,1,0,0,0,0,0,1,0,0,0,0,0,0,0,0,0,0,0,0,0,1,0,0,0,0,0,0,0,0,0,0,1,0,sensitization,U,unknown
GENE019,4,-0.335999755161,-0.365362904376,997.25,0,0,0,0,1,0,0.0554132184969,0.124239025077,0.450139272088,0.0455675517053,0.359106059594,1,0.335999755161,0.365362904376,sensitization,1,0,0.733333333333,0.886777073013,0.840834109913,0.932720036112,0.0219698999166,216006,median_ratio,SYN-SCREEN-01,SYN-SCREEN-01-DRUG-vs-CTRL,SYN-STUDY-01,SYN-SOURCE-FAMILY-SHARED,SYN-FAMILY-SHARED,2,2,0,1,1,1,1,1,1,1,2,2,,1,240,60,4,20,0.25,,450,400,350,2,7,7,200,0,4,500,1,22,14,,14,350,1,0,0,0,0,0,0,0,1,1,0,0,0,0,0,0,1,1,0,0,0,0,0,1,0,0,0,0,0,0,0,0,0,0,0,0,0,1,0,0,0,0,0,0,0,0,0,0,1,0,sensitization,U,unknown
GENE020,4,0.0121026566379,0.0776861677206,788.375,0,0,0,0.25,0.25,0.5,0.0675002598717,0.133935324997,0.265315987866,0.000983289911563,0.736406284805,0.25,0.0121026566379,0.0776861677206,neutral,0,1,0.0666666666667,0.886777073013,0.840834109913,0.932720036112,0.00687562091037,216006,median_ratio,SYN-SCREEN-01,SYN-SCREEN-01-DRUG-vs-CTRL,SYN-STUDY-01,SYN-SOURCE-FAMILY-SHARED,SYN-FAMILY-SHARED,2,2,0,1,1,1,1,1,1,1,2,2,,1,240,60,4,20,0.25,,450,400,350,2,7,7,200,0,4,500,1,22,14,,14,350,1,0,0,0,0,0,0,0,1,1,0,0,0,0,0,0,1,1,0,0,0,0,0,1,0,0,0,0,0,0,0,0,0,0,0,0,0,1,0,0,0,0,0,0,0,0,0,0,1,0,resistance,U,not_tested
GENE021,4,-0.0176315861328,0.0203077686964,794.125,0,0,0,0.25,0.25,0.5,0.0996856442136,0.21879987134,0.194075125789,0.0937326687441,0.458351046447,0.25,0.0176315861328,0.0203077686964,neutral,0,1,0.116666666667,0.886777073013,0.840834109913,0.932720036112,0.110825675899,216006,median_ratio,SYN-SCREEN-01,SYN-SCREEN-01-DRUG-vs-CTRL,SYN-STUDY-01,SYN-SOURCE-FAMILY-SHARED,SYN-FAMILY-SHARED,2,2,0,1,1,1,1,1,1,1,2,2,,1,240,60,4,20,0.25,,450,400,350,2,7,7,200,0,4,500,1,22,14,,14,350,1,0,0,0,0,0,0,0,1,1,0,0,0,0,0,0,1,1,0,0,0,0,0,1,0,0,0,0,0,0,0,0,0,0,0,0,0,1,0,0,0,0,0,0,0,0,0,0,1,0,sensitization,U,unknown
GENE022,4,-0.297665681763,-0.208046280693,917.375,0,0,0,0.25,0.75,0,0.0791776103507,0.245924986667,0.376843292114,0.0890597145407,0.339429660856,0.75,0.297665681763,0.208046280693,sensitization,1,0,0.683333333333,0.886777073013,0.840834109913,0.932720036112,0.0553844951629,216006,median_ratio,SYN-SCREEN-01,SYN-SCREEN-01-DRUG-vs-CTRL,SYN-STUDY-01,SYN-SOURCE-FAMILY-SHARED,SYN-FAMILY-SHARED,2,2,0,1,1,1,1,1,1,1,2,2,,1,240,60,4,20,0.25,,450,400,350,2,7,7,200,0,4,500,1,22,14,,14,350,1,0,0,0,0,0,0,0,1,1,0,0,0,0,0,0,1,1,0,0,0,0,0,1,0,0,0,0,0,0,0,0,0,0,0,0,0,1,0,0,0,0,0,0,0,0,0,0,1,0,sensitization,U,unknown
GENE023,4,-0.0283498299544,-0.0449491072436,754.875,0,0,0,0.25,0.25,0.5,0.0910451920754,0.124110210134,0.198823197959,0.0190129997318,0.57306887372,0.25,0.0283498299544,0.0449491072436,neutral,0,1,0.183333333333,0.886777073013,0.840834109913,0.932720036112,0.0391697556044,216006,median_ratio,SYN-SCREEN-01,SYN-SCREEN-01-DRUG-vs-CTRL,SYN-STUDY-01,SYN-SOURCE-FAMILY-SHARED,SYN-FAMILY-SHARED,2,2,0,1,1,1,1,1,1,1,2,2,,1,240,60,4,20,0.25,,450,400,350,2,7,7,200,0,4,500,1,22,14,,14,350,1,0,0,0,0,0,0,0,1,1,0,0,0,0,0,0,1,1,0,0,0,0,0,1,0,0,0,0,0,0,0,0,0,0,0,0,0,1,0,0,0,0,0,0,0,0,0,0,1,0,resistance,U,unknown
GENE024,4,-0.067459865551,-0.0728457661881,863.875,0,0,0,0.25,0.5,0.25,0.128906953077,0.196875693853,0.207138619902,0.0722644392023,0.51969519057,0.5,0.067459865551,0.0728457661881,neutral,0,1,0.3,0.886777073013,0.840834109913,0.932720036112,0.0483883026614,216006,median_ratio,SYN-SCREEN-01,SYN-SCREEN-01-DRUG-vs-CTRL,SYN-STUDY-01,SYN-SOURCE-FAMILY-SHARED,SYN-FAMILY-SHARED,2,2,0,1,1,1,1,1,1,1,2,2,,1,240,60,4,20,0.25,,450,400,350,2,7,7,200,0,4,500,1,22,14,,14,350,1,0,0,0,0,0,0,0,1,1,0,0,0,0,0,0,1,1,0,0,0,0,0,1,0,0,0,0,0,0,0,0,0,0,0,0,0,1,0,0,0,0,0,0,0,0,0,0,1,0,sensitization,U,not_tested
GENE025,4,0.173694017598,0.152770707342,815.375,0,0,0,0.75,0,0.25,0.0822661492536,0.120720011061,0.255960166852,0.0202425373135,0.442287271452,0.75,0.173694017598,0.152770707342,resistance,0,0,0.583333333333,0.886777073013,0.840834109913,0.932720036112,0.0479384824432,216006,median_ratio,SYN-SCREEN-01,SYN-SCREEN-01-DRUG-vs-CTRL,SYN-STUDY-01,SYN-SOURCE-FAMILY-SHARED,SYN-FAMILY-SHARED,2,2,0,1,1,1,1,1,1,1,2,2,,1,240,60,4,20,0.25,,450,400,350,2,7,7,200,0,4,500,1,22,14,,14,350,1,0,0,0,0,0,0,0,1,1,0,0,0,0,0,0,1,1,0,0,0,0,0,1,0,0,0,0,0,0,0,0,0,0,0,0,0,1,0,0,0,0,0,0,0,0,0,0,1,0,resistance,U,unknown
GENE026,4,-0.0191047921473,-0.0355406857824,699.25,0,0,0,0,0.5,0.5,0.106072982514,0.228182839579,0.158049561932,0.122021782465,0.390421441898,0.5,0.0191047921473,0.0355406857824,neutral,0,1,0.133333333333,0.886777073013,0.840834109913,0.932720036112,0.138520067014,216006,median_ratio,SYN-SCREEN-01,SYN-SCREEN-01-DRUG-vs-CTRL,SYN-STUDY-01,SYN-SOURCE-FAMILY-SHARED,SYN-FAMILY-SHARED,2,2,0,1,1,1,1,1,1,1,2,2,,1,240,60,4,20,0.25,,450,400,350,2,7,7,200,0,4,500,1,22,14,,14,350,1,0,0,0,0,0,0,0,1,1,0,0,0,0,0,0,1,1,0,0,0,0,0,1,0,0,0,0,0,0,0,0,0,0,0,0,0,1,0,0,0,0,0,0,0,0,0,0,1,0,sensitization,U,unknown
GENE027,4,0.0127042954485,-0.0297990879821,949.625,0,0,0,0.25,0.25,0.5,0.124380348378,0.217873200172,0.282777995255,0.0588775665706,0.531927921941,0.25,0.0127042954485,0.0297990879821,neutral,0,1,0.0833333333333,0.886777073013,0.840834109913,0.932720036112,0.097061367478,216006,median_ratio,SYN-SCREEN-01,SYN-SCREEN-01-DRUG-vs-CTRL,SYN-STUDY-01,SYN-SOURCE-FAMILY-SHARED,SYN-FAMILY-SHARED,2,2,0,1,1,1,1,1,1,1,2,2,,1,240,60,4,20,0.25,,450,400,350,2,7,7,200,0,4,500,1,22,14,,14,350,1,0,0,0,0,0,0,0,1,1,0,0,0,0,0,0,1,1,0,0,0,0,0,1,0,0,0,0,0,0,0,0,0,0,0,0,0,1,0,0,0,0,0,0,0,0,0,0,1,0,resistance,U,unknown
GENE028,4,-0.0727595526913,-0.021370076112,663,0,0,0,0.25,0.25,0.5,0.0363580774625,0.0886843250649,0.174558337061,0.00108169000462,0.413592679715,0.25,0.0727595526913,0.021370076112,neutral,0,1,0.316666666667,0.886777073013,0.840834109913,0.932720036112,0.0375362345266,216006,median_ratio,SYN-SCREEN-01,SYN-SCREEN-01-DRUG-vs-CTRL,SYN-STUDY-01,SYN-SOURCE-FAMILY-SHARED,SYN-FAMILY-SHARED,2,2,0,1,1,1,1,1,1,1,2,2,,1,240,60,4,20,0.25,,450,400,350,2,7,7,200,0,4,500,1,22,14,,14,350,1,0,0,0,0,0,0,0,1,1,0,0,0,0,0,0,1,1,0,0,0,0,0,1,0,0,0,0,0,0,0,0,0,0,0,0,0,1,0,0,0,0,0,0,0,0,0,0,1,0,sensitization,U,not_tested
GENE029,4,0.0565609299317,0.0851218838844,887.375,0,0,0,0.25,0,0.75,0.0719820912705,0.141248681293,0.185664929108,0.0470028198851,0.631652861181,0.25,0.0565609299317,0.0851218838844,neutral,0,1,0.266666666667,0.886777073013,0.840834109913,0.932720036112,0.0513657901583,216006,median_ratio,SYN-SCREEN-01,SYN-SCREEN-01-DRUG-vs-CTRL,SYN-STUDY-01,SYN-SOURCE-FAMILY-SHARED,SYN-FAMILY-SHARED,2,2,0,1,1,1,1,1,1,1,2,2,,1,240,60,4,20,0.25,,450,400,350,2,7,7,200,0,4,500,1,22,14,,14,350,1,0,0,0,0,0,0,0,1,1,0,0,0,0,0,0,1,1,0,0,0,0,0,1,0,0,0,0,0,0,0,0,0,0,0,0,0,1,0,0,0,0,0,0,0,0,0,0,1,0,resistance,U,unknown
GENE030,4,-0.180669412159,-0.149747138817,965.875,0,0,0,0,0.75,0.25,0.0805285782524,0.131038727775,0.261197990411,0.0226181311721,0.419469731521,0.75,0.180669412159,0.149747138817,sensitization,1,0,0.6,0.886777073013,0.840834109913,0.932720036112,0.113197394774,216006,median_ratio,SYN-SCREEN-01,SYN-SCREEN-01-DRUG-vs-CTRL,SYN-STUDY-01,SYN-SOURCE-FAMILY-SHARED,SYN-FAMILY-SHARED,2,2,0,1,1,1,1,1,1,1,2,2,,1,240,60,4,20,0.25,,450,400,350,2,7,7,200,0,4,500,1,22,14,,14,350,1,0,0,0,0,0,0,0,1,1,0,0,0,0,0,0,1,1,0,0,0,0,0,1,0,0,0,0,0,0,0,0,0,0,0,0,0,1,0,0,0,0,0,0,0,0,0,0,1,0,sensitization,U,unknown
GENE031,4,0.0911604972325,0.0682141522441,885.25,0,0,0,0.5,0,0.5,0.0486469280287,0.0915083888179,0.139807425261,0.022995994937,0.392990072609,0.5,0.0911604972325,0.0682141522441,neutral,0,1,0.366666666667,0.886777073013,0.840834109913,0.932720036112,0.0157399217825,216006,median_ratio,SYN-SCREEN-01,SYN-SCREEN-01-DRUG-vs-CTRL,SYN-STUDY-01,SYN-SOURCE-FAMILY-SHARED,SYN-FAMILY-SHARED,2,2,0,1,1,1,1,1,1,1,2,2,,1,240,60,4,20,0.25,,450,400,350,2,7,7,200,0,4,500,1,22,14,,14,350,1,0,0,0,0,0,0,0,1,1,0,0,0,0,0,0,1,1,0,0,0,0,0,1,0,0,0,0,0,0,0,0,0,0,0,0,0,1,0,0,0,0,0,0,0,0,0,0,1,0,resistance,U,unknown
GENE032,4,0.137058851374,0.0939199214442,776.75,0,0,0,0.5,0.25,0.25,0.0851963114512,0.211076123093,0.222255162825,0.0955409406587,0.3612844638,0.5,0.137058851374,0.0939199214442,resistance,0,0,0.533333333333,0.886777073013,0.840834109913,0.932720036112,0.0811102290181,216006,median_ratio,SYN-SCREEN-01,SYN-SCREEN-01-DRUG-vs-CTRL,SYN-STUDY-01,SYN-SOURCE-FAMILY-SHARED,SYN-FAMILY-SHARED,2,2,0,1,1,1,1,1,1,1,2,2,,1,240,60,4,20,0.25,,450,400,350,2,7,7,200,0,4,500,1,22,14,,14,350,1,0,0,0,0,0,0,0,1,1,0,0,0,0,0,0,1,1,0,0,0,0,0,1,0,0,0,0,0,0,0,0,0,0,0,0,0,1,0,0,0,0,0,0,0,0,0,0,1,0,resistance,U,not_tested
GENE033,4,0.019469833633,0.0838955554966,761.125,0,0,0,0.5,0.5,0,0.131655349014,0.323672325017,0.279976626374,0.147329689847,0.526430423814,0.5,0.019469833633,0.0838955554966,neutral,0,1,0.15,0.886777073013,0.840834109913,0.932720036112,0.00591906236751,216006,median_ratio,SYN-SCREEN-01,SYN-SCREEN-01-DRUG-vs-CTRL,SYN-STUDY-01,SYN-SOURCE-FAMILY-SHARED,SYN-FAMILY-SHARED,2,2,0,1,1,1,1,1,1,1,2,2,,1,240,60,4,20,0.25,,450,400,350,2,7,7,200,0,4,500,1,22,14,,14,350,1,0,0,0,0,0,0,0,1,1,0,0,0,0,0,0,1,1,0,0,0,0,0,1,0,0,0,0,0,0,0,0,0,0,0,0,0,1,0,0,0,0,0,0,0,0,0,0,1,0,sensitization,U,unknown
GENE034,4,0.108571969298,0.113475001829,627.625,0,0,0,0.5,0,0.5,0.0579619029717,0.0766286103984,0.176339937332,0.015892922812,0.50747791751,0.5,0.108571969298,0.113475001829,resistance,0,0,0.483333333333,0.886777073013,0.840834109913,0.932720036112,0.0703879094523,216006,median_ratio,SYN-SCREEN-01,SYN-SCREEN-01-DRUG-vs-CTRL,SYN-STUDY-01,SYN-SOURCE-FAMILY-SHARED,SYN-FAMILY-SHARED,2,2,0,1,1,1,1,1,1,1,2,2,,1,240,60,4,20,0.25,,450,400,350,2,7,7,200,0,4,500,1,22,14,,14,350,1,0,0,0,0,0,0,0,1,1,0,0,0,0,0,0,1,1,0,0,0,0,0,1,0,0,0,0,0,0,0,0,0,0,0,0,0,1,0,0,0,0,0,0,0,0,0,0,1,0,resistance,U,unknown
GENE035,4,-0.0928065868974,-0.0481143624129,934.375,0,0,0,0.25,0.5,0.25,0.0718439873083,0.176872768707,0.172735866672,0.0696706547525,0.331694616496,0.5,0.0928065868974,0.0481143624129,neutral,0,1,0.4,0.886777073013,0.840834109913,0.932720036112,0.114985181032,216006,median_ratio,SYN-SCREEN-01,SYN-SCREEN-01-DRUG-vs-CTRL,SYN-STUDY-01,SYN-SOURCE-FAMILY-SHARED,SYN-FAMILY-SHARED,2,2,0,1,1,1,1,1,1,1,2,2,,1,240,60,4,20,0.25,,450,400,350,2,7,7,200,0,4,500,1,22,14,,14,350,1,0,0,0,0,0,0,0,1,1,0,0,0,0,0,0,1,1,0,0,0,0,0,1,0,0,0,0,0,0,0,0,0,0,0,0,0,1,0,0,0,0,0,0,0,0,0,0,1,0,sensitization,U,unknown
GENE036,4,0.0155194627835,-0.0130377440557,851.5,0,0,0,0,0.25,0.75,0.0422251759317,0.10840099185,0.103946156462,0.0434382281573,0.514044249641,0.25,0.0155194627835,0.0130377440557,neutral,0,1,0.1,0.886777073013,0.840834109913,0.932720036112,0.198098803106,216006,median_ratio,SYN-SCREEN-01,SYN-SCREEN-01-DRUG-vs-CTRL,SYN-STUDY-01,SYN-SOURCE-FAMILY-SHARED,SYN-FAMILY-SHARED,2,2,0,1,1,1,1,1,1,1,2,2,,1,240,60,4,20,0.25,,450,400,350,2,7,7,200,0,4,500,1,22,14,,14,350,1,0,0,0,0,0,0,0,1,1,0,0,0,0,0,0,1,1,0,0,0,0,0,1,0,0,0,0,0,0,0,0,0,0,0,0,0,1,0,0,0,0,0,0,0,0,0,0,1,0,resistance,U,not_tested
GENE037,4,0.00632434480417,0.0167581272336,850.5,0,0,0,0.25,0.25,0.5,0.093031158772,0.122652522428,0.187742301176,0.0221559103722,0.519340677972,0.25,0.00632434480417,0.0167581272336,neutral,0,1,0.0333333333333,0.886777073013,0.840834109913,0.932720036112,0.139258112466,216006,median_ratio,SYN-SCREEN-01,SYN-SCREEN-01-DRUG-vs-CTRL,SYN-STUDY-01,SYN-SOURCE-FAMILY-SHARED,SYN-FAMILY-SHARED,2,2,0,1,1,1,1,1,1,1,2,2,,1,240,60,4,20,0.25,,450,400,350,2,7,7,200,0,4,500,1,22,14,,14,350,1,0,0,0,0,0,0,0,1,1,0,0,0,0,0,0,1,1,0,0,0,0,0,1,0,0,0,0,0,0,0,0,0,0,0,0,0,1,0,0,0,0,0,0,0,0,0,0,1,0,resistance,U,unknown
GENE038,4,0.023933777551,0.0240525805114,702.125,0,0,0,0.5,0.5,0,0.185270947941,0.366813313407,0.209442331413,0.2094898853,0.28794380721,0.5,0.023933777551,0.0240525805114,neutral,0,1,0.166666666667,0.886777073013,0.840834109913,0.932720036112,0.107142869285,216006,median_ratio,SYN-SCREEN-01,SYN-SCREEN-01-DRUG-vs-CTRL,SYN-STUDY-01,SYN-SOURCE-FAMILY-SHARED,SYN-FAMILY-SHARED,2,2,0,1,1,1,1,1,1,1,2,2,,1,240,60,4,20,0.25,,450,400,350,2,7,7,200,0,4,500,1,22,14,,14,350,1,0,0,0,0,0,0,0,1,1,0,0,0,0,0,0,1,1,0,0,0,0,0,1,0,0,0,0,0,0,0,0,0,0,0,0,0,1,0,0,0,0,0,0,0,0,0,0,1,0,sensitization,U,unknown
GENE039,4,-0.028776591337,-0.0278668447888,836.625,0,0,0,0.25,0.25,0.5,0.0811060795779,0.0919005586978,0.15414691968,0.0114139060224,0.495026628654,0.25,0.028776591337,0.0278668447888,neutral,0,1,0.2,0.886777073013,0.840834109913,0.932720036112,0.137279379515,216006,median_ratio,SYN-SCREEN-01,SYN-SCREEN-01-DRUG-vs-CTRL,SYN-STUDY-01,SYN-SOURCE-FAMILY-SHARED,SYN-FAMILY-SHARED,2,2,0,1,1,1,1,1,1,1,2,2,,1,240,60,4,20,0.25,,450,400,350,2,7,7,200,0,4,500,1,22,14,,14,350,1,0,0,0,0,0,0,0,1,1,0,0,0,0,0,0,1,1,0,0,0,0,0,1,0,0,0,0,0,0,0,0,0,0,0,0,0,1,0,0,0,0,0,0,0,0,0,0,1,0,sensitization,U,unknown
GENE040,4,-0.18296141725,-0.124862819393,849.75,0,0,0,0,0.75,0.25,0.0225651925292,0.0859826743048,0.205526609779,0.0061417181242,0.328602595215,0.75,0.18296141725,0.124862819393,sensitization,1,0,0.616666666667,0.886777073013,0.840834109913,0.932720036112,0.0514367707083,216006,median_ratio,SYN-SCREEN-01,SYN-SCREEN-01-DRUG-vs-CTRL,SYN-STUDY-01,SYN-SOURCE-FAMILY-SHARED,SYN-FAMILY-SHARED,2,2,0,1,1,1,1,1,1,1,2,2,,1,240,60,4,20,0.25,,450,400,350,2,7,7,200,0,4,500,1,22,14,,14,350,1,0,0,0,0,0,0,0,1,1,0,0,0,0,0,0,1,1,0,0,0,0,0,1,0,0,0,0,0,0,0,0,0,0,0,0,0,1,0,0,0,0,0,0,0,0,0,0,1,0,sensitization,U,not_tested
GENE041,4,0.113924993458,0.0939482369138,950.25,0,0,0,0.5,0.25,0.25,0.149257417605,0.247293845781,0.263182411063,0.0901355448594,0.446633823943,0.5,0.113924993458,0.0939482369138,resistance,0,0,0.516666666667,0.886777073013,0.840834109913,0.932720036112,0.0609613336325,216006,median_ratio,SYN-SCREEN-01,SYN-SCREEN-01-DRUG-vs-CTRL,SYN-STUDY-01,SYN-SOURCE-FAMILY-SHARED,SYN-FAMILY-SHARED,2,2,0,1,1,1,1,1,1,1,2,2,,1,240,60,4,20,0.25,,450,400,350,2,7,7,200,0,4,500,1,22,14,,14,350,1,0,0,0,0,0,0,0,1,1,0,0,0,0,0,0,1,1,0,0,0,0,0,1,0,0,0,0,0,0,0,0,0,0,0,0,0,1,0,0,0,0,0,0,0,0,0,0,1,0,resistance,U,unknown
GENE042,4,-0.0885085125313,-0.0985290761686,983.5,0,0,0,0,0.5,0.5,0.0800302901559,0.161728614503,0.188579929962,0.0827663488815,0.550531871199,0.5,0.0885085125313,0.0985290761686,neutral,0,1,0.35,0.886777073013,0.840834109913,0.932720036112,0.0476339473258,216006,median_ratio,SYN-SCREEN-01,SYN-SCREEN-01-DRUG-vs-CTRL,SYN-STUDY-01,SYN-SOURCE-FAMILY-SHARED,SYN-FAMILY-SHARED,2,2,0,1,1,1,1,1,1,1,2,2,,1,240,60,4,20,0.25,,450,400,350,2,7,7,200,0,4,500,1,22,14,,14,350,1,0,0,0,0,0,0,0,1,1,0,0,0,0,0,0,1,1,0,0,0,0,0,1,0,0,0,0,0,0,0,0,0,0,0,0,0,1,0,0,0,0,0,0,0,0,0,0,1,0,resistance,U,unknown
GENE043,4,0.139448707264,0.153192564515,894.375,0,0,0,0.5,0.25,0.25,0.203143025736,0.376765191027,0.370079447502,0.184611568368,0.508135708381,0.5,0.139448707264,0.153192564515,resistance,0,0,0.55,0.886777073013,0.840834109913,0.932720036112,0.0760280987316,216006,median_ratio,SYN-SCREEN-01,SYN-SCREEN-01-DRUG-vs-CTRL,SYN-STUDY-01,SYN-SOURCE-FAMILY-SHARED,SYN-FAMILY-SHARED,2,2,0,1,1,1,1,1,1,1,2,2,,1,240,60,4,20,0.25,,450,400,350,2,7,7,200,0,4,500,1,22,14,,14,350,1,0,0,0,0,0,0,0,1,1,0,0,0,0,0,0,1,1,0,0,0,0,0,1,0,0,0,0,0,0,0,0,0,0,0,0,0,1,0,0,0,0,0,0,0,0,0,0,1,0,resistance,U,unknown
GENE044,4,-0.0927712148997,-0.0764720248768,928.625,0,0,0,0.25,0.5,0.25,0.120181206133,0.222591354487,0.212952421032,0.0994323699455,0.441709717175,0.5,0.0927712148997,0.0764720248768,neutral,0,1,0.383333333333,0.886777073013,0.840834109913,0.932720036112,0.20095487986,216006,median_ratio,SYN-SCREEN-01,SYN-SCREEN-01-DRUG-vs-CTRL,SYN-STUDY-01,SYN-SOURCE-FAMILY-SHARED,SYN-FAMILY-SHARED,2,2,0,1,1,1,1,1,1,1,2,2,,1,240,60,4,20,0.25,,450,400,350,2,7,7,200,0,4,500,1,22,14,,14,350,1,0,0,0,0,0,0,0,1,1,0,0,0,0,0,0,1,1,0,0,0,0,0,1,0,0,0,0,0,0,0,0,0,0,0,0,0,1,0,0,0,0,0,0,0,0,0,0,1,0,resistance,U,not_tested
GENE045,4,-0.00324640258032,-0.0136257421383,732.875,0,0,0,0.25,0.25,0.5,0.0984951364959,0.200057223487,0.126566204674,0.105288767552,0.345745145758,0.25,0.00324640258032,0.0136257421383,neutral,0,1,0.0166666666667,0.886777073013,0.840834109913,0.932720036112,0.149846735172,216006,median_ratio,SYN-SCREEN-01,SYN-SCREEN-01-DRUG-vs-CTRL,SYN-STUDY-01,SYN-SOURCE-FAMILY-SHARED,SYN-FAMILY-SHARED,2,2,0,1,1,1,1,1,1,1,2,2,,1,240,60,4,20,0.25,,450,400,350,2,7,7,200,0,4,500,1,22,14,,14,350,1,0,0,0,0,0,0,0,1,1,0,0,0,0,0,0,1,1,0,0,0,0,0,1,0,0,0,0,0,0,0,0,0,0,0,0,0,1,0,0,0,0,0,0,0,0,0,0,1,0,sensitization,U,unknown
GENE046,4,-0.10124938164,-0.0793008641597,966.875,0,0,0,0,0.5,0.5,0.078054455952,0.158175264756,0.179303837592,0.0671715761102,0.409707737179,0.5,0.10124938164,0.0793008641597,sensitization,1,0,0.45,0.886777073013,0.840834109913,0.932720036112,0.00508779435558,216006,median_ratio,SYN-SCREEN-01,SYN-SCREEN-01-DRUG-vs-CTRL,SYN-STUDY-01,SYN-SOURCE-FAMILY-SHARED,SYN-FAMILY-SHARED,2,2,0,1,1,1,1,1,1,1,2,2,,1,240,60,4,20,0.25,,450,400,350,2,7,7,200,0,4,500,1,22,14,,14,350,1,0,0,0,0,0,0,0,1,1,0,0,0,0,0,0,1,1,0,0,0,0,0,1,0,0,0,0,0,0,0,0,0,0,0,0,0,1,0,0,0,0,0,0,0,0,0,0,1,0,resistance,U,unknown
GENE047,4,0.0112545615864,0.0439159033014,945.75,0,0,0,0.25,0,0.75,0.0212214253047,0.0581698081999,0.103478492859,0.00495024875894,0.784672467519,0.25,0.0112545615864,0.0439159033014,neutral,0,1,0.05,0.886777073013,0.840834109913,0.932720036112,0.0982206801743,216006,median_ratio,SYN-SCREEN-01,SYN-SCREEN-01-DRUG-vs-CTRL,SYN-STUDY-01,SYN-SOURCE-FAMILY-SHARED,SYN-FAMILY-SHARED,2,2,0,1,1,1,1,1,1,1,2,2,,1,240,60,4,20,0.25,,450,400,350,2,7,7,200,0,4,500,1,22,14,,14,350,1,0,0,0,0,0,0,0,1,1,0,0,0,0,0,0,1,1,0,0,0,0,0,1,0,0,0,0,0,0,0,0,0,0,0,0,0,1,0,0,0,0,0,0,0,0,0,0,1,0,resistance,U,unknown
GENE048,4,0.055886337066,0.023185273981,853.875,0,0,0,0.5,0.25,0.25,0.147514089286,0.288633146134,0.252012310978,0.125190315769,0.362799820994,0.5,0.055886337066,0.023185273981,neutral,0,1,0.25,0.886777073013,0.840834109913,0.932720036112,0.0627622608199,216006,median_ratio,SYN-SCREEN-01,SYN-SCREEN-01-DRUG-vs-CTRL,SYN-STUDY-01,SYN-SOURCE-FAMILY-SHARED,SYN-FAMILY-SHARED,2,2,0,1,1,1,1,1,1,1,2,2,,1,240,60,4,20,0.25,,450,400,350,2,7,7,200,0,4,500,1,22,14,,14,350,1,0,0,0,0,0,0,0,1,1,0,0,0,0,0,0,1,1,0,0,0,0,0,1,0,0,0,0,0,0,0,0,0,0,0,0,0,1,0,0,0,0,0,0,0,0,0,0,1,0,resistance,U,not_tested
GENE049,4,-0.0739812295764,-0.0980809523214,812.375,0,0,0,0,0.25,0.75,0.0406582297275,0.0737084476285,0.162838904794,0.0103351415754,0.618739110679,0.25,0.0739812295764,0.0980809523214,neutral,0,1,0.333333333333,0.886777073013,0.840834109913,0.932720036112,0.051711777699,216006,median_ratio,SYN-SCREEN-01,SYN-SCREEN-01-DRUG-vs-CTRL,SYN-STUDY-01,SYN-SOURCE-FAMILY-SHARED,SYN-FAMILY-SHARED,2,2,0,1,1,1,1,1,1,1,2,2,,1,240,60,4,20,0.25,,450,400,350,2,7,7,200,0,4,500,1,22,14,,14,350,1,0,0,0,0,0,0,0,1,1,0,0,0,0,0,0,1,1,0,0,0,0,0,1,0,0,0,0,0,0,0,0,0,0,0,0,0,1,0,0,0,0,0,0,0,0,0,0,1,0,sensitization,U,unknown
GENE050,4,-0.093196525183,-0.0935934528723,601.5,0,0,0,0.25,0.5,0.25,0.146780896183,0.19102532507,0.250508146546,0.0506307332402,0.501154851016,0.5,0.093196525183,0.0935934528723,neutral,0,1,0.416666666667,0.886777073013,0.840834109913,0.932720036112,0.107611954804,216006,median_ratio,SYN-SCREEN-01,SYN-SCREEN-01-DRUG-vs-CTRL,SYN-STUDY-01,SYN-SOURCE-FAMILY-SHARED,SYN-FAMILY-SHARED,2,2,0,1,1,1,1,1,1,1,2,2,,1,240,60,4,20,0.25,,450,400,350,2,7,7,200,0,4,500,1,22,14,,14,350,1,0,0,0,0,0,0,0,1,1,0,0,0,0,0,0,1,1,0,0,0,0,0,1,0,0,0,0,0,0,0,0,0,0,0,0,0,1,0,0,0,0,0,0,0,0,0,0,1,0,sensitization,U,unknown
GENE051,4,0.0953224604158,0.11135253676,841.5,0,0,0,0.5,0,0.5,0.0978331495427,0.166623425043,0.225215762647,0.0609222303709,0.559307235453,0.5,0.0953224604158,0.11135253676,neutral,0,1,0.433333333333,0.886777073013,0.840834109913,0.932720036112,0.0280850595383,216006,median_ratio,SYN-SCREEN-01,SYN-SCREEN-01-DRUG-vs-CTRL,SYN-STUDY-01,SYN-SOURCE-FAMILY-SHARED,SYN-FAMILY-SHARED,2,2,0,1,1,1,1,1,1,1,2,2,,1,240,60,4,20,0.25,,450,400,350,2,7,7,200,0,4,500,1,22,14,,14,350,1,0,0,0,0,0,0,0,1,1,0,0,0,0,0,0,1,1,0,0,0,0,0,1,0,0,0,0,0,0,0,0,0,0,0,0,0,1,0,0,0,0,0,0,0,0,0,0,1,0,resistance,U,unknown
GENE052,4,-0.0612074337989,-0.0698249453271,797.375,0,0,0,0,0.25,0.75,0.0671765315288,0.0877252671954,0.145618988384,0.0137769909361,0.542902156877,0.25,0.0612074337989,0.0698249453271,neutral,0,1,0.283333333333,0.886777073013,0.840834109913,0.932720036112,0.101733274543,216006,median_ratio,SYN-SCREEN-01,SYN-SCREEN-01-DRUG-vs-CTRL,SYN-STUDY-01,SYN-SOURCE-FAMILY-SHARED,SYN-FAMILY-SHARED,2,2,0,1,1,1,1,1,1,1,2,2,,1,240,60,4,20,0.25,,450,400,350,2,7,7,200,0,4,500,1,22,14,,14,350,1,0,0,0,0,0,0,0,1,1,0,0,0,0,0,0,1,1,0,0,0,0,0,1,0,0,0,0,0,0,0,0,0,0,0,0,0,1,0,0,0,0,0,0,0,0,0,0,1,0,sensitization,U,not_tested
GENE053,4,0.216834856346,0.189781936826,919.125,0,0,0,0.75,0,0.25,0.0710261297178,0.118220746473,0.287860986063,0.0232576286424,0.431136991426,0.75,0.216834856346,0.189781936826,resistance,0,0,0.65,0.886777073013,0.840834109913,0.932720036112,0.0732506792315,216006,median_ratio,SYN-SCREEN-01,SYN-SCREEN-01-DRUG-vs-CTRL,SYN-STUDY-01,SYN-SOURCE-FAMILY-SHARED,SYN-FAMILY-SHARED,2,2,0,1,1,1,1,1,1,1,2,2,,1,240,60,4,20,0.25,,450,400,350,2,7,7,200,0,4,500,1,22,14,,14,350,1,0,0,0,0,0,0,0,1,1,0,0,0,0,0,0,1,1,0,0,0,0,0,1,0,0,0,0,0,0,0,0,0,0,0,0,0,1,0,0,0,0,0,0,0,0,0,0,1,0,resistance,U,unknown
GENE054,4,0.163640473297,0.136008917231,850.875,0,0,0,0.5,0.25,0.25,0.160166720712,0.332704247559,0.323807194009,0.167323002476,0.429928024586,0.5,0.163640473297,0.136008917231,resistance,0,0,0.566666666667,0.886777073013,0.840834109913,0.932720036112,0.141076818127,216006,median_ratio,SYN-SCREEN-01,SYN-SCREEN-01-DRUG-vs-CTRL,SYN-STUDY-01,SYN-SOURCE-FAMILY-SHARED,SYN-FAMILY-SHARED,2,2,0,1,1,1,1,1,1,1,2,2,,1,240,60,4,20,0.25,,450,400,350,2,7,7,200,0,4,500,1,22,14,,14,350,1,0,0,0,0,0,0,0,1,1,0,0,0,0,0,0,1,1,0,0,0,0,0,1,0,0,0,0,0,0,0,0,0,0,0,0,0,1,0,0,0,0,0,0,0,0,0,0,1,0,resistance,U,unknown
GENE055,4,-0.294417737393,-0.29431712118,733.625,0,0,0,0,0.75,0.25,0.150371878298,0.19000957812,0.444789615691,0.0456534917287,0.471960659436,0.75,0.294417737393,0.29431712118,sensitization,1,0,0.666666666667,0.886777073013,0.840834109913,0.932720036112,0.121098981546,216006,median_ratio,SYN-SCREEN-01,SYN-SCREEN-01-DRUG-vs-CTRL,SYN-STUDY-01,SYN-SOURCE-FAMILY-SHARED,SYN-FAMILY-SHARED,2,2,0,1,1,1,1,1,1,1,2,2,,1,240,60,4,20,0.25,,450,400,350,2,7,7,200,0,4,500,1,22,14,,14,350,1,0,0,0,0,0,0,0,1,1,0,0,0,0,0,0,1,1,0,0,0,0,0,1,0,0,0,0,0,0,0,0,0,0,0,0,0,1,0,0,0,0,0,0,0,0,0,0,1,0,sensitization,U,unknown
GENE056,4,0.0554987491232,0.0718533678386,893.125,0,0,0,0.25,0.25,0.5,0.145791469637,0.195583800966,0.29085446409,0.0386105447574,0.547219480263,0.25,0.0554987491232,0.0718533678386,neutral,0,1,0.233333333333,0.886777073013,0.840834109913,0.932720036112,0.0558598664558,216006,median_ratio,SYN-SCREEN-01,SYN-SCREEN-01-DRUG-vs-CTRL,SYN-STUDY-01,SYN-SOURCE-FAMILY-SHARED,SYN-FAMILY-SHARED,2,2,0,1,1,1,1,1,1,1,2,2,,1,240,60,4,20,0.25,,450,400,350,2,7,7,200,0,4,500,1,22,14,,14,350,1,0,0,0,0,0,0,0,1,1,0,0,0,0,0,0,1,1,0,0,0,0,0,1,0,0,0,0,0,0,0,0,0,0,0,0,0,1,0,0,0,0,0,0,0,0,0,0,1,0,sensitization,U,not_tested
GENE057,4,0.104252482612,0.0349091127861,925,0,0,0,0.5,0.25,0.25,0.0833663076964,0.196458953388,0.261670079179,0.0505173123961,0.404599725649,0.5,0.104252482612,0.0349091127861,resistance,0,0,0.466666666667,0.886777073013,0.840834109913,0.932720036112,0.0497878079808,216006,median_ratio,SYN-SCREEN-01,SYN-SCREEN-01-DRUG-vs-CTRL,SYN-STUDY-01,SYN-SOURCE-FAMILY-SHARED,SYN-FAMILY-SHARED,2,2,0,1,1,1,1,1,1,1,2,2,,1,240,60,4,20,0.25,,450,400,350,2,7,7,200,0,4,500,1,22,14,,14,350,1,0,0,0,0,0,0,0,1,1,0,0,0,0,0,0,1,1,0,0,0,0,0,1,0,0,0,0,0,0,0,0,0,0,0,0,0,1,0,0,0,0,0,0,0,0,0,0,1,0,resistance,U,unknown
GENE058,4,0.317149710839,0.225781118617,848.75,0,0,0,0.75,0,0.25,0.0131709439343,0.116842227369,0.330320654773,0.0142059241676,0.32221452918,0.75,0.317149710839,0.225781118617,resistance,0,0,0.716666666667,0.886777073013,0.840834109913,0.932720036112,0.0317094993966,216006,median_ratio,SYN-SCREEN-01,SYN-SCREEN-01-DRUG-vs-CTRL,SYN-STUDY-01,SYN-SOURCE-FAMILY-SHARED,SYN-FAMILY-SHARED,2,2,0,1,1,1,1,1,1,1,2,2,,1,240,60,4,20,0.25,,450,400,350,2,7,7,200,0,4,500,1,22,14,,14,350,1,0,0,0,0,0,0,0,1,1,0,0,0,0,0,0,1,1,0,0,0,0,0,1,0,0,0,0,0,0,0,0,0,0,0,0,0,1,0,0,0,0,0,0,0,0,0,0,1,0,resistance,U,unknown
GENE059,4,0.186184884079,0.199714121739,785.5,0,0,0,0.5,0,0.5,0.141307165408,0.276153056543,0.354550524805,0.140084405083,0.502717970766,0.5,0.186184884079,0.199714121739,resistance,0,0,0.633333333333,0.886777073013,0.840834109913,0.932720036112,0.111430295243,216006,median_ratio,SYN-SCREEN-01,SYN-SCREEN-01-DRUG-vs-CTRL,SYN-STUDY-01,SYN-SOURCE-FAMILY-SHARED,SYN-FAMILY-SHARED,2,2,0,1,1,1,1,1,1,1,2,2,,1,240,60,4,20,0.25,,450,400,350,2,7,7,200,0,4,500,1,22,14,,14,350,1,0,0,0,0,0,0,0,1,1,0,0,0,0,0,0,1,1,0,0,0,0,0,1,0,0,0,0,0,0,0,0,0,0,0,0,0,1,0,0,0,0,0,0,0,0,0,0,1,0,resistance,U,unknown
GENE000,4,1.60589827467,1.59137615128,866,0,0,0,1,0,0,0.0967886343086,0.123914846491,1.70268690898,0.0145539481148,0.280711674147,1,1.60589827467,1.59137615128,resistance,0,0,0.9,0.8876139851,0.85388717081,0.921340799391,0.166141657319,219105,median_ratio,SYN-SCREEN-02,SYN-SCREEN-02-DRUG-vs-CTRL,SYN-STUDY-02,SYN-SOURCE-FAMILY-SHARED,SYN-FAMILY-SHARED,2,2,0,1,0,0,1,1,0,1,2,2,,1,240,60,4,20,0.27,,475,420,365,2,7,7,200,0,4,500,1,22,14,0,14,365,0,1,0,0,0,0,0,0,1,0,0,0,1,0,0,0,1,1,0,0,0,0,0,1,0,0,0,0,0,0,0,0,0,0,0,0,0,0,0,0,0,0,0,0,0,0,0,0,1,0,resistance,V3,tested
GENE001,4,1.70513414523,1.66599395002,882,0,0,0,1,0,0,0.0740648793419,0.185213442009,1.77919902457,0.0831481006732,0.267296219238,1,1.70513414523,1.66599395002,resistance,0,0,1,0.8876139851,0.85388717081,0.921340799391,0.024805514359,219105,median_ratio,SYN-SCREEN-02,SYN-SCREEN-02-DRUG-vs-CTRL,SYN-STUDY-02,SYN-SOURCE-FAMILY-SHARED,SYN-FAMILY-SHARED,2,2,0,1,0,0,1,1,0,1,2,2,,1,240,60,4,20,0.27,,475,420,365,2,7,7,200,0,4,500,1,22,14,0,14,365,0,1,0,0,0,0,0,0,1,0,0,0,1,0,0,0,1,1,0,0,0,0,0,1,0,0,0,0,0,0,0,0,0,0,0,0,0,0,0,0,0,0,0,0,0,0,0,0,1,0,resistance,V2,tested
GENE002,4,1.46841180734,1.49587005508,823.75,0,0,0,1,0,0,0.0725336709781,0.117897313287,1.59586197378,0.0206753687589,0.285019200007,1,1.46841180734,1.49587005508,resistance,0,0,0.816666666667,0.8876139851,0.85388717081,0.921340799391,0.10079442029,219105,median_ratio,SYN-SCREEN-02,SYN-SCREEN-02-DRUG-vs-CTRL,SYN-STUDY-02,SYN-SOURCE-FAMILY-SHARED,SYN-FAMILY-SHARED,2,2,0,1,0,0,1,1,0,1,2,2,,1,240,60,4,20,0.27,,475,420,365,2,7,7,200,0,4,500,1,22,14,0,14,365,0,1,0,0,0,0,0,0,1,0,0,0,1,0,0,0,1,1,0,0,0,0,0,1,0,0,0,0,0,0,0,0,0,0,0,0,0,0,0,0,0,0,0,0,0,0,0,0,1,0,resistance,V2,tested
GENE003,4,1.6621304612,1.66495041009,881.125,0,0,0,1,0,0,0.108434628666,0.198629320537,1.77620498766,0.100891662753,0.27071448498,1,1.6621304612,1.66495041009,resistance,0,0,0.966666666667,0.8876139851,0.85388717081,0.921340799391,0.0508948338965,219105,median_ratio,SYN-SCREEN-02,SYN-SCREEN-02-DRUG-vs-CTRL,SYN-STUDY-02,SYN-SOURCE-FAMILY-SHARED,SYN-FAMILY-SHARED,2,2,0,1,0,0,1,1,0,1,2,2,,1,240,60,4,20,0.27,,475,420,365,2,7,7,200,0,4,500,1,22,14,0,14,365,0,1,0,0,0,0,0,0,1,0,0,0,1,0,0,0,1,1,0,0,0,0,0,1,0,0,0,0,0,0,0,0,0,0,0,0,0,0,0,0,0,0,0,0,0,0,0,0,1,0,resistance,V2,tested
GENE004,4,1.6569783423,1.60358181439,783.375,0,0,0,1,0,0,0.0702044207603,0.147454305032,1.72718276306,0.0275434834297,0.276495687895,1,1.6569783423,1.60358181439,resistance,0,0,0.95,0.8876139851,0.85388717081,0.921340799391,0.0560482179178,219105,median_ratio,SYN-SCREEN-02,SYN-SCREEN-02-DRUG-vs-CTRL,SYN-STUDY-02,SYN-SOURCE-FAMILY-SHARED,SYN-FAMILY-SHARED,2,2,0,1,0,0,1,1,0,1,2,2,,1,240,60,4,20,0.27,,475,420,365,2,7,7,200,0,4,500,1,22,14,0,14,365,0,1,0,0,0,0,0,0,1,0,0,0,1,0,0,0,1,1,0,0,0,0,0,1,0,0,0,0,0,0,0,0,0,0,0,0,0,0,0,0,0,0,0,0,0,0,0,0,1,0,resistance,F0,tested
GENE005,4,1.62379742572,1.63293526579,862.5,0,0,0,1,0,0,0.0398540947793,0.0751059194208,1.68192720064,0.0301538320434,0.262402164203,1,1.62379742572,1.63293526579,resistance,0,0,0.916666666667,0.8876139851,0.85388717081,0.921340799391,0.119337956413,219105,median_ratio,SYN-SCREEN-02,SYN-SCREEN-02-DRUG-vs-CTRL,SYN-STUDY-02,SYN-SOURCE-FAMILY-SHARED,SYN-FAMILY-SHARED,2,2,0,1,0,0,1,1,0,1,2,2,,1,240,60,4,20,0.27,,475,420,365,2,7,7,200,0,4,500,1,22,14,0,14,365,0,1,0,0,0,0,0,0,1,0,0,0,1,0,0,0,1,1,0,0,0,0,0,1,0,0,0,0,0,0,0,0,0,0,0,0,0,0,0,0,0,0,0,0,0,0,0,0,1,0,resistance,U,unknown
GENE006,4,-1.53120897392,-1.51635457789,827.625,0,0,0,0,1,0,0.0956295104295,0.193067650762,1.62683848435,0.0953594939989,0.270366224761,1,1.53120897392,1.51635457789,sensitization,1,0,0.866666666667,0.8876139851,0.85388717081,0.921340799391,0.104987671487,219105,median_ratio,SYN-SCREEN-02,SYN-SCREEN-02-DRUG-vs-CTRL,SYN-STUDY-02,SYN-SOURCE-FAMILY-SHARED,SYN-FAMILY-SHARED,2,2,0,1,0,0,1,1,0,1,2,2,,1,240,60,4,20,0.27,,475,420,365,2,7,7,200,0,4,500,1,22,14,0,14,365,0,1,0,0,0,0,0,0,1,0,0,0,1,0,0,0,1,1,0,0,0,0,0,1,0,0,0,0,0,0,0,0,0,0,0,0,0,0,0,0,0,0,0,0,0,0,0,0,1,0,sensitization,V2,tested
GENE007,4,-1.59629430292,-1.51733759094,822.125,0,0,0,0,1,0,0.0159971223543,0.102301403149,1.61229142527,0.00848424167488,0.26706993033,1,1.59629430292,1.51733759094,sensitization,1,0,0.883333333333,0.8876139851,0.85388717081,0.921340799391,0.209782635277,219105,median_ratio,SYN-SCREEN-02,SYN-SCREEN-02-DRUG-vs-CTRL,SYN-STUDY-02,SYN-SOURCE-FAMILY-SHARED,SYN-FAMILY-SHARED,2,2,0,1,0,0,1,1,0,1,2,2,,1,240,60,4,20,0.27,,475,420,365,2,7,7,200,0,4,500,1,22,14,0,14,365,0,1,0,0,0,0,0,0,1,0,0,0,1,0,0,0,1,1,0,0,0,0,0,1,0,0,0,0,0,0,0,0,0,0,0,0,0,0,0,0,0,0,0,0,0,0,0,0,1,0,sensitization,V2,tested
GENE008,4,-1.52421080401,-1.55790734362,592.125,0,0,0,0,1,0,0.171330830386,0.315757949659,1.76293471361,0.127860659953,0.303440389331,1,1.52421080401,1.55790734362,sensitization,1,0,0.85,0.8876139851,0.85388717081,0.921340799391,2.67171007737e-05,219105,median_ratio,SYN-SCREEN-02,SYN-SCREEN-02-DRUG-vs-CTRL,SYN-STUDY-02,SYN-SOURCE-FAMILY-SHARED,SYN-FAMILY-SHARED,2,2,0,1,0,0,1,1,0,1,2,2,,1,240,60,4,20,0.27,,475,420,365,2,7,7,200,0,4,500,1,22,14,0,14,365,0,1,0,0,0,0,0,0,1,0,0,0,1,0,0,0,1,1,0,0,0,0,0,1,0,0,0,0,0,0,0,0,0,0,0,0,0,0,0,0,0,0,0,0,0,0,0,0,1,0,sensitization,F0,tested
GENE009,4,-1.65192713424,-1.64873215631,896.125,0,0,0,0,1,0,0.0802697563962,0.0930440657663,1.73219689063,0.0110612591782,0.273374803281,1,1.65192713424,1.64873215631,sensitization,1,0,0.933333333333,0.8876139851,0.85388717081,0.921340799391,0.0896419530275,219105,median_ratio,SYN-SCREEN-02,SYN-SCREEN-02-DRUG-vs-CTRL,SYN-STUDY-02,SYN-SOURCE-FAMILY-SHARED,SYN-FAMILY-SHARED,2,2,0,1,0,0,1,1,0,1,2,2,,1,240,60,4,20,0.27,,475,420,365,2,7,7,200,0,4,500,1,22,14,0,14,365,0,1,0,0,0,0,0,0,1,0,0,0,1,0,0,0,1,1,0,0,0,0,0,1,0,0,0,0,0,0,0,0,0,0,0,0,0,0,0,0,0,0,0,0,0,0,0,0,1,0,sensitization,D,tested
GENE010,4,-1.6697114298,-1.65509738836,798.5,0,0,0,0,1,0,0.270119688926,0.550969808956,1.93983111872,0.307422943288,0.293595220246,1,1.6697114298,1.65509738836,sensitization,1,0,0.983333333333,0.8876139851,0.85388717081,0.921340799391,0.0985000284184,219105,median_ratio,SYN-SCREEN-02,SYN-SCREEN-02-DRUG-vs-CTRL,SYN-STUDY-02,SYN-SOURCE-FAMILY-SHARED,SYN-FAMILY-SHARED,2,2,0,1,0,0,1,1,0,1,2,2,,1,240,60,4,20,0.27,,475,420,365,2,7,7,200,0,4,500,1,22,14,0,14,365,0,1,0,0,0,0,0,0,1,0,0,0,1,0,0,0,1,1,0,0,0,0,0,1,0,0,0,0,0,0,0,0,0,0,0,0,0,0,0,0,0,0,0,0,0,0,0,0,1,0,sensitization,U,unknown
GENE011,4,-1.51230772878,-1.53779313715,712.5,0,0,0,0,1,0,0.0585301005346,0.135411741574,1.62180864607,0.0593472575254,0.273104569481,1,1.51230772878,1.53779313715,sensitization,1,0,0.833333333333,0.8876139851,0.85388717081,0.921340799391,0.0489980504062,219105,median_ratio,SYN-SCREEN-02,SYN-SCREEN-02-DRUG-vs-CTRL,SYN-STUDY-02,SYN-SOURCE-FAMILY-SHARED,SYN-FAMILY-SHARED,2,2,0,1,0,0,1,1,0,1,2,2,,1,240,60,4,20,0.27,,475,420,365,2,7,7,200,0,4,500,1,22,14,0,14,365,0,1,0,0,0,0,0,0,1,0,0,0,1,0,0,0,1,1,0,0,0,0,0,1,0,0,0,0,0,0,0,0,0,0,0,0,0,0,0,0,0,0,0,0,0,0,0,0,1,0,sensitization,U,unknown
GENE012,4,1.02888660802,1.04803540533,549.5,0,0,0,1,0,0,0.104928239565,0.170415054373,1.1721124422,0.053506533752,0.302709300764,1,1.02888660802,1.04803540533,resistance,0,0,0.8,0.8876139851,0.85388717081,0.921340799391,0.174165793214,219105,median_ratio,SYN-SCREEN-02,SYN-SCREEN-02-DRUG-vs-CTRL,SYN-STUDY-02,SYN-SOURCE-FAMILY-SHARED,SYN-FAMILY-SHARED,2,2,0,1,0,0,1,1,0,1,2,2,,1,240,60,4,20,0.27,,475,420,365,2,7,7,200,0,4,500,1,22,14,0,14,365,0,1,0,0,0,0,0,0,1,0,0,0,1,0,0,0,1,1,0,0,0,0,0,1,0,0,0,0,0,0,0,0,0,0,0,0,0,0,0,0,0,0,0,0,0,0,0,0,1,0,resistance,F0,tested
GENE013,4,-1.02568555998,-1.07315855028,783.625,0,0,0,0,1,0,0.0778783271156,0.178185249751,1.1985098677,0.0610073701086,0.307154111278,1,1.02568555998,1.07315855028,sensitization,1,0,0.783333333333,0.8876139851,0.85388717081,0.921340799391,0.103986322937,219105,median_ratio,SYN-SCREEN-02,SYN-SCREEN-02-DRUG-vs-CTRL,SYN-STUDY-02,SYN-SOURCE-FAMILY-SHARED,SYN-FAMILY-SHARED,2,2,0,1,0,0,1,1,0,1,2,2,,1,240,60,4,20,0.27,,475,420,365,2,7,7,200,0,4,500,1,22,14,0,14,365,0,1,0,0,0,0,0,0,1,0,0,0,1,0,0,0,1,1,0,0,0,0,0,1,0,0,0,0,0,0,0,0,0,0,0,0,0,0,0,0,0,0,0,0,0,0,0,0,1,0,sensitization,F0,tested
GENE014,4,0.802608874999,0.747806924322,793.75,0,0,0,1,0,0,0.0675462584745,0.140657363509,0.870155133474,0.0211415903931,0.307362839153,1,0.802608874999,0.747806924322,resistance,0,0,0.766666666667,0.8876139851,0.85388717081,0.921340799391,0.00157496709766,219105,median_ratio,SYN-SCREEN-02,SYN-SCREEN-02-DRUG-vs-CTRL,SYN-STUDY-02,SYN-SOURCE-FAMILY-SHARED,SYN-FAMILY-SHARED,2,2,0,1,0,0,1,1,0,1,2,2,,1,240,60,4,20,0.27,,475,420,365,2,7,7,200,0,4,500,1,22,14,0,14,365,0,1,0,0,0,0,0,0,1,0,0,0,1,0,0,0,1,1,0,0,0,0,0,1,0,0,0,0,0,0,0,0,0,0,0,0,0,0,0,0,0,0,0,0,0,0,0,0,1,0,resistance,V1,tested
GENE015,4,-0.612339019136,-0.673361179107,670.375,0,0,0,0,1,0,0.093739283175,0.195038653893,0.828122622253,0.0465081169335,0.372619125428,1,0.612339019136,0.673361179107,sensitization,1,0,0.75,0.8876139851,0.85388717081,0.921340799391,0.0348669265172,219105,median_ratio,SYN-SCREEN-02,SYN-SCREEN-02-DRUG-vs-CTRL,SYN-STUDY-02,SYN-SOURCE-FAMILY-SHARED,SYN-FAMILY-SHARED,2,2,0,1,0,0,1,1,0,1,2,2,,1,240,60,4,20,0.27,,475,420,365,2,7,7,200,0,4,500,1,22,14,0,14,365,0,1,0,0,0,0,0,0,1,0,0,0,1,0,0,0,1,1,0,0,0,0,0,1,0,0,0,0,0,0,0,0,0,0,0,0,0,0,0,0,0,0,0,0,0,0,0,0,1,0,sensitization,A,tested
GENE016,4,0.455271902981,0.449649297427,856.875,0,0,0,1,0,0,0.0528408759212,0.10350593397,0.508112778902,0.0520105441456,0.286840880927,1,0.455271902981,0.449649297427,resistance,0,0,0.733333333333,0.8876139851,0.85388717081,0.921340799391,0.132115895518,219105,median_ratio,SYN-SCREEN-02,SYN-SCREEN-02-DRUG-vs-CTRL,SYN-STUDY-02,SYN-SOURCE-FAMILY-SHARED,SYN-FAMILY-SHARED,2,2,0,1,0,0,1,1,0,1,2,2,,1,240,60,4,20,0.27,,475,420,365,2,7,7,200,0,4,500,1,22,14,0,14,365,0,1,0,0,0,0,0,0,1,0,0,0,1,0,0,0,1,1,0,0,0,0,0,1,0,0,0,0,0,0,0,0,0,0,0,0,0,0,0,0,0,0,0,0,0,0,0,0,1,0,resistance,T,tested
GENE017,4,0.0108769105487,0.0517786163585,606.5,0,0,0,0.25,0,0.75,0.0156827763591,0.0629034844358,0.108363098527,0.00729655531959,0.847428797688,0.25,0.0108769105487,0.0517786163585,neutral,0,1,0.1,0.8876139851,0.85388717081,0.921340799391,0.105733220292,219105,median_ratio,SYN-SCREEN-02,SYN-SCREEN-02-DRUG-vs-CTRL,SYN-STUDY-02,SYN-SOURCE-FAMILY-SHARED,SYN-FAMILY-SHARED,2,2,0,1,0,0,1,1,0,1,2,2,,1,240,60,4,20,0.27,,475,420,365,2,7,7,200,0,4,500,1,22,14,0,14,365,0,1,0,0,0,0,0,0,1,0,0,0,1,0,0,0,1,1,0,0,0,0,0,1,0,0,0,0,0,0,0,0,0,0,0,0,0,0,0,0,0,0,0,0,0,0,0,0,1,0,resistance,U,unknown
GENE018,4,0.181369096895,0.205941082289,863.625,0,0,0,0.5,0,0.5,0.135626099401,0.261334063462,0.366139167084,0.116781769016,0.545997493079,0.5,0.181369096895,0.205941082289,resistance,0,0,0.633333333333,0.8876139851,0.85388717081,0.921340799391,0.121420668435,219105,median_ratio,SYN-SCREEN-02,SYN-SCREEN-02-DRUG-vs-CTRL,SYN-STUDY-02,SYN-SOURCE-FAMILY-SHARED,SYN-FAMILY-SHARED,2,2,0,1,0,0,1,1,0,1,2,2,,1,240,60,4,20,0.27,,475,420,365,2,7,7,200,0,4,500,1,22,14,0,14,365,0,1,0,0,0,0,0,0,1,0,0,0,1,0,0,0,1,1,0,0,0,0,0,1,0,0,0,0,0,0,0,0,0,0,0,0,0,0,0,0,0,0,0,0,0,0,0,0,1,0,resistance,U,unknown
GENE019,4,0.00971709645566,0.0299689435978,651,0,0,0,0.5,0.25,0.25,0.110478562485,0.22516754973,0.167023679152,0.10904661652,0.415443641826,0.5,0.00971709645566,0.0299689435978,neutral,0,1,0.0833333333333,0.8876139851,0.85388717081,0.921340799391,0.0303376826602,219105,median_ratio,SYN-SCREEN-02,SYN-SCREEN-02-DRUG-vs-CTRL,SYN-STUDY-02,SYN-SOURCE-FAMILY-SHARED,SYN-FAMILY-SHARED,2,2,0,1,0,0,1,1,0,1,2,2,,1,240,60,4,20,0.27,,475,420,365,2,7,7,200,0,4,500,1,22,14,0,14,365,0,1,0,0,0,0,0,0,1,0,0,0,1,0,0,0,1,1,0,0,0,0,0,1,0,0,0,0,0,0,0,0,0,0,0,0,0,0,0,0,0,0,0,0,0,0,0,0,1,0,resistance,U,unknown
GENE020,4,0.0493653156164,-0.0261962609735,918.5,0,0,0,0.25,0.25,0.5,0.0754565100168,0.184027863643,0.269026396177,0.0381164073161,0.582276830719,0.25,0.0493653156164,0.0261962609735,neutral,0,1,0.166666666667,0.8876139851,0.85388717081,0.921340799391,0.089794065989,219105,median_ratio,SYN-SCREEN-02,SYN-SCREEN-02-DRUG-vs-CTRL,SYN-STUDY-02,SYN-SOURCE-FAMILY-SHARED,SYN-FAMILY-SHARED,2,2,0,1,0,0,1,1,0,1,2,2,,1,240,60,4,20,0.27,,475,420,365,2,7,7,200,0,4,500,1,22,14,0,14,365,0,1,0,0,0,0,0,0,1,0,0,0,1,0,0,0,1,1,0,0,0,0,0,1,0,0,0,0,0,0,0,0,0,0,0,0,0,0,0,0,0,0,0,0,0,0,0,0,1,0,resistance,U,not_tested
GENE021,4,-0.052346497923,-0.0578263768557,956.625,0,0,0,0,0.25,0.75,0.0642957083264,0.102347860227,0.127601964115,0.0376112211325,0.534394258234,0.25,0.052346497923,0.0578263768557,neutral,0,1,0.2,0.8876139851,0.85388717081,0.921340799391,0.0380904443794,219105,median_ratio,SYN-SCREEN-02,SYN-SCREEN-02-DRUG-vs-CTRL,SYN-STUDY-02,SYN-SOURCE-FAMILY-SHARED,SYN-FAMILY-SHARED,2,2,0,1,0,0,1,1,0,1,2,2,,1,240,60,4,20,0.27,,475,420,365,2,7,7,200,0,4,500,1,22,14,0,14,365,0,1,0,0,0,0,0,0,1,0,0,0,1,0,0,0,1,1,0,0,0,0,0,1,0,0,0,0,0,0,0,0,0,0,0,0,0,0,0,0,0,0,0,0,0,0,0,0,1,0,sensitization,U,unknown
GENE022,4,-0.0841375475632,-0.0532496183537,757.125,0,0,0,0.25,0.5,0.25,0.0896809672133,0.177677559191,0.184029130078,0.0659434036445,0.384818168009,0.5,0.0841375475632,0.0532496183537,neutral,0,1,0.35,0.8876139851,0.85388717081,0.921340799391,0.0256341896359,219105,median_ratio,SYN-SCREEN-02,SYN-SCREEN-02-DRUG-vs-CTRL,SYN-STUDY-02,SYN-SOURCE-FAMILY-SHARED,SYN-FAMILY-SHARED,2,2,0,1,0,0,1,1,0,1,2,2,,1,240,60,4,20,0.27,,475,420,365,2,7,7,200,0,4,500,1,22,14,0,14,365,0,1,0,0,0,0,0,0,1,0,0,0,1,0,0,0,1,1,0,0,0,0,0,1,0,0,0,0,0,0,0,0,0,0,0,0,0,0,0,0,0,0,0,0,0,0,0,0,1,0,sensitization,U,unknown
GENE023,4,0.14422075222,0.153075681826,1057.75,0,0,0,0.5,0,0.5,0.169662016052,0.309180121752,0.331592627483,0.150876839783,0.523894046095,0.5,0.14422075222,0.153075681826,resistance,0,0,0.483333333333,0.8876139851,0.85388717081,0.921340799391,0.0821609093854,219105,median_ratio,SYN-SCREEN-02,SYN-SCREEN-02-DRUG-vs-CTRL,SYN-STUDY-02,SYN-SOURCE-FAMILY-SHARED,SYN-FAMILY-SHARED,2,2,0,1,0,0,1,1,0,1,2,2,,1,240,60,4,20,0.27,,475,420,365,2,7,7,200,0,4,500,1,22,14,0,14,365,0,1,0,0,0,0,0,0,1,0,0,0,1,0,0,0,1,1,0,0,0,0,0,1,0,0,0,0,0,0,0,0,0,0,0,0,0,0,0,0,0,0,0,0,0,0,0,0,1,0,sensitization,U,unknown
GENE024,4,-0.00937626265949,-0.0377033781811,793.5,0,0,0,0,0.25,0.75,0.0425979823112,0.0714824819362,0.141292811562,0.000643611724313,0.688008824425,0.25,0.00937626265949,0.0377033781811,neutral,0,1,0.0666666666667,0.8876139851,0.85388717081,0.921340799391,0.00315246334795,219105,median_ratio,SYN-SCREEN-02,SYN-SCREEN-02-DRUG-vs-CTRL,SYN-STUDY-02,SYN-SOURCE-FAMILY-SHARED,SYN-FAMILY-SHARED,2,2,0,1,0,0,1,1,0,1,2,2,,1,240,60,4,20,0.27,,475,420,365,2,7,7,200,0,4,500,1,22,14,0,14,365,0,1,0,0,0,0,0,0,1,0,0,0,1,0,0,0,1,1,0,0,0,0,0,1,0,0,0,0,0,0,0,0,0,0,0,0,0,0,0,0,0,0,0,0,0,0,0,0,1,0,sensitization,U,not_tested
GENE025,4,0.147058815282,0.141297331789,1092.375,0,0,0,0.5,0,0.5,0.0707828241172,0.126640650417,0.217841639399,0.05784627401,0.422032245213,0.5,0.147058815282,0.141297331789,resistance,0,0,0.516666666667,0.8876139851,0.85388717081,0.921340799391,0.0376081938862,219105,median_ratio,SYN-SCREEN-02,SYN-SCREEN-02-DRUG-vs-CTRL,SYN-STUDY-02,SYN-SOURCE-FAMILY-SHARED,SYN-FAMILY-SHARED,2,2,0,1,0,0,1,1,0,1,2,2,,1,240,60,4,20,0.27,,475,420,365,2,7,7,200,0,4,500,1,22,14,0,14,365,0,1,0,0,0,0,0,0,1,0,0,0,1,0,0,0,1,1,0,0,0,0,0,1,0,0,0,0,0,0,0,0,0,0,0,0,0,0,0,0,0,0,0,0,0,0,0,0,1,0,resistance,U,unknown
GENE026,4,-0.145784841432,-0.0845981264395,971.5,0,0,0,0.25,0.5,0.25,0.210721751143,0.438589290278,0.377136108126,0.192466437376,0.368274225944,0.5,0.145784841432,0.0845981264395,sensitization,1,0,0.5,0.8876139851,0.85388717081,0.921340799391,0.0442652499143,219105,median_ratio,SYN-SCREEN-02,SYN-SCREEN-02-DRUG-vs-CTRL,SYN-STUDY-02,SYN-SOURCE-FAMILY-SHARED,SYN-FAMILY-SHARED,2,2,0,1,0,0,1,1,0,1,2,2,,1,240,60,4,20,0.27,,475,420,365,2,7,7,200,0,4,500,1,22,14,0,14,365,0,1,0,0,0,0,0,0,1,0,0,0,1,0,0,0,1,1,0,0,0,0,0,1,0,0,0,0,0,0,0,0,0,0,0,0,0,0,0,0,0,0,0,0,0,0,0,0,1,0,resistance,U,unknown
GENE027,4,-0.0925131878157,-0.0504072033827,823.75,0,0,0,0.25,0.5,0.25,0.0422741397203,0.116016435522,0.137123936939,0.0365304657692,0.316641213923,0.5,0.0925131878157,0.0504072033827,neutral,0,1,0.4,0.8876139851,0.85388717081,0.921340799391,0.0946356407947,219105,median_ratio,SYN-SCREEN-02,SYN-SCREEN-02-DRUG-vs-CTRL,SYN-STUDY-02,SYN-SOURCE-FAMILY-SHARED,SYN-FAMILY-SHARED,2,2,0,1,0,0,1,1,0,1,2,2,,1,240,60,4,20,0.27,,475,420,365,2,7,7,200,0,4,500,1,22,14,0,14,365,0,1,0,0,0,0,0,0,1,0,0,0,1,0,0,0,1,1,0,0,0,0,0,1,0,0,0,0,0,0,0,0,0,0,0,0,0,0,0,0,0,0,0,0,0,0,0,0,1,0,resistance,U,unknown
GENE028,4,0.0889217370834,0.0523085871805,683.5,0,0,0,0.5,0.25,0.25,0.18315470656,0.289942146807,0.369361422583,0.0810302908399,0.420108018087,0.5,0.0889217370834,0.0523085871805,neutral,0,1,0.383333333333,0.8876139851,0.85388717081,0.921340799391,0.0224065574258,219105,median_ratio,SYN-SCREEN-02,SYN-SCREEN-02-DRUG-vs-CTRL,SYN-STUDY-02,SYN-SOURCE-FAMILY-SHARED,SYN-FAMILY-SHARED,2,2,0,1,0,0,1,1,0,1,2,2,,1,240,60,4,20,0.27,,475,420,365,2,7,7,200,0,4,500,1,22,14,0,14,365,0,1,0,0,0,0,0,0,1,0,0,0,1,0,0,0,1,1,0,0,0,0,0,1,0,0,0,0,0,0,0,0,0,0,0,0,0,0,0,0,0,0,0,0,0,0,0,0,1,0,resistance,U,not_tested
GENE029,4,-0.192864482149,-0.234038973439,1098.875,0,0,0,0,1,0,0.0299726854344,0.0903603231736,0.305186150163,0.0221854305491,0.425457634123,1,0.192864482149,0.234038973439,sensitization,1,0,0.65,0.8876139851,0.85388717081,0.921340799391,0.0639093887262,219105,median_ratio,SYN-SCREEN-02,SYN-SCREEN-02-DRUG-vs-CTRL,SYN-STUDY-02,SYN-SOURCE-FAMILY-SHARED,SYN-FAMILY-SHARED,2,2,0,1,0,0,1,1,0,1,2,2,,1,240,60,4,20,0.27,,475,420,365,2,7,7,200,0,4,500,1,22,14,0,14,365,0,1,0,0,0,0,0,0,1,0,0,0,1,0,0,0,1,1,0,0,0,0,0,1,0,0,0,0,0,0,0,0,0,0,0,0,0,0,0,0,0,0,0,0,0,0,0,0,1,0,sensitization,U,unknown
GENE030,4,-0.0666105060028,-0.0822773743095,917,0,0,0,0.25,0.5,0.25,0.228571220487,0.359738075439,0.372976190943,0.133367896762,0.482030091912,0.5,0.0666105060028,0.0822773743095,neutral,0,1,0.266666666667,0.8876139851,0.85388717081,0.921340799391,0.0230510725947,219105,median_ratio,SYN-SCREEN-02,SYN-SCREEN-02-DRUG-vs-CTRL,SYN-STUDY-02,SYN-SOURCE-FAMILY-SHARED,SYN-FAMILY-SHARED,2,2,0,1,0,0,1,1,0,1,2,2,,1,240,60,4,20,0.27,,475,420,365,2,7,7,200,0,4,500,1,22,14,0,14,365,0,1,0,0,0,0,0,0,1,0,0,0,1,0,0,0,1,1,0,0,0,0,0,1,0,0,0,0,0,0,0,0,0,0,0,0,0,0,0,0,0,0,0,0,0,0,0,0,1,0,resistance,U,unknown
GENE031,4,0.056543209196,0.0683458262842,887.75,0,0,0,0.25,0,0.75,0.0625075886137,0.0935558855697,0.142656031986,0.0222229969049,0.563482937912,0.25,0.056543209196,0.0683458262842,neutral,0,1,0.233333333333,0.8876139851,0.85388717081,0.921340799391,0.104269147724,219105,median_ratio,SYN-SCREEN-02,SYN-SCREEN-02-DRUG-vs-CTRL,SYN-STUDY-02,SYN-SOURCE-FAMILY-SHARED,SYN-FAMILY-SHARED,2,2,0,1,0,0,1,1,0,1,2,2,,1,240,60,4,20,0.27,,475,420,365,2,7,7,200,0,4,500,1,22,14,0,14,365,0,1,0,0,0,0,0,0,1,0,0,0,1,0,0,0,1,1,0,0,0,0,0,1,0,0,0,0,0,0,0,0,0,0,0,0,0,0,0,0,0,0,0,0,0,0,0,0,1,0,sensitization,U,unknown
GENE032,4,-0.105546098219,-0.0329598014528,742.375,0,0,0,0.25,0.5,0.25,0.0428483360467,0.155817251826,0.190486646612,0.046629831916,0.388661636159,0.5,0.105546098219,0.0329598014528,sensitization,1,0,0.416666666667,0.8876139851,0.85388717081,0.921340799391,0.0166022428712,219105,median_ratio,SYN-SCREEN-02,SYN-SCREEN-02-DRUG-vs-CTRL,SYN-STUDY-02,SYN-SOURCE-FAMILY-SHARED,SYN-FAMILY-SHARED,2,2,0,1,0,0,1,1,0,1,2,2,,1,240,60,4,20,0.27,,475,420,365,2,7,7,200,0,4,500,1,22,14,0,14,365,0,1,0,0,0,0,0,0,1,0,0,0,1,0,0,0,1,1,0,0,0,0,0,1,0,0,0,0,0,0,0,0,0,0,0,0,0,0,0,0,0,0,0,0,0,0,0,0,1,0,sensitization,U,not_tested
GENE033,4,0.00163715432725,-0.0229522291875,899.25,0,0,0,0.25,0.25,0.5,0.184630399297,0.305600282632,0.322059065802,0.111290615033,0.441641647766,0.25,0.00163715432725,0.0229522291875,neutral,0,1,0.0166666666667,0.8876139851,0.85388717081,0.921340799391,0.0672029557864,219105,median_ratio,SYN-SCREEN-02,SYN-SCREEN-02-DRUG-vs-CTRL,SYN-STUDY-02,SYN-SOURCE-FAMILY-SHARED,SYN-FAMILY-SHARED,2,2,0,1,0,0,1,1,0,1,2,2,,1,240,60,4,20,0.27,,475,420,365,2,7,7,200,0,4,500,1,22,14,0,14,365,0,1,0,0,0,0,0,0,1,0,0,0,1,0,0,0,1,1,0,0,0,0,0,1,0,0,0,0,0,0,0,0,0,0,0,0,0,0,0,0,0,0,0,0,0,0,0,0,1,0,resistance,U,unknown
GENE034,4,-0.00317877992105,0.0180004729899,1018.375,0,0,0,0.5,0.5,0,0.23308377511,0.389984633475,0.372804450589,0.156717810887,0.405076762139,0.5,0.00317877992105,0.0180004729899,neutral,0,1,0.05,0.8876139851,0.85388717081,0.921340799391,0.128492616131,219105,median_ratio,SYN-SCREEN-02,SYN-SCREEN-02-DRUG-vs-CTRL,SYN-STUDY-02,SYN-SOURCE-FAMILY-SHARED,SYN-FAMILY-SHARED,2,2,0,1,0,0,1,1,0,1,2,2,,1,240,60,4,20,0.27,,475,420,365,2,7,7,200,0,4,500,1,22,14,0,14,365,0,1,0,0,0,0,0,0,1,0,0,0,1,0,0,0,1,1,0,0,0,0,0,1,0,0,0,0,0,0,0,0,0,0,0,0,0,0,0,0,0,0,0,0,0,0,0,0,1,0,resistance,U,unknown
GENE035,4,-0.119711159544,-0.117733904154,863.5,0,0,0,0,0.5,0.5,0.0971607774375,0.166462446255,0.216871936982,0.0777395364303,0.492111891764,0.5,0.119711159544,0.117733904154,sensitization,1,0,0.45,0.8876139851,0.85388717081,0.921340799391,0.0901914661489,219105,median_ratio,SYN-SCREEN-02,SYN-SCREEN-02-DRUG-vs-CTRL,SYN-STUDY-02,SYN-SOURCE-FAMILY-SHARED,SYN-FAMILY-SHARED,2,2,0,1,0,0,1,1,0,1,2,2,,1,240,60,4,20,0.27,,475,420,365,2,7,7,200,0,4,500,1,22,14,0,14,365,0,1,0,0,0,0,0,0,1,0,0,0,1,0,0,0,1,1,0,0,0,0,0,1,0,0,0,0,0,0,0,0,0,0,0,0,0,0,0,0,0,0,0,0,0,0,0,0,1,0,sensitization,U,unknown
GENE036,4,0.10820986511,0.150639196867,868.125,0,0,0,0.5,0,0.5,0.119893004978,0.278515750023,0.312961533602,0.13416859688,0.618398855146,0.5,0.10820986511,0.150639196867,resistance,0,0,0.433333333333,0.8876139851,0.85388717081,0.921340799391,0.0519163118281,219105,median_ratio,SYN-SCREEN-02,SYN-SCREEN-02-DRUG-vs-CTRL,SYN-STUDY-02,SYN-SOURCE-FAMILY-SHARED,SYN-FAMILY-SHARED,2,2,0,1,0,0,1,1,0,1,2,2,,1,240,60,4,20,0.27,,475,420,365,2,7,7,200,0,4,500,1,22,14,0,14,365,0,1,0,0,0,0,0,0,1,0,0,0,1,0,0,0,1,1,0,0,0,0,0,1,0,0,0,0,0,0,0,0,0,0,0,0,0,0,0,0,0,0,0,0,0,0,0,0,1,0,resistance,U,not_tested
GENE037,4,0.165620460922,0.154488576034,607.375,0,0,0,0.75,0.25,0,0.133697842006,0.17833347251,0.299318302928,0.0386867931012,0.473607126947,0.75,0.165620460922,0.154488576034,resistance,0,0,0.583333333333,0.8876139851,0.85388717081,0.921340799391,0.106755571963,219105,median_ratio,SYN-SCREEN-02,SYN-SCREEN-02-DRUG-vs-CTRL,SYN-STUDY-02,SYN-SOURCE-FAMILY-SHARED,SYN-FAMILY-SHARED,2,2,0,1,0,0,1,1,0,1,2,2,,1,240,60,4,20,0.27,,475,420,365,2,7,7,200,0,4,500,1,22,14,0,14,365,0,1,0,0,0,0,0,0,1,0,0,0,1,0,0,0,1,1,0,0,0,0,0,1,0,0,0,0,0,0,0,0,0,0,0,0,0,0,0,0,0,0,0,0,0,0,0,0,1,0,resistance,U,unknown
GENE038,4,0.16232301515,0.132924192149,779.75,0,0,0,0.75,0,0.25,0.0663187872915,0.147875496655,0.228641802441,0.0602267394639,0.402523909333,0.75,0.16232301515,0.132924192149,resistance,0,0,0.566666666667,0.8876139851,0.85388717081,0.921340799391,0.102909722712,219105,median_ratio,SYN-SCREEN-02,SYN-SCREEN-02-DRUG-vs-CTRL,SYN-STUDY-02,SYN-SOURCE-FAMILY-SHARED,SYN-FAMILY-SHARED,2,2,0,1,0,0,1,1,0,1,2,2,,1,240,60,4,20,0.27,,475,420,365,2,7,7,200,0,4,500,1,22,14,0,14,365,0,1,0,0,0,0,0,0,1,0,0,0,1,0,0,0,1,1,0,0,0,0,0,1,0,0,0,0,0,0,0,0,0,0,0,0,0,0,0,0,0,0,0,0,0,0,0,0,1,0,resistance,U,unknown
GENE039,4,-0.0690147557073,-0.00195298144511,825.5,0,0,0,0.25,0.25,0.5,0.0617268289537,0.159401685009,0.226964124638,0.0353489420283,0.493401618917,0.25,0.0690147557073,0.00195298144511,neutral,0,1,0.3,0.8876139851,0.85388717081,0.921340799391,0.267485441024,219105,median_ratio,SYN-SCREEN-02,SYN-SCREEN-02-DRUG-vs-CTRL,SYN-STUDY-02,SYN-SOURCE-FAMILY-SHARED,SYN-FAMILY-SHARED,2,2,0,1,0,0,1,1,0,1,2,2,,1,240,60,4,20,0.27,,475,420,365,2,7,7,200,0,4,500,1,22,14,0,14,365,0,1,0,0,0,0,0,0,1,0,0,0,1,0,0,0,1,1,0,0,0,0,0,1,0,0,0,0,0,0,0,0,0,0,0,0,0,0,0,0,0,0,0,0,0,0,0,0,1,0,resistance,U,unknown
GENE040,4,-0.241772874777,-0.291923780243,1021.375,0,0,0,0,1,0,0.0759979349207,0.192572685812,0.41807262063,0.0766996500732,0.452128737696,1,0.241772874777,0.291923780243,sensitization,1,0,0.7,0.8876139851,0.85388717081,0.921340799391,0.107804571676,219105,median_ratio,SYN-SCREEN-02,SYN-SCREEN-02-DRUG-vs-CTRL,SYN-STUDY-02,SYN-SOURCE-FAMILY-SHARED,SYN-FAMILY-SHARED,2,2,0,1,0,0,1,1,0,1,2,2,,1,240,60,4,20,0.27,,475,420,365,2,7,7,200,0,4,500,1,22,14,0,14,365,0,1,0,0,0,0,0,0,1,0,0,0,1,0,0,0,1,1,0,0,0,0,0,1,0,0,0,0,0,0,0,0,0,0,0,0,0,0,0,0,0,0,0,0,0,0,0,0,1,0,sensitization,U,not_tested
GENE041,4,-0.154504868538,-0.111939051393,864.5,0,0,0,0.25,0.5,0.25,0.103568281523,0.23454122635,0.258073150061,0.102083757931,0.381222480685,0.5,0.154504868538,0.111939051393,sensitization,1,0,0.533333333333,0.8876139851,0.85388717081,0.921340799391,0.112636771748,219105,median_ratio,SYN-SCREEN-02,SYN-SCREEN-02-DRUG-vs-CTRL,SYN-STUDY-02,SYN-SOURCE-FAMILY-SHARED,SYN-FAMILY-SHARED,2,2,0,1,0,0,1,1,0,1,2,2,,1,240,60,4,20,0.27,,475,420,365,2,7,7,200,0,4,500,1,22,14,0,14,365,0,1,0,0,0,0,0,0,1,0,0,0,1,0,0,0,1,1,0,0,0,0,0,1,0,0,0,0,0,0,0,0,0,0,0,0,0,0,0,0,0,0,0,0,0,0,0,0,1,0,resistance,U,unknown
GENE042,4,0.162252086723,0.0311275328464,867.625,0,0,0,0.75,0.25,0,0.0689508345877,0.232666777228,0.367559388165,0.0376332941517,0.441247907375,0.75,0.162252086723,0.0311275328464,resistance,0,0,0.55,0.8876139851,0.85388717081,0.921340799391,0.0118441049627,219105,median_ratio,SYN-SCREEN-02,SYN-SCREEN-02-DRUG-vs-CTRL,SYN-STUDY-02,SYN-SOURCE-FAMILY-SHARED,SYN-FAMILY-SHARED,2,2,0,1,0,0,1,1,0,1,2,2,,1,240,60,4,20,0.27,,475,420,365,2,7,7,200,0,4,500,1,22,14,0,14,365,0,1,0,0,0,0,0,0,1,0,0,0,1,0,0,0,1,1,0,0,0,0,0,1,0,0,0,0,0,0,0,0,0,0,0,0,0,0,0,0,0,0,0,0,0,0,0,0,1,0,resistance,U,unknown
GENE043,4,-0.0687830502985,-0.0331050234754,813.625,0,0,0,0.25,0.25,0.5,0.0309188438293,0.0701138827298,0.129676729227,0.00406109573919,0.333190263768,0.25,0.0687830502985,0.0331050234754,neutral,0,1,0.283333333333,0.8876139851,0.85388717081,0.921340799391,0.239081312338,219105,median_ratio,SYN-SCREEN-02,SYN-SCREEN-02-DRUG-vs-CTRL,SYN-STUDY-02,SYN-SOURCE-FAMILY-SHARED,SYN-FAMILY-SHARED,2,2,0,1,0,0,1,1,0,1,2,2,,1,240,60,4,20,0.27,,475,420,365,2,7,7,200,0,4,500,1,22,14,0,14,365,0,1,0,0,0,0,0,0,1,0,0,0,1,0,0,0,1,1,0,0,0,0,0,1,0,0,0,0,0,0,0,0,0,0,0,0,0,0,0,0,0,0,0,0,0,0,0,0,1,0,sensitization,U,unknown
GENE044,4,-0.0372710065755,0.0381060540546,754.375,0,0,0,0.25,0.5,0.25,0.118006697976,0.299519496937,0.280631778882,0.122554994192,0.509498440312,0.5,0.0372710065755,0.0381060540546,neutral,0,1,0.133333333333,0.8876139851,0.85388717081,0.921340799391,0.0173596838638,219105,median_ratio,SYN-SCREEN-02,SYN-SCREEN-02-DRUG-vs-CTRL,SYN-STUDY-02,SYN-SOURCE-FAMILY-SHARED,SYN-FAMILY-SHARED,2,2,0,1,0,0,1,1,0,1,2,2,,1,240,60,4,20,0.27,,475,420,365,2,7,7,200,0,4,500,1,22,14,0,14,365,0,1,0,0,0,0,0,0,1,0,0,0,1,0,0,0,1,1,0,0,0,0,0,1,0,0,0,0,0,0,0,0,0,0,0,0,0,0,0,0,0,0,0,0,0,0,0,0,1,0,resistance,U,not_tested
GENE045,4,0.0832211790912,0.163739571661,831.875,0,0,0,0.5,0.25,0.25,0.157428332417,0.313144531795,0.401686296649,0.0868309480062,0.666388909967,0.5,0.0832211790912,0.163739571661,neutral,0,1,0.333333333333,0.8876139851,0.85388717081,0.921340799391,0.100068741989,219105,median_ratio,SYN-SCREEN-02,SYN-SCREEN-02-DRUG-vs-CTRL,SYN-STUDY-02,SYN-SOURCE-FAMILY-SHARED,SYN-FAMILY-SHARED,2,2,0,1,0,0,1,1,0,1,2,2,,1,240,60,4,20,0.27,,475,420,365,2,7,7,200,0,4,500,1,22,14,0,14,365,0,1,0,0,0,0,0,0,1,0,0,0,1,0,0,0,1,1,0,0,0,0,0,1,0,0,0,0,0,0,0,0,0,0,0,0,0,0,0,0,0,0,0,0,0,0,0,0,1,0,resistance,U,unknown
GENE046,4,0.0525931154891,-0.0127478066675,868.75,0,0,0,0.5,0.25,0.25,0.146238705206,0.318021488153,0.316717393936,0.12290847396,0.466498272637,0.5,0.0525931154891,0.0127478066675,neutral,0,1,0.216666666667,0.8876139851,0.85388717081,0.921340799391,0.231692818433,219105,median_ratio,SYN-SCREEN-02,SYN-SCREEN-02-DRUG-vs-CTRL,SYN-STUDY-02,SYN-SOURCE-FAMILY-SHARED,SYN-FAMILY-SHARED,2,2,0,1,0,0,1,1,0,1,2,2,,1,240,60,4,20,0.27,,475,420,365,2,7,7,200,0,4,500,1,22,14,0,14,365,0,1,0,0,0,0,0,0,1,0,0,0,1,0,0,0,1,1,0,0,0,0,0,1,0,0,0,0,0,0,0,0,0,0,0,0,0,0,0,0,0,0,0,0,0,0,0,0,1,0,resistance,U,unknown
GENE047,4,-0.011502403079,-0.0162260617941,825.5,0,0,0,0.25,0.25,0.5,0.0977792122577,0.133166745361,0.174341867558,0.0354075922646,0.476307605371,0.25,0.011502403079,0.0162260617941,neutral,0,1,0.116666666667,0.8876139851,0.85388717081,0.921340799391,0.219323959528,219105,median_ratio,SYN-SCREEN-02,SYN-SCREEN-02-DRUG-vs-CTRL,SYN-STUDY-02,SYN-SOURCE-FAMILY-SHARED,SYN-FAMILY-SHARED,2,2,0,1,0,0,1,1,0,1,2,2,,1,240,60,4,20,0.27,,475,420,365,2,7,7,200,0,4,500,1,22,14,0,14,365,0,1,0,0,0,0,0,0,1,0,0,0,1,0,0,0,1,1,0,0,0,0,0,1,0,0,0,0,0,0,0,0,0,0,0,0,0,0,0,0,0,0,0,0,0,0,0,0,1,0,sensitization,U,unknown
GENE048,4,0.0497272394009,0.0244550320016,746.875,0,0,0,0.25,0.25,0.5,0.0820756662288,0.149598011808,0.172445609076,0.0487862573029,0.38992789997,0.25,0.0497272394009,0.0244550320016,neutral,0,1,0.183333333333,0.8876139851,0.85388717081,0.921340799391,0.0705639741792,219105,median_ratio,SYN-SCREEN-02,SYN-SCREEN-02-DRUG-vs-CTRL,SYN-STUDY-02,SYN-SOURCE-FAMILY-SHARED,SYN-FAMILY-SHARED,2,2,0,1,0,0,1,1,0,1,2,2,,1,240,60,4,20,0.27,,475,420,365,2,7,7,200,0,4,500,1,22,14,0,14,365,0,1,0,0,0,0,0,0,1,0,0,0,1,0,0,0,1,1,0,0,0,0,0,1,0,0,0,0,0,0,0,0,0,0,0,0,0,0,0,0,0,0,0,0,0,0,0,0,1,0,sensitization,U,not_tested
GENE049,4,-0.215101447604,-0.161254218029,940.625,0,0,0,0,0.75,0.25,0.0611018988783,0.138688917196,0.276203346482,0.0274123468433,0.372175757628,0.75,0.215101447604,0.161254218029,sensitization,1,0,0.683333333333,0.8876139851,0.85388717081,0.921340799391,0.0947978919225,219105,median_ratio,SYN-SCREEN-02,SYN-SCREEN-02-DRUG-vs-CTRL,SYN-STUDY-02,SYN-SOURCE-FAMILY-SHARED,SYN-FAMILY-SHARED,2,2,0,1,0,0,1,1,0,1,2,2,,1,240,60,4,20,0.27,,475,420,365,2,7,7,200,0,4,500,1,22,14,0,14,365,0,1,0,0,0,0,0,0,1,0,0,0,1,0,0,0,1,1,0,0,0,0,0,1,0,0,0,0,0,0,0,0,0,0,0,0,0,0,0,0,0,0,0,0,0,0,0,0,1,0,sensitization,U,unknown
GENE050,4,-0.05701003681,-0.0887743383928,845.75,0,0,0,0.25,0.5,0.25,0.130421450276,0.246278836683,0.250960090251,0.0971023303213,0.556178725216,0.5,0.05701003681,0.0887743383928,neutral,0,1,0.25,0.8876139851,0.85388717081,0.921340799391,0.0744454753711,219105,median_ratio,SYN-SCREEN-02,SYN-SCREEN-02-DRUG-vs-CTRL,SYN-STUDY-02,SYN-SOURCE-FAMILY-SHARED,SYN-FAMILY-SHARED,2,2,0,1,0,0,1,1,0,1,2,2,,1,240,60,4,20,0.27,,475,420,365,2,7,7,200,0,4,500,1,22,14,0,14,365,0,1,0,0,0,0,0,0,1,0,0,0,1,0,0,0,1,1,0,0,0,0,0,1,0,0,0,0,0,0,0,0,0,0,0,0,0,0,0,0,0,0,0,0,0,0,0,0,1,0,resistance,U,unknown
GENE051,4,0.130643380708,0.142170826579,751.625,0,0,0,0.75,0,0.25,0.0262151807185,0.041294723001,0.179913453168,0.00410160763927,0.396761126465,0.75,0.130643380708,0.142170826579,resistance,0,0,0.466666666667,0.8876139851,0.85388717081,0.921340799391,0.0458144520073,219105,median_ratio,SYN-SCREEN-02,SYN-SCREEN-02-DRUG-vs-CTRL,SYN-STUDY-02,SYN-SOURCE-FAMILY-SHARED,SYN-FAMILY-SHARED,2,2,0,1,0,0,1,1,0,1,2,2,,1,240,60,4,20,0.27,,475,420,365,2,7,7,200,0,4,500,1,22,14,0,14,365,0,1,0,0,0,0,0,0,1,0,0,0,1,0,0,0,1,1,0,0,0,0,0,1,0,0,0,0,0,0,0,0,0,0,0,0,0,0,0,0,0,0,0,0,0,0,0,0,1,0,resistance,U,unknown
GENE052,4,-0.173815015877,-0.169707690564,867.625,0,0,0,0,0.75,0.25,0.0985117205669,0.140591205722,0.272326736444,0.0438464734124,0.487957916324,0.75,0.173815015877,0.169707690564,sensitization,1,0,0.6,0.8876139851,0.85388717081,0.921340799391,0.108083762439,219105,median_ratio,SYN-SCREEN-02,SYN-SCREEN-02-DRUG-vs-CTRL,SYN-STUDY-02,SYN-SOURCE-FAMILY-SHARED,SYN-FAMILY-SHARED,2,2,0,1,0,0,1,1,0,1,2,2,,1,240,60,4,20,0.27,,475,420,365,2,7,7,200,0,4,500,1,22,14,0,14,365,0,1,0,0,0,0,0,0,1,0,0,0,1,0,0,0,1,1,0,0,0,0,0,1,0,0,0,0,0,0,0,0,0,0,0,0,0,0,0,0,0,0,0,0,0,0,0,0,1,0,sensitization,U,not_tested
GENE053,4,-0.0705951896942,-0.082405418567,1150.5,0,0,0,0,0.5,0.5,0.0772407905408,0.123799240982,0.17145643798,0.0401237901527,0.555201139005,0.5,0.0705951896942,0.082405418567,neutral,0,1,0.316666666667,0.8876139851,0.85388717081,0.921340799391,0.0891612391471,219105,median_ratio,SYN-SCREEN-02,SYN-SCREEN-02-DRUG-vs-CTRL,SYN-STUDY-02,SYN-SOURCE-FAMILY-SHARED,SYN-FAMILY-SHARED,2,2,0,1,0,0,1,1,0,1,2,2,,1,240,60,4,20,0.27,,475,420,365,2,7,7,200,0,4,500,1,22,14,0,14,365,0,1,0,0,0,0,0,0,1,0,0,0,1,0,0,0,1,1,0,0,0,0,0,1,0,0,0,0,0,0,0,0,0,0,0,0,0,0,0,0,0,0,0,0,0,0,0,0,1,0,resistance,U,unknown
GENE054,4,0.194538231119,0.152840706396,764.5,0,0,0,0.75,0,0.25,0.0246370939335,0.0794535817205,0.219175325053,0.0151484737127,0.367242754795,0.75,0.194538231119,0.152840706396,resistance,0,0,0.666666666667,0.8876139851,0.85388717081,0.921340799391,0.0538248579694,219105,median_ratio,SYN-SCREEN-02,SYN-SCREEN-02-DRUG-vs-CTRL,SYN-STUDY-02,SYN-SOURCE-FAMILY-SHARED,SYN-FAMILY-SHARED,2,2,0,1,0,0,1,1,0,1,2,2,,1,240,60,4,20,0.27,,475,420,365,2,7,7,200,0,4,500,1,22,14,0,14,365,0,1,0,0,0,0,0,0,1,0,0,0,1,0,0,0,1,1,0,0,0,0,0,1,0,0,0,0,0,0,0,0,0,0,0,0,0,0,0,0,0,0,0,0,0,0,0,0,1,0,resistance,U,unknown
GENE055,4,0.0387642142513,0.114404063949,1006.5,0,0,0,0.25,0.25,0.5,0.123665965277,0.257360941474,0.340556503448,0.0670362858254,0.665560632493,0.25,0.0387642142513,0.114404063949,neutral,0,1,0.15,0.8876139851,0.85388717081,0.921340799391,0.195834673681,219105,median_ratio,SYN-SCREEN-02,SYN-SCREEN-02-DRUG-vs-CTRL,SYN-STUDY-02,SYN-SOURCE-FAMILY-SHARED,SYN-FAMILY-SHARED,2,2,0,1,0,0,1,1,0,1,2,2,,1,240,60,4,20,0.27,,475,420,365,2,7,7,200,0,4,500,1,22,14,0,14,365,0,1,0,0,0,0,0,0,1,0,0,0,1,0,0,0,1,1,0,0,0,0,0,1,0,0,0,0,0,0,0,0,0,0,0,0,0,0,0,0,0,0,0,0,0,0,0,0,1,0,resistance,U,unknown
GENE056,4,-0.00275328085603,0.0331522352197,974.125,0,0,0,0.25,0,0.75,0.044855378484,0.109775081612,0.132507602067,0.0335026974105,0.623957159158,0.25,0.00275328085603,0.0331522352197,neutral,0,1,0.0333333333333,0.8876139851,0.85388717081,0.921340799391,0.0355536331152,219105,median_ratio,SYN-SCREEN-02,SYN-SCREEN-02-DRUG-vs-CTRL,SYN-STUDY-02,SYN-SOURCE-FAMILY-SHARED,SYN-FAMILY-SHARED,2,2,0,1,0,0,1,1,0,1,2,2,,1,240,60,4,20,0.27,,475,420,365,2,7,7,200,0,4,500,1,22,14,0,14,365,0,1,0,0,0,0,0,0,1,0,0,0,1,0,0,0,1,1,0,0,0,0,0,1,0,0,0,0,0,0,0,0,0,0,0,0,0,0,0,0,0,0,0,0,0,0,0,0,1,0,resistance,U,not_tested
GENE057,4,-0.291469582029,-0.292695009771,684.75,0,0,0,0,1,0,0.0900631926439,0.115218169715,0.383983630156,0.0276314634936,0.386552651947,1,0.291469582029,0.292695009771,sensitization,1,0,0.716666666667,0.8876139851,0.85388717081,0.921340799391,0.116252395063,219105,median_ratio,SYN-SCREEN-02,SYN-SCREEN-02-DRUG-vs-CTRL,SYN-STUDY-02,SYN-SOURCE-FAMILY-SHARED,SYN-FAMILY-SHARED,2,2,0,1,0,0,1,1,0,1,2,2,,1,240,60,4,20,0.27,,475,420,365,2,7,7,200,0,4,500,1,22,14,0,14,365,0,1,0,0,0,0,0,0,1,0,0,0,1,0,0,0,1,1,0,0,0,0,0,1,0,0,0,0,0,0,0,0,0,0,0,0,0,0,0,0,0,0,0,0,0,0,0,0,1,0,sensitization,U,unknown
GENE058,4,0.0868854920448,0.0314319989966,959.75,0,0,0,0.5,0.25,0.25,0.0423750256757,0.119915173839,0.173570382333,0.0255034725523,0.379319293252,0.5,0.0868854920448,0.0314319989966,neutral,0,1,0.366666666667,0.8876139851,0.85388717081,0.921340799391,0.185560604632,219105,median_ratio,SYN-SCREEN-02,SYN-SCREEN-02-DRUG-vs-CTRL,SYN-STUDY-02,SYN-SOURCE-FAMILY-SHARED,SYN-FAMILY-SHARED,2,2,0,1,0,0,1,1,0,1,2,2,,1,240,60,4,20,0.27,,475,420,365,2,7,7,200,0,4,500,1,22,14,0,14,365,0,1,0,0,0,0,0,0,1,0,0,0,1,0,0,0,1,1,0,0,0,0,0,1,0,0,0,0,0,0,0,0,0,0,0,0,0,0,0,0,0,0,0,0,0,0,0,0,1,0,resistance,U,unknown
GENE059,4,-0.180178484359,-0.148526978915,998,0,0,0,0.25,0.75,0,0.157272374184,0.229119422425,0.337652216459,0.046413814908,0.438876730572,0.75,0.180178484359,0.148526978915,sensitization,1,0,0.616666666667,0.8876139851,0.85388717081,0.921340799391,0.1755479288,219105,median_ratio,SYN-SCREEN-02,SYN-SCREEN-02-DRUG-vs-CTRL,SYN-STUDY-02,SYN-SOURCE-FAMILY-SHARED,SYN-FAMILY-SHARED,2,2,0,1,0,0,1,1,0,1,2,2,,1,240,60,4,20,0.27,,475,420,365,2,7,7,200,0,4,500,1,22,14,0,14,365,0,1,0,0,0,0,0,0,1,0,0,0,1,0,0,0,1,1,0,0,0,0,0,1,0,0,0,0,0,0,0,0,0,0,0,0,0,0,0,0,0,0,0,0,0,0,0,0,1,0,resistance,U,unknown
GENE000,4,1.54744050198,1.55657861074,792.25,0,0,0,1,0,0,0.0951331354782,0.173662517878,1.66084985498,0.0801261410294,0.273816549093,1,1.54744050198,1.55657861074,resistance,0,0,0.916666666667,0.906296803992,0.877313329833,0.935280278151,0.0132297976787,209498.5,median_ratio,SYN-SCREEN-03,SYN-SCREEN-03-DRUG-vs-CTRL,SYN-STUDY-03,SYN-SOURCE-FAMILY-03,SYN-FAMILY-03,2,2,0,1,1,0,1,1,1,1,2,2,,1,240,60,4,20,0.29,,500,440,380,2,7,7,200,0,4,500,1,22,14,0,14,380,1,0,0,0,0,0,0,0,1,1,0,0,0,0,0,0,1,1,0,0,0,0,0,1,0,0,0,0,0,0,0,0,0,0,0,0,0,0,0,0,0,0,0,0,0,0,0,0,1,0,resistance,V3,tested
GENE001,4,1.46266979419,1.43084764817,945.5,0,0,0,1,0,0,0.137639843273,0.303099708976,1.60030963747,0.154311546859,0.280307928506,1,1.46266979419,1.43084764817,resistance,0,0,0.866666666667,0.906296803992,0.877313329833,0.935280278151,0.0545615145719,209498.5,median_ratio,SYN-SCREEN-03,SYN-SCREEN-03-DRUG-vs-CTRL,SYN-STUDY-03,SYN-SOURCE-FAMILY-03,SYN-FAMILY-03,2,2,0,1,1,0,1,1,1,1,2,2,,1,240,60,4,20,0.29,,500,440,380,2,7,7,200,0,4,500,1,22,14,0,14,380,1,0,0,0,0,0,0,0,1,1,0,0,0,0,0,0,1,1,0,0,0,0,0,1,0,0,0,0,0,0,0,0,0,0,0,0,0,0,0,0,0,0,0,0,0,0,0,0,1,0,resistance,V2,tested
GENE002,4,1.47847739578,1.54960659974,577.75,0,0,0,1,0,0,0.105197723148,0.236878765083,1.72593352685,0.069919239912,0.308600553885,1,1.47847739578,1.54960659974,resistance,0,0,0.883333333333,0.906296803992,0.877313329833,0.935280278151,0.060751833154,209498.5,median_ratio,SYN-SCREEN-03,SYN-SCREEN-03-DRUG-vs-CTRL,SYN-STUDY-03,SYN-SOURCE-FAMILY-03,SYN-FAMILY-03,2,2,0,1,1,0,1,1,1,1,2,2,,1,240,60,4,20,0.29,,500,440,380,2,7,7,200,0,4,500,1,22,14,0,14,380,1,0,0,0,0,0,0,0,1,1,0,0,0,0,0,0,1,1,0,0,0,0,0,1,0,0,0,0,0,0,0,0,0,0,0,0,0,0,0,0,0,0,0,0,0,0,0,0,1,0,resistance,V2,tested
GENE003,4,1.71982798244,1.68473721458,827.25,0,0,0,1,0,0,0.0717234468777,0.158923208649,1.79155142932,0.0601702833217,0.268760888436,1,1.71982798244,1.68473721458,resistance,0,0,1,0.906296803992,0.877313329833,0.935280278151,0.0718270118213,209498.5,median_ratio,SYN-SCREEN-03,SYN-SCREEN-03-DRUG-vs-CTRL,SYN-STUDY-03,SYN-SOURCE-FAMILY-03,SYN-FAMILY-03,2,2,0,1,1,0,1,1,1,1,2,2,,1,240,60,4,20,0.29,,500,440,380,2,7,7,200,0,4,500,1,22,14,0,14,380,1,0,0,0,0,0,0,0,1,1,0,0,0,0,0,0,1,1,0,0,0,0,0,1,0,0,0,0,0,0,0,0,0,0,0,0,0,0,0,0,0,0,0,0,0,0,0,0,1,0,resistance,V2,tested
GENE004,4,1.42596775581,1.4414728771,871.625,0,0,0,1,0,0,0.0649891281893,0.0888340703398,1.52196712658,0.00962999563431,0.279163538571,1,1.42596775581,1.4414728771,resistance,0,0,0.833333333333,0.906296803992,0.877313329833,0.935280278151,0.0735923388777,209498.5,median_ratio,SYN-SCREEN-03,SYN-SCREEN-03-DRUG-vs-CTRL,SYN-STUDY-03,SYN-SOURCE-FAMILY-03,SYN-FAMILY-03,2,2,0,1,1,0,1,1,1,1,2,2,,1,240,60,4,20,0.29,,500,440,380,2,7,7,200,0,4,500,1,22,14,0,14,380,1,0,0,0,0,0,0,0,1,1,0,0,0,0,0,0,1,1,0,0,0,0,0,1,0,0,0,0,0,0,0,0,0,0,0,0,0,0,0,0,0,0,0,0,0,0,0,0,1,0,resistance,F0,tested
GENE005,4,1.6829034426,1.6316777747,787.75,0,0,0,1,0,0,0.0742723396288,0.159836135492,1.75717578223,0.0396502548458,0.275346949894,1,1.6829034426,1.6316777747,resistance,0,0,0.966666666667,0.906296803992,0.877313329833,0.935280278151,0.000310158945206,209498.5,median_ratio,SYN-SCREEN-03,SYN-SCREEN-03-DRUG-vs-CTRL,SYN-STUDY-03,SYN-SOURCE-FAMILY-03,SYN-FAMILY-03,2,2,0,1,1,0,1,1,1,1,2,2,,1,240,60,4,20,0.29,,500,440,380,2,7,7,200,0,4,500,1,22,14,0,14,380,1,0,0,0,0,0,0,0,1,1,0,0,0,0,0,0,1,1,0,0,0,0,0,1,0,0,0,0,0,0,0,0,0,0,0,0,0,0,0,0,0,0,0,0,0,0,0,0,1,0,resistance,U,unknown
GENE006,4,-1.46144603186,-1.49814664709,704.375,0,0,0,0,1,0,0.0698884157563,0.155150671129,1.60473567807,0.0560741520206,0.283594347629,1,1.46144603186,1.49814664709,sensitization,1,0,0.85,0.906296803992,0.877313329833,0.935280278151,0.0441267078778,209498.5,median_ratio,SYN-SCREEN-03,SYN-SCREEN-03-DRUG-vs-CTRL,SYN-STUDY-03,SYN-SOURCE-FAMILY-03,SYN-FAMILY-03,2,2,0,1,1,0,1,1,1,1,2,2,,1,240,60,4,20,0.29,,500,440,380,2,7,7,200,0,4,500,1,22,14,0,14,380,1,0,0,0,0,0,0,0,1,1,0,0,0,0,0,0,1,1,0,0,0,0,0,1,0,0,0,0,0,0,0,0,0,0,0,0,0,0,0,0,0,0,0,0,0,0,0,0,1,0,sensitization,V2,tested
GENE007,4,-1.38857266631,-1.3599336522,820.25,0,0,0,0,1,0,0.0390630125084,0.094808736756,1.42763567881,0.0313001328006,0.264643789578,1,1.38857266631,1.3599336522,sensitization,1,0,0.816666666667,0.906296803992,0.877313329833,0.935280278151,0.0874689584272,209498.5,median_ratio,SYN-SCREEN-03,SYN-SCREEN-03-DRUG-vs-CTRL,SYN-STUDY-03,SYN-SOURCE-FAMILY-03,SYN-FAMILY-03,2,2,0,1,1,0,1,1,1,1,2,2,,1,240,60,4,20,0.29,,500,440,380,2,7,7,200,0,4,500,1,22,14,0,14,380,1,0,0,0,0,0,0,0,1,1,0,0,0,0,0,0,1,1,0,0,0,0,0,1,0,0,0,0,0,0,0,0,0,0,0,0,0,0,0,0,0,0,0,0,0,0,0,0,1,0,sensitization,V2,tested
GENE008,4,-1.6282283165,-1.68224809812,718.75,0,0,0,0,1,0,0.0676822001767,0.159676297708,1.80395007992,0.0438489630302,0.288556950901,1,1.6282283165,1.68224809812,sensitization,1,0,0.95,0.906296803992,0.877313329833,0.935280278151,0.0148597891536,209498.5,median_ratio,SYN-SCREEN-03,SYN-SCREEN-03-DRUG-vs-CTRL,SYN-STUDY-03,SYN-SOURCE-FAMILY-03,SYN-FAMILY-03,2,2,0,1,1,0,1,1,1,1,2,2,,1,240,60,4,20,0.29,,500,440,380,2,7,7,200,0,4,500,1,22,14,0,14,380,1,0,0,0,0,0,0,0,1,1,0,0,0,0,0,0,1,1,0,0,0,0,0,1,0,0,0,0,0,0,0,0,0,0,0,0,0,0,0,0,0,0,0,0,0,0,0,0,1,0,sensitization,F0,tested
GENE009,4,-1.70717373611,-1.66155649898,671.75,0,0,0,0,1,0,0.138305379865,0.302147998627,1.84547911598,0.136514911818,0.280694504724,1,1.70717373611,1.66155649898,sensitization,1,0,0.983333333333,0.906296803992,0.877313329833,0.935280278151,0.0985254871184,209498.5,median_ratio,SYN-SCREEN-03,SYN-SCREEN-03-DRUG-vs-CTRL,SYN-STUDY-03,SYN-SOURCE-FAMILY-03,SYN-FAMILY-03,2,2,0,1,1,0,1,1,1,1,2,2,,1,240,60,4,20,0.29,,500,440,380,2,7,7,200,0,4,500,1,22,14,0,14,380,1,0,0,0,0,0,0,0,1,1,0,0,0,0,0,0,1,1,0,0,0,0,0,1,0,0,0,0,0,0,0,0,0,0,0,0,0,0,0,0,0,0,0,0,0,0,0,0,1,0,sensitization,D,tested
GENE010,4,-1.56858100801,-1.50921985608,797,0,0,0,0,1,0,0.0630607590863,0.156711081633,1.6316417671,0.0395937237653,0.275044975868,1,1.56858100801,1.50921985608,sensitization,1,0,0.933333333333,0.906296803992,0.877313329833,0.935280278151,0.0625593966672,209498.5,median_ratio,SYN-SCREEN-03,SYN-SCREEN-03-DRUG-vs-CTRL,SYN-STUDY-03,SYN-SOURCE-FAMILY-03,SYN-FAMILY-03,2,2,0,1,1,0,1,1,1,1,2,2,,1,240,60,4,20,0.29,,500,440,380,2,7,7,200,0,4,500,1,22,14,0,14,380,1,0,0,0,0,0,0,0,1,1,0,0,0,0,0,0,1,1,0,0,0,0,0,1,0,0,0,0,0,0,0,0,0,0,0,0,0,0,0,0,0,0,0,0,0,0,0,0,1,0,sensitization,U,unknown
GENE011,4,-1.49613145886,-1.51747406873,733,0,0,0,0,1,0,0.0346182001847,0.0804391806887,1.57343487879,0.0282651877456,0.267922194125,1,1.49613145886,1.51747406873,sensitization,1,0,0.9,0.906296803992,0.877313329833,0.935280278151,0.0621052234396,209498.5,median_ratio,SYN-SCREEN-03,SYN-SCREEN-03-DRUG-vs-CTRL,SYN-STUDY-03,SYN-SOURCE-FAMILY-03,SYN-FAMILY-03,2,2,0,1,1,0,1,1,1,1,2,2,,1,240,60,4,20,0.29,,500,440,380,2,7,7,200,0,4,500,1,22,14,0,14,380,1,0,0,0,0,0,0,0,1,1,0,0,0,0,0,0,1,1,0,0,0,0,0,1,0,0,0,0,0,0,0,0,0,0,0,0,0,0,0,0,0,0,0,0,0,0,0,0,1,0,sensitization,U,unknown
GENE012,4,0.793551830465,0.804792557802,1026.75,0,0,0,1,0,0,0.0662874226543,0.119375558836,0.882320707794,0.0483212255219,0.288658911937,1,0.793551830465,0.804792557802,resistance,0,0,0.783333333333,0.906296803992,0.877313329833,0.935280278151,0.0155296028321,209498.5,median_ratio,SYN-SCREEN-03,SYN-SCREEN-03-DRUG-vs-CTRL,SYN-STUDY-03,SYN-SOURCE-FAMILY-03,SYN-FAMILY-03,2,2,0,1,1,0,1,1,1,1,2,2,,1,240,60,4,20,0.29,,500,440,380,2,7,7,200,0,4,500,1,22,14,0,14,380,1,0,0,0,0,0,0,0,1,1,0,0,0,0,0,0,1,1,0,0,0,0,0,1,0,0,0,0,0,0,0,0,0,0,0,0,0,0,0,0,0,0,0,0,0,0,0,0,1,0,resistance,F0,tested
GENE013,4,-0.93404207691,-0.910745843985,905.625,0,0,0,0,1,0,0.0903790392979,0.187435558395,1.02442111621,0.0851710421535,0.285765747988,1,0.93404207691,0.910745843985,sensitization,1,0,0.8,0.906296803992,0.877313329833,0.935280278151,0.0426052014572,209498.5,median_ratio,SYN-SCREEN-03,SYN-SCREEN-03-DRUG-vs-CTRL,SYN-STUDY-03,SYN-SOURCE-FAMILY-03,SYN-FAMILY-03,2,2,0,1,1,0,1,1,1,1,2,2,,1,240,60,4,20,0.29,,500,440,380,2,7,7,200,0,4,500,1,22,14,0,14,380,1,0,0,0,0,0,0,0,1,1,0,0,0,0,0,0,1,1,0,0,0,0,0,1,0,0,0,0,0,0,0,0,0,0,0,0,0,0,0,0,0,0,0,0,0,0,0,0,1,0,sensitization,F0,tested
GENE014,4,0.752512290367,0.758588462525,896.375,0,0,0,1,0,0,0.0826712969101,0.157753339609,0.847335931593,0.0796811158653,0.287756057932,1,0.752512290367,0.758588462525,resistance,0,0,0.766666666667,0.906296803992,0.877313329833,0.935280278151,0.0531700468715,209498.5,median_ratio,SYN-SCREEN-03,SYN-SCREEN-03-DRUG-vs-CTRL,SYN-STUDY-03,SYN-SOURCE-FAMILY-03,SYN-FAMILY-03,2,2,0,1,1,0,1,1,1,1,2,2,,1,240,60,4,20,0.29,,500,440,380,2,7,7,200,0,4,500,1,22,14,0,14,380,1,0,0,0,0,0,0,0,1,1,0,0,0,0,0,0,1,1,0,0,0,0,0,1,0,0,0,0,0,0,0,0,0,0,0,0,0,0,0,0,0,0,0,0,0,0,0,0,1,0,resistance,V1,tested
GENE015,4,-0.545995667578,-0.647320112938,764.5,0,0,0,0,1,0,0.0746903802031,0.212252275368,0.823334938501,0.041843402799,0.411093653026,1,0.545995667578,0.647320112938,sensitization,1,0,0.75,0.906296803992,0.877313329833,0.935280278151,0.0239469825584,209498.5,median_ratio,SYN-SCREEN-03,SYN-SCREEN-03-DRUG-vs-CTRL,SYN-STUDY-03,SYN-SOURCE-FAMILY-03,SYN-FAMILY-03,2,2,0,1,1,0,1,1,1,1,2,2,,1,240,60,4,20,0.29,,500,440,380,2,7,7,200,0,4,500,1,22,14,0,14,380,1,0,0,0,0,0,0,0,1,1,0,0,0,0,0,0,1,1,0,0,0,0,0,1,0,0,0,0,0,0,0,0,0,0,0,0,0,0,0,0,0,0,0,0,0,0,0,0,1,0,sensitization,A,tested
GENE016,4,0.502043270486,0.49654237945,917.5,0,0,0,1,0,0,0.0257983109404,0.0488378199765,0.527841581427,0.0202518516465,0.269917179558,1,0.502043270486,0.49654237945,resistance,0,0,0.733333333333,0.906296803992,0.877313329833,0.935280278151,0.090376390552,209498.5,median_ratio,SYN-SCREEN-03,SYN-SCREEN-03-DRUG-vs-CTRL,SYN-STUDY-03,SYN-SOURCE-FAMILY-03,SYN-FAMILY-03,2,2,0,1,1,0,1,1,1,1,2,2,,1,240,60,4,20,0.29,,500,440,380,2,7,7,200,0,4,500,1,22,14,0,14,380,1,0,0,0,0,0,0,0,1,1,0,0,0,0,0,0,1,1,0,0,0,0,0,1,0,0,0,0,0,0,0,0,0,0,0,0,0,0,0,0,0,0,0,0,0,0,0,0,1,0,resistance,T,tested
GENE017,4,-0.186905282818,-0.177611770851,872.625,0,0,0,0,1,0,0.0406619189834,0.0904693309463,0.227567201801,0.0467814221368,0.320523830851,1,0.186905282818,0.177611770851,sensitization,1,0,0.65,0.906296803992,0.877313329833,0.935280278151,0.112687918752,209498.5,median_ratio,SYN-SCREEN-03,SYN-SCREEN-03-DRUG-vs-CTRL,SYN-STUDY-03,SYN-SOURCE-FAMILY-03,SYN-FAMILY-03,2,2,0,1,1,0,1,1,1,1,2,2,,1,240,60,4,20,0.29,,500,440,380,2,7,7,200,0,4,500,1,22,14,0,14,380,1,0,0,0,0,0,0,0,1,1,0,0,0,0,0,0,1,1,0,0,0,0,0,1,0,0,0,0,0,0,0,0,0,0,0,0,0,0,0,0,0,0,0,0,0,0,0,0,1,0,sensitization,U,unknown
GENE018,4,-0.085344539686,-0.0811389119921,838.875,0,0,0,0,0.5,0.5,0.154907390973,0.313736699401,0.240251930659,0.178544047391,0.377932055643,0.5,0.085344539686,0.0811389119921,neutral,0,1,0.333333333333,0.906296803992,0.877313329833,0.935280278151,0.096786773506,209498.5,median_ratio,SYN-SCREEN-03,SYN-SCREEN-03-DRUG-vs-CTRL,SYN-STUDY-03,SYN-SOURCE-FAMILY-03,SYN-FAMILY-03,2,2,0,1,1,0,1,1,1,1,2,2,,1,240,60,4,20,0.29,,500,440,380,2,7,7,200,0,4,500,1,22,14,0,14,380,1,0,0,0,0,0,0,0,1,1,0,0,0,0,0,0,1,1,0,0,0,0,0,1,0,0,0,0,0,0,0,0,0,0,0,0,0,0,0,0,0,0,0,0,0,0,0,0,1,0,sensitization,U,unknown
GENE019,4,-0.0217276632481,0.00845049054203,671.375,0,0,0,0.25,0.25,0.5,0.0850866508956,0.164855401299,0.180939012758,0.0572622886083,0.476224415789,0.25,0.0217276632481,0.00845049054203,neutral,0,1,0.116666666667,0.906296803992,0.877313329833,0.935280278151,0.107013746245,209498.5,median_ratio,SYN-SCREEN-03,SYN-SCREEN-03-DRUG-vs-CTRL,SYN-STUDY-03,SYN-SOURCE-FAMILY-03,SYN-FAMILY-03,2,2,0,1,1,0,1,1,1,1,2,2,,1,240,60,4,20,0.29,,500,440,380,2,7,7,200,0,4,500,1,22,14,0,14,380,1,0,0,0,0,0,0,0,1,1,0,0,0,0,0,0,1,1,0,0,0,0,0,1,0,0,0,0,0,0,0,0,0,0,0,0,0,0,0,0,0,0,0,0,0,0,0,0,1,0,sensitization,U,unknown
GENE020,4,-0.0913717895205,-0.082737545634,814.5,0,0,0,0.25,0.5,0.25,0.0912620026187,0.123323792645,0.182633792139,0.0270518001408,0.467750992998,0.5,0.0913717895205,0.082737545634,neutral,0,1,0.4,0.906296803992,0.877313329833,0.935280278151,0.0252703761736,209498.5,median_ratio,SYN-SCREEN-03,SYN-SCREEN-03-DRUG-vs-CTRL,SYN-STUDY-03,SYN-SOURCE-FAMILY-03,SYN-FAMILY-03,2,2,0,1,1,0,1,1,1,1,2,2,,1,240,60,4,20,0.29,,500,440,380,2,7,7,200,0,4,500,1,22,14,0,14,380,1,0,0,0,0,0,0,0,1,1,0,0,0,0,0,0,1,1,0,0,0,0,0,1,0,0,0,0,0,0,0,0,0,0,0,0,0,0,0,0,0,0,0,0,0,0,0,0,1,0,resistance,U,not_tested
GENE021,4,0.0181818772577,-0.0167712744171,836.25,0,0,0,0.5,0.25,0.25,0.112437472042,0.252058045951,0.190113825198,0.120859528805,0.410199518111,0.5,0.0181818772577,0.0167712744171,neutral,0,1,0.1,0.906296803992,0.877313329833,0.935280278151,0.0347749869397,209498.5,median_ratio,SYN-SCREEN-03,SYN-SCREEN-03-DRUG-vs-CTRL,SYN-STUDY-03,SYN-SOURCE-FAMILY-03,SYN-FAMILY-03,2,2,0,1,1,0,1,1,1,1,2,2,,1,240,60,4,20,0.29,,500,440,380,2,7,7,200,0,4,500,1,22,14,0,14,380,1,0,0,0,0,0,0,0,1,1,0,0,0,0,0,0,1,1,0,0,0,0,0,1,0,0,0,0,0,0,0,0,0,0,0,0,0,0,0,0,0,0,0,0,0,0,0,0,1,0,resistance,U,unknown
GENE022,4,-0.115685384719,-0.129172924031,794,0,0,0,0,0.75,0.25,0.0373989744323,0.0651430799275,0.180059437776,0.0164620646466,0.445482144143,0.75,0.115685384719,0.129172924031,sensitization,1,0,0.483333333333,0.906296803992,0.877313329833,0.935280278151,0.056989341086,209498.5,median_ratio,SYN-SCREEN-03,SYN-SCREEN-03-DRUG-vs-CTRL,SYN-STUDY-03,SYN-SOURCE-FAMILY-03,SYN-FAMILY-03,2,2,0,1,1,0,1,1,1,1,2,2,,1,240,60,4,20,0.29,,500,440,380,2,7,7,200,0,4,500,1,22,14,0,14,380,1,0,0,0,0,0,0,0,1,1,0,0,0,0,0,0,1,1,0,0,0,0,0,1,0,0,0,0,0,0,0,0,0,0,0,0,0,0,0,0,0,0,0,0,0,0,0,0,1,0,sensitization,U,unknown
GENE023,4,0.226351390595,0.156355274905,644,0,0,0,0.75,0.25,0,0.0876185212912,0.182570979621,0.313969911887,0.0288171022814,0.364512542827,0.75,0.226351390595,0.156355274905,resistance,0,0,0.683333333333,0.906296803992,0.877313329833,0.935280278151,0.0125956905481,209498.5,median_ratio,SYN-SCREEN-03,SYN-SCREEN-03-DRUG-vs-CTRL,SYN-STUDY-03,SYN-SOURCE-FAMILY-03,SYN-FAMILY-03,2,2,0,1,1,0,1,1,1,1,2,2,,1,240,60,4,20,0.29,,500,440,380,2,7,7,200,0,4,500,1,22,14,0,14,380,1,0,0,0,0,0,0,0,1,1,0,0,0,0,0,0,1,1,0,0,0,0,0,1,0,0,0,0,0,0,0,0,0,0,0,0,0,0,0,0,0,0,0,0,0,0,0,0,1,0,sensitization,U,unknown
GENE024,4,0.119638779474,0.138498081681,675.375,0,0,0,0.5,0,0.5,0.0364937121047,0.0819180539269,0.193851095994,0.0306746655449,0.435923678451,0.5,0.119638779474,0.138498081681,resistance,0,0,0.533333333333,0.906296803992,0.877313329833,0.935280278151,0.0881773451979,209498.5,median_ratio,SYN-SCREEN-03,SYN-SCREEN-03-DRUG-vs-CTRL,SYN-STUDY-03,SYN-SOURCE-FAMILY-03,SYN-FAMILY-03,2,2,0,1,1,0,1,1,1,1,2,2,,1,240,60,4,20,0.29,,500,440,380,2,7,7,200,0,4,500,1,22,14,0,14,380,1,0,0,0,0,0,0,0,1,1,0,0,0,0,0,0,1,1,0,0,0,0,0,1,0,0,0,0,0,0,0,0,0,0,0,0,0,0,0,0,0,0,0,0,0,0,0,0,1,0,sensitization,U,not_tested
GENE025,4,0.116763523736,0.157753264308,767.375,0,0,0,0.5,0,0.5,0.123402331735,0.279308365137,0.322145336617,0.132693905198,0.623974140409,0.5,0.116763523736,0.157753264308,resistance,0,0,0.5,0.906296803992,0.877313329833,0.935280278151,0.0921835080723,209498.5,median_ratio,SYN-SCREEN-03,SYN-SCREEN-03-DRUG-vs-CTRL,SYN-STUDY-03,SYN-SOURCE-FAMILY-03,SYN-FAMILY-03,2,2,0,1,1,0,1,1,1,1,2,2,,1,240,60,4,20,0.29,,500,440,380,2,7,7,200,0,4,500,1,22,14,0,14,380,1,0,0,0,0,0,0,0,1,1,0,0,0,0,0,0,1,1,0,0,0,0,0,1,0,0,0,0,0,0,0,0,0,0,0,0,0,0,0,0,0,0,0,0,0,0,0,0,1,0,resistance,U,unknown
GENE026,4,-0.0167373877374,-0.0332803404104,756.5,0,0,0,0,0.25,0.75,0.0581937606066,0.116421275846,0.10801705369,0.0481331868375,0.527224673657,0.25,0.0167373877374,0.0332803404104,neutral,0,1,0.0833333333333,0.906296803992,0.877313329833,0.935280278151,0.0674151482059,209498.5,median_ratio,SYN-SCREEN-03,SYN-SCREEN-03-DRUG-vs-CTRL,SYN-STUDY-03,SYN-SOURCE-FAMILY-03,SYN-FAMILY-03,2,2,0,1,1,0,1,1,1,1,2,2,,1,240,60,4,20,0.29,,500,440,380,2,7,7,200,0,4,500,1,22,14,0,14,380,1,0,0,0,0,0,0,0,1,1,0,0,0,0,0,0,1,1,0,0,0,0,0,1,0,0,0,0,0,0,0,0,0,0,0,0,0,0,0,0,0,0,0,0,0,0,0,0,1,0,sensitization,U,unknown
GENE027,4,-0.00904721026217,-0.0203086838176,901.625,0,0,0,0,0,1,0.0223126415438,0.0337488578873,0.0669734874103,0.000201775591536,0.648136940336,0,0.00904721026217,0.0203086838176,neutral,0,1,0.05,0.906296803992,0.877313329833,0.935280278151,0.0508703631534,209498.5,median_ratio,SYN-SCREEN-03,SYN-SCREEN-03-DRUG-vs-CTRL,SYN-STUDY-03,SYN-SOURCE-FAMILY-03,SYN-FAMILY-03,2,2,0,1,1,0,1,1,1,1,2,2,,1,240,60,4,20,0.29,,500,440,380,2,7,7,200,0,4,500,1,22,14,0,14,380,1,0,0,0,0,0,0,0,1,1,0,0,0,0,0,0,1,1,0,0,0,0,0,1,0,0,0,0,0,0,0,0,0,0,0,0,0,0,0,0,0,0,0,0,0,0,0,0,1,0,resistance,U,unknown
GENE028,4,-0.0802364323384,-0.016992098646,887.875,0,0,0,0.25,0.25,0.5,0.0217095974741,0.0951445034442,0.159717290055,0.0117670592954,0.429185934369,0.25,0.0802364323384,0.016992098646,neutral,0,1,0.3,0.906296803992,0.877313329833,0.935280278151,0.0824143326301,209498.5,median_ratio,SYN-SCREEN-03,SYN-SCREEN-03-DRUG-vs-CTRL,SYN-STUDY-03,SYN-SOURCE-FAMILY-03,SYN-FAMILY-03,2,2,0,1,1,0,1,1,1,1,2,2,,1,240,60,4,20,0.29,,500,440,380,2,7,7,200,0,4,500,1,22,14,0,14,380,1,0,0,0,0,0,0,0,1,1,0,0,0,0,0,0,1,1,0,0,0,0,0,1,0,0,0,0,0,0,0,0,0,0,0,0,0,0,0,0,0,0,0,0,0,0,0,0,1,0,sensitization,U,not_tested
GENE029,4,0.0836178598203,0.0938382348048,827,0,0,0,0.5,0.25,0.25,0.165171828678,0.293027166801,0.269230438467,0.135833155269,0.480648579203,0.5,0.0836178598203,0.0938382348048,neutral,0,1,0.316666666667,0.906296803992,0.877313329833,0.935280278151,0.0624386132557,209498.5,median_ratio,SYN-SCREEN-03,SYN-SCREEN-03-DRUG-vs-CTRL,SYN-STUDY-03,SYN-SOURCE-FAMILY-03,SYN-FAMILY-03,2,2,0,1,1,0,1,1,1,1,2,2,,1,240,60,4,20,0.29,,500,440,380,2,7,7,200,0,4,500,1,22,14,0,14,380,1,0,0,0,0,0,0,0,1,1,0,0,0,0,0,0,1,1,0,0,0,0,0,1,0,0,0,0,0,0,0,0,0,0,0,0,0,0,0,0,0,0,0,0,0,0,0,0,1,0,resistance,U,unknown
GENE030,4,-0.148295329382,-0.186962164404,732.75,0,0,0,0,0.75,0.25,0.122953576904,0.183215954488,0.34858257633,0.0249363846231,0.585937641779,0.75,0.148295329382,0.186962164404,sensitization,1,0,0.6,0.906296803992,0.877313329833,0.935280278151,0.0447901631734,209498.5,median_ratio,SYN-SCREEN-03,SYN-SCREEN-03-DRUG-vs-CTRL,SYN-STUDY-03,SYN-SOURCE-FAMILY-03,SYN-FAMILY-03,2,2,0,1,1,0,1,1,1,1,2,2,,1,240,60,4,20,0.29,,500,440,380,2,7,7,200,0,4,500,1,22,14,0,14,380,1,0,0,0,0,0,0,0,1,1,0,0,0,0,0,0,1,1,0,0,0,0,0,1,0,0,0,0,0,0,0,0,0,0,0,0,0,0,0,0,0,0,0,0,0,0,0,0,1,0,sensitization,U,unknown
GENE031,4,-0.22832581552,-0.215674761811,919.625,0,0,0,0,1,0,0.0413703586434,0.0901164649702,0.269696174164,0.0416789766906,0.318733956027,1,0.22832581552,0.215674761811,sensitization,1,0,0.7,0.906296803992,0.877313329833,0.935280278151,0.230669850788,209498.5,median_ratio,SYN-SCREEN-03,SYN-SCREEN-03-DRUG-vs-CTRL,SYN-STUDY-03,SYN-SOURCE-FAMILY-03,SYN-FAMILY-03,2,2,0,1,1,0,1,1,1,1,2,2,,1,240,60,4,20,0.29,,500,440,380,2,7,7,200,0,4,500,1,22,14,0,14,380,1,0,0,0,0,0,0,0,1,1,0,0,0,0,0,0,1,1,0,0,0,0,0,1,0,0,0,0,0,0,0,0,0,0,0,0,0,0,0,0,0,0,0,0,0,0,0,0,1,0,resistance,U,unknown
GENE032,4,-0.0895969976237,-0.0882796195124,696.875,0,0,0,0.25,0.5,0.25,0.164025999288,0.244632095098,0.253622996912,0.091554725014,0.496136664828,0.5,0.0895969976237,0.0882796195124,neutral,0,1,0.366666666667,0.906296803992,0.877313329833,0.935280278151,0.0878313833662,209498.5,median_ratio,SYN-SCREEN-03,SYN-SCREEN-03-DRUG-vs-CTRL,SYN-STUDY-03,SYN-SOURCE-FAMILY-03,SYN-FAMILY-03,2,2,0,1,1,0,1,1,1,1,2,2,,1,240,60,4,20,0.29,,500,440,380,2,7,7,200,0,4,500,1,22,14,0,14,380,1,0,0,0,0,0,0,0,1,1,0,0,0,0,0,0,1,1,0,0,0,0,0,1,0,0,0,0,0,0,0,0,0,0,0,0,0,0,0,0,0,0,0,0,0,0,0,0,1,0,sensitization,U,not_tested
GENE033,4,0.00137183501871,-0.0844421589745,1010.375,0,0,0,0.5,0.25,0.25,0.106942575494,0.292649239434,0.285620469028,0.115346119767,0.5912595135,0.5,0.00137183501871,0.0844421589745,neutral,0,1,0.0166666666667,0.906296803992,0.877313329833,0.935280278151,0.0393326492516,209498.5,median_ratio,SYN-SCREEN-03,SYN-SCREEN-03-DRUG-vs-CTRL,SYN-STUDY-03,SYN-SOURCE-FAMILY-03,SYN-FAMILY-03,2,2,0,1,1,0,1,1,1,1,2,2,,1,240,60,4,20,0.29,,500,440,380,2,7,7,200,0,4,500,1,22,14,0,14,380,1,0,0,0,0,0,0,0,1,1,0,0,0,0,0,0,1,1,0,0,0,0,0,1,0,0,0,0,0,0,0,0,0,0,0,0,0,0,0,0,0,0,0,0,0,0,0,0,1,0,sensitization,U,unknown
GENE034,4,-0.0259605466045,0.0472202560742,829.875,0,0,0,0.25,0,0.75,0.00743291558907,0.0848868726131,0.15695428219,0.00493421362315,0.758154335465,0.25,0.0259605466045,0.0472202560742,neutral,0,1,0.15,0.906296803992,0.877313329833,0.935280278151,0.0162834094443,209498.5,median_ratio,SYN-SCREEN-03,SYN-SCREEN-03-DRUG-vs-CTRL,SYN-STUDY-03,SYN-SOURCE-FAMILY-03,SYN-FAMILY-03,2,2,0,1,1,0,1,1,1,1,2,2,,1,240,60,4,20,0.29,,500,440,380,2,7,7,200,0,4,500,1,22,14,0,14,380,1,0,0,0,0,0,0,0,1,1,0,0,0,0,0,0,1,1,0,0,0,0,0,1,0,0,0,0,0,0,0,0,0,0,0,0,0,0,0,0,0,0,0,0,0,0,0,0,1,0,resistance,U,unknown
GENE035,4,0.0789710173173,0.049001635643,746,0,0,0,0.5,0.25,0.25,0.0656861817693,0.139199403976,0.147767286355,0.0502800961058,0.367823913344,0.5,0.0789710173173,0.049001635643,neutral,0,1,0.283333333333,0.906296803992,0.877313329833,0.935280278151,0.00841718204716,209498.5,median_ratio,SYN-SCREEN-03,SYN-SCREEN-03-DRUG-vs-CTRL,SYN-STUDY-03,SYN-SOURCE-FAMILY-03,SYN-FAMILY-03,2,2,0,1,1,0,1,1,1,1,2,2,,1,240,60,4,20,0.29,,500,440,380,2,7,7,200,0,4,500,1,22,14,0,14,380,1,0,0,0,0,0,0,0,1,1,0,0,0,0,0,0,1,1,0,0,0,0,0,1,0,0,0,0,0,0,0,0,0,0,0,0,0,0,0,0,0,0,0,0,0,0,0,0,1,0,resistance,U,unknown
GENE036,4,0.0752564332352,0.0710329418062,1000.5,0,0,0,0.5,0.25,0.25,0.14489415977,0.239135788572,0.220150593005,0.103943991688,0.461089973573,0.5,0.0752564332352,0.0710329418062,neutral,0,1,0.266666666667,0.906296803992,0.877313329833,0.935280278151,0.13443275198,209498.5,median_ratio,SYN-SCREEN-03,SYN-SCREEN-03-DRUG-vs-CTRL,SYN-STUDY-03,SYN-SOURCE-FAMILY-03,SYN-FAMILY-03,2,2,0,1,1,0,1,1,1,1,2,2,,1,240,60,4,20,0.29,,500,440,380,2,7,7,200,0,4,500,1,22,14,0,14,380,1,0,0,0,0,0,0,0,1,1,0,0,0,0,0,0,1,1,0,0,0,0,0,1,0,0,0,0,0,0,0,0,0,0,0,0,0,0,0,0,0,0,0,0,0,0,0,0,1,0,resistance,U,not_tested
GENE037,4,0.0443171915523,0.0656422452053,698,0,0,0,0.25,0,0.75,0.0431891271975,0.0685612765097,0.130156426056,0.00467318353668,0.625961299093,0.25,0.0443171915523,0.0656422452053,neutral,0,1,0.166666666667,0.906296803992,0.877313329833,0.935280278151,0.158771828524,209498.5,median_ratio,SYN-SCREEN-03,SYN-SCREEN-03-DRUG-vs-CTRL,SYN-STUDY-03,SYN-SOURCE-FAMILY-03,SYN-FAMILY-03,2,2,0,1,1,0,1,1,1,1,2,2,,1,240,60,4,20,0.29,,500,440,380,2,7,7,200,0,4,500,1,22,14,0,14,380,1,0,0,0,0,0,0,0,1,1,0,0,0,0,0,0,1,1,0,0,0,0,0,1,0,0,0,0,0,0,0,0,0,0,0,0,0,0,0,0,0,0,0,0,0,0,0,0,1,0,resistance,U,unknown
GENE038,4,-0.140945367986,-0.151921507144,807,0,0,0,0,0.75,0.25,0.0408625399953,0.0631870524465,0.203760186298,0.0131039727511,0.419997530491,0.75,0.140945367986,0.151921507144,sensitization,1,0,0.583333333333,0.906296803992,0.877313329833,0.935280278151,0.0647588937977,209498.5,median_ratio,SYN-SCREEN-03,SYN-SCREEN-03-DRUG-vs-CTRL,SYN-STUDY-03,SYN-SOURCE-FAMILY-03,SYN-FAMILY-03,2,2,0,1,1,0,1,1,1,1,2,2,,1,240,60,4,20,0.29,,500,440,380,2,7,7,200,0,4,500,1,22,14,0,14,380,1,0,0,0,0,0,0,0,1,1,0,0,0,0,0,0,1,1,0,0,0,0,0,1,0,0,0,0,0,0,0,0,0,0,0,0,0,0,0,0,0,0,0,0,0,0,0,0,1,0,sensitization,U,unknown
GENE039,4,0.135931980943,0.12475417034,898.5,0,0,0,0.75,0,0.25,0.0903371573047,0.111123576659,0.226269138248,0.0110950656966,0.466061337985,0.75,0.135931980943,0.12475417034,resistance,0,0,0.566666666667,0.906296803992,0.877313329833,0.935280278151,0.0435323790249,209498.5,median_ratio,SYN-SCREEN-03,SYN-SCREEN-03-DRUG-vs-CTRL,SYN-STUDY-03,SYN-SOURCE-FAMILY-03,SYN-FAMILY-03,2,2,0,1,1,0,1,1,1,1,2,2,,1,240,60,4,20,0.29,,500,440,380,2,7,7,200,0,4,500,1,22,14,0,14,380,1,0,0,0,0,0,0,0,1,1,0,0,0,0,0,0,1,1,0,0,0,0,0,1,0,0,0,0,0,0,0,0,0,0,0,0,0,0,0,0,0,0,0,0,0,0,0,0,1,0,resistance,U,unknown
GENE040,4,-0.0546002591712,-0.0545743253574,916.25,0,0,0,0,0.25,0.75,0.0981856165944,0.142671177948,0.152785875766,0.0513375558566,0.499874451272,0.25,0.0546002591712,0.0545743253574,neutral,0,1,0.216666666667,0.906296803992,0.877313329833,0.935280278151,0.0593720400658,209498.5,median_ratio,SYN-SCREEN-03,SYN-SCREEN-03-DRUG-vs-CTRL,SYN-STUDY-03,SYN-SOURCE-FAMILY-03,SYN-FAMILY-03,2,2,0,1,1,0,1,1,1,1,2,2,,1,240,60,4,20,0.29,,500,440,380,2,7,7,200,0,4,500,1,22,14,0,14,380,1,0,0,0,0,0,0,0,1,1,0,0,0,0,0,0,1,1,0,0,0,0,0,1,0,0,0,0,0,0,0,0,0,0,0,0,0,0,0,0,0,0,0,0,0,0,0,0,1,0,resistance,U,not_tested
GENE041,4,-0.0678510836633,-0.0650242026681,689.375,0,0,0,0,0.25,0.75,0.0354690522104,0.0616773242519,0.103320135874,0.0269985048292,0.443710927248,0.25,0.0678510836633,0.0650242026681,neutral,0,1,0.25,0.906296803992,0.877313329833,0.935280278151,0.128609540624,209498.5,median_ratio,SYN-SCREEN-03,SYN-SCREEN-03-DRUG-vs-CTRL,SYN-STUDY-03,SYN-SOURCE-FAMILY-03,SYN-FAMILY-03,2,2,0,1,1,0,1,1,1,1,2,2,,1,240,60,4,20,0.29,,500,440,380,2,7,7,200,0,4,500,1,22,14,0,14,380,1,0,0,0,0,0,0,0,1,1,0,0,0,0,0,0,1,1,0,0,0,0,0,1,0,0,0,0,0,0,0,0,0,0,0,0,0,0,0,0,0,0,0,0,0,0,0,0,1,0,sensitization,U,unknown
GENE042,4,-0.0230158143541,-0.0580813599048,953.875,0,0,0,0,0.25,0.75,0.0421398514647,0.0829312271742,0.148684963872,0.00661161916707,0.704224732776,0.25,0.0230158143541,0.0580813599048,neutral,0,1,0.133333333333,0.906296803992,0.877313329833,0.935280278151,0.0710313890969,209498.5,median_ratio,SYN-SCREEN-03,SYN-SCREEN-03-DRUG-vs-CTRL,SYN-STUDY-03,SYN-SOURCE-FAMILY-03,SYN-FAMILY-03,2,2,0,1,1,0,1,1,1,1,2,2,,1,240,60,4,20,0.29,,500,440,380,2,7,7,200,0,4,500,1,22,14,0,14,380,1,0,0,0,0,0,0,0,1,1,0,0,0,0,0,0,1,1,0,0,0,0,0,1,0,0,0,0,0,0,0,0,0,0,0,0,0,0,0,0,0,0,0,0,0,0,0,0,1,0,sensitization,U,unknown
GENE043,4,0.0887430953444,0.0195610720722,858.375,0,0,0,0.5,0.25,0.25,0.0689850583772,0.200424111655,0.214077133294,0.071888226065,0.435403681055,0.5,0.0887430953444,0.0195610720722,neutral,0,1,0.35,0.906296803992,0.877313329833,0.935280278151,0.0524393484054,209498.5,median_ratio,SYN-SCREEN-03,SYN-SCREEN-03-DRUG-vs-CTRL,SYN-STUDY-03,SYN-SOURCE-FAMILY-03,SYN-FAMILY-03,2,2,0,1,1,0,1,1,1,1,2,2,,1,240,60,4,20,0.29,,500,440,380,2,7,7,200,0,4,500,1,22,14,0,14,380,1,0,0,0,0,0,0,0,1,1,0,0,0,0,0,0,1,1,0,0,0,0,0,1,0,0,0,0,0,0,0,0,0,0,0,0,0,0,0,0,0,0,0,0,0,0,0,0,1,0,resistance,U,unknown
GENE044,4,0.0455168553267,0.0245396107152,957.625,0,0,0,0.25,0,0.75,0.034684843055,0.0674548289191,0.0995314340804,0.0136170846733,0.355377511192,0.25,0.0455168553267,0.0245396107152,neutral,0,1,0.183333333333,0.906296803992,0.877313329833,0.935280278151,0.0713146859256,209498.5,median_ratio,SYN-SCREEN-03,SYN-SCREEN-03-DRUG-vs-CTRL,SYN-STUDY-03,SYN-SOURCE-FAMILY-03,SYN-FAMILY-03,2,2,0,1,1,0,1,1,1,1,2,2,,1,240,60,4,20,0.29,,500,440,380,2,7,7,200,0,4,500,1,22,14,0,14,380,1,0,0,0,0,0,0,0,1,1,0,0,0,0,0,0,1,1,0,0,0,0,0,1,0,0,0,0,0,0,0,0,0,0,0,0,0,0,0,0,0,0,0,0,0,0,0,0,1,0,sensitization,U,not_tested
GENE045,4,0.118979481371,0.088242395829,788.125,0,0,0,0.5,0,0.5,0.0475281175587,0.115481253709,0.16650759893,0.0429733936744,0.371011831722,0.5,0.118979481371,0.088242395829,resistance,0,0,0.516666666667,0.906296803992,0.877313329833,0.935280278151,0.128381225331,209498.5,median_ratio,SYN-SCREEN-03,SYN-SCREEN-03-DRUG-vs-CTRL,SYN-STUDY-03,SYN-SOURCE-FAMILY-03,SYN-FAMILY-03,2,2,0,1,1,0,1,1,1,1,2,2,,1,240,60,4,20,0.29,,500,440,380,2,7,7,200,0,4,500,1,22,14,0,14,380,1,0,0,0,0,0,0,0,1,1,0,0,0,0,0,0,1,1,0,0,0,0,0,1,0,0,0,0,0,0,0,0,0,0,0,0,0,0,0,0,0,0,0,0,0,0,0,0,1,0,resistance,U,unknown
GENE046,4,0.15736912078,0.152150693721,748.875,0,0,0,0.5,0,0.5,0.0964264813903,0.1607074069,0.25379560217,0.0681994987584,0.478406601361,0.5,0.15736912078,0.152150693721,resistance,0,0,0.616666666667,0.906296803992,0.877313329833,0.935280278151,0.0658954707333,209498.5,median_ratio,SYN-SCREEN-03,SYN-SCREEN-03-DRUG-vs-CTRL,SYN-STUDY-03,SYN-SOURCE-FAMILY-03,SYN-FAMILY-03,2,2,0,1,1,0,1,1,1,1,2,2,,1,240,60,4,20,0.29,,500,440,380,2,7,7,200,0,4,500,1,22,14,0,14,380,1,0,0,0,0,0,0,0,1,1,0,0,0,0,0,0,1,1,0,0,0,0,0,1,0,0,0,0,0,0,0,0,0,0,0,0,0,0,0,0,0,0,0,0,0,0,0,0,1,0,resistance,U,unknown
GENE047,4,0.130617487214,0.126014959343,729.25,0,0,0,0.5,0.25,0.25,0.147414665635,0.228143202123,0.278032152849,0.087902743135,0.487162633682,0.5,0.130617487214,0.126014959343,resistance,0,0,0.55,0.906296803992,0.877313329833,0.935280278151,0.0228753088691,209498.5,median_ratio,SYN-SCREEN-03,SYN-SCREEN-03-DRUG-vs-CTRL,SYN-STUDY-03,SYN-SOURCE-FAMILY-03,SYN-FAMILY-03,2,2,0,1,1,0,1,1,1,1,2,2,,1,240,60,4,20,0.29,,500,440,380,2,7,7,200,0,4,500,1,22,14,0,14,380,1,0,0,0,0,0,0,0,1,1,0,0,0,0,0,0,1,1,0,0,0,0,0,1,0,0,0,0,0,0,0,0,0,0,0,0,0,0,0,0,0,0,0,0,0,0,0,0,1,0,resistance,U,unknown
GENE048,4,0.11464253624,0.0621867087224,668.75,0,0,0,0.5,0.25,0.25,0.0837185197684,0.210731277321,0.198361056008,0.0860909272515,0.332106054338,0.5,0.11464253624,0.0621867087224,resistance,0,0,0.466666666667,0.906296803992,0.877313329833,0.935280278151,0.0767388028704,209498.5,median_ratio,SYN-SCREEN-03,SYN-SCREEN-03-DRUG-vs-CTRL,SYN-STUDY-03,SYN-SOURCE-FAMILY-03,SYN-FAMILY-03,2,2,0,1,1,0,1,1,1,1,2,2,,1,240,60,4,20,0.29,,500,440,380,2,7,7,200,0,4,500,1,22,14,0,14,380,1,0,0,0,0,0,0,0,1,1,0,0,0,0,0,0,1,1,0,0,0,0,0,1,0,0,0,0,0,0,0,0,0,0,0,0,0,0,0,0,0,0,0,0,0,0,0,0,1,0,sensitization,U,not_tested
GENE049,4,0.10115784066,0.105635161111,781.75,0,0,0,0.5,0.25,0.25,0.130564520045,0.169256191263,0.240677001608,0.0395073292505,0.513284746271,0.5,0.10115784066,0.105635161111,resistance,0,0,0.433333333333,0.906296803992,0.877313329833,0.935280278151,0.0818950878416,209498.5,median_ratio,SYN-SCREEN-03,SYN-SCREEN-03-DRUG-vs-CTRL,SYN-STUDY-03,SYN-SOURCE-FAMILY-03,SYN-FAMILY-03,2,2,0,1,1,0,1,1,1,1,2,2,,1,240,60,4,20,0.29,,500,440,380,2,7,7,200,0,4,500,1,22,14,0,14,380,1,0,0,0,0,0,0,0,1,1,0,0,0,0,0,0,1,1,0,0,0,0,0,1,0,0,0,0,0,0,0,0,0,0,0,0,0,0,0,0,0,0,0,0,0,0,0,0,1,0,resistance,U,unknown
GENE050,4,0.0491099948984,0.0798538192921,624,0,0,0,0.25,0,0.75,0.0415325112025,0.0769112982294,0.152130154888,0.00535199384785,0.662641897623,0.25,0.0491099948984,0.0798538192921,neutral,0,1,0.2,0.906296803992,0.877313329833,0.935280278151,0.125251240491,209498.5,median_ratio,SYN-SCREEN-03,SYN-SCREEN-03-DRUG-vs-CTRL,SYN-STUDY-03,SYN-SOURCE-FAMILY-03,SYN-FAMILY-03,2,2,0,1,1,0,1,1,1,1,2,2,,1,240,60,4,20,0.29,,500,440,380,2,7,7,200,0,4,500,1,22,14,0,14,380,1,0,0,0,0,0,0,0,1,1,0,0,0,0,0,0,1,1,0,0,0,0,0,1,0,0,0,0,0,0,0,0,0,0,0,0,0,0,0,0,0,0,0,0,0,0,0,0,1,0,resistance,U,unknown
GENE051,4,-0.00240167033945,-0.0394292897274,804,0,0,0,0.25,0.25,0.5,0.143241710243,0.239265548949,0.301542439942,0.0681229662095,0.524214726144,0.25,0.00240167033945,0.0394292897274,neutral,0,1,0.0333333333333,0.906296803992,0.877313329833,0.935280278151,0.0745382012617,209498.5,median_ratio,SYN-SCREEN-03,SYN-SCREEN-03-DRUG-vs-CTRL,SYN-STUDY-03,SYN-SOURCE-FAMILY-03,SYN-FAMILY-03,2,2,0,1,1,0,1,1,1,1,2,2,,1,240,60,4,20,0.29,,500,440,380,2,7,7,200,0,4,500,1,22,14,0,14,380,1,0,0,0,0,0,0,0,1,1,0,0,0,0,0,0,1,1,0,0,0,0,0,1,0,0,0,0,0,0,0,0,0,0,0,0,0,0,0,0,0,0,0,0,0,0,0,0,1,0,sensitization,U,unknown
GENE052,4,-0.167921365818,-0.123566774211,612.25,0,0,0,0,0.75,0.25,0.0312889154409,0.0799423935929,0.199210281259,0.00496392660795,0.359151303657,0.75,0.167921365818,0.123566774211,sensitization,1,0,0.633333333333,0.906296803992,0.877313329833,0.935280278151,0.15804963343,209498.5,median_ratio,SYN-SCREEN-03,SYN-SCREEN-03-DRUG-vs-CTRL,SYN-STUDY-03,SYN-SOURCE-FAMILY-03,SYN-FAMILY-03,2,2,0,1,1,0,1,1,1,1,2,2,,1,240,60,4,20,0.29,,500,440,380,2,7,7,200,0,4,500,1,22,14,0,14,380,1,0,0,0,0,0,0,0,1,1,0,0,0,0,0,0,1,1,0,0,0,0,0,1,0,0,0,0,0,0,0,0,0,0,0,0,0,0,0,0,0,0,0,0,0,0,0,0,1,0,resistance,U,not_tested
GENE053,4,0.100032266534,0.171297165833,880.125,0,0,0,0.5,0,0.5,0.0495863440779,0.130105216715,0.29214840921,0.0106855679963,0.693255163091,0.5,0.100032266534,0.171297165833,resistance,0,0,0.416666666667,0.906296803992,0.877313329833,0.935280278151,0.130138445659,209498.5,median_ratio,SYN-SCREEN-03,SYN-SCREEN-03-DRUG-vs-CTRL,SYN-STUDY-03,SYN-SOURCE-FAMILY-03,SYN-FAMILY-03,2,2,0,1,1,0,1,1,1,1,2,2,,1,240,60,4,20,0.29,,500,440,380,2,7,7,200,0,4,500,1,22,14,0,14,380,1,0,0,0,0,0,0,0,1,1,0,0,0,0,0,0,1,1,0,0,0,0,0,1,0,0,0,0,0,0,0,0,0,0,0,0,0,0,0,0,0,0,0,0,0,0,0,0,1,0,resistance,U,unknown
GENE054,4,-0.266877912085,-0.21928002993,946.125,0,0,0,0.25,0.75,0,0.178750587531,0.357428335023,0.445628499616,0.151357991074,0.419119307254,0.75,0.266877912085,0.21928002993,sensitization,1,0,0.716666666667,0.906296803992,0.877313329833,0.935280278151,0.0163841472466,209498.5,median_ratio,SYN-SCREEN-03,SYN-SCREEN-03-DRUG-vs-CTRL,SYN-STUDY-03,SYN-SOURCE-FAMILY-03,SYN-FAMILY-03,2,2,0,1,1,0,1,1,1,1,2,2,,1,240,60,4,20,0.29,,500,440,380,2,7,7,200,0,4,500,1,22,14,0,14,380,1,0,0,0,0,0,0,0,1,1,0,0,0,0,0,0,1,1,0,0,0,0,0,1,0,0,0,0,0,0,0,0,0,0,0,0,0,0,0,0,0,0,0,0,0,0,0,0,1,0,sensitization,U,unknown
GENE055,4,-0.201400548036,-0.112611751394,708.25,0,0,0,0.25,0.75,0,0.0770731458785,0.205579133115,0.292006694448,0.0458614613616,0.32004966892,0.75,0.201400548036,0.112611751394,sensitization,1,0,0.666666666667,0.906296803992,0.877313329833,0.935280278151,0.0925819278232,209498.5,median_ratio,SYN-SCREEN-03,SYN-SCREEN-03-DRUG-vs-CTRL,SYN-STUDY-03,SYN-SOURCE-FAMILY-03,SYN-FAMILY-03,2,2,0,1,1,0,1,1,1,1,2,2,,1,240,60,4,20,0.29,,500,440,380,2,7,7,200,0,4,500,1,22,14,0,14,380,1,0,0,0,0,0,0,0,1,1,0,0,0,0,0,0,1,1,0,0,0,0,0,1,0,0,0,0,0,0,0,0,0,0,0,0,0,0,0,0,0,0,0,0,0,0,0,0,1,0,sensitization,U,unknown
GENE056,4,0.0902289000201,-0.0129556809189,901.875,0,0,0,0.5,0.25,0.25,0.0777479724874,0.244495960741,0.298301699538,0.0733967006479,0.533345329644,0.5,0.0902289000201,0.0129556809189,neutral,0,1,0.383333333333,0.906296803992,0.877313329833,0.935280278151,0.0104131871532,209498.5,median_ratio,SYN-SCREEN-03,SYN-SCREEN-03-DRUG-vs-CTRL,SYN-STUDY-03,SYN-SOURCE-FAMILY-03,SYN-FAMILY-03,2,2,0,1,1,0,1,1,1,1,2,2,,1,240,60,4,20,0.29,,500,440,380,2,7,7,200,0,4,500,1,22,14,0,14,380,1,0,0,0,0,0,0,0,1,1,0,0,0,0,0,0,1,1,0,0,0,0,0,1,0,0,0,0,0,0,0,0,0,0,0,0,0,0,0,0,0,0,0,0,0,0,0,0,1,0,resistance,U,not_tested
GENE057,4,-0.0160577699216,-0.0676320473331,1005.625,0,0,0,0,0.25,0.75,0.02986051153,0.0941376178426,0.150166748982,0.014667963371,0.810268772331,0.25,0.0160577699216,0.0676320473331,neutral,0,1,0.0666666666667,0.906296803992,0.877313329833,0.935280278151,0.0306612193402,209498.5,median_ratio,SYN-SCREEN-03,SYN-SCREEN-03-DRUG-vs-CTRL,SYN-STUDY-03,SYN-SOURCE-FAMILY-03,SYN-FAMILY-03,2,2,0,1,1,0,1,1,1,1,2,2,,1,240,60,4,20,0.29,,500,440,380,2,7,7,200,0,4,500,1,22,14,0,14,380,1,0,0,0,0,0,0,0,1,1,0,0,0,0,0,0,1,1,0,0,0,0,0,1,0,0,0,0,0,0,0,0,0,0,0,0,0,0,0,0,0,0,0,0,0,0,0,0,1,0,resistance,U,unknown
GENE058,4,-0.111444391326,-0.0943048077822,674.125,0,0,0,0.25,0.5,0.25,0.208640111394,0.387502401233,0.32008450272,0.186741296027,0.406371693345,0.5,0.111444391326,0.0943048077822,sensitization,1,0,0.45,0.906296803992,0.877313329833,0.935280278151,0.122805591617,209498.5,median_ratio,SYN-SCREEN-03,SYN-SCREEN-03-DRUG-vs-CTRL,SYN-STUDY-03,SYN-SOURCE-FAMILY-03,SYN-FAMILY-03,2,2,0,1,1,0,1,1,1,1,2,2,,1,240,60,4,20,0.29,,500,440,380,2,7,7,200,0,4,500,1,22,14,0,14,380,1,0,0,0,0,0,0,0,1,1,0,0,0,0,0,0,1,1,0,0,0,0,0,1,0,0,0,0,0,0,0,0,0,0,0,0,0,0,0,0,0,0,0,0,0,0,0,0,1,0,sensitization,U,unknown
GENE059,4,-0.0639724053468,-0.0996159538674,848.375,0,0,0,0.25,0.25,0.5,0.105023287436,0.148618977629,0.273381530241,0.00918234227004,0.605656240406,0.25,0.0639724053468,0.0996159538674,neutral,0,1,0.233333333333,0.906296803992,0.877313329833,0.935280278151,0.164246910345,209498.5,median_ratio,SYN-SCREEN-03,SYN-SCREEN-03-DRUG-vs-CTRL,SYN-STUDY-03,SYN-SOURCE-FAMILY-03,SYN-FAMILY-03,2,2,0,1,1,0,1,1,1,1,2,2,,1,240,60,4,20,0.29,,500,440,380,2,7,7,200,0,4,500,1,22,14,0,14,380,1,0,0,0,0,0,0,0,1,1,0,0,0,0,0,0,1,1,0,0,0,0,0,1,0,0,0,0,0,0,0,0,0,0,0,0,0,0,0,0,0,0,0,0,0,0,0,0,1,0,sensitization,U,unknown
GENE000,4,1.67908198402,1.67423806236,970.625,0,0,0,1,0,0,0.061881282324,0.0734171052116,1.74096326635,0.00772714194303,0.268204487736,1,1.67908198402,1.67423806236,resistance,0,0,0.983333333333,0.877309680128,0.815691843001,0.938927517254,0.0737503610432,218459.5,median_ratio,SYN-SCREEN-04,SYN-SCREEN-04-DRUG-vs-CTRL,SYN-STUDY-04,SYN-SOURCE-FAMILY-04,SYN-FAMILY-04,2,2,0,1,0,1,1,1,0,1,2,2,,1,240,60,4,20,0.25,,525,,395,2,7,7,200,0,4,500,1,22,14,,14,395,0,1,0,0,0,0,0,0,1,0,0,0,1,0,0,0,1,0.9,0,0,0,0,0,1,0,1,0,0,0,0,0,0,0,0,0,0,0,1,0,0,0,0,0,0,0,0,0,0,1,0,resistance,V3,tested
GENE001,4,1.55896500932,1.59715279639,719.875,0,0,0,1,0,0,0.0434314279061,0.108622141312,1.67877201137,0.0311802935715,0.277302223541,1,1.55896500932,1.59715279639,resistance,0,0,0.85,0.877309680128,0.815691843001,0.938927517254,0.0539183354527,218459.5,median_ratio,SYN-SCREEN-04,SYN-SCREEN-04-DRUG-vs-CTRL,SYN-STUDY-04,SYN-SOURCE-FAMILY-04,SYN-FAMILY-04,2,2,0,1,0,1,1,1,0,1,2,2,,1,240,60,4,20,0.25,,525,,395,2,7,7,200,0,4,500,1,22,14,,14,395,0,1,0,0,0,0,0,0,1,0,0,0,1,0,0,0,1,0.9,0,0,0,0,0,1,0,1,0,0,0,0,0,0,0,0,0,0,0,1,0,0,0,0,0,0,0,0,0,0,1,0,resistance,V2,tested
GENE002,4,1.60414557257,1.62752478255,840.125,0,0,0,1,0,0,0.0190677083255,0.0547321539582,1.66997170086,0.0141857682221,0.2647444469,1,1.60414557257,1.62752478255,resistance,0,0,0.9,0.877309680128,0.815691843001,0.938927517254,0.157917965791,218459.5,median_ratio,SYN-SCREEN-04,SYN-SCREEN-04-DRUG-vs-CTRL,SYN-STUDY-04,SYN-SOURCE-FAMILY-04,SYN-FAMILY-04,2,2,0,1,0,1,1,1,0,1,2,2,,1,240,60,4,20,0.25,,525,,395,2,7,7,200,0,4,500,1,22,14,,14,395,0,1,0,0,0,0,0,0,1,0,0,0,1,0,0,0,1,0.9,0,0,0,0,0,1,0,1,0,0,0,0,0,0,0,0,0,0,0,1,0,0,0,0,0,0,0,0,0,0,1,0,resistance,V2,tested
GENE003,4,1.42042073695,1.48211541773,854.375,0,0,0,1,0,0,0.0395802557525,0.136811128404,1.58339035427,0.0410336598788,0.28857802828,1,1.42042073695,1.48211541773,resistance,0,0,0.816666666667,0.877309680128,0.815691843001,0.938927517254,0.10927967912,218459.5,median_ratio,SYN-SCREEN-04,SYN-SCREEN-04-DRUG-vs-CTRL,SYN-STUDY-04,SYN-SOURCE-FAMILY-04,SYN-FAMILY-04,2,2,0,1,0,1,1,1,0,1,2,2,,1,240,60,4,20,0.25,,525,,395,2,7,7,200,0,4,500,1,22,14,,14,395,0,1,0,0,0,0,0,0,1,0,0,0,1,0,0,0,1,0.9,0,0,0,0,0,1,0,1,0,0,0,0,0,0,0,0,0,0,0,1,0,0,0,0,0,0,0,0,0,0,1,0,resistance,F0,tested
GENE004,4,1.67486373598,1.67603933283,975,0,0,0,1,0,0,0.00864131513814,0.0161470773155,1.68585624482,0.00730944530806,0.252159742798,1,1.67486373598,1.67603933283,resistance,0,0,0.966666666667,0.877309680128,0.815691843001,0.938927517254,0.0343749418395,218459.5,median_ratio,SYN-SCREEN-04,SYN-SCREEN-04-DRUG-vs-CTRL,SYN-STUDY-04,SYN-SOURCE-FAMILY-04,SYN-FAMILY-04,2,2,0,1,0,1,1,1,0,1,2,2,,1,240,60,4,20,0.25,,525,,395,2,7,7,200,0,4,500,1,22,14,,14,395,0,1,0,0,0,0,0,0,1,0,0,0,1,0,0,0,1,0.9,0,0,0,0,0,1,0,1,0,0,0,0,0,0,0,0,0,0,0,1,0,0,0,0,0,0,0,0,0,0,1,0,resistance,F0,tested
GENE005,4,1.59896712615,1.61271437965,711.25,0,0,0,1,0,0,0.0983954052016,0.201739485989,1.72485703835,0.103457504708,0.273010234404,1,1.59896712615,1.61271437965,resistance,0,0,0.883333333333,0.877309680128,0.815691843001,0.938927517254,0.0321213376007,218459.5,median_ratio,SYN-SCREEN-04,SYN-SCREEN-04-DRUG-vs-CTRL,SYN-STUDY-04,SYN-SOURCE-FAMILY-04,SYN-FAMILY-04,2,2,0,1,0,1,1,1,0,1,2,2,,1,240,60,4,20,0.25,,525,,395,2,7,7,200,0,4,500,1,22,14,,14,395,0,1,0,0,0,0,0,0,1,0,0,0,1,0,0,0,1,0.9,0,0,0,0,0,1,0,1,0,0,0,0,0,0,0,0,0,0,0,1,0,0,0,0,0,0,0,0,0,0,1,0,resistance,U,unknown
GENE006,4,-1.62834359129,-1.64255913201,775.75,0,0,0,0,1,0,0.0476505646713,0.09756369008,1.7044252374,0.041220020258,0.265562631023,1,1.62834359129,1.64255913201,sensitization,1,0,0.916666666667,0.877309680128,0.815691843001,0.938927517254,0.111086187868,218459.5,median_ratio,SYN-SCREEN-04,SYN-SCREEN-04-DRUG-vs-CTRL,SYN-STUDY-04,SYN-SOURCE-FAMILY-04,SYN-FAMILY-04,2,2,0,1,0,1,1,1,0,1,2,2,,1,240,60,4,20,0.25,,525,,395,2,7,7,200,0,4,500,1,22,14,,14,395,0,1,0,0,0,0,0,0,1,0,0,0,1,0,0,0,1,0.9,0,0,0,0,0,1,0,1,0,0,0,0,0,0,0,0,0,0,0,1,0,0,0,0,0,0,0,0,0,0,1,0,sensitization,V2,tested
GENE007,4,-1.69408571293,-1.64032975337,837.625,0,0,0,0,1,0,0.0181281595925,0.0845519698715,1.71221387252,0.0146275740478,0.261787938959,1,1.69408571293,1.64032975337,sensitization,1,0,1,0.877309680128,0.815691843001,0.938927517254,0.0287093842439,218459.5,median_ratio,SYN-SCREEN-04,SYN-SCREEN-04-DRUG-vs-CTRL,SYN-STUDY-04,SYN-SOURCE-FAMILY-04,SYN-FAMILY-04,2,2,0,1,0,1,1,1,0,1,2,2,,1,240,60,4,20,0.25,,525,,395,2,7,7,200,0,4,500,1,22,14,,14,395,0,1,0,0,0,0,0,0,1,0,0,0,1,0,0,0,1,0.9,0,0,0,0,0,1,0,1,0,0,0,0,0,0,0,0,0,0,0,1,0,0,0,0,0,0,0,0,0,0,1,0,sensitization,V2,tested
GENE008,4,-1.66370806087,-1.64823933929,1070.875,0,0,0,0,1,0,0.0811992487966,0.130569131337,1.74490730967,0.0391456888018,0.271836339966,1,1.66370806087,1.64823933929,sensitization,1,0,0.95,0.877309680128,0.815691843001,0.938927517254,0.0172016216872,218459.5,median_ratio,SYN-SCREEN-04,SYN-SCREEN-04-DRUG-vs-CTRL,SYN-STUDY-04,SYN-SOURCE-FAMILY-04,SYN-FAMILY-04,2,2,0,1,0,1,1,1,0,1,2,2,,1,240,60,4,20,0.25,,525,,395,2,7,7,200,0,4,500,1,22,14,,14,395,0,1,0,0,0,0,0,0,1,0,0,0,1,0,0,0,1,0.9,0,0,0,0,0,1,0,1,0,0,0,0,0,0,0,0,0,0,0,1,0,0,0,0,0,0,0,0,0,0,1,0,sensitization,F0,tested
GENE009,4,-1.66011678166,-1.63348135537,820.5,0,0,0,0,1,0,0.125867844344,0.26959486187,1.785984626,0.135205723437,0.274683404438,1,1.66011678166,1.63348135537,sensitization,1,0,0.933333333333,0.877309680128,0.815691843001,0.938927517254,0.0002620314793,218459.5,median_ratio,SYN-SCREEN-04,SYN-SCREEN-04-DRUG-vs-CTRL,SYN-STUDY-04,SYN-SOURCE-FAMILY-04,SYN-FAMILY-04,2,2,0,1,0,1,1,1,0,1,2,2,,1,240,60,4,20,0.25,,525,,395,2,7,7,200,0,4,500,1,22,14,,14,395,0,1,0,0,0,0,0,0,1,0,0,0,1,0,0,0,1,0.9,0,0,0,0,0,1,0,1,0,0,0,0,0,0,0,0,0,0,0,1,0,0,0,0,0,0,0,0,0,0,1,0,sensitization,D,tested
GENE010,4,-1.50644387526,-1.52528950367,573.5,0,0,0,0,1,0,0.063688956133,0.106736434002,1.60782408821,0.0279458886028,0.276177481003,1,1.50644387526,1.52528950367,sensitization,1,0,0.833333333333,0.877309680128,0.815691843001,0.938927517254,0.0897288453199,218459.5,median_ratio,SYN-SCREEN-04,SYN-SCREEN-04-DRUG-vs-CTRL,SYN-STUDY-04,SYN-SOURCE-FAMILY-04,SYN-FAMILY-04,2,2,0,1,0,1,1,1,0,1,2,2,,1,240,60,4,20,0.25,,525,,395,2,7,7,200,0,4,500,1,22,14,,14,395,0,1,0,0,0,0,0,0,1,0,0,0,1,0,0,0,1,0.9,0,0,0,0,0,1,0,1,0,0,0,0,0,0,0,0,0,0,0,1,0,0,0,0,0,0,0,0,0,0,1,0,sensitization,U,unknown
GENE011,4,-1.56035297908,-1.5430138378,872.875,0,0,0,0,1,0,0.143525451389,0.193387578018,1.70387843047,0.0375543086897,0.294048059073,1,1.56035297908,1.5430138378,sensitization,1,0,0.866666666667,0.877309680128,0.815691843001,0.938927517254,0.311093651955,218459.5,median_ratio,SYN-SCREEN-04,SYN-SCREEN-04-DRUG-vs-CTRL,SYN-STUDY-04,SYN-SOURCE-FAMILY-04,SYN-FAMILY-04,2,2,0,1,0,1,1,1,0,1,2,2,,1,240,60,4,20,0.25,,525,,395,2,7,7,200,0,4,500,1,22,14,,14,395,0,1,0,0,0,0,0,0,1,0,0,0,1,0,0,0,1,0.9,0,0,0,0,0,1,0,1,0,0,0,0,0,0,0,0,0,0,0,1,0,0,0,0,0,0,0,0,0,0,1,0,sensitization,U,unknown
GENE012,4,1.05657114509,1.0271473315,1003.125,0,0,0,1,0,0,0.112377914015,0.20177224927,1.16894905911,0.0692479936563,0.29726905138,1,1.05657114509,1.0271473315,resistance,0,0,0.8,0.877309680128,0.815691843001,0.938927517254,0.044112892389,218459.5,median_ratio,SYN-SCREEN-04,SYN-SCREEN-04-DRUG-vs-CTRL,SYN-STUDY-04,SYN-SOURCE-FAMILY-04,SYN-FAMILY-04,2,2,0,1,0,1,1,1,0,1,2,2,,1,240,60,4,20,0.25,,525,,395,2,7,7,200,0,4,500,1,22,14,,14,395,0,1,0,0,0,0,0,0,1,0,0,0,1,0,0,0,1,0.9,0,0,0,0,0,1,0,1,0,0,0,0,0,0,0,0,0,0,0,1,0,0,0,0,0,0,0,0,0,0,1,0,resistance,F0,tested
GENE013,4,-0.969762989217,-0.955584647515,834.75,0,0,0,0,1,0,0.0634234960134,0.120517099761,1.03318648523,0.0495542761894,0.275667551257,1,0.969762989217,0.955584647515,sensitization,1,0,0.783333333333,0.877309680128,0.815691843001,0.938927517254,0.0469771226038,218459.5,median_ratio,SYN-SCREEN-04,SYN-SCREEN-04-DRUG-vs-CTRL,SYN-STUDY-04,SYN-SOURCE-FAMILY-04,SYN-FAMILY-04,2,2,0,1,0,1,1,1,0,1,2,2,,1,240,60,4,20,0.25,,525,,395,2,7,7,200,0,4,500,1,22,14,,14,395,0,1,0,0,0,0,0,0,1,0,0,0,1,0,0,0,1,0.9,0,0,0,0,0,1,0,1,0,0,0,0,0,0,0,0,0,0,0,1,0,0,0,0,0,0,0,0,0,0,1,0,sensitization,F0,tested
GENE014,4,0.534068459162,0.545502510589,946.5,0,0,0,1,0,0,0.0461574651716,0.0677729415589,0.603094027188,0.0117564968834,0.303361651598,1,0.534068459162,0.545502510589,resistance,0,0,0.75,0.877309680128,0.815691843001,0.938927517254,0.00832345664205,218459.5,median_ratio,SYN-SCREEN-04,SYN-SCREEN-04-DRUG-vs-CTRL,SYN-STUDY-04,SYN-SOURCE-FAMILY-04,SYN-FAMILY-04,2,2,0,1,0,1,1,1,0,1,2,2,,1,240,60,4,20,0.25,,525,,395,2,7,7,200,0,4,500,1,22,14,,14,395,0,1,0,0,0,0,0,0,1,0,0,0,1,0,0,0,1,0.9,0,0,0,0,0,1,0,1,0,0,0,0,0,0,0,0,0,0,0,1,0,0,0,0,0,0,0,0,0,0,1,0,resistance,V1,tested
GENE015,4,-0.611080680485,-0.606008734904,925.875,0,0,0,0,1,0,0.0950842409156,0.108939922021,0.706164921401,0.0101425841395,0.326919968784,1,0.611080680485,0.606008734904,sensitization,1,0,0.766666666667,0.877309680128,0.815691843001,0.938927517254,0.117637570021,218459.5,median_ratio,SYN-SCREEN-04,SYN-SCREEN-04-DRUG-vs-CTRL,SYN-STUDY-04,SYN-SOURCE-FAMILY-04,SYN-FAMILY-04,2,2,0,1,0,1,1,1,0,1,2,2,,1,240,60,4,20,0.25,,525,,395,2,7,7,200,0,4,500,1,22,14,,14,395,0,1,0,0,0,0,0,0,1,0,0,0,1,0,0,0,1,0.9,0,0,0,0,0,1,0,1,0,0,0,0,0,0,0,0,0,0,0,1,0,0,0,0,0,0,0,0,0,0,1,0,sensitization,A,tested
GENE016,4,0.419199482446,0.466186671691,856,0,0,0,1,0,0,0.0270991002946,0.077385054489,0.540272961231,0.0038090856624,0.352888507452,1,0.419199482446,0.466186671691,resistance,0,0,0.733333333333,0.877309680128,0.815691843001,0.938927517254,0.00371007606454,218459.5,median_ratio,SYN-SCREEN-04,SYN-SCREEN-04-DRUG-vs-CTRL,SYN-STUDY-04,SYN-SOURCE-FAMILY-04,SYN-FAMILY-04,2,2,0,1,0,1,1,1,0,1,2,2,,1,240,60,4,20,0.25,,525,,395,2,7,7,200,0,4,500,1,22,14,,14,395,0,1,0,0,0,0,0,0,1,0,0,0,1,0,0,0,1,0.9,0,0,0,0,0,1,0,1,0,0,0,0,0,0,0,0,0,0,0,1,0,0,0,0,0,0,0,0,0,0,1,0,resistance,T,tested
GENE017,4,0.161038123812,0.195933115641,997.375,0,0,0,0.5,0,0.5,0.0769979528559,0.175892959186,0.307826060325,0.073900851201,0.498402198449,0.5,0.161038123812,0.195933115641,resistance,0,0,0.616666666667,0.877309680128,0.815691843001,0.938927517254,0.0275085487868,218459.5,median_ratio,SYN-SCREEN-04,SYN-SCREEN-04-DRUG-vs-CTRL,SYN-STUDY-04,SYN-SOURCE-FAMILY-04,SYN-FAMILY-04,2,2,0,1,0,1,1,1,0,1,2,2,,1,240,60,4,20,0.25,,525,,395,2,7,7,200,0,4,500,1,22,14,,14,395,0,1,0,0,0,0,0,0,1,0,0,0,1,0,0,0,1,0.9,0,0,0,0,0,1,0,1,0,0,0,0,0,0,0,0,0,0,0,1,0,0,0,0,0,0,0,0,0,0,1,0,resistance,U,unknown
GENE018,4,-0.152139639391,-0.137379267676,863.25,0,0,0,0,0.75,0.25,0.0178392338757,0.0375385826663,0.169978873267,0.00570303948848,0.332799725097,0.75,0.152139639391,0.137379267676,sensitization,1,0,0.583333333333,0.877309680128,0.815691843001,0.938927517254,0.0584622432629,218459.5,median_ratio,SYN-SCREEN-04,SYN-SCREEN-04-DRUG-vs-CTRL,SYN-STUDY-04,SYN-SOURCE-FAMILY-04,SYN-FAMILY-04,2,2,0,1,0,1,1,1,0,1,2,2,,1,240,60,4,20,0.25,,525,,395,2,7,7,200,0,4,500,1,22,14,,14,395,0,1,0,0,0,0,0,0,1,0,0,0,1,0,0,0,1,0.9,0,0,0,0,0,1,0,1,0,0,0,0,0,0,0,0,0,0,0,1,0,0,0,0,0,0,0,0,0,0,1,0,sensitization,U,unknown
GENE019,4,0.0778636569848,0.0761142244748,927,0,0,0,0.25,0,0.75,0.0590854866325,0.0735185534654,0.136949143617,0.0146457993812,0.490637228729,0.25,0.0778636569848,0.0761142244748,neutral,0,1,0.366666666667,0.877309680128,0.815691843001,0.938927517254,0.160568474106,218459.5,median_ratio,SYN-SCREEN-04,SYN-SCREEN-04-DRUG-vs-CTRL,SYN-STUDY-04,SYN-SOURCE-FAMILY-04,SYN-FAMILY-04,2,2,0,1,0,1,1,1,0,1,2,2,,1,240,60,4,20,0.25,,525,,395,2,7,7,200,0,4,500,1,22,14,,14,395,0,1,0,0,0,0,0,0,1,0,0,0,1,0,0,0,1,0.9,0,0,0,0,0,1,0,1,0,0,0,0,0,0,0,0,0,0,0,1,0,0,0,0,0,0,0,0,0,0,1,0,sensitization,U,unknown
GENE020,4,-0.0166174212938,-0.0327475542744,704,0,0,0,0.25,0.25,0.5,0.105354363243,0.159170643501,0.205282845172,0.0435162145495,0.523030798839,0.25,0.0166174212938,0.0327475542744,neutral,0,1,0.116666666667,0.877309680128,0.815691843001,0.938927517254,0.0330913744831,218459.5,median_ratio,SYN-SCREEN-04,SYN-SCREEN-04-DRUG-vs-CTRL,SYN-STUDY-04,SYN-SOURCE-FAMILY-04,SYN-FAMILY-04,2,2,0,1,0,1,1,1,0,1,2,2,,1,240,60,4,20,0.25,,525,,395,2,7,7,200,0,4,500,1,22,14,,14,395,0,1,0,0,0,0,0,0,1,0,0,0,1,0,0,0,1,0.9,0,0,0,0,0,1,0,1,0,0,0,0,0,0,0,0,0,0,0,1,0,0,0,0,0,0,0,0,0,0,1,0,resistance,U,not_tested
GENE021,4,-0.0985174388507,-0.0796059378259,895.5,0,0,0,0.25,0.5,0.25,0.0757195660883,0.111018555214,0.174237004939,0.0189226413333,0.430316681761,0.5,0.0985174388507,0.0796059378259,neutral,0,1,0.45,0.877309680128,0.815691843001,0.938927517254,0.015115498624,218459.5,median_ratio,SYN-SCREEN-04,SYN-SCREEN-04-DRUG-vs-CTRL,SYN-STUDY-04,SYN-SOURCE-FAMILY-04,SYN-FAMILY-04,2,2,0,1,0,1,1,1,0,1,2,2,,1,240,60,4,20,0.25,,525,,395,2,7,7,200,0,4,500,1,22,14,,14,395,0,1,0,0,0,0,0,0,1,0,0,0,1,0,0,0,1,0.9,0,0,0,0,0,1,0,1,0,0,0,0,0,0,0,0,0,0,0,1,0,0,0,0,0,0,0,0,0,0,1,0,sensitization,U,unknown
GENE022,4,-0.0754938472637,-0.0710545260539,761.875,0,0,0,0.25,0.5,0.25,0.171445844496,0.257566095647,0.270089401471,0.0943170137777,0.478585850268,0.5,0.0754938472637,0.0710545260539,neutral,0,1,0.35,0.877309680128,0.815691843001,0.938927517254,0.0423196510734,218459.5,median_ratio,SYN-SCREEN-04,SYN-SCREEN-04-DRUG-vs-CTRL,SYN-STUDY-04,SYN-SOURCE-FAMILY-04,SYN-FAMILY-04,2,2,0,1,0,1,1,1,0,1,2,2,,1,240,60,4,20,0.25,,525,,395,2,7,7,200,0,4,500,1,22,14,,14,395,0,1,0,0,0,0,0,0,1,0,0,0,1,0,0,0,1,0.9,0,0,0,0,0,1,0,1,0,0,0,0,0,0,0,0,0,0,0,1,0,0,0,0,0,0,0,0,0,0,1,0,sensitization,U,unknown
GENE023,4,-0.180181150542,-0.113537120492,758.5,0,0,0,0.25,0.5,0.25,0.248127259769,0.504961652657,0.4393522168,0.219612914363,0.386189372228,0.5,0.180181150542,0.113537120492,sensitization,1,0,0.65,0.877309680128,0.815691843001,0.938927517254,0.0160276103762,218459.5,median_ratio,SYN-SCREEN-04,SYN-SCREEN-04-DRUG-vs-CTRL,SYN-STUDY-04,SYN-SOURCE-FAMILY-04,SYN-FAMILY-04,2,2,0,1,0,1,1,1,0,1,2,2,,1,240,60,4,20,0.25,,525,,395,2,7,7,200,0,4,500,1,22,14,,14,395,0,1,0,0,0,0,0,0,1,0,0,0,1,0,0,0,1,0.9,0,0,0,0,0,1,0,1,0,0,0,0,0,0,0,0,0,0,0,1,0,0,0,0,0,0,0,0,0,0,1,0,sensitization,U,unknown
GENE024,4,-0.138915136455,-0.1706203707,953.375,0,0,0,0,0.5,0.5,0.095244914294,0.185950053,0.29757051924,0.0681272214448,0.582031905004,0.5,0.138915136455,0.1706203707,sensitization,1,0,0.533333333333,0.877309680128,0.815691843001,0.938927517254,0.0872540643821,218459.5,median_ratio,SYN-SCREEN-04,SYN-SCREEN-04-DRUG-vs-CTRL,SYN-STUDY-04,SYN-SOURCE-FAMILY-04,SYN-FAMILY-04,2,2,0,1,0,1,1,1,0,1,2,2,,1,240,60,4,20,0.25,,525,,395,2,7,7,200,0,4,500,1,22,14,,14,395,0,1,0,0,0,0,0,0,1,0,0,0,1,0,0,0,1,0.9,0,0,0,0,0,1,0,1,0,0,0,0,0,0,0,0,0,0,0,1,0,0,0,0,0,0,0,0,0,0,1,0,sensitization,U,not_tested
GENE025,4,0.0127335039349,0.0188459944764,847.75,0,0,0,0.5,0.5,0,0.199580788234,0.322889115856,0.294190720472,0.135326096172,0.387894547878,0.5,0.0127335039349,0.0188459944764,neutral,0,1,0.0833333333333,0.877309680128,0.815691843001,0.938927517254,0.00684195129864,218459.5,median_ratio,SYN-SCREEN-04,SYN-SCREEN-04-DRUG-vs-CTRL,SYN-STUDY-04,SYN-SOURCE-FAMILY-04,SYN-FAMILY-04,2,2,0,1,0,1,1,1,0,1,2,2,,1,240,60,4,20,0.25,,525,,395,2,7,7,200,0,4,500,1,22,14,,14,395,0,1,0,0,0,0,0,0,1,0,0,0,1,0,0,0,1,0.9,0,0,0,0,0,1,0,1,0,0,0,0,0,0,0,0,0,0,0,1,0,0,0,0,0,0,0,0,0,0,1,0,resistance,U,unknown
GENE026,4,-0.151288581953,-0.154191474135,719,0,0,0,0,0.75,0.25,0.074770739039,0.104896680809,0.231865105356,0.0314344700161,0.462442201767,0.75,0.151288581953,0.154191474135,sensitization,1,0,0.55,0.877309680128,0.815691843001,0.938927517254,0.0432401931635,218459.5,median_ratio,SYN-SCREEN-04,SYN-SCREEN-04-DRUG-vs-CTRL,SYN-STUDY-04,SYN-SOURCE-FAMILY-04,SYN-FAMILY-04,2,2,0,1,0,1,1,1,0,1,2,2,,1,240,60,4,20,0.25,,525,,395,2,7,7,200,0,4,500,1,22,14,,14,395,0,1,0,0,0,0,0,0,1,0,0,0,1,0,0,0,1,0.9,0,0,0,0,0,1,0,1,0,0,0,0,0,0,0,0,0,0,0,1,0,0,0,0,0,0,0,0,0,0,1,0,sensitization,U,unknown
GENE027,4,-0.158488516729,-0.0927914515177,912.625,0,0,0,0.25,0.75,0,0.061125660221,0.134518754643,0.245949421654,0.00888660907298,0.337559588317,0.75,0.158488516729,0.0927914515177,sensitization,1,0,0.6,0.877309680128,0.815691843001,0.938927517254,0.0369106492467,218459.5,median_ratio,SYN-SCREEN-04,SYN-SCREEN-04-DRUG-vs-CTRL,SYN-STUDY-04,SYN-SOURCE-FAMILY-04,SYN-FAMILY-04,2,2,0,1,0,1,1,1,0,1,2,2,,1,240,60,4,20,0.25,,525,,395,2,7,7,200,0,4,500,1,22,14,,14,395,0,1,0,0,0,0,0,0,1,0,0,0,1,0,0,0,1,0.9,0,0,0,0,0,1,0,1,0,0,0,0,0,0,0,0,0,0,0,1,0,0,0,0,0,0,0,0,0,0,1,0,resistance,U,unknown
GENE028,4,0.380646968088,0.372322765479,702.875,0,0,0,0.75,0,0.25,0.197052639811,0.242762225634,0.577699607899,0.043168922125,0.488960167064,0.75,0.380646968088,0.372322765479,resistance,0,0,0.7,0.877309680128,0.815691843001,0.938927517254,0.116575012664,218459.5,median_ratio,SYN-SCREEN-04,SYN-SCREEN-04-DRUG-vs-CTRL,SYN-STUDY-04,SYN-SOURCE-FAMILY-04,SYN-FAMILY-04,2,2,0,1,0,1,1,1,0,1,2,2,,1,240,60,4,20,0.25,,525,,395,2,7,7,200,0,4,500,1,22,14,,14,395,0,1,0,0,0,0,0,0,1,0,0,0,1,0,0,0,1,0.9,0,0,0,0,0,1,0,1,0,0,0,0,0,0,0,0,0,0,0,1,0,0,0,0,0,0,0,0,0,0,1,0,resistance,U,not_tested
GENE029,4,-0.0644897406996,-0.0322094459964,918.375,0,0,0,0,0,1,0.0202752591723,0.0717235580103,0.0859431036161,0.0221333046941,0.285888207174,0,0.0644897406996,0.0322094459964,neutral,0,1,0.316666666667,0.877309680128,0.815691843001,0.938927517254,0.00101067094559,218459.5,median_ratio,SYN-SCREEN-04,SYN-SCREEN-04-DRUG-vs-CTRL,SYN-STUDY-04,SYN-SOURCE-FAMILY-04,SYN-FAMILY-04,2,2,0,1,0,1,1,1,0,1,2,2,,1,240,60,4,20,0.25,,525,,395,2,7,7,200,0,4,500,1,22,14,,14,395,0,1,0,0,0,0,0,0,1,0,0,0,1,0,0,0,1,0.9,0,0,0,0,0,1,0,1,0,0,0,0,0,0,0,0,0,0,0,1,0,0,0,0,0,0,0,0,0,0,1,0,sensitization,U,unknown
GENE030,4,-0.100987444055,-0.04746955428,745.625,0,0,0,0.25,0.5,0.25,0.0385056547688,0.13051682979,0.145553803842,0.0444482171979,0.307457962167,0.5,0.100987444055,0.04746955428,sensitization,1,0,0.483333333333,0.877309680128,0.815691843001,0.938927517254,0.0265113196292,218459.5,median_ratio,SYN-SCREEN-04,SYN-SCREEN-04-DRUG-vs-CTRL,SYN-STUDY-04,SYN-SOURCE-FAMILY-04,SYN-FAMILY-04,2,2,0,1,0,1,1,1,0,1,2,2,,1,240,60,4,20,0.25,,525,,395,2,7,7,200,0,4,500,1,22,14,,14,395,0,1,0,0,0,0,0,0,1,0,0,0,1,0,0,0,1,0.9,0,0,0,0,0,1,0,1,0,0,0,0,0,0,0,0,0,0,0,1,0,0,0,0,0,0,0,0,0,0,1,0,sensitization,U,unknown
GENE031,4,-0.102074349503,-0.141783891045,744.5,0,0,0,0,0.5,0.5,0.0534122438603,0.105595658127,0.234905676446,0.0144035875514,0.626416597907,0.5,0.102074349503,0.141783891045,sensitization,1,0,0.5,0.877309680128,0.815691843001,0.938927517254,0.0214221596025,218459.5,median_ratio,SYN-SCREEN-04,SYN-SCREEN-04-DRUG-vs-CTRL,SYN-STUDY-04,SYN-SOURCE-FAMILY-04,SYN-FAMILY-04,2,2,0,1,0,1,1,1,0,1,2,2,,1,240,60,4,20,0.25,,525,,395,2,7,7,200,0,4,500,1,22,14,,14,395,0,1,0,0,0,0,0,0,1,0,0,0,1,0,0,0,1,0.9,0,0,0,0,0,1,0,1,0,0,0,0,0,0,0,0,0,0,0,1,0,0,0,0,0,0,0,0,0,0,1,0,sensitization,U,unknown
GENE032,4,-0.0524315773575,-0.0516575724392,780,0,0,0,0,0.5,0.5,0.137163677302,0.272282441786,0.18959525466,0.155127966199,0.348733879855,0.5,0.0524315773575,0.0516575724392,neutral,0,1,0.216666666667,0.877309680128,0.815691843001,0.938927517254,0.157299421007,218459.5,median_ratio,SYN-SCREEN-04,SYN-SCREEN-04-DRUG-vs-CTRL,SYN-STUDY-04,SYN-SOURCE-FAMILY-04,SYN-FAMILY-04,2,2,0,1,0,1,1,1,0,1,2,2,,1,240,60,4,20,0.25,,525,,395,2,7,7,200,0,4,500,1,22,14,,14,395,0,1,0,0,0,0,0,0,1,0,0,0,1,0,0,0,1,0.9,0,0,0,0,0,1,0,1,0,0,0,0,0,0,0,0,0,0,0,1,0,0,0,0,0,0,0,0,0,0,1,0,resistance,U,not_tested
GENE033,4,-0.100555745416,-0.0549480113196,834.625,0,0,0,0.25,0.5,0.25,0.155285582685,0.275831229217,0.326848721128,0.0865308478342,0.393291395701,0.5,0.100555745416,0.0549480113196,sensitization,1,0,0.466666666667,0.877309680128,0.815691843001,0.938927517254,0.12433473003,218459.5,median_ratio,SYN-SCREEN-04,SYN-SCREEN-04-DRUG-vs-CTRL,SYN-STUDY-04,SYN-SOURCE-FAMILY-04,SYN-FAMILY-04,2,2,0,1,0,1,1,1,0,1,2,2,,1,240,60,4,20,0.25,,525,,395,2,7,7,200,0,4,500,1,22,14,,14,395,0,1,0,0,0,0,0,0,1,0,0,0,1,0,0,0,1,0.9,0,0,0,0,0,1,0,1,0,0,0,0,0,0,0,0,0,0,0,1,0,0,0,0,0,0,0,0,0,0,1,0,sensitization,U,unknown
GENE034,4,0.0555843000796,0.0542347923807,901.375,0,0,0,0.5,0,0.5,0.0844567483967,0.146125474923,0.140041048476,0.0696506344551,0.478340931989,0.5,0.0555843000796,0.0542347923807,neutral,0,1,0.266666666667,0.877309680128,0.815691843001,0.938927517254,0.0775110981505,218459.5,median_ratio,SYN-SCREEN-04,SYN-SCREEN-04-DRUG-vs-CTRL,SYN-STUDY-04,SYN-SOURCE-FAMILY-04,SYN-FAMILY-04,2,2,0,1,0,1,1,1,0,1,2,2,,1,240,60,4,20,0.25,,525,,395,2,7,7,200,0,4,500,1,22,14,,14,395,0,1,0,0,0,0,0,0,1,0,0,0,1,0,0,0,1,0.9,0,0,0,0,0,1,0,1,0,0,0,0,0,0,0,0,0,0,0,1,0,0,0,0,0,0,0,0,0,0,1,0,resistance,U,unknown
GENE035,4,0.0595677338779,0.0615416775816,805.375,0,0,0,0.5,0.5,0,0.226979073806,0.444510466956,0.290494695091,0.248904302927,0.33398141045,0.5,0.0595677338779,0.0615416775816,neutral,0,1,0.3,0.877309680128,0.815691843001,0.938927517254,0.0117126148628,218459.5,median_ratio,SYN-SCREEN-04,SYN-SCREEN-04-DRUG-vs-CTRL,SYN-STUDY-04,SYN-SOURCE-FAMILY-04,SYN-FAMILY-04,2,2,0,1,0,1,1,1,0,1,2,2,,1,240,60,4,20,0.25,,525,,395,2,7,7,200,0,4,500,1,22,14,,14,395,0,1,0,0,0,0,0,0,1,0,0,0,1,0,0,0,1,0.9,0,0,0,0,0,1,0,1,0,0,0,0,0,0,0,0,0,0,0,1,0,0,0,0,0,0,0,0,0,0,1,0,sensitization,U,unknown
GENE036,4,-0.00172990630507,0.0702239287859,969.75,0,0,0,0.5,0.5,0,0.118360562763,0.293336804971,0.27760638859,0.118960028964,0.551435095296,0.5,0.00172990630507,0.0702239287859,neutral,0,1,0.0166666666667,0.877309680128,0.815691843001,0.938927517254,0.00175726432241,218459.5,median_ratio,SYN-SCREEN-04,SYN-SCREEN-04-DRUG-vs-CTRL,SYN-STUDY-04,SYN-SOURCE-FAMILY-04,SYN-FAMILY-04,2,2,0,1,0,1,1,1,0,1,2,2,,1,240,60,4,20,0.25,,525,,395,2,7,7,200,0,4,500,1,22,14,,14,395,0,1,0,0,0,0,0,0,1,0,0,0,1,0,0,0,1,0.9,0,0,0,0,0,1,0,1,0,0,0,0,0,0,0,0,0,0,0,1,0,0,0,0,0,0,0,0,0,0,1,0,resistance,U,not_tested
GENE037,4,-0.00558072153509,0.0218703667667,880.25,0,0,0,0.25,0,0.75,0.0479989491734,0.105749189475,0.12060092295,0.0349864471271,0.563029468589,0.25,0.00558072153509,0.0218703667667,neutral,0,1,0.05,0.877309680128,0.815691843001,0.938927517254,0.0530703922691,218459.5,median_ratio,SYN-SCREEN-04,SYN-SCREEN-04-DRUG-vs-CTRL,SYN-STUDY-04,SYN-SOURCE-FAMILY-04,SYN-FAMILY-04,2,2,0,1,0,1,1,1,0,1,2,2,,1,240,60,4,20,0.25,,525,,395,2,7,7,200,0,4,500,1,22,14,,14,395,0,1,0,0,0,0,0,0,1,0,0,0,1,0,0,0,1,0.9,0,0,0,0,0,1,0,1,0,0,0,0,0,0,0,0,0,0,0,1,0,0,0,0,0,0,0,0,0,0,1,0,resistance,U,unknown
GENE038,4,0.0161906061721,-0.0455846400848,703.75,0,0,0,0,0.25,0.75,0.0302675051678,0.121649119359,0.154479134916,0.0341864889926,0.711188597702,0.25,0.0161906061721,0.0455846400848,neutral,0,1,0.1,0.877309680128,0.815691843001,0.938927517254,0.120328701816,218459.5,median_ratio,SYN-SCREEN-04,SYN-SCREEN-04-DRUG-vs-CTRL,SYN-STUDY-04,SYN-SOURCE-FAMILY-04,SYN-FAMILY-04,2,2,0,1,0,1,1,1,0,1,2,2,,1,240,60,4,20,0.25,,525,,395,2,7,7,200,0,4,500,1,22,14,,14,395,0,1,0,0,0,0,0,0,1,0,0,0,1,0,0,0,1,0.9,0,0,0,0,0,1,0,1,0,0,0,0,0,0,0,0,0,0,0,1,0,0,0,0,0,0,0,0,0,0,1,0,sensitization,U,unknown
GENE039,4,-0.071220230408,-0.0312757613826,885.375,0,0,0,0.25,0.5,0.25,0.0575224127831,0.12950639011,0.162894255316,0.0369960374849,0.366408260531,0.5,0.071220230408,0.0312757613826,neutral,0,1,0.333333333333,0.877309680128,0.815691843001,0.938927517254,0.148850878721,218459.5,median_ratio,SYN-SCREEN-04,SYN-SCREEN-04-DRUG-vs-CTRL,SYN-STUDY-04,SYN-SOURCE-FAMILY-04,SYN-FAMILY-04,2,2,0,1,0,1,1,1,0,1,2,2,,1,240,60,4,20,0.25,,525,,395,2,7,7,200,0,4,500,1,22,14,,14,395,0,1,0,0,0,0,0,0,1,0,0,0,1,0,0,0,1,0.9,0,0,0,0,0,1,0,1,0,0,0,0,0,0,0,0,0,0,0,1,0,0,0,0,0,0,0,0,0,0,1,0,sensitization,U,unknown
GENE040,4,0.0332741798119,0.0192831123724,715.5,0,0,0,0.5,0.5,0,0.198515927202,0.39740533797,0.240115645956,0.213502216586,0.288705427441,0.5,0.0332741798119,0.0192831123724,neutral,0,1,0.166666666667,0.877309680128,0.815691843001,0.938927517254,0.0207316445394,218459.5,median_ratio,SYN-SCREEN-04,SYN-SCREEN-04-DRUG-vs-CTRL,SYN-STUDY-04,SYN-SOURCE-FAMILY-04,SYN-FAMILY-04,2,2,0,1,0,1,1,1,0,1,2,2,,1,240,60,4,20,0.25,,525,,395,2,7,7,200,0,4,500,1,22,14,,14,395,0,1,0,0,0,0,0,0,1,0,0,0,1,0,0,0,1,0.9,0,0,0,0,0,1,0,1,0,0,0,0,0,0,0,0,0,0,0,1,0,0,0,0,0,0,0,0,0,0,1,0,sensitization,U,not_tested
GENE041,4,0.0790425164782,0.041877997847,817.25,0,0,0,0.5,0.25,0.25,0.0881609477093,0.178777199573,0.197199199449,0.0617207451403,0.365463771442,0.5,0.0790425164782,0.041877997847,neutral,0,1,0.383333333333,0.877309680128,0.815691843001,0.938927517254,0.0533692213324,218459.5,median_ratio,SYN-SCREEN-04,SYN-SCREEN-04-DRUG-vs-CTRL,SYN-STUDY-04,SYN-SOURCE-FAMILY-04,SYN-FAMILY-04,2,2,0,1,0,1,1,1,0,1,2,2,,1,240,60,4,20,0.25,,525,,395,2,7,7,200,0,4,500,1,22,14,,14,395,0,1,0,0,0,0,0,0,1,0,0,0,1,0,0,0,1,0.9,0,0,0,0,0,1,0,1,0,0,0,0,0,0,0,0,0,0,0,1,0,0,0,0,0,0,0,0,0,0,1,0,resistance,U,unknown
GENE042,4,-0.176684234989,-0.101409018759,627,0,0,0,0.25,0.75,0,0.0408354373574,0.145340771049,0.217519672347,0.0337520323689,0.301737981094,0.75,0.176684234989,0.101409018759,sensitization,1,0,0.633333333333,0.877309680128,0.815691843001,0.938927517254,0.0906071207719,218459.5,median_ratio,SYN-SCREEN-04,SYN-SCREEN-04-DRUG-vs-CTRL,SYN-STUDY-04,SYN-SOURCE-FAMILY-04,SYN-FAMILY-04,2,2,0,1,0,1,1,1,0,1,2,2,,1,240,60,4,20,0.25,,525,,395,2,7,7,200,0,4,500,1,22,14,,14,395,0,1,0,0,0,0,0,0,1,0,0,0,1,0,0,0,1,0.9,0,0,0,0,0,1,0,1,0,0,0,0,0,0,0,0,0,0,0,1,0,0,0,0,0,0,0,0,0,0,1,0,resistance,U,unknown
GENE043,4,-0.0382457629906,0.023554179454,587.25,0,0,0,0.25,0.25,0.5,0.0822599022456,0.1798620415,0.25231749257,0.0413408159317,0.581063861322,0.25,0.0382457629906,0.023554179454,neutral,0,1,0.183333333333,0.877309680128,0.815691843001,0.938927517254,0.165716724743,218459.5,median_ratio,SYN-SCREEN-04,SYN-SCREEN-04-DRUG-vs-CTRL,SYN-STUDY-04,SYN-SOURCE-FAMILY-04,SYN-FAMILY-04,2,2,0,1,0,1,1,1,0,1,2,2,,1,240,60,4,20,0.25,,525,,395,2,7,7,200,0,4,500,1,22,14,,14,395,0,1,0,0,0,0,0,0,1,0,0,0,1,0,0,0,1,0.9,0,0,0,0,0,1,0,1,0,0,0,0,0,0,0,0,0,0,0,1,0,0,0,0,0,0,0,0,0,0,1,0,resistance,U,unknown
GENE044,4,-0.0579808246116,-0.103210938473,783.5,0,0,0,0,0.25,0.75,0.0578623802056,0.14270540322,0.20630343254,0.0457410475257,0.701422974888,0.25,0.0579808246116,0.103210938473,neutral,0,1,0.283333333333,0.877309680128,0.815691843001,0.938927517254,0.107008685988,218459.5,median_ratio,SYN-SCREEN-04,SYN-SCREEN-04-DRUG-vs-CTRL,SYN-STUDY-04,SYN-SOURCE-FAMILY-04,SYN-FAMILY-04,2,2,0,1,0,1,1,1,0,1,2,2,,1,240,60,4,20,0.25,,525,,395,2,7,7,200,0,4,500,1,22,14,,14,395,0,1,0,0,0,0,0,0,1,0,0,0,1,0,0,0,1,0.9,0,0,0,0,0,1,0,1,0,0,0,0,0,0,0,0,0,0,0,1,0,0,0,0,0,0,0,0,0,0,1,0,sensitization,U,not_tested
GENE045,4,0.119559724123,0.158269038954,576.375,0,0,0,1,0,0,0.0173173912211,0.0720830021198,0.214295745006,0.0185402137139,0.462780768363,1,0.119559724123,0.158269038954,resistance,0,0,0.516666666667,0.877309680128,0.815691843001,0.938927517254,0.0748339150108,218459.5,median_ratio,SYN-SCREEN-04,SYN-SCREEN-04-DRUG-vs-CTRL,SYN-STUDY-04,SYN-SOURCE-FAMILY-04,SYN-FAMILY-04,2,2,0,1,0,1,1,1,0,1,2,2,,1,240,60,4,20,0.25,,525,,395,2,7,7,200,0,4,500,1,22,14,,14,395,0,1,0,0,0,0,0,0,1,0,0,0,1,0,0,0,1,0.9,0,0,0,0,0,1,0,1,0,0,0,0,0,0,0,0,0,0,0,1,0,0,0,0,0,0,0,0,0,0,1,0,resistance,U,unknown
GENE046,4,-0.0952052256497,-0.0672051428587,908.25,0,0,0,0,0,1,0.00135531541067,0.0296213594474,0.0965605410604,0.000307105593637,0.317767187049,0,0.0952052256497,0.0672051428587,neutral,0,1,0.433333333333,0.877309680128,0.815691843001,0.938927517254,0.148043593335,218459.5,median_ratio,SYN-SCREEN-04,SYN-SCREEN-04-DRUG-vs-CTRL,SYN-STUDY-04,SYN-SOURCE-FAMILY-04,SYN-FAMILY-04,2,2,0,1,0,1,1,1,0,1,2,2,,1,240,60,4,20,0.25,,525,,395,2,7,7,200,0,4,500,1,22,14,,14,395,0,1,0,0,0,0,0,0,1,0,0,0,1,0,0,0,1,0.9,0,0,0,0,0,1,0,1,0,0,0,0,0,0,0,0,0,0,0,1,0,0,0,0,0,0,0,0,0,0,1,0,sensitization,U,unknown
GENE047,4,0.0319764404285,-0.0507649560663,708,0,0,0,0.25,0.25,0.5,0.0862935871285,0.174274605164,0.332830345706,0.00605019381347,0.639155733927,0.25,0.0319764404285,0.0507649560663,neutral,0,1,0.15,0.877309680128,0.815691843001,0.938927517254,0.149669634382,218459.5,median_ratio,SYN-SCREEN-04,SYN-SCREEN-04-DRUG-vs-CTRL,SYN-STUDY-04,SYN-SOURCE-FAMILY-04,SYN-FAMILY-04,2,2,0,1,0,1,1,1,0,1,2,2,,1,240,60,4,20,0.25,,525,,395,2,7,7,200,0,4,500,1,22,14,,14,395,0,1,0,0,0,0,0,0,1,0,0,0,1,0,0,0,1,0.9,0,0,0,0,0,1,0,1,0,0,0,0,0,0,0,0,0,0,0,1,0,0,0,0,0,0,0,0,0,0,1,0,resistance,U,unknown
GENE048,4,-0.00643943005913,-0.0251324298462,832,0,0,0,0,0.25,0.75,0.0443846253122,0.0899044641725,0.0993284111251,0.0309769655209,0.567371712764,0.25,0.00643943005913,0.0251324298462,neutral,0,1,0.0666666666667,0.877309680128,0.815691843001,0.938927517254,0.0461420479864,218459.5,median_ratio,SYN-SCREEN-04,SYN-SCREEN-04-DRUG-vs-CTRL,SYN-STUDY-04,SYN-SOURCE-FAMILY-04,SYN-FAMILY-04,2,2,0,1,0,1,1,1,0,1,2,2,,1,240,60,4,20,0.25,,525,,395,2,7,7,200,0,4,500,1,22,14,,14,395,0,1,0,0,0,0,0,0,1,0,0,0,1,0,0,0,1,0.9,0,0,0,0,0,1,0,1,0,0,0,0,0,0,0,0,0,0,0,1,0,0,0,0,0,0,0,0,0,0,1,0,sensitization,U,not_tested
GENE049,4,-0.0389314096261,-0.0356084101354,854.75,0,0,0,0,0.25,0.75,0.0647063340076,0.0900544898985,0.114033510597,0.0254324599531,0.478276068226,0.25,0.0389314096261,0.0356084101354,neutral,0,1,0.2,0.877309680128,0.815691843001,0.938927517254,0.127085247833,218459.5,median_ratio,SYN-SCREEN-04,SYN-SCREEN-04-DRUG-vs-CTRL,SYN-STUDY-04,SYN-SOURCE-FAMILY-04,SYN-FAMILY-04,2,2,0,1,0,1,1,1,0,1,2,2,,1,240,60,4,20,0.25,,525,,395,2,7,7,200,0,4,500,1,22,14,,14,395,0,1,0,0,0,0,0,0,1,0,0,0,1,0,0,0,1,0.9,0,0,0,0,0,1,0,1,0,0,0,0,0,0,0,0,0,0,0,1,0,0,0,0,0,0,0,0,0,0,1,0,resistance,U,unknown
GENE050,4,-0.0549367974814,-0.0524436566563,1096.375,0,0,0,0,0.25,0.75,0.0434131253895,0.0505212402065,0.0983499228709,0.00532891295309,0.482459266734,0.25,0.0549367974814,0.0524436566563,neutral,0,1,0.25,0.877309680128,0.815691843001,0.938927517254,0.0241682395634,218459.5,median_ratio,SYN-SCREEN-04,SYN-SCREEN-04-DRUG-vs-CTRL,SYN-STUDY-04,SYN-SOURCE-FAMILY-04,SYN-FAMILY-04,2,2,0,1,0,1,1,1,0,1,2,2,,1,240,60,4,20,0.25,,525,,395,2,7,7,200,0,4,500,1,22,14,,14,395,0,1,0,0,0,0,0,0,1,0,0,0,1,0,0,0,1,0.9,0,0,0,0,0,1,0,1,0,0,0,0,0,0,0,0,0,0,0,1,0,0,0,0,0,0,0,0,0,0,1,0,resistance,U,unknown
GENE051,4,-0.0800607959635,-0.10160977657,1009.625,0,0,0,0.25,0.5,0.25,0.132196220116,0.182390429263,0.278845172903,0.0330766608179,0.560040741797,0.5,0.0800607959635,0.10160977657,neutral,0,1,0.4,0.877309680128,0.815691843001,0.938927517254,0.0141539755418,218459.5,median_ratio,SYN-SCREEN-04,SYN-SCREEN-04-DRUG-vs-CTRL,SYN-STUDY-04,SYN-SOURCE-FAMILY-04,SYN-FAMILY-04,2,2,0,1,0,1,1,1,0,1,2,2,,1,240,60,4,20,0.25,,525,,395,2,7,7,200,0,4,500,1,22,14,,14,395,0,1,0,0,0,0,0,0,1,0,0,0,1,0,0,0,1,0.9,0,0,0,0,0,1,0,1,0,0,0,0,0,0,0,0,0,0,0,1,0,0,0,0,0,0,0,0,0,0,1,0,resistance,U,unknown
GENE052,4,0.0820380711146,0.0190366057124,1092.75,0,0,0,0.5,0.25,0.25,0.0706137337273,0.18831909902,0.212526498368,0.0631666226553,0.435373742518,0.5,0.0820380711146,0.0190366057124,neutral,0,1,0.416666666667,0.877309680128,0.815691843001,0.938927517254,0.0607418997986,218459.5,median_ratio,SYN-SCREEN-04,SYN-SCREEN-04-DRUG-vs-CTRL,SYN-STUDY-04,SYN-SOURCE-FAMILY-04,SYN-FAMILY-04,2,2,0,1,0,1,1,1,0,1,2,2,,1,240,60,4,20,0.25,,525,,395,2,7,7,200,0,4,500,1,22,14,,14,395,0,1,0,0,0,0,0,0,1,0,0,0,1,0,0,0,1,0.9,0,0,0,0,0,1,0,1,0,0,0,0,0,0,0,0,0,0,0,1,0,0,0,0,0,0,0,0,0,0,1,0,sensitization,U,not_tested
GENE053,4,0.00321707325934,0.0352962699837,876.625,0,0,0,0.25,0,0.75,0.0502037288436,0.129220886364,0.11762789034,0.0541992886019,0.562095221368,0.25,0.00321707325934,0.0352962699837,neutral,0,1,0.0333333333333,0.877309680128,0.815691843001,0.938927517254,0.0977697697507,218459.5,median_ratio,SYN-SCREEN-04,SYN-SCREEN-04-DRUG-vs-CTRL,SYN-STUDY-04,SYN-SOURCE-FAMILY-04,SYN-FAMILY-04,2,2,0,1,0,1,1,1,0,1,2,2,,1,240,60,4,20,0.25,,525,,395,2,7,7,200,0,4,500,1,22,14,,14,395,0,1,0,0,0,0,0,0,1,0,0,0,1,0,0,0,1,0.9,0,0,0,0,0,1,0,1,0,0,0,0,0,0,0,0,0,0,0,1,0,0,0,0,0,0,0,0,0,0,1,0,sensitization,U,unknown
GENE054,4,-0.0189941832754,-0.025145847307,813.125,0,0,0,0,0,1,0.017854055912,0.0400449221844,0.0491515672505,0.0185204754627,0.620700334069,0,0.0189941832754,0.025145847307,neutral,0,1,0.133333333333,0.877309680128,0.815691843001,0.938927517254,0.0211055560434,218459.5,median_ratio,SYN-SCREEN-04,SYN-SCREEN-04-DRUG-vs-CTRL,SYN-STUDY-04,SYN-SOURCE-FAMILY-04,SYN-FAMILY-04,2,2,0,1,0,1,1,1,0,1,2,2,,1,240,60,4,20,0.25,,525,,395,2,7,7,200,0,4,500,1,22,14,,14,395,0,1,0,0,0,0,0,0,1,0,0,0,1,0,0,0,1,0.9,0,0,0,0,0,1,0,1,0,0,0,0,0,0,0,0,0,0,0,1,0,0,0,0,0,0,0,0,0,0,1,0,resistance,U,unknown
GENE055,4,0.151676328407,0.104719946306,997.5,0,0,0,0.75,0.25,0,0.0845013418716,0.150550651627,0.243822520292,0.0220466138416,0.381273024546,0.75,0.151676328407,0.104719946306,resistance,0,0,0.566666666667,0.877309680128,0.815691843001,0.938927517254,0.0129558059203,218459.5,median_ratio,SYN-SCREEN-04,SYN-SCREEN-04-DRUG-vs-CTRL,SYN-STUDY-04,SYN-SOURCE-FAMILY-04,SYN-FAMILY-04,2,2,0,1,0,1,1,1,0,1,2,2,,1,240,60,4,20,0.25,,525,,395,2,7,7,200,0,4,500,1,22,14,,14,395,0,1,0,0,0,0,0,0,1,0,0,0,1,0,0,0,1,0.9,0,0,0,0,0,1,0,1,0,0,0,0,0,0,0,0,0,0,0,1,0,0,0,0,0,0,0,0,0,0,1,0,resistance,U,unknown
GENE056,4,0.404279258888,0.314244098664,785.875,0,0,0,0.75,0,0.25,0.0270211333794,0.120384548399,0.431300392268,0.00384313760429,0.358226543833,0.75,0.404279258888,0.314244098664,resistance,0,0,0.716666666667,0.877309680128,0.815691843001,0.938927517254,0.0200520231576,218459.5,median_ratio,SYN-SCREEN-04,SYN-SCREEN-04-DRUG-vs-CTRL,SYN-STUDY-04,SYN-SOURCE-FAMILY-04,SYN-FAMILY-04,2,2,0,1,0,1,1,1,0,1,2,2,,1,240,60,4,20,0.25,,525,,395,2,7,7,200,0,4,500,1,22,14,,14,395,0,1,0,0,0,0,0,0,1,0,0,0,1,0,0,0,1,0.9,0,0,0,0,0,1,0,1,0,0,0,0,0,0,0,0,0,0,0,1,0,0,0,0,0,0,0,0,0,0,1,0,resistance,U,not_tested
GENE057,4,-0.232501126914,-0.236093992774,866.5,0,0,0,0,1,0,0.0745857996886,0.1035214456,0.314272658323,0.0292633217699,0.39253583427,1,0.232501126914,0.236093992774,sensitization,1,0,0.666666666667,0.877309680128,0.815691843001,0.938927517254,0.0471856189124,218459.5,median_ratio,SYN-SCREEN-04,SYN-SCREEN-04-DRUG-vs-CTRL,SYN-STUDY-04,SYN-SOURCE-FAMILY-04,SYN-FAMILY-04,2,2,0,1,0,1,1,1,0,1,2,2,,1,240,60,4,20,0.25,,525,,395,2,7,7,200,0,4,500,1,22,14,,14,395,0,1,0,0,0,0,0,0,1,0,0,0,1,0,0,0,1,0.9,0,0,0,0,0,1,0,1,0,0,0,0,0,0,0,0,0,0,0,1,0,0,0,0,0,0,0,0,0,0,1,0,sensitization,U,unknown
GENE058,4,0.237535545078,0.22497837956,747.25,0,0,0,1,0,0,0.0527340348674,0.0896496355977,0.290269579946,0.0281266982536,0.354084223808,1,0.237535545078,0.22497837956,resistance,0,0,0.683333333333,0.877309680128,0.815691843001,0.938927517254,0.0147604960706,218459.5,median_ratio,SYN-SCREEN-04,SYN-SCREEN-04-DRUG-vs-CTRL,SYN-STUDY-04,SYN-SOURCE-FAMILY-04,SYN-FAMILY-04,2,2,0,1,0,1,1,1,0,1,2,2,,1,240,60,4,20,0.25,,525,,395,2,7,7,200,0,4,500,1,22,14,,14,395,0,1,0,0,0,0,0,0,1,0,0,0,1,0,0,0,1,0.9,0,0,0,0,0,1,0,1,0,0,0,0,0,0,0,0,0,0,0,1,0,0,0,0,0,0,0,0,0,0,1,0,resistance,U,unknown
GENE059,4,-0.0546815920875,-0.0426586365718,871.25,0,0,0,0.25,0.5,0.25,0.0995886755184,0.15750194409,0.177332949013,0.0529895691917,0.4481801638,0.5,0.0546815920875,0.0426586365718,neutral,0,1,0.233333333333,0.877309680128,0.815691843001,0.938927517254,0.0293426826896,218459.5,median_ratio,SYN-SCREEN-04,SYN-SCREEN-04-DRUG-vs-CTRL,SYN-STUDY-04,SYN-SOURCE-FAMILY-04,SYN-FAMILY-04,2,2,0,1,0,1,1,1,0,1,2,2,,1,240,60,4,20,0.25,,525,,395,2,7,7,200,0,4,500,1,22,14,,14,395,0,1,0,0,0,0,0,0,1,0,0,0,1,0,0,0,1,0.9,0,0,0,0,0,1,0,1,0,0,0,0,0,0,0,0,0,0,0,1,0,0,0,0,0,0,0,0,0,0,1,0,sensitization,U,unknown
GENE000,4,1.47147799185,1.46809663386,813.5,0,0,0,1,0,0,0.087493151292,0.109880221545,1.55897114314,0.021945906184,0.277137509996,1,1.47147799185,1.46809663386,resistance,0,0,0.833333333333,0.870429940171,0.820850288097,0.920009592246,0.0209520323785,216891.5,median_ratio,SYN-SCREEN-05,SYN-SCREEN-05-DRUG-vs-CTRL,SYN-STUDY-05,SYN-SOURCE-FAMILY-05,SYN-FAMILY-05,2,2,0,1,1,0,1,1,1,1,2,2,,1,240,60,4,20,0.27,,550,480,410,2,7,7,200,0,4,500,1,22,14,0,14,410,1,0,0,0,0,0,0,0,1,1,0,0,0,0,0,0,1,1,0,0,0,0,0,1,0,0,0,0,0,0,0,0,0,0,0,0,0,0,0,0,0,0,0,0,0,0,0,0,1,0,resistance,V3,tested
GENE001,4,1.62719956077,1.64921179316,917.5,0,0,0,1,0,0,0.0759607504337,0.135277295609,1.74718477598,0.0430753100548,0.277384882586,1,1.62719956077,1.64921179316,resistance,0,0,0.9,0.870429940171,0.820850288097,0.920009592246,0.0747603087432,216891.5,median_ratio,SYN-SCREEN-05,SYN-SCREEN-05-DRUG-vs-CTRL,SYN-STUDY-05,SYN-SOURCE-FAMILY-05,SYN-FAMILY-05,2,2,0,1,1,0,1,1,1,1,2,2,,1,240,60,4,20,0.27,,550,480,410,2,7,7,200,0,4,500,1,22,14,0,14,410,1,0,0,0,0,0,0,0,1,1,0,0,0,0,0,0,1,1,0,0,0,0,0,1,0,0,0,0,0,0,0,0,0,0,0,0,0,0,0,0,0,0,0,0,0,0,0,0,1,0,resistance,V2,tested
GENE002,4,1.69073052813,1.68293332192,897.75,0,0,0,1,0,0,0.10409236234,0.123796729707,1.79482289047,0.0137492053921,0.280315337971,1,1.69073052813,1.68293332192,resistance,0,0,0.983333333333,0.870429940171,0.820850288097,0.920009592246,0.114465585887,216891.5,median_ratio,SYN-SCREEN-05,SYN-SCREEN-05-DRUG-vs-CTRL,SYN-STUDY-05,SYN-SOURCE-FAMILY-05,SYN-FAMILY-05,2,2,0,1,1,0,1,1,1,1,2,2,,1,240,60,4,20,0.27,,550,480,410,2,7,7,200,0,4,500,1,22,14,0,14,410,1,0,0,0,0,0,0,0,1,1,0,0,0,0,0,0,1,1,0,0,0,0,0,1,0,0,0,0,0,0,0,0,0,0,0,0,0,0,0,0,0,0,0,0,0,0,0,0,1,0,resistance,V2,tested
GENE003,4,1.54183261573,1.52735459353,823.25,0,0,0,1,0,0,0.0485339178584,0.0751170277763,1.59036653359,0.0139777513034,0.266276634552,1,1.54183261573,1.52735459353,resistance,0,0,0.85,0.870429940171,0.820850288097,0.920009592246,0.0177456794138,216891.5,median_ratio,SYN-SCREEN-05,SYN-SCREEN-05-DRUG-vs-CTRL,SYN-STUDY-05,SYN-SOURCE-FAMILY-05,SYN-FAMILY-05,2,2,0,1,1,0,1,1,1,1,2,2,,1,240,60,4,20,0.27,,550,480,410,2,7,7,200,0,4,500,1,22,14,0,14,410,1,0,0,0,0,0,0,0,1,1,0,0,0,0,0,0,1,1,0,0,0,0,0,1,0,0,0,0,0,0,0,0,0,0,0,0,0,0,0,0,0,0,0,0,0,0,0,0,1,0,resistance,V2,tested
GENE004,4,1.62258527971,1.54322417573,831.75,0,0,0,1,0,0,0.0599902508616,0.149792036737,1.68257553057,0.012055861004,0.280601666106,1,1.62258527971,1.54322417573,resistance,0,0,0.883333333333,0.870429940171,0.820850288097,0.920009592246,0.0773858061546,216891.5,median_ratio,SYN-SCREEN-05,SYN-SCREEN-05-DRUG-vs-CTRL,SYN-STUDY-05,SYN-SOURCE-FAMILY-05,SYN-FAMILY-05,2,2,0,1,1,0,1,1,1,1,2,2,,1,240,60,4,20,0.27,,550,480,410,2,7,7,200,0,4,500,1,22,14,0,14,410,1,0,0,0,0,0,0,0,1,1,0,0,0,0,0,0,1,1,0,0,0,0,0,1,0,0,0,0,0,0,0,0,0,0,0,0,0,0,0,0,0,0,0,0,0,0,0,0,1,0,resistance,F0,tested
GENE005,4,1.46760963735,1.50321941062,614.875,0,0,0,1,0,0,0.0867551657181,0.191312042197,1.62558434961,0.0796132571954,0.285156635576,1,1.46760963735,1.50321941062,resistance,0,0,0.816666666667,0.870429940171,0.820850288097,0.920009592246,0.0088369184196,216891.5,median_ratio,SYN-SCREEN-05,SYN-SCREEN-05-DRUG-vs-CTRL,SYN-STUDY-05,SYN-SOURCE-FAMILY-05,SYN-FAMILY-05,2,2,0,1,1,0,1,1,1,1,2,2,,1,240,60,4,20,0.27,,550,480,410,2,7,7,200,0,4,500,1,22,14,0,14,410,1,0,0,0,0,0,0,0,1,1,0,0,0,0,0,0,1,1,0,0,0,0,0,1,0,0,0,0,0,0,0,0,0,0,0,0,0,0,0,0,0,0,0,0,0,0,0,0,1,0,resistance,U,unknown
GENE006,4,-1.68813676171,-1.68906440569,977,0,0,0,0,1,0,0.0410172663174,0.0509202752794,1.73100931598,0.0103638587784,0.261225459984,1,1.68813676171,1.68906440569,sensitization,1,0,0.966666666667,0.870429940171,0.820850288097,0.920009592246,0.0552012060715,216891.5,median_ratio,SYN-SCREEN-05,SYN-SCREEN-05-DRUG-vs-CTRL,SYN-STUDY-05,SYN-SOURCE-FAMILY-05,SYN-FAMILY-05,2,2,0,1,1,0,1,1,1,1,2,2,,1,240,60,4,20,0.27,,550,480,410,2,7,7,200,0,4,500,1,22,14,0,14,410,1,0,0,0,0,0,0,0,1,1,0,0,0,0,0,0,1,1,0,0,0,0,0,1,0,0,0,0,0,0,0,0,0,0,0,0,0,0,0,0,0,0,0,0,0,0,0,0,1,0,sensitization,V2,tested
GENE007,4,-1.54661554177,-1.57878697205,1028.5,0,0,0,0,1,0,0.127106611865,0.283775179728,1.7380650142,0.143756911794,0.285823448792,1,1.54661554177,1.57878697205,sensitization,1,0,0.866666666667,0.870429940171,0.820850288097,0.920009592246,0.0486211904002,216891.5,median_ratio,SYN-SCREEN-05,SYN-SCREEN-05-DRUG-vs-CTRL,SYN-STUDY-05,SYN-SOURCE-FAMILY-05,SYN-FAMILY-05,2,2,0,1,1,0,1,1,1,1,2,2,,1,240,60,4,20,0.27,,550,480,410,2,7,7,200,0,4,500,1,22,14,0,14,410,1,0,0,0,0,0,0,0,1,1,0,0,0,0,0,0,1,1,0,0,0,0,0,1,0,0,0,0,0,0,0,0,0,0,0,0,0,0,0,0,0,0,0,0,0,0,0,0,1,0,sensitization,V2,tested
GENE008,4,-1.62827945745,-1.62178897999,835.5,0,0,0,0,1,0,0.0382593859408,0.0514187057373,1.66653884339,0.00770051583437,0.261767931579,1,1.62827945745,1.62178897999,sensitization,1,0,0.916666666667,0.870429940171,0.820850288097,0.920009592246,0.011859378208,216891.5,median_ratio,SYN-SCREEN-05,SYN-SCREEN-05-DRUG-vs-CTRL,SYN-STUDY-05,SYN-SOURCE-FAMILY-05,SYN-FAMILY-05,2,2,0,1,1,0,1,1,1,1,2,2,,1,240,60,4,20,0.27,,550,480,410,2,7,7,200,0,4,500,1,22,14,0,14,410,1,0,0,0,0,0,0,0,1,1,0,0,0,0,0,0,1,1,0,0,0,0,0,1,0,0,0,0,0,0,0,0,0,0,0,0,0,0,0,0,0,0,0,0,0,0,0,0,1,0,sensitization,F0,tested
GENE009,4,-1.64111562515,-1.52203367854,736.25,0,0,0,0,1,0,0.0689760261571,0.255150287543,1.71009165131,0.0774715319948,0.281198666433,1,1.64111562515,1.52203367854,sensitization,1,0,0.933333333333,0.870429940171,0.820850288097,0.920009592246,0.0135414513822,216891.5,median_ratio,SYN-SCREEN-05,SYN-SCREEN-05-DRUG-vs-CTRL,SYN-STUDY-05,SYN-SOURCE-FAMILY-05,SYN-FAMILY-05,2,2,0,1,1,0,1,1,1,1,2,2,,1,240,60,4,20,0.27,,550,480,410,2,7,7,200,0,4,500,1,22,14,0,14,410,1,0,0,0,0,0,0,0,1,1,0,0,0,0,0,0,1,1,0,0,0,0,0,1,0,0,0,0,0,0,0,0,0,0,0,0,0,0,0,0,0,0,0,0,0,0,0,0,1,0,sensitization,D,tested
GENE010,4,-1.65067618811,-1.62726877739,937.125,0,0,0,0,1,0,0.0958968959446,0.189780524932,1.74657308405,0.0813789271819,0.272234339272,1,1.65067618811,1.62726877739,sensitization,1,0,0.95,0.870429940171,0.820850288097,0.920009592246,0.224371887453,216891.5,median_ratio,SYN-SCREEN-05,SYN-SCREEN-05-DRUG-vs-CTRL,SYN-STUDY-05,SYN-SOURCE-FAMILY-05,SYN-FAMILY-05,2,2,0,1,1,0,1,1,1,1,2,2,,1,240,60,4,20,0.27,,550,480,410,2,7,7,200,0,4,500,1,22,14,0,14,410,1,0,0,0,0,0,0,0,1,1,0,0,0,0,0,0,1,1,0,0,0,0,0,1,0,0,0,0,0,0,0,0,0,0,0,0,0,0,0,0,0,0,0,0,0,0,0,0,1,0,sensitization,U,unknown
GENE011,4,-1.74858293368,-1.69088952607,983,0,0,0,0,1,0,0.0701544265733,0.18698209868,1.81873736025,0.0682823670511,0.270531796152,1,1.74858293368,1.69088952607,sensitization,1,0,1,0.870429940171,0.820850288097,0.920009592246,0.0266065216122,216891.5,median_ratio,SYN-SCREEN-05,SYN-SCREEN-05-DRUG-vs-CTRL,SYN-STUDY-05,SYN-SOURCE-FAMILY-05,SYN-FAMILY-05,2,2,0,1,1,0,1,1,1,1,2,2,,1,240,60,4,20,0.27,,550,480,410,2,7,7,200,0,4,500,1,22,14,0,14,410,1,0,0,0,0,0,0,0,1,1,0,0,0,0,0,0,1,1,0,0,0,0,0,1,0,0,0,0,0,0,0,0,0,0,0,0,0,0,0,0,0,0,0,0,0,0,0,0,1,0,sensitization,U,unknown
GENE012,4,1.05255724298,1.0533384257,705.375,0,0,0,1,0,0,0.194617250994,0.328562231963,1.24873685942,0.153764309526,0.311332199987,1,1.05255724298,1.0533384257,resistance,0,0,0.8,0.870429940171,0.820850288097,0.920009592246,0.0923147612368,216891.5,median_ratio,SYN-SCREEN-05,SYN-SCREEN-05-DRUG-vs-CTRL,SYN-STUDY-05,SYN-SOURCE-FAMILY-05,SYN-FAMILY-05,2,2,0,1,1,0,1,1,1,1,2,2,,1,240,60,4,20,0.27,,550,480,410,2,7,7,200,0,4,500,1,22,14,0,14,410,1,0,0,0,0,0,0,0,1,1,0,0,0,0,0,0,1,1,0,0,0,0,0,1,0,0,0,0,0,0,0,0,0,0,0,0,0,0,0,0,0,0,0,0,0,0,0,0,1,0,resistance,F0,tested
GENE013,4,-1.02643097226,-0.984181121507,939.75,0,0,0,0,1,0,0.0688589532634,0.168892393042,1.09528992552,0.0667227413565,0.281037012798,1,1.02643097226,0.984181121507,sensitization,1,0,0.783333333333,0.870429940171,0.820850288097,0.920009592246,0.0157947250506,216891.5,median_ratio,SYN-SCREEN-05,SYN-SCREEN-05-DRUG-vs-CTRL,SYN-STUDY-05,SYN-SOURCE-FAMILY-05,SYN-FAMILY-05,2,2,0,1,1,0,1,1,1,1,2,2,,1,240,60,4,20,0.27,,550,480,410,2,7,7,200,0,4,500,1,22,14,0,14,410,1,0,0,0,0,0,0,0,1,1,0,0,0,0,0,0,1,1,0,0,0,0,0,1,0,0,0,0,0,0,0,0,0,0,0,0,0,0,0,0,0,0,0,0,0,0,0,0,1,0,sensitization,F0,tested
GENE014,4,0.508278495474,0.542856974433,831,0,0,0,1,0,0,0.0488717026347,0.106120588611,0.626307156027,0.0261775311886,0.33234601541,1,0.508278495474,0.542856974433,resistance,0,0,0.733333333333,0.870429940171,0.820850288097,0.920009592246,0.105534865918,216891.5,median_ratio,SYN-SCREEN-05,SYN-SCREEN-05-DRUG-vs-CTRL,SYN-STUDY-05,SYN-SOURCE-FAMILY-05,SYN-FAMILY-05,2,2,0,1,1,0,1,1,1,1,2,2,,1,240,60,4,20,0.27,,550,480,410,2,7,7,200,0,4,500,1,22,14,0,14,410,1,0,0,0,0,0,0,0,1,1,0,0,0,0,0,0,1,1,0,0,0,0,0,1,0,0,0,0,0,0,0,0,0,0,0,0,0,0,0,0,0,0,0,0,0,0,0,0,1,0,resistance,V1,tested
GENE015,4,-0.614202941888,-0.612245931393,739.875,0,0,0,0,1,0,0.0502573004615,0.0902204274329,0.66446024235,0.043885683157,0.276323366002,1,0.614202941888,0.612245931393,sensitization,1,0,0.766666666667,0.870429940171,0.820850288097,0.920009592246,0.155719823006,216891.5,median_ratio,SYN-SCREEN-05,SYN-SCREEN-05-DRUG-vs-CTRL,SYN-STUDY-05,SYN-SOURCE-FAMILY-05,SYN-FAMILY-05,2,2,0,1,1,0,1,1,1,1,2,2,,1,240,60,4,20,0.27,,550,480,410,2,7,7,200,0,4,500,1,22,14,0,14,410,1,0,0,0,0,0,0,0,1,1,0,0,0,0,0,0,1,1,0,0,0,0,0,1,0,0,0,0,0,0,0,0,0,0,0,0,0,0,0,0,0,0,0,0,0,0,0,0,1,0,sensitization,A,tested
GENE016,4,0.552621941393,0.62381804405,802.625,0,0,0,1,0,0,0.106888955423,0.250534073564,0.801903102129,0.0836569171856,0.39223586778,1,0.552621941393,0.62381804405,resistance,0,0,0.75,0.870429940171,0.820850288097,0.920009592246,0.086499333022,216891.5,median_ratio,SYN-SCREEN-05,SYN-SCREEN-05-DRUG-vs-CTRL,SYN-STUDY-05,SYN-SOURCE-FAMILY-05,SYN-FAMILY-05,2,2,0,1,1,0,1,1,1,1,2,2,,1,240,60,4,20,0.27,,550,480,410,2,7,7,200,0,4,500,1,22,14,0,14,410,1,0,0,0,0,0,0,0,1,1,0,0,0,0,0,0,1,1,0,0,0,0,0,1,0,0,0,0,0,0,0,0,0,0,0,0,0,0,0,0,0,0,0,0,0,0,0,0,1,0,resistance,T,tested
GENE017,4,-0.0889413251681,-0.083178524671,678.25,0,0,0,0,0.5,0.5,0.0535475877299,0.106243789808,0.142488912898,0.0541940240741,0.448141811953,0.5,0.0889413251681,0.083178524671,neutral,0,1,0.3,0.870429940171,0.820850288097,0.920009592246,0.0687478426853,216891.5,median_ratio,SYN-SCREEN-05,SYN-SCREEN-05-DRUG-vs-CTRL,SYN-STUDY-05,SYN-SOURCE-FAMILY-05,SYN-FAMILY-05,2,2,0,1,1,0,1,1,1,1,2,2,,1,240,60,4,20,0.27,,550,480,410,2,7,7,200,0,4,500,1,22,14,0,14,410,1,0,0,0,0,0,0,0,1,1,0,0,0,0,0,0,1,1,0,0,0,0,0,1,0,0,0,0,0,0,0,0,0,0,0,0,0,0,0,0,0,0,0,0,0,0,0,0,1,0,resistance,U,unknown
GENE018,4,-0.353791638421,-0.336769957264,749.75,0,0,0,0,1,0,0.0938999040204,0.182523959807,0.447691542442,0.0826793005336,0.348894743797,1,0.353791638421,0.336769957264,sensitization,1,0,0.716666666667,0.870429940171,0.820850288097,0.920009592246,0.0207620831385,216891.5,median_ratio,SYN-SCREEN-05,SYN-SCREEN-05-DRUG-vs-CTRL,SYN-STUDY-05,SYN-SOURCE-FAMILY-05,SYN-FAMILY-05,2,2,0,1,1,0,1,1,1,1,2,2,,1,240,60,4,20,0.27,,550,480,410,2,7,7,200,0,4,500,1,22,14,0,14,410,1,0,0,0,0,0,0,0,1,1,0,0,0,0,0,0,1,1,0,0,0,0,0,1,0,0,0,0,0,0,0,0,0,0,0,0,0,0,0,0,0,0,0,0,0,0,0,0,1,0,sensitization,U,unknown
GENE019,4,-0.174898625424,-0.148133903982,924.75,0,0,0,0.25,0.5,0.25,0.180637065457,0.318982305065,0.355535690882,0.128842084399,0.444021109055,0.5,0.174898625424,0.148133903982,sensitization,1,0,0.45,0.870429940171,0.820850288097,0.920009592246,0.0449929068846,216891.5,median_ratio,SYN-SCREEN-05,SYN-SCREEN-05-DRUG-vs-CTRL,SYN-STUDY-05,SYN-SOURCE-FAMILY-05,SYN-FAMILY-05,2,2,0,1,1,0,1,1,1,1,2,2,,1,240,60,4,20,0.27,,550,480,410,2,7,7,200,0,4,500,1,22,14,0,14,410,1,0,0,0,0,0,0,0,1,1,0,0,0,0,0,0,1,1,0,0,0,0,0,1,0,0,0,0,0,0,0,0,0,0,0,0,0,0,0,0,0,0,0,0,0,0,0,0,1,0,sensitization,U,unknown
GENE020,4,0.0876986157088,0.0912543608868,893.375,0,0,0,0.5,0,0.5,0.0812297582645,0.156060639459,0.176039864329,0.0823014379314,0.519117476241,0.5,0.0876986157088,0.0912543608868,neutral,0,1,0.266666666667,0.870429940171,0.820850288097,0.920009592246,0.00909815676718,216891.5,median_ratio,SYN-SCREEN-05,SYN-SCREEN-05-DRUG-vs-CTRL,SYN-STUDY-05,SYN-SOURCE-FAMILY-05,SYN-FAMILY-05,2,2,0,1,1,0,1,1,1,1,2,2,,1,240,60,4,20,0.27,,550,480,410,2,7,7,200,0,4,500,1,22,14,0,14,410,1,0,0,0,0,0,0,0,1,1,0,0,0,0,0,0,1,1,0,0,0,0,0,1,0,0,0,0,0,0,0,0,0,0,0,0,0,0,0,0,0,0,0,0,0,0,0,0,1,0,resistance,U,not_tested
GENE021,4,-0.308051488755,-0.305884824657,882.25,0,0,0,0,1,0,0.109589465475,0.211237222985,0.41764095423,0.114870872122,0.349599989778,1,0.308051488755,0.305884824657,sensitization,1,0,0.7,0.870429940171,0.820850288097,0.920009592246,0.0343401255323,216891.5,median_ratio,SYN-SCREEN-05,SYN-SCREEN-05-DRUG-vs-CTRL,SYN-STUDY-05,SYN-SOURCE-FAMILY-05,SYN-FAMILY-05,2,2,0,1,1,0,1,1,1,1,2,2,,1,240,60,4,20,0.27,,550,480,410,2,7,7,200,0,4,500,1,22,14,0,14,410,1,0,0,0,0,0,0,0,1,1,0,0,0,0,0,0,1,1,0,0,0,0,0,1,0,0,0,0,0,0,0,0,0,0,0,0,0,0,0,0,0,0,0,0,0,0,0,0,1,0,sensitization,U,unknown
GENE022,4,0.187898059596,0.155416540342,604.375,0,0,0,0.75,0,0.25,0.0667239023266,0.163210344036,0.254621961922,0.0739065184186,0.399220855966,0.75,0.187898059596,0.155416540342,resistance,0,0,0.533333333333,0.870429940171,0.820850288097,0.920009592246,0.0664771084724,216891.5,median_ratio,SYN-SCREEN-05,SYN-SCREEN-05-DRUG-vs-CTRL,SYN-STUDY-05,SYN-SOURCE-FAMILY-05,SYN-FAMILY-05,2,2,0,1,1,0,1,1,1,1,2,2,,1,240,60,4,20,0.27,,550,480,410,2,7,7,200,0,4,500,1,22,14,0,14,410,1,0,0,0,0,0,0,0,1,1,0,0,0,0,0,0,1,1,0,0,0,0,0,1,0,0,0,0,0,0,0,0,0,0,0,0,0,0,0,0,0,0,0,0,0,0,0,0,1,0,resistance,U,unknown
GENE023,4,0.175381027175,0.12093225447,915.25,0,0,0,0.75,0,0.25,0.0355946980195,0.110755695583,0.210975725194,0.0239164171957,0.337347756628,0.75,0.175381027175,0.12093225447,resistance,0,0,0.466666666667,0.870429940171,0.820850288097,0.920009592246,0.0657905737907,216891.5,median_ratio,SYN-SCREEN-05,SYN-SCREEN-05-DRUG-vs-CTRL,SYN-STUDY-05,SYN-SOURCE-FAMILY-05,SYN-FAMILY-05,2,2,0,1,1,0,1,1,1,1,2,2,,1,240,60,4,20,0.27,,550,480,410,2,7,7,200,0,4,500,1,22,14,0,14,410,1,0,0,0,0,0,0,0,1,1,0,0,0,0,0,0,1,1,0,0,0,0,0,1,0,0,0,0,0,0,0,0,0,0,0,0,0,0,0,0,0,0,0,0,0,0,0,0,1,0,resistance,U,unknown
GENE024,4,0.0465915161424,0.0760639317065,799.375,0,0,0,0.5,0,0.5,0.0964222355111,0.198433234711,0.201958582782,0.0837603415776,0.565526540153,0.5,0.0465915161424,0.0760639317065,neutral,0,1,0.2,0.870429940171,0.820850288097,0.920009592246,0.121656970749,216891.5,median_ratio,SYN-SCREEN-05,SYN-SCREEN-05-DRUG-vs-CTRL,SYN-STUDY-05,SYN-SOURCE-FAMILY-05,SYN-FAMILY-05,2,2,0,1,1,0,1,1,1,1,2,2,,1,240,60,4,20,0.27,,550,480,410,2,7,7,200,0,4,500,1,22,14,0,14,410,1,0,0,0,0,0,0,0,1,1,0,0,0,0,0,0,1,1,0,0,0,0,0,1,0,0,0,0,0,0,0,0,0,0,0,0,0,0,0,0,0,0,0,0,0,0,0,0,1,0,resistance,U,not_tested
GENE025,4,0.300300437249,0.336264386991,763.75,0,0,0,1,0,0,0.0844234874317,0.161060778077,0.456651824164,0.0469655286386,0.4255058611,1,0.300300437249,0.336264386991,resistance,0,0,0.683333333333,0.870429940171,0.820850288097,0.920009592246,0.0647148584606,216891.5,median_ratio,SYN-SCREEN-05,SYN-SCREEN-05-DRUG-vs-CTRL,SYN-STUDY-05,SYN-SOURCE-FAMILY-05,SYN-FAMILY-05,2,2,0,1,1,0,1,1,1,1,2,2,,1,240,60,4,20,0.27,,550,480,410,2,7,7,200,0,4,500,1,22,14,0,14,410,1,0,0,0,0,0,0,0,1,1,0,0,0,0,0,0,1,1,0,0,0,0,0,1,0,0,0,0,0,0,0,0,0,0,0,0,0,0,0,0,0,0,0,0,0,0,0,0,1,0,resistance,U,unknown
GENE026,4,-0.174361866595,-0.126465960552,890.875,0,0,0,0,0.75,0.25,0.0140103804525,0.0704078729193,0.188372247048,0.00981678641978,0.334655179039,0.75,0.174361866595,0.126465960552,sensitization,1,0,0.433333333333,0.870429940171,0.820850288097,0.920009592246,0.0530294150845,216891.5,median_ratio,SYN-SCREEN-05,SYN-SCREEN-05-DRUG-vs-CTRL,SYN-STUDY-05,SYN-SOURCE-FAMILY-05,SYN-FAMILY-05,2,2,0,1,1,0,1,1,1,1,2,2,,1,240,60,4,20,0.27,,550,480,410,2,7,7,200,0,4,500,1,22,14,0,14,410,1,0,0,0,0,0,0,0,1,1,0,0,0,0,0,0,1,1,0,0,0,0,0,1,0,0,0,0,0,0,0,0,0,0,0,0,0,0,0,0,0,0,0,0,0,0,0,0,1,0,resistance,U,unknown
GENE027,4,0.190734703376,0.16841862367,808.25,0,0,0,0.5,0,0.5,0.115855505898,0.246610126619,0.306590209275,0.12521404169,0.437775704955,0.5,0.190734703376,0.16841862367,resistance,0,0,0.55,0.870429940171,0.820850288097,0.920009592246,0.107218862853,216891.5,median_ratio,SYN-SCREEN-05,SYN-SCREEN-05-DRUG-vs-CTRL,SYN-STUDY-05,SYN-SOURCE-FAMILY-05,SYN-FAMILY-05,2,2,0,1,1,0,1,1,1,1,2,2,,1,240,60,4,20,0.27,,550,480,410,2,7,7,200,0,4,500,1,22,14,0,14,410,1,0,0,0,0,0,0,0,1,1,0,0,0,0,0,0,1,1,0,0,0,0,0,1,0,0,0,0,0,0,0,0,0,0,0,0,0,0,0,0,0,0,0,0,0,0,0,0,1,0,resistance,U,unknown
GENE028,4,0.0966684740903,0.0583858628731,859.75,0,0,0,0.5,0.25,0.25,0.0299227154006,0.0814440064666,0.126591189491,0.0152867107488,0.325861839091,0.5,0.0966684740903,0.0583858628731,neutral,0,1,0.316666666667,0.870429940171,0.820850288097,0.920009592246,0.00948159259577,216891.5,median_ratio,SYN-SCREEN-05,SYN-SCREEN-05-DRUG-vs-CTRL,SYN-STUDY-05,SYN-SOURCE-FAMILY-05,SYN-FAMILY-05,2,2,0,1,1,0,1,1,1,1,2,2,,1,240,60,4,20,0.27,,550,480,410,2,7,7,200,0,4,500,1,22,14,0,14,410,1,0,0,0,0,0,0,0,1,1,0,0,0,0,0,0,1,1,0,0,0,0,0,1,0,0,0,0,0,0,0,0,0,0,0,0,0,0,0,0,0,0,0,0,0,0,0,0,1,0,resistance,U,not_tested
GENE029,4,-0.101851045185,-0.126558458583,1031.25,0,0,0,0.25,0.5,0.25,0.194813861264,0.405862739058,0.346079733246,0.21516858926,0.460054449771,0.5,0.101851045185,0.126558458583,sensitization,1,0,0.333333333333,0.870429940171,0.820850288097,0.920009592246,0.164914401002,216891.5,median_ratio,SYN-SCREEN-05,SYN-SCREEN-05-DRUG-vs-CTRL,SYN-STUDY-05,SYN-SOURCE-FAMILY-05,SYN-FAMILY-05,2,2,0,1,1,0,1,1,1,1,2,2,,1,240,60,4,20,0.27,,550,480,410,2,7,7,200,0,4,500,1,22,14,0,14,410,1,0,0,0,0,0,0,0,1,1,0,0,0,0,0,0,1,1,0,0,0,0,0,1,0,0,0,0,0,0,0,0,0,0,0,0,0,0,0,0,0,0,0,0,0,0,0,0,1,0,sensitization,U,unknown
GENE030,4,0.122530023871,0.0729383407629,955,0,0,0,0.5,0.25,0.25,0.0856473379791,0.195318581223,0.210398482038,0.0693739004347,0.351044046311,0.5,0.122530023871,0.0729383407629,resistance,0,0,0.366666666667,0.870429940171,0.820850288097,0.920009592246,0.0324704593204,216891.5,median_ratio,SYN-SCREEN-05,SYN-SCREEN-05-DRUG-vs-CTRL,SYN-STUDY-05,SYN-SOURCE-FAMILY-05,SYN-FAMILY-05,2,2,0,1,1,0,1,1,1,1,2,2,,1,240,60,4,20,0.27,,550,480,410,2,7,7,200,0,4,500,1,22,14,0,14,410,1,0,0,0,0,0,0,0,1,1,0,0,0,0,0,0,1,1,0,0,0,0,0,1,0,0,0,0,0,0,0,0,0,0,0,0,0,0,0,0,0,0,0,0,0,0,0,0,1,0,resistance,U,unknown
GENE031,4,-0.224505657429,-0.220447766842,847.125,0,0,0,0,0.75,0.25,0.0976474900186,0.155560905298,0.322153147448,0.0621870033562,0.415002063774,0.75,0.224505657429,0.220447766842,sensitization,1,0,0.633333333333,0.870429940171,0.820850288097,0.920009592246,0.0982026035016,216891.5,median_ratio,SYN-SCREEN-05,SYN-SCREEN-05-DRUG-vs-CTRL,SYN-STUDY-05,SYN-SOURCE-FAMILY-05,SYN-FAMILY-05,2,2,0,1,1,0,1,1,1,1,2,2,,1,240,60,4,20,0.27,,550,480,410,2,7,7,200,0,4,500,1,22,14,0,14,410,1,0,0,0,0,0,0,0,1,1,0,0,0,0,0,0,1,1,0,0,0,0,0,1,0,0,0,0,0,0,0,0,0,0,0,0,0,0,0,0,0,0,0,0,0,0,0,0,1,0,sensitization,U,unknown
GENE032,4,0.250422838248,0.239447912273,853,0,0,0,0.75,0,0.25,0.0823948399616,0.102015788344,0.332817678209,0.00998356672868,0.424483233017,0.75,0.250422838248,0.239447912273,resistance,0,0,0.65,0.870429940171,0.820850288097,0.920009592246,0.137821734515,216891.5,median_ratio,SYN-SCREEN-05,SYN-SCREEN-05-DRUG-vs-CTRL,SYN-STUDY-05,SYN-SOURCE-FAMILY-05,SYN-FAMILY-05,2,2,0,1,1,0,1,1,1,1,2,2,,1,240,60,4,20,0.27,,550,480,410,2,7,7,200,0,4,500,1,22,14,0,14,410,1,0,0,0,0,0,0,0,1,1,0,0,0,0,0,0,1,1,0,0,0,0,0,1,0,0,0,0,0,0,0,0,0,0,0,0,0,0,0,0,0,0,0,0,0,0,0,0,1,0,resistance,U,not_tested
GENE033,4,-0.197660320289,-0.196294584304,679.625,0,0,0,0,0.75,0.25,0.107273364944,0.118282869124,0.304933685233,0.0111356643271,0.496630264835,0.75,0.197660320289,0.196294584304,sensitization,1,0,0.6,0.870429940171,0.820850288097,0.920009592246,0.0151451873856,216891.5,median_ratio,SYN-SCREEN-05,SYN-SCREEN-05-DRUG-vs-CTRL,SYN-STUDY-05,SYN-SOURCE-FAMILY-05,SYN-FAMILY-05,2,2,0,1,1,0,1,1,1,1,2,2,,1,240,60,4,20,0.27,,550,480,410,2,7,7,200,0,4,500,1,22,14,0,14,410,1,0,0,0,0,0,0,0,1,1,0,0,0,0,0,0,1,1,0,0,0,0,0,1,0,0,0,0,0,0,0,0,0,0,0,0,0,0,0,0,0,0,0,0,0,0,0,0,1,0,sensitization,U,unknown
GENE034,4,0.1771481754,0.189179360194,662.125,0,0,0,0.5,0,0.5,0.118527015148,0.227670712315,0.319737560136,0.11213587032,0.482629859999,0.5,0.1771481754,0.189179360194,resistance,0,0,0.483333333333,0.870429940171,0.820850288097,0.920009592246,0.177499375843,216891.5,median_ratio,SYN-SCREEN-05,SYN-SCREEN-05-DRUG-vs-CTRL,SYN-STUDY-05,SYN-SOURCE-FAMILY-05,SYN-FAMILY-05,2,2,0,1,1,0,1,1,1,1,2,2,,1,240,60,4,20,0.27,,550,480,410,2,7,7,200,0,4,500,1,22,14,0,14,410,1,0,0,0,0,0,0,0,1,1,0,0,0,0,0,0,1,1,0,0,0,0,0,1,0,0,0,0,0,0,0,0,0,0,0,0,0,0,0,0,0,0,0,0,0,0,0,0,1,0,resistance,U,unknown
GENE035,4,-0.083695973523,-0.109572260974,1087.125,0,0,0,0,0.5,0.5,0.11902440722,0.203432842062,0.254472955645,0.0675871021046,0.582156016536,0.5,0.083695973523,0.109572260974,neutral,0,1,0.25,0.870429940171,0.820850288097,0.920009592246,0.154186521398,216891.5,median_ratio,SYN-SCREEN-05,SYN-SCREEN-05-DRUG-vs-CTRL,SYN-STUDY-05,SYN-SOURCE-FAMILY-05,SYN-FAMILY-05,2,2,0,1,1,0,1,1,1,1,2,2,,1,240,60,4,20,0.27,,550,480,410,2,7,7,200,0,4,500,1,22,14,0,14,410,1,0,0,0,0,0,0,0,1,1,0,0,0,0,0,0,1,1,0,0,0,0,0,1,0,0,0,0,0,0,0,0,0,0,0,0,0,0,0,0,0,0,0,0,0,0,0,0,1,0,sensitization,U,unknown
GENE036,4,0.107442489108,0.0498061647141,929,0,0,0,0.5,0.25,0.25,0.0690543629949,0.194774593857,0.185297468308,0.0786165234547,0.329862089365,0.5,0.107442489108,0.0498061647141,resistance,0,0,0.35,0.870429940171,0.820850288097,0.920009592246,0.080222783053,216891.5,median_ratio,SYN-SCREEN-05,SYN-SCREEN-05-DRUG-vs-CTRL,SYN-STUDY-05,SYN-SOURCE-FAMILY-05,SYN-FAMILY-05,2,2,0,1,1,0,1,1,1,1,2,2,,1,240,60,4,20,0.27,,550,480,410,2,7,7,200,0,4,500,1,22,14,0,14,410,1,0,0,0,0,0,0,0,1,1,0,0,0,0,0,0,1,1,0,0,0,0,0,1,0,0,0,0,0,0,0,0,0,0,0,0,0,0,0,0,0,0,0,0,0,0,0,0,1,0,resistance,U,not_tested
GENE037,4,-0.195882527738,-0.177716923819,983.5,0,0,0,0.25,0.75,0,0.137137741309,0.200422331674,0.333020269048,0.0520989179393,0.460626840075,0.75,0.195882527738,0.177716923819,sensitization,1,0,0.583333333333,0.870429940171,0.820850288097,0.920009592246,0.00939236585603,216891.5,median_ratio,SYN-SCREEN-05,SYN-SCREEN-05-DRUG-vs-CTRL,SYN-STUDY-05,SYN-SOURCE-FAMILY-05,SYN-FAMILY-05,2,2,0,1,1,0,1,1,1,1,2,2,,1,240,60,4,20,0.27,,550,480,410,2,7,7,200,0,4,500,1,22,14,0,14,410,1,0,0,0,0,0,0,0,1,1,0,0,0,0,0,0,1,1,0,0,0,0,0,1,0,0,0,0,0,0,0,0,0,0,0,0,0,0,0,0,0,0,0,0,0,0,0,0,1,0,sensitization,U,unknown
GENE038,4,0.00338514322815,-0.0555230165675,780.5,0,0,0,0,0.25,0.75,0.0181708634303,0.0800840933411,0.151152976337,0.00346995607983,0.85928362998,0.25,0.00338514322815,0.0555230165675,neutral,0,1,0.0666666666667,0.870429940171,0.820850288097,0.920009592246,0.0714954016303,216891.5,median_ratio,SYN-SCREEN-05,SYN-SCREEN-05-DRUG-vs-CTRL,SYN-STUDY-05,SYN-SOURCE-FAMILY-05,SYN-FAMILY-05,2,2,0,1,1,0,1,1,1,1,2,2,,1,240,60,4,20,0.27,,550,480,410,2,7,7,200,0,4,500,1,22,14,0,14,410,1,0,0,0,0,0,0,0,1,1,0,0,0,0,0,0,1,1,0,0,0,0,0,1,0,0,0,0,0,0,0,0,0,0,0,0,0,0,0,0,0,0,0,0,0,0,0,0,1,0,resistance,U,unknown
GENE039,4,-0.152566447949,-0.145737083722,873.375,0,0,0,0,0.75,0.25,0.091435923619,0.11894938687,0.244002371568,0.0238839402794,0.479204946837,0.75,0.152566447949,0.145737083722,sensitization,1,0,0.416666666667,0.870429940171,0.820850288097,0.920009592246,0.00647909958613,216891.5,median_ratio,SYN-SCREEN-05,SYN-SCREEN-05-DRUG-vs-CTRL,SYN-STUDY-05,SYN-SOURCE-FAMILY-05,SYN-FAMILY-05,2,2,0,1,1,0,1,1,1,1,2,2,,1,240,60,4,20,0.27,,550,480,410,2,7,7,200,0,4,500,1,22,14,0,14,410,1,0,0,0,0,0,0,0,1,1,0,0,0,0,0,0,1,1,0,0,0,0,0,1,0,0,0,0,0,0,0,0,0,0,0,0,0,0,0,0,0,0,0,0,0,0,0,0,1,0,sensitization,U,unknown
GENE040,4,-0.0793652814651,-0.0587145242786,1033.5,0,0,0,0,0.5,0.5,0.0586389421191,0.134029656644,0.138004223584,0.0632082582098,0.387280432088,0.5,0.0793652814651,0.0587145242786,neutral,0,1,0.233333333333,0.870429940171,0.820850288097,0.920009592246,0.0172755279922,216891.5,median_ratio,SYN-SCREEN-05,SYN-SCREEN-05-DRUG-vs-CTRL,SYN-STUDY-05,SYN-SOURCE-FAMILY-05,SYN-FAMILY-05,2,2,0,1,1,0,1,1,1,1,2,2,,1,240,60,4,20,0.27,,550,480,410,2,7,7,200,0,4,500,1,22,14,0,14,410,1,0,0,0,0,0,0,0,1,1,0,0,0,0,0,0,1,1,0,0,0,0,0,1,0,0,0,0,0,0,0,0,0,0,0,0,0,0,0,0,0,0,0,0,0,0,0,0,1,0,resistance,U,not_tested
GENE041,4,0.0052261031408,-0.0233689397425,1054.875,0,0,0,0.25,0.25,0.5,0.0783111608231,0.126883292083,0.193835319037,0.0230675547031,0.574801305118,0.25,0.0052261031408,0.0233689397425,neutral,0,1,0.0833333333333,0.870429940171,0.820850288097,0.920009592246,0.0727062219888,216891.5,median_ratio,SYN-SCREEN-05,SYN-SCREEN-05-DRUG-vs-CTRL,SYN-STUDY-05,SYN-SOURCE-FAMILY-05,SYN-FAMILY-05,2,2,0,1,1,0,1,1,1,1,2,2,,1,240,60,4,20,0.27,,550,480,410,2,7,7,200,0,4,500,1,22,14,0,14,410,1,0,0,0,0,0,0,0,1,1,0,0,0,0,0,0,1,1,0,0,0,0,0,1,0,0,0,0,0,0,0,0,0,0,0,0,0,0,0,0,0,0,0,0,0,0,0,0,1,0,sensitization,U,unknown
GENE042,4,0.128858630022,0.12643175908,794.875,0,0,0,0.5,0,0.5,0.0887895755289,0.157555049548,0.21764820555,0.076601220689,0.474760415714,0.5,0.128858630022,0.12643175908,resistance,0,0,0.383333333333,0.870429940171,0.820850288097,0.920009592246,0.0287900147568,216891.5,median_ratio,SYN-SCREEN-05,SYN-SCREEN-05-DRUG-vs-CTRL,SYN-STUDY-05,SYN-SOURCE-FAMILY-05,SYN-FAMILY-05,2,2,0,1,1,0,1,1,1,1,2,2,,1,240,60,4,20,0.27,,550,480,410,2,7,7,200,0,4,500,1,22,14,0,14,410,1,0,0,0,0,0,0,0,1,1,0,0,0,0,0,0,1,1,0,0,0,0,0,1,0,0,0,0,0,0,0,0,0,0,0,0,0,0,0,0,0,0,0,0,0,0,0,0,1,0,resistance,U,unknown
GENE043,4,-0.184157243346,-0.116914510567,791.75,0,0,0,0.25,0.75,0,0.0504544320022,0.166841567226,0.234611675348,0.0567470679611,0.318462659092,0.75,0.184157243346,0.116914510567,sensitization,1,0,0.516666666667,0.870429940171,0.820850288097,0.920009592246,0.0238524969547,216891.5,median_ratio,SYN-SCREEN-05,SYN-SCREEN-05-DRUG-vs-CTRL,SYN-STUDY-05,SYN-SOURCE-FAMILY-05,SYN-FAMILY-05,2,2,0,1,1,0,1,1,1,1,2,2,,1,240,60,4,20,0.27,,550,480,410,2,7,7,200,0,4,500,1,22,14,0,14,410,1,0,0,0,0,0,0,0,1,1,0,0,0,0,0,0,1,1,0,0,0,0,0,1,0,0,0,0,0,0,0,0,0,0,0,0,0,0,0,0,0,0,0,0,0,0,0,0,1,0,sensitization,U,unknown
GENE044,4,-0.0880170732645,-0.0953521338699,878.625,0,0,0,0,0.5,0.5,0.0567711928167,0.0802300833434,0.159458387292,0.0186181950907,0.536655921175,0.5,0.0880170732645,0.0953521338699,neutral,0,1,0.283333333333,0.870429940171,0.820850288097,0.920009592246,0.0586507467131,216891.5,median_ratio,SYN-SCREEN-05,SYN-SCREEN-05-DRUG-vs-CTRL,SYN-STUDY-05,SYN-SOURCE-FAMILY-05,SYN-FAMILY-05,2,2,0,1,1,0,1,1,1,1,2,2,,1,240,60,4,20,0.27,,550,480,410,2,7,7,200,0,4,500,1,22,14,0,14,410,1,0,0,0,0,0,0,0,1,1,0,0,0,0,0,0,1,1,0,0,0,0,0,1,0,0,0,0,0,0,0,0,0,0,0,0,0,0,0,0,0,0,0,0,0,0,0,0,1,0,resistance,U,not_tested
GENE045,4,0.190783271068,0.19701429656,747.625,0,0,0,0.5,0,0.5,0.128959437569,0.25112772215,0.332204759621,0.133872815488,0.453887097701,0.5,0.190783271068,0.19701429656,resistance,0,0,0.566666666667,0.870429940171,0.820850288097,0.920009592246,0.0500722284264,216891.5,median_ratio,SYN-SCREEN-05,SYN-SCREEN-05-DRUG-vs-CTRL,SYN-STUDY-05,SYN-SOURCE-FAMILY-05,SYN-FAMILY-05,2,2,0,1,1,0,1,1,1,1,2,2,,1,240,60,4,20,0.27,,550,480,410,2,7,7,200,0,4,500,1,22,14,0,14,410,1,0,0,0,0,0,0,0,1,1,0,0,0,0,0,0,1,1,0,0,0,0,0,1,0,0,0,0,0,0,0,0,0,0,0,0,0,0,0,0,0,0,0,0,0,0,0,0,1,0,resistance,U,unknown
GENE046,4,-0.212826615307,-0.203051588652,965.125,0,0,0,0,0.75,0.25,0.0851157801181,0.160481014849,0.297942395425,0.0757370485773,0.390871070716,0.75,0.212826615307,0.203051588652,sensitization,1,0,0.616666666667,0.870429940171,0.820850288097,0.920009592246,0.00281066315209,216891.5,median_ratio,SYN-SCREEN-05,SYN-SCREEN-05-DRUG-vs-CTRL,SYN-STUDY-05,SYN-SOURCE-FAMILY-05,SYN-FAMILY-05,2,2,0,1,1,0,1,1,1,1,2,2,,1,240,60,4,20,0.27,,550,480,410,2,7,7,200,0,4,500,1,22,14,0,14,410,1,0,0,0,0,0,0,0,1,1,0,0,0,0,0,0,1,1,0,0,0,0,0,1,0,0,0,0,0,0,0,0,0,0,0,0,0,0,0,0,0,0,0,0,0,0,0,0,1,0,sensitization,U,unknown
GENE047,4,0.00307818169555,-0.0286588468084,789.125,0,0,0,0,0.25,0.75,0.0457238180723,0.0840814455791,0.14830109415,0.00764480923307,0.673556314856,0.25,0.00307818169555,0.0286588468084,neutral,0,1,0.05,0.870429940171,0.820850288097,0.920009592246,0.00150558053523,216891.5,median_ratio,SYN-SCREEN-05,SYN-SCREEN-05-DRUG-vs-CTRL,SYN-STUDY-05,SYN-SOURCE-FAMILY-05,SYN-FAMILY-05,2,2,0,1,1,0,1,1,1,1,2,2,,1,240,60,4,20,0.27,,550,480,410,2,7,7,200,0,4,500,1,22,14,0,14,410,1,0,0,0,0,0,0,0,1,1,0,0,0,0,0,0,1,1,0,0,0,0,0,1,0,0,0,0,0,0,0,0,0,0,0,0,0,0,0,0,0,0,0,0,0,0,0,0,1,0,sensitization,U,unknown
GENE048,4,0.017389862441,0.030490466024,765.75,0,0,0,0.5,0.25,0.25,0.155732171258,0.265257535606,0.241240788918,0.111341723168,0.421766239986,0.5,0.017389862441,0.030490466024,neutral,0,1,0.133333333333,0.870429940171,0.820850288097,0.920009592246,0.0500164828888,216891.5,median_ratio,SYN-SCREEN-05,SYN-SCREEN-05-DRUG-vs-CTRL,SYN-STUDY-05,SYN-SOURCE-FAMILY-05,SYN-FAMILY-05,2,2,0,1,1,0,1,1,1,1,2,2,,1,240,60,4,20,0.27,,550,480,410,2,7,7,200,0,4,500,1,22,14,0,14,410,1,0,0,0,0,0,0,0,1,1,0,0,0,0,0,0,1,1,0,0,0,0,0,1,0,0,0,0,0,0,0,0,0,0,0,0,0,0,0,0,0,0,0,0,0,0,0,0,1,0,sensitization,U,not_tested
GENE049,4,-0.0564021633188,-0.0583446463861,806,0,0,0,0,0.5,0.5,0.0830289791924,0.162856566312,0.143316108646,0.0899339715805,0.448223867959,0.5,0.0564021633188,0.0583446463861,neutral,0,1,0.216666666667,0.870429940171,0.820850288097,0.920009592246,0.119692860151,216891.5,median_ratio,SYN-SCREEN-05,SYN-SCREEN-05-DRUG-vs-CTRL,SYN-STUDY-05,SYN-SOURCE-FAMILY-05,SYN-FAMILY-05,2,2,0,1,1,0,1,1,1,1,2,2,,1,240,60,4,20,0.27,,550,480,410,2,7,7,200,0,4,500,1,22,14,0,14,410,1,0,0,0,0,0,0,0,1,1,0,0,0,0,0,0,1,1,0,0,0,0,0,1,0,0,0,0,0,0,0,0,0,0,0,0,0,0,0,0,0,0,0,0,0,0,0,0,1,0,sensitization,U,unknown
GENE050,4,-0.0174149273699,-0.0802496786419,960.875,0,0,0,0,0.25,0.75,0.0621090921785,0.161980602532,0.21285092782,0.0427663656506,0.712190668832,0.25,0.0174149273699,0.0802496786419,neutral,0,1,0.15,0.870429940171,0.820850288097,0.920009592246,0.0299974501238,216891.5,median_ratio,SYN-SCREEN-05,SYN-SCREEN-05-DRUG-vs-CTRL,SYN-STUDY-05,SYN-SOURCE-FAMILY-05,SYN-FAMILY-05,2,2,0,1,1,0,1,1,1,1,2,2,,1,240,60,4,20,0.27,,550,480,410,2,7,7,200,0,4,500,1,22,14,0,14,410,1,0,0,0,0,0,0,0,1,1,0,0,0,0,0,0,1,1,0,0,0,0,0,1,0,0,0,0,0,0,0,0,0,0,0,0,0,0,0,0,0,0,0,0,0,0,0,0,1,0,sensitization,U,unknown
GENE051,4,0.264855877209,0.271537538496,704.75,0,0,0,1,0,0,0.0391648302205,0.076743330789,0.317384030003,0.0356765969529,0.312125669063,1,0.264855877209,0.271537538496,resistance,0,0,0.666666666667,0.870429940171,0.820850288097,0.920009592246,0.0215191255922,216891.5,median_ratio,SYN-SCREEN-05,SYN-SCREEN-05-DRUG-vs-CTRL,SYN-STUDY-05,SYN-SOURCE-FAMILY-05,SYN-FAMILY-05,2,2,0,1,1,0,1,1,1,1,2,2,,1,240,60,4,20,0.27,,550,480,410,2,7,7,200,0,4,500,1,22,14,0,14,410,1,0,0,0,0,0,0,0,1,1,0,0,0,0,0,0,1,1,0,0,0,0,0,1,0,0,0,0,0,0,0,0,0,0,0,0,0,0,0,0,0,0,0,0,0,0,0,0,1,0,resistance,U,unknown
GENE052,4,0.179730831785,0.141465953259,739.625,0,0,0,0.5,0.25,0.25,0.126811907764,0.289455734808,0.306542739549,0.143620438817,0.400741019496,0.5,0.179730831785,0.141465953259,resistance,0,0,0.5,0.870429940171,0.820850288097,0.920009592246,0.0320501758945,216891.5,median_ratio,SYN-SCREEN-05,SYN-SCREEN-05-DRUG-vs-CTRL,SYN-STUDY-05,SYN-SOURCE-FAMILY-05,SYN-FAMILY-05,2,2,0,1,1,0,1,1,1,1,2,2,,1,240,60,4,20,0.27,,550,480,410,2,7,7,200,0,4,500,1,22,14,0,14,410,1,0,0,0,0,0,0,0,1,1,0,0,0,0,0,0,1,1,0,0,0,0,0,1,0,0,0,0,0,0,0,0,0,0,0,0,0,0,0,0,0,0,0,0,0,0,0,0,1,0,sensitization,U,not_tested
GENE053,4,0.022089174178,0.00901892384468,908.25,0,0,0,0.5,0.25,0.25,0.100143855642,0.195977726552,0.143664591374,0.0955671972385,0.326187087267,0.5,0.022089174178,0.00901892384468,neutral,0,1,0.166666666667,0.870429940171,0.820850288097,0.920009592246,0.02305985925,216891.5,median_ratio,SYN-SCREEN-05,SYN-SCREEN-05-DRUG-vs-CTRL,SYN-STUDY-05,SYN-SOURCE-FAMILY-05,SYN-FAMILY-05,2,2,0,1,1,0,1,1,1,1,2,2,,1,240,60,4,20,0.27,,550,480,410,2,7,7,200,0,4,500,1,22,14,0,14,410,1,0,0,0,0,0,0,0,1,1,0,0,0,0,0,0,1,1,0,0,0,0,0,1,0,0,0,0,0,0,0,0,0,0,0,0,0,0,0,0,0,0,0,0,0,0,0,0,1,0,sensitization,U,unknown
GENE054,4,0.00597533946089,0.0415547165729,872.375,0,0,0,0.25,0,0.75,0.0457015841259,0.122868395365,0.122835677811,0.0480210325759,0.609332674641,0.25,0.00597533946089,0.0415547165729,neutral,0,1,0.1,0.870429940171,0.820850288097,0.920009592246,0.0763099529238,216891.5,median_ratio,SYN-SCREEN-05,SYN-SCREEN-05-DRUG-vs-CTRL,SYN-STUDY-05,SYN-SOURCE-FAMILY-05,SYN-FAMILY-05,2,2,0,1,1,0,1,1,1,1,2,2,,1,240,60,4,20,0.27,,550,480,410,2,7,7,200,0,4,500,1,22,14,0,14,410,1,0,0,0,0,0,0,0,1,1,0,0,0,0,0,0,1,1,0,0,0,0,0,1,0,0,0,0,0,0,0,0,0,0,0,0,0,0,0,0,0,0,0,0,0,0,0,0,1,0,resistance,U,unknown
GENE055,4,-0.000182706844657,0.0698946839454,723.125,0,0,0,0.25,0.25,0.5,0.104827388483,0.26102583325,0.263688504571,0.0994440273921,0.576971911492,0.25,0.000182706844657,0.0698946839454,neutral,0,1,0.0166666666667,0.870429940171,0.820850288097,0.920009592246,0.0272210880065,216891.5,median_ratio,SYN-SCREEN-05,SYN-SCREEN-05-DRUG-vs-CTRL,SYN-STUDY-05,SYN-SOURCE-FAMILY-05,SYN-FAMILY-05,2,2,0,1,1,0,1,1,1,1,2,2,,1,240,60,4,20,0.27,,550,480,410,2,7,7,200,0,4,500,1,22,14,0,14,410,1,0,0,0,0,0,0,0,1,1,0,0,0,0,0,0,1,1,0,0,0,0,0,1,0,0,0,0,0,0,0,0,0,0,0,0,0,0,0,0,0,0,0,0,0,0,0,0,1,0,resistance,U,unknown
GENE056,4,-0.010084929679,-0.00282129940822,630.75,0,0,0,0.25,0,0.75,0.0519179430834,0.0757144823614,0.101830237701,0.0190905589315,0.448925917903,0.25,0.010084929679,0.00282129940822,neutral,0,1,0.116666666667,0.870429940171,0.820850288097,0.920009592246,0.150654579595,216891.5,median_ratio,SYN-SCREEN-05,SYN-SCREEN-05-DRUG-vs-CTRL,SYN-STUDY-05,SYN-SOURCE-FAMILY-05,SYN-FAMILY-05,2,2,0,1,1,0,1,1,1,1,2,2,,1,240,60,4,20,0.27,,550,480,410,2,7,7,200,0,4,500,1,22,14,0,14,410,1,0,0,0,0,0,0,0,1,1,0,0,0,0,0,0,1,1,0,0,0,0,0,1,0,0,0,0,0,0,0,0,0,0,0,0,0,0,0,0,0,0,0,0,0,0,0,0,1,0,sensitization,U,not_tested
GENE057,4,0.037429955832,0.0510378856421,847.625,0,0,0,0.25,0,0.75,0.04281188868,0.0620449327301,0.107457704132,0.00649532244133,0.594078460128,0.25,0.037429955832,0.0510378856421,neutral,0,1,0.183333333333,0.870429940171,0.820850288097,0.920009592246,0.109744621876,216891.5,median_ratio,SYN-SCREEN-05,SYN-SCREEN-05-DRUG-vs-CTRL,SYN-STUDY-05,SYN-SOURCE-FAMILY-05,SYN-FAMILY-05,2,2,0,1,1,0,1,1,1,1,2,2,,1,240,60,4,20,0.27,,550,480,410,2,7,7,200,0,4,500,1,22,14,0,14,410,1,0,0,0,0,0,0,0,1,1,0,0,0,0,0,0,1,1,0,0,0,0,0,1,0,0,0,0,0,0,0,0,0,0,0,0,0,0,0,0,0,0,0,0,0,0,0,0,1,0,sensitization,U,unknown
GENE058,4,-0.134929415214,-0.160011456621,963.375,0,0,0,0,0.5,0.5,0.172744429359,0.321359316319,0.357837927386,0.142643443269,0.561619141449,0.5,0.134929415214,0.160011456621,sensitization,1,0,0.4,0.870429940171,0.820850288097,0.920009592246,0.0889545360362,216891.5,median_ratio,SYN-SCREEN-05,SYN-SCREEN-05-DRUG-vs-CTRL,SYN-STUDY-05,SYN-SOURCE-FAMILY-05,SYN-FAMILY-05,2,2,0,1,1,0,1,1,1,1,2,2,,1,240,60,4,20,0.27,,550,480,410,2,7,7,200,0,4,500,1,22,14,0,14,410,1,0,0,0,0,0,0,0,1,1,0,0,0,0,0,0,1,1,0,0,0,0,0,1,0,0,0,0,0,0,0,0,0,0,0,0,0,0,0,0,0,0,0,0,0,0,0,0,1,0,resistance,U,unknown
GENE059,4,-0.000251817049303,0.0464691572686,1010.375,0,0,0,0.25,0.25,0.5,0.0919222854012,0.181213006125,0.234716773032,0.049155309094,0.591278121422,0.25,0.000251817049303,0.0464691572686,neutral,0,1,0.0333333333333,0.870429940171,0.820850288097,0.920009592246,0.18866949202,216891.5,median_ratio,SYN-SCREEN-05,SYN-SCREEN-05-DRUG-vs-CTRL,SYN-STUDY-05,SYN-SOURCE-FAMILY-05,SYN-FAMILY-05,2,2,0,1,1,0,1,1,1,1,2,2,,1,240,60,4,20,0.27,,550,480,410,2,7,7,200,0,4,500,1,22,14,0,14,410,1,0,0,0,0,0,0,0,1,1,0,0,0,0,0,0,1,1,0,0,0,0,0,1,0,0,0,0,0,0,0,0,0,0,0,0,0,0,0,0,0,0,0,0,0,0,0,0,1,0,sensitization,U,unknown
GENE000,4,1.71404831396,1.75999006055,766.875,0,0,0,1,0,0,0.0342751288286,0.0863435231141,1.84020693596,0.00707444340045,0.278444599517,1,1.71404831396,1.75999006055,resistance,0,0,0.966666666667,0.911021753777,0.889795246046,0.932248261508,0.137979234983,210043.5,median_ratio,SYN-SCREEN-06,SYN-SCREEN-06-DRUG-vs-CTRL,SYN-STUDY-06,SYN-SOURCE-FAMILY-06,SYN-FAMILY-06,2,2,0,1,0,0,1,1,0,1,2,2,,1,240,60,4,20,0.29,,575,500,425,2,7,7,200,0,4,500,1,22,14,0,14,425,0,1,0,0,0,0,0,0,1,0,0,0,1,0,0,0,1,1,0,0,0,0,0,1,0,0,0,0,0,0,0,0,0,0,0,0,0,0,0,0,0,0,0,0,0,0,0,0,1,0,resistance,V3,tested
GENE001,4,1.64113359743,1.61503696289,723.875,0,0,0,1,0,0,0.145409522557,0.269886903794,1.78654311999,0.11360030118,0.283828162756,1,1.64113359743,1.61503696289,resistance,0,0,0.933333333333,0.911021753777,0.889795246046,0.932248261508,0.0994426002748,210043.5,median_ratio,SYN-SCREEN-06,SYN-SCREEN-06-DRUG-vs-CTRL,SYN-STUDY-06,SYN-SOURCE-FAMILY-06,SYN-FAMILY-06,2,2,0,1,0,0,1,1,0,1,2,2,,1,240,60,4,20,0.29,,575,500,425,2,7,7,200,0,4,500,1,22,14,0,14,425,0,1,0,0,0,0,0,0,1,0,0,0,1,0,0,0,1,1,0,0,0,0,0,1,0,0,0,0,0,0,0,0,0,0,0,0,0,0,0,0,0,0,0,0,0,0,0,0,1,0,resistance,V2,tested
GENE002,4,1.53630160086,1.53877886757,663.25,0,0,0,1,0,0,0.148978209795,0.21880846281,1.69023434407,0.0777725295493,0.288672748637,1,1.53630160086,1.53877886757,resistance,0,0,0.9,0.911021753777,0.889795246046,0.932248261508,0.0024167888726,210043.5,median_ratio,SYN-SCREEN-06,SYN-SCREEN-06-DRUG-vs-CTRL,SYN-STUDY-06,SYN-SOURCE-FAMILY-06,SYN-FAMILY-06,2,2,0,1,0,0,1,1,0,1,2,2,,1,240,60,4,20,0.29,,575,500,425,2,7,7,200,0,4,500,1,22,14,0,14,425,0,1,0,0,0,0,0,0,1,0,0,0,1,0,0,0,1,1,0,0,0,0,0,1,0,0,0,0,0,0,0,0,0,0,0,0,0,0,0,0,0,0,0,0,0,0,0,0,1,0,resistance,V2,tested
GENE003,4,1.59252199141,1.62911456853,793.25,0,0,0,1,0,0,0.0511693542342,0.130346271381,1.71687649989,0.0491721603539,0.27601598793,1,1.59252199141,1.62911456853,resistance,0,0,0.916666666667,0.911021753777,0.889795246046,0.932248261508,0.0206508858816,210043.5,median_ratio,SYN-SCREEN-06,SYN-SCREEN-06-DRUG-vs-CTRL,SYN-STUDY-06,SYN-SOURCE-FAMILY-06,SYN-FAMILY-06,2,2,0,1,0,0,1,1,0,1,2,2,,1,240,60,4,20,0.29,,575,500,425,2,7,7,200,0,4,500,1,22,14,0,14,425,0,1,0,0,0,0,0,0,1,0,0,0,1,0,0,0,1,1,0,0,0,0,0,1,0,0,0,0,0,0,0,0,0,0,0,0,0,0,0,0,0,0,0,0,0,0,0,0,1,0,resistance,V2,tested
GENE004,4,1.65949276219,1.64892413493,692.75,0,0,0,1,0,0,0.0599793021963,0.0726440258405,1.71947206439,0.00242036361978,0.269471959406,1,1.65949276219,1.64892413493,resistance,0,0,0.95,0.911021753777,0.889795246046,0.932248261508,0.0975457299494,210043.5,median_ratio,SYN-SCREEN-06,SYN-SCREEN-06-DRUG-vs-CTRL,SYN-STUDY-06,SYN-SOURCE-FAMILY-06,SYN-FAMILY-06,2,2,0,1,0,0,1,1,0,1,2,2,,1,240,60,4,20,0.29,,575,500,425,2,7,7,200,0,4,500,1,22,14,0,14,425,0,1,0,0,0,0,0,0,1,0,0,0,1,0,0,0,1,1,0,0,0,0,0,1,0,0,0,0,0,0,0,0,0,0,0,0,0,0,0,0,0,0,0,0,0,0,0,0,1,0,resistance,F0,tested
GENE005,4,1.4436329186,1.43722686739,845.625,0,0,0,1,0,0,0.10952902395,0.153828664389,1.55316194255,0.0437557478801,0.282627157574,1,1.4436329186,1.43722686739,resistance,0,0,0.816666666667,0.911021753777,0.889795246046,0.932248261508,0.187026243425,210043.5,median_ratio,SYN-SCREEN-06,SYN-SCREEN-06-DRUG-vs-CTRL,SYN-STUDY-06,SYN-SOURCE-FAMILY-06,SYN-FAMILY-06,2,2,0,1,0,0,1,1,0,1,2,2,,1,240,60,4,20,0.29,,575,500,425,2,7,7,200,0,4,500,1,22,14,0,14,425,0,1,0,0,0,0,0,0,1,0,0,0,1,0,0,0,1,1,0,0,0,0,0,1,0,0,0,0,0,0,0,0,0,0,0,0,0,0,0,0,0,0,0,0,0,0,0,0,1,0,resistance,U,unknown
GENE006,4,-1.46170069732,-1.47831867758,703.625,0,0,0,0,1,0,0.039802283884,0.0799353488716,1.53473894173,0.0271528809915,0.267916201939,1,1.46170069732,1.47831867758,sensitization,1,0,0.833333333333,0.911021753777,0.889795246046,0.932248261508,0.0529111908595,210043.5,median_ratio,SYN-SCREEN-06,SYN-SCREEN-06-DRUG-vs-CTRL,SYN-STUDY-06,SYN-SOURCE-FAMILY-06,SYN-FAMILY-06,2,2,0,1,0,0,1,1,0,1,2,2,,1,240,60,4,20,0.29,,575,500,425,2,7,7,200,0,4,500,1,22,14,0,14,425,0,1,0,0,0,0,0,0,1,0,0,0,1,0,0,0,1,1,0,0,0,0,0,1,0,0,0,0,0,0,0,0,0,0,0,0,0,0,0,0,0,0,0,0,0,0,0,0,1,0,sensitization,V2,tested
GENE007,4,-1.73519432279,-1.71784573477,764.5,0,0,0,0,1,0,0.0243525238201,0.0624360637843,1.75954684661,0.0239426601717,0.256595278435,1,1.73519432279,1.71784573477,sensitization,1,0,1,0.911021753777,0.889795246046,0.932248261508,0.0721153943524,210043.5,median_ratio,SYN-SCREEN-06,SYN-SCREEN-06-DRUG-vs-CTRL,SYN-STUDY-06,SYN-SOURCE-FAMILY-06,SYN-FAMILY-06,2,2,0,1,0,0,1,1,0,1,2,2,,1,240,60,4,20,0.29,,575,500,425,2,7,7,200,0,4,500,1,22,14,0,14,425,0,1,0,0,0,0,0,0,1,0,0,0,1,0,0,0,1,1,0,0,0,0,0,1,0,0,0,0,0,0,0,0,0,0,0,0,0,0,0,0,0,0,0,0,0,0,0,0,1,0,sensitization,V2,tested
GENE008,4,-1.52584370391,-1.51623470335,741,0,0,0,0,1,0,0.0160591679628,0.0321265990176,1.54190287187,0.00745755317455,0.255815212167,1,1.52584370391,1.51623470335,sensitization,1,0,0.883333333333,0.911021753777,0.889795246046,0.932248261508,0.0373558636118,210043.5,median_ratio,SYN-SCREEN-06,SYN-SCREEN-06-DRUG-vs-CTRL,SYN-STUDY-06,SYN-SOURCE-FAMILY-06,SYN-FAMILY-06,2,2,0,1,0,0,1,1,0,1,2,2,,1,240,60,4,20,0.29,,575,500,425,2,7,7,200,0,4,500,1,22,14,0,14,425,0,1,0,0,0,0,0,0,1,0,0,0,1,0,0,0,1,1,0,0,0,0,0,1,0,0,0,0,0,0,0,0,0,0,0,0,0,0,0,0,0,0,0,0,0,0,0,0,1,0,sensitization,F0,tested
GENE009,4,-1.46245589908,-1.46949334964,755.75,0,0,0,0,1,0,0.0456234005221,0.0543558116256,1.52215420071,0.00195717186078,0.268826929734,1,1.46245589908,1.46949334964,sensitization,1,0,0.85,0.911021753777,0.889795246046,0.932248261508,0.160645501437,210043.5,median_ratio,SYN-SCREEN-06,SYN-SCREEN-06-DRUG-vs-CTRL,SYN-STUDY-06,SYN-SOURCE-FAMILY-06,SYN-FAMILY-06,2,2,0,1,0,0,1,1,0,1,2,2,,1,240,60,4,20,0.29,,575,500,425,2,7,7,200,0,4,500,1,22,14,0,14,425,0,1,0,0,0,0,0,0,1,0,0,0,1,0,0,0,1,1,0,0,0,0,0,1,0,0,0,0,0,0,0,0,0,0,0,0,0,0,0,0,0,0,0,0,0,0,0,0,1,0,sensitization,D,tested
GENE010,4,-1.72754102881,-1.67662778318,714.375,0,0,0,0,1,0,0.0571301098271,0.162792930607,1.78467113864,0.0632193638957,0.266465176596,1,1.72754102881,1.67662778318,sensitization,1,0,0.983333333333,0.911021753777,0.889795246046,0.932248261508,0.128736804337,210043.5,median_ratio,SYN-SCREEN-06,SYN-SCREEN-06-DRUG-vs-CTRL,SYN-STUDY-06,SYN-SOURCE-FAMILY-06,SYN-FAMILY-06,2,2,0,1,0,0,1,1,0,1,2,2,,1,240,60,4,20,0.29,,575,500,425,2,7,7,200,0,4,500,1,22,14,0,14,425,0,1,0,0,0,0,0,0,1,0,0,0,1,0,0,0,1,1,0,0,0,0,0,1,0,0,0,0,0,0,0,0,0,0,0,0,0,0,0,0,0,0,0,0,0,0,0,0,1,0,sensitization,U,unknown
GENE011,4,-1.49731946314,-1.50365352534,961.25,0,0,0,0,1,0,0.0555223377054,0.0844180368704,1.56550992524,0.0260519343569,0.267870676857,1,1.49731946314,1.50365352534,sensitization,1,0,0.866666666667,0.911021753777,0.889795246046,0.932248261508,0.0530529315055,210043.5,median_ratio,SYN-SCREEN-06,SYN-SCREEN-06-DRUG-vs-CTRL,SYN-STUDY-06,SYN-SOURCE-FAMILY-06,SYN-FAMILY-06,2,2,0,1,0,0,1,1,0,1,2,2,,1,240,60,4,20,0.29,,575,500,425,2,7,7,200,0,4,500,1,22,14,0,14,425,0,1,0,0,0,0,0,0,1,0,0,0,1,0,0,0,1,1,0,0,0,0,0,1,0,0,0,0,0,0,0,0,0,0,0,0,0,0,0,0,0,0,0,0,0,0,0,0,1,0,sensitization,U,unknown
GENE012,4,0.907038654296,0.860259172712,635.625,0,0,0,1,0,0,0.118900476401,0.241051514477,1.0259391307,0.0870315768592,0.310798211903,1,0.907038654296,0.860259172712,resistance,0,0,0.8,0.911021753777,0.889795246046,0.932248261508,0.0272699634284,210043.5,median_ratio,SYN-SCREEN-06,SYN-SCREEN-06-DRUG-vs-CTRL,SYN-STUDY-06,SYN-SOURCE-FAMILY-06,SYN-FAMILY-06,2,2,0,1,0,0,1,1,0,1,2,2,,1,240,60,4,20,0.29,,575,500,425,2,7,7,200,0,4,500,1,22,14,0,14,425,0,1,0,0,0,0,0,0,1,0,0,0,1,0,0,0,1,1,0,0,0,0,0,1,0,0,0,0,0,0,0,0,0,0,0,0,0,0,0,0,0,0,0,0,0,0,0,0,1,0,resistance,F0,tested
GENE013,4,-0.815193011838,-0.817757176646,925.5,0,0,0,0,1,0,0.072497068751,0.132778541668,0.892818410205,0.0666462067466,0.279033473056,1,0.815193011838,0.817757176646,sensitization,1,0,0.783333333333,0.911021753777,0.889795246046,0.932248261508,0.0170069941609,210043.5,median_ratio,SYN-SCREEN-06,SYN-SCREEN-06-DRUG-vs-CTRL,SYN-STUDY-06,SYN-SOURCE-FAMILY-06,SYN-FAMILY-06,2,2,0,1,0,0,1,1,0,1,2,2,,1,240,60,4,20,0.29,,575,500,425,2,7,7,200,0,4,500,1,22,14,0,14,425,0,1,0,0,0,0,0,0,1,0,0,0,1,0,0,0,1,1,0,0,0,0,0,1,0,0,0,0,0,0,0,0,0,0,0,0,0,0,0,0,0,0,0,0,0,0,0,0,1,0,sensitization,F0,tested
GENE014,4,0.732675336874,0.721868925846,649.875,0,0,0,1,0,0,0.0848488899639,0.135822806097,0.817524226838,0.0463814397697,0.298601858602,1,0.732675336874,0.721868925846,resistance,0,0,0.766666666667,0.911021753777,0.889795246046,0.932248261508,0.0633926763872,210043.5,median_ratio,SYN-SCREEN-06,SYN-SCREEN-06-DRUG-vs-CTRL,SYN-STUDY-06,SYN-SOURCE-FAMILY-06,SYN-FAMILY-06,2,2,0,1,0,0,1,1,0,1,2,2,,1,240,60,4,20,0.29,,575,500,425,2,7,7,200,0,4,500,1,22,14,0,14,425,0,1,0,0,0,0,0,0,1,0,0,0,1,0,0,0,1,1,0,0,0,0,0,1,0,0,0,0,0,0,0,0,0,0,0,0,0,0,0,0,0,0,0,0,0,0,0,0,1,0,resistance,V1,tested
GENE015,4,-0.655837906975,-0.665727645754,753.875,0,0,0,0,1,0,0.121662783578,0.244433216922,0.797280168112,0.130343398786,0.310127474783,1,0.655837906975,0.665727645754,sensitization,1,0,0.75,0.911021753777,0.889795246046,0.932248261508,0.0594579475601,210043.5,median_ratio,SYN-SCREEN-06,SYN-SCREEN-06-DRUG-vs-CTRL,SYN-STUDY-06,SYN-SOURCE-FAMILY-06,SYN-FAMILY-06,2,2,0,1,0,0,1,1,0,1,2,2,,1,240,60,4,20,0.29,,575,500,425,2,7,7,200,0,4,500,1,22,14,0,14,425,0,1,0,0,0,0,0,0,1,0,0,0,1,0,0,0,1,1,0,0,0,0,0,1,0,0,0,0,0,0,0,0,0,0,0,0,0,0,0,0,0,0,0,0,0,0,0,0,1,0,sensitization,A,tested
GENE016,4,0.451465832299,0.502400552672,565.375,0,0,0,1,0,0,0.0774253660457,0.167660953261,0.630760639091,0.0453807321004,0.383535893294,1,0.451465832299,0.502400552672,resistance,0,0,0.733333333333,0.911021753777,0.889795246046,0.932248261508,0.0962928649001,210043.5,median_ratio,SYN-SCREEN-06,SYN-SCREEN-06-DRUG-vs-CTRL,SYN-STUDY-06,SYN-SOURCE-FAMILY-06,SYN-FAMILY-06,2,2,0,1,0,0,1,1,0,1,2,2,,1,240,60,4,20,0.29,,575,500,425,2,7,7,200,0,4,500,1,22,14,0,14,425,0,1,0,0,0,0,0,0,1,0,0,0,1,0,0,0,1,1,0,0,0,0,0,1,0,0,0,0,0,0,0,0,0,0,0,0,0,0,0,0,0,0,0,0,0,0,0,0,1,0,resistance,T,tested
GENE017,4,0.0872958011837,0.0967485726026,946.125,0,0,0,0.25,0,0.75,0.0603123592358,0.0820806645674,0.166513703257,0.0142207536393,0.544066701441,0.25,0.0872958011837,0.0967485726026,neutral,0,1,0.366666666667,0.911021753777,0.889795246046,0.932248261508,0.0325137092392,210043.5,median_ratio,SYN-SCREEN-06,SYN-SCREEN-06-DRUG-vs-CTRL,SYN-STUDY-06,SYN-SOURCE-FAMILY-06,SYN-FAMILY-06,2,2,0,1,0,0,1,1,0,1,2,2,,1,240,60,4,20,0.29,,575,500,425,2,7,7,200,0,4,500,1,22,14,0,14,425,0,1,0,0,0,0,0,0,1,0,0,0,1,0,0,0,1,1,0,0,0,0,0,1,0,0,0,0,0,0,0,0,0,0,0,0,0,0,0,0,0,0,0,0,0,0,0,0,1,0,sensitization,U,unknown
GENE018,4,0.0516536029343,0.0337341514946,910,0,0,0,0.25,0.25,0.5,0.14577221266,0.200115124036,0.290959868264,0.0420581887974,0.447697761629,0.25,0.0516536029343,0.0337341514946,neutral,0,1,0.233333333333,0.911021753777,0.889795246046,0.932248261508,0.0548772779823,210043.5,median_ratio,SYN-SCREEN-06,SYN-SCREEN-06-DRUG-vs-CTRL,SYN-STUDY-06,SYN-SOURCE-FAMILY-06,SYN-FAMILY-06,2,2,0,1,0,0,1,1,0,1,2,2,,1,240,60,4,20,0.29,,575,500,425,2,7,7,200,0,4,500,1,22,14,0,14,425,0,1,0,0,0,0,0,0,1,0,0,0,1,0,0,0,1,1,0,0,0,0,0,1,0,0,0,0,0,0,0,0,0,0,0,0,0,0,0,0,0,0,0,0,0,0,0,0,1,0,resistance,U,unknown
GENE019,4,0.00806837890371,0.0262295135843,873.5,0,0,0,0.25,0.25,0.5,0.0961500503902,0.133104598199,0.209828957014,0.021700764257,0.555981475306,0.25,0.00806837890371,0.0262295135843,neutral,0,1,0.0333333333333,0.911021753777,0.889795246046,0.932248261508,0.12554994356,210043.5,median_ratio,SYN-SCREEN-06,SYN-SCREEN-06-DRUG-vs-CTRL,SYN-STUDY-06,SYN-SOURCE-FAMILY-06,SYN-FAMILY-06,2,2,0,1,0,0,1,1,0,1,2,2,,1,240,60,4,20,0.29,,575,500,425,2,7,7,200,0,4,500,1,22,14,0,14,425,0,1,0,0,0,0,0,0,1,0,0,0,1,0,0,0,1,1,0,0,0,0,0,1,0,0,0,0,0,0,0,0,0,0,0,0,0,0,0,0,0,0,0,0,0,0,0,0,1,0,sensitization,U,unknown
GENE020,4,0.0739014992684,0.121301610869,770.125,0,0,0,0.25,0,0.75,0.00371020414137,0.0546528420619,0.172411926611,0.00409055704893,0.551064049599,0.25,0.0739014992684,0.121301610869,neutral,0,1,0.3,0.911021753777,0.889795246046,0.932248261508,0.0678846987847,210043.5,median_ratio,SYN-SCREEN-06,SYN-SCREEN-06-DRUG-vs-CTRL,SYN-STUDY-06,SYN-SOURCE-FAMILY-06,SYN-FAMILY-06,2,2,0,1,0,0,1,1,0,1,2,2,,1,240,60,4,20,0.29,,575,500,425,2,7,7,200,0,4,500,1,22,14,0,14,425,0,1,0,0,0,0,0,0,1,0,0,0,1,0,0,0,1,1,0,0,0,0,0,1,0,0,0,0,0,0,0,0,0,0,0,0,0,0,0,0,0,0,0,0,0,0,0,0,1,0,resistance,U,not_tested
GENE021,4,-0.0529521471881,-0.129787720891,753.5,0,0,0,0,0.25,0.75,0.0225203423827,0.103755941793,0.229143636976,0.00508071205366,0.77229012557,0.25,0.0529521471881,0.129787720891,neutral,0,1,0.25,0.911021753777,0.889795246046,0.932248261508,0.0160778124364,210043.5,median_ratio,SYN-SCREEN-06,SYN-SCREEN-06-DRUG-vs-CTRL,SYN-STUDY-06,SYN-SOURCE-FAMILY-06,SYN-FAMILY-06,2,2,0,1,0,0,1,1,0,1,2,2,,1,240,60,4,20,0.29,,575,500,425,2,7,7,200,0,4,500,1,22,14,0,14,425,0,1,0,0,0,0,0,0,1,0,0,0,1,0,0,0,1,1,0,0,0,0,0,1,0,0,0,0,0,0,0,0,0,0,0,0,0,0,0,0,0,0,0,0,0,0,0,0,1,0,sensitization,U,unknown
GENE022,4,-0.114696494237,-0.142136286182,1075.5,0,0,0,0.25,0.5,0.25,0.217661556344,0.392205736752,0.387237634471,0.169861516556,0.522920814003,0.5,0.114696494237,0.142136286182,sensitization,1,0,0.466666666667,0.911021753777,0.889795246046,0.932248261508,0.141699231247,210043.5,median_ratio,SYN-SCREEN-06,SYN-SCREEN-06-DRUG-vs-CTRL,SYN-STUDY-06,SYN-SOURCE-FAMILY-06,SYN-FAMILY-06,2,2,0,1,0,0,1,1,0,1,2,2,,1,240,60,4,20,0.29,,575,500,425,2,7,7,200,0,4,500,1,22,14,0,14,425,0,1,0,0,0,0,0,0,1,0,0,0,1,0,0,0,1,1,0,0,0,0,0,1,0,0,0,0,0,0,0,0,0,0,0,0,0,0,0,0,0,0,0,0,0,0,0,0,1,0,sensitization,U,unknown
GENE023,4,0.0774296132067,0.0722816874377,732.125,0,0,0,0.5,0.25,0.25,0.143845644142,0.210324080784,0.236656628949,0.070818373924,0.483609833613,0.5,0.0774296132067,0.0722816874377,neutral,0,1,0.316666666667,0.911021753777,0.889795246046,0.932248261508,0.0250016336591,210043.5,median_ratio,SYN-SCREEN-06,SYN-SCREEN-06-DRUG-vs-CTRL,SYN-STUDY-06,SYN-SOURCE-FAMILY-06,SYN-FAMILY-06,2,2,0,1,0,0,1,1,0,1,2,2,,1,240,60,4,20,0.29,,575,500,425,2,7,7,200,0,4,500,1,22,14,0,14,425,0,1,0,0,0,0,0,0,1,0,0,0,1,0,0,0,1,1,0,0,0,0,0,1,0,0,0,0,0,0,0,0,0,0,0,0,0,0,0,0,0,0,0,0,0,0,0,0,1,0,resistance,U,unknown
GENE024,4,-0.247143765892,-0.221303714553,987.625,0,0,0,0,0.75,0.25,0.0672762214637,0.102556629758,0.314419987355,0.010900785259,0.420525986895,0.75,0.247143765892,0.221303714553,sensitization,1,0,0.633333333333,0.911021753777,0.889795246046,0.932248261508,0.0482837237356,210043.5,median_ratio,SYN-SCREEN-06,SYN-SCREEN-06-DRUG-vs-CTRL,SYN-STUDY-06,SYN-SOURCE-FAMILY-06,SYN-FAMILY-06,2,2,0,1,0,0,1,1,0,1,2,2,,1,240,60,4,20,0.29,,575,500,425,2,7,7,200,0,4,500,1,22,14,0,14,425,0,1,0,0,0,0,0,0,1,0,0,0,1,0,0,0,1,1,0,0,0,0,0,1,0,0,0,0,0,0,0,0,0,0,0,0,0,0,0,0,0,0,0,0,0,0,0,0,1,0,sensitization,U,not_tested
GENE025,4,-0.273854046017,-0.269529175269,631.75,0,0,0,0,1,0,0.0928038187265,0.135645692058,0.366657864744,0.0444756036207,0.390444448607,1,0.273854046017,0.269529175269,sensitization,1,0,0.666666666667,0.911021753777,0.889795246046,0.932248261508,0.0407034197661,210043.5,median_ratio,SYN-SCREEN-06,SYN-SCREEN-06-DRUG-vs-CTRL,SYN-STUDY-06,SYN-SOURCE-FAMILY-06,SYN-FAMILY-06,2,2,0,1,0,0,1,1,0,1,2,2,,1,240,60,4,20,0.29,,575,500,425,2,7,7,200,0,4,500,1,22,14,0,14,425,0,1,0,0,0,0,0,0,1,0,0,0,1,0,0,0,1,1,0,0,0,0,0,1,0,0,0,0,0,0,0,0,0,0,0,0,0,0,0,0,0,0,0,0,0,0,0,0,1,0,sensitization,U,unknown
GENE026,4,0.0140910520825,0.0973882284381,779.625,0,0,0,0.25,0.25,0.5,0.0914206140717,0.181045531074,0.343107840208,0.00730664553115,0.733195505791,0.25,0.0140910520825,0.0973882284381,neutral,0,1,0.0666666666667,0.911021753777,0.889795246046,0.932248261508,0.125612590828,210043.5,median_ratio,SYN-SCREEN-06,SYN-SCREEN-06-DRUG-vs-CTRL,SYN-STUDY-06,SYN-SOURCE-FAMILY-06,SYN-FAMILY-06,2,2,0,1,0,0,1,1,0,1,2,2,,1,240,60,4,20,0.29,,575,500,425,2,7,7,200,0,4,500,1,22,14,0,14,425,0,1,0,0,0,0,0,0,1,0,0,0,1,0,0,0,1,1,0,0,0,0,0,1,0,0,0,0,0,0,0,0,0,0,0,0,0,0,0,0,0,0,0,0,0,0,0,0,1,0,sensitization,U,unknown
GENE027,4,0.0244566950865,-0.00332541528074,851,0,0,0,0.5,0.5,0,0.190732581108,0.395018925848,0.260525148577,0.203809534456,0.333653394489,0.5,0.0244566950865,0.00332541528074,neutral,0,1,0.116666666667,0.911021753777,0.889795246046,0.932248261508,0.181331047456,210043.5,median_ratio,SYN-SCREEN-06,SYN-SCREEN-06-DRUG-vs-CTRL,SYN-STUDY-06,SYN-SOURCE-FAMILY-06,SYN-FAMILY-06,2,2,0,1,0,0,1,1,0,1,2,2,,1,240,60,4,20,0.29,,575,500,425,2,7,7,200,0,4,500,1,22,14,0,14,425,0,1,0,0,0,0,0,0,1,0,0,0,1,0,0,0,1,1,0,0,0,0,0,1,0,0,0,0,0,0,0,0,0,0,0,0,0,0,0,0,0,0,0,0,0,0,0,0,1,0,resistance,U,unknown
GENE028,4,-0.0655961076968,-0.0843172498327,860.75,0,0,0,0,0.5,0.5,0.105142512051,0.222028461608,0.20818090402,0.113350955978,0.50983659125,0.5,0.0655961076968,0.0843172498327,neutral,0,1,0.283333333333,0.911021753777,0.889795246046,0.932248261508,0.101123911611,210043.5,median_ratio,SYN-SCREEN-06,SYN-SCREEN-06-DRUG-vs-CTRL,SYN-STUDY-06,SYN-SOURCE-FAMILY-06,SYN-FAMILY-06,2,2,0,1,0,0,1,1,0,1,2,2,,1,240,60,4,20,0.29,,575,500,425,2,7,7,200,0,4,500,1,22,14,0,14,425,0,1,0,0,0,0,0,0,1,0,0,0,1,0,0,0,1,1,0,0,0,0,0,1,0,0,0,0,0,0,0,0,0,0,0,0,0,0,0,0,0,0,0,0,0,0,0,0,1,0,sensitization,U,not_tested
GENE029,4,0.0155185370402,-0.0543973825688,910.25,0,0,0,0,0.25,0.75,0.0221046040311,0.108363250692,0.167698320228,0.0188709557256,0.793332864384,0.25,0.0155185370402,0.0543973825688,neutral,0,1,0.0833333333333,0.911021753777,0.889795246046,0.932248261508,0.134368911726,210043.5,median_ratio,SYN-SCREEN-06,SYN-SCREEN-06-DRUG-vs-CTRL,SYN-STUDY-06,SYN-SOURCE-FAMILY-06,SYN-FAMILY-06,2,2,0,1,0,0,1,1,0,1,2,2,,1,240,60,4,20,0.29,,575,500,425,2,7,7,200,0,4,500,1,22,14,0,14,425,0,1,0,0,0,0,0,0,1,0,0,0,1,0,0,0,1,1,0,0,0,0,0,1,0,0,0,0,0,0,0,0,0,0,0,0,0,0,0,0,0,0,0,0,0,0,0,0,1,0,resistance,U,unknown
GENE030,4,0.347665399267,0.260862258971,800.375,0,0,0,0.75,0,0.25,0.0886198808795,0.252819665886,0.436285280146,0.089369947317,0.360246220622,0.75,0.347665399267,0.260862258971,resistance,0,0,0.7,0.911021753777,0.889795246046,0.932248261508,0.0578461061681,210043.5,median_ratio,SYN-SCREEN-06,SYN-SCREEN-06-DRUG-vs-CTRL,SYN-STUDY-06,SYN-SOURCE-FAMILY-06,SYN-FAMILY-06,2,2,0,1,0,0,1,1,0,1,2,2,,1,240,60,4,20,0.29,,575,500,425,2,7,7,200,0,4,500,1,22,14,0,14,425,0,1,0,0,0,0,0,0,1,0,0,0,1,0,0,0,1,1,0,0,0,0,0,1,0,0,0,0,0,0,0,0,0,0,0,0,0,0,0,0,0,0,0,0,0,0,0,0,1,0,resistance,U,unknown
GENE031,4,-0.0225693949816,0.0867376454594,602.375,0,0,0,0.25,0,0.75,0.0184734097571,0.135688084108,0.247653266486,0.00913094913328,0.820985830679,0.25,0.0225693949816,0.0867376454594,neutral,0,1,0.1,0.911021753777,0.889795246046,0.932248261508,0.177151605889,210043.5,median_ratio,SYN-SCREEN-06,SYN-SCREEN-06-DRUG-vs-CTRL,SYN-STUDY-06,SYN-SOURCE-FAMILY-06,SYN-FAMILY-06,2,2,0,1,0,0,1,1,0,1,2,2,,1,240,60,4,20,0.29,,575,500,425,2,7,7,200,0,4,500,1,22,14,0,14,425,0,1,0,0,0,0,0,0,1,0,0,0,1,0,0,0,1,1,0,0,0,0,0,1,0,0,0,0,0,0,0,0,0,0,0,0,0,0,0,0,0,0,0,0,0,0,0,0,1,0,resistance,U,unknown
GENE032,4,0.0859680526388,0.100169435272,845.25,0,0,0,0.5,0,0.5,0.0617189982434,0.135101728451,0.176089816149,0.0683367339062,0.516700107977,0.5,0.0859680526388,0.100169435272,neutral,0,1,0.333333333333,0.911021753777,0.889795246046,0.932248261508,0.00324377995566,210043.5,median_ratio,SYN-SCREEN-06,SYN-SCREEN-06-DRUG-vs-CTRL,SYN-STUDY-06,SYN-SOURCE-FAMILY-06,SYN-FAMILY-06,2,2,0,1,0,0,1,1,0,1,2,2,,1,240,60,4,20,0.29,,575,500,425,2,7,7,200,0,4,500,1,22,14,0,14,425,0,1,0,0,0,0,0,0,1,0,0,0,1,0,0,0,1,1,0,0,0,0,0,1,0,0,0,0,0,0,0,0,0,0,0,0,0,0,0,0,0,0,0,0,0,0,0,0,1,0,sensitization,U,not_tested
GENE033,4,0.112364888997,0.158393451542,744.375,0,0,0,0.5,0,0.5,0.0823170085969,0.206921093217,0.286739022684,0.0907311976439,0.603777540313,0.5,0.112364888997,0.158393451542,resistance,0,0,0.45,0.911021753777,0.889795246046,0.932248261508,0.0384300496949,210043.5,median_ratio,SYN-SCREEN-06,SYN-SCREEN-06-DRUG-vs-CTRL,SYN-STUDY-06,SYN-SOURCE-FAMILY-06,SYN-FAMILY-06,2,2,0,1,0,0,1,1,0,1,2,2,,1,240,60,4,20,0.29,,575,500,425,2,7,7,200,0,4,500,1,22,14,0,14,425,0,1,0,0,0,0,0,0,1,0,0,0,1,0,0,0,1,1,0,0,0,0,0,1,0,0,0,0,0,0,0,0,0,0,0,0,0,0,0,0,0,0,0,0,0,0,0,0,1,0,resistance,U,unknown
GENE034,4,-0.257789040721,-0.157661012562,914.125,0,0,0,0.25,0.75,0,0.103400846521,0.241068250579,0.369518373463,0.0433467375604,0.3403844337,0.75,0.257789040721,0.157661012562,sensitization,1,0,0.65,0.911021753777,0.889795246046,0.932248261508,0.124328804782,210043.5,median_ratio,SYN-SCREEN-06,SYN-SCREEN-06-DRUG-vs-CTRL,SYN-STUDY-06,SYN-SOURCE-FAMILY-06,SYN-FAMILY-06,2,2,0,1,0,0,1,1,0,1,2,2,,1,240,60,4,20,0.29,,575,500,425,2,7,7,200,0,4,500,1,22,14,0,14,425,0,1,0,0,0,0,0,0,1,0,0,0,1,0,0,0,1,1,0,0,0,0,0,1,0,0,0,0,0,0,0,0,0,0,0,0,0,0,0,0,0,0,0,0,0,0,0,0,1,0,resistance,U,unknown
GENE035,4,0.0309416821461,0.0926043538122,554.5,0,0,0,0.25,0,0.75,0.0341457206747,0.123391491321,0.188412746153,0.0318502192425,0.816258778464,0.25,0.0309416821461,0.0926043538122,neutral,0,1,0.166666666667,0.911021753777,0.889795246046,0.932248261508,0.0657051202529,210043.5,median_ratio,SYN-SCREEN-06,SYN-SCREEN-06-DRUG-vs-CTRL,SYN-STUDY-06,SYN-SOURCE-FAMILY-06,SYN-FAMILY-06,2,2,0,1,0,0,1,1,0,1,2,2,,1,240,60,4,20,0.29,,575,500,425,2,7,7,200,0,4,500,1,22,14,0,14,425,0,1,0,0,0,0,0,0,1,0,0,0,1,0,0,0,1,1,0,0,0,0,0,1,0,0,0,0,0,0,0,0,0,0,0,0,0,0,0,0,0,0,0,0,0,0,0,0,1,0,resistance,U,unknown
GENE036,4,0.0899948365997,0.119118543424,935.75,0,0,0,0.25,0,0.75,0.0119823871861,0.0447262933098,0.160224637435,0.00418024607946,0.476068277136,0.25,0.0899948365997,0.119118543424,neutral,0,1,0.4,0.911021753777,0.889795246046,0.932248261508,0.00882180791065,210043.5,median_ratio,SYN-SCREEN-06,SYN-SCREEN-06-DRUG-vs-CTRL,SYN-STUDY-06,SYN-SOURCE-FAMILY-06,SYN-FAMILY-06,2,2,0,1,0,0,1,1,0,1,2,2,,1,240,60,4,20,0.29,,575,500,425,2,7,7,200,0,4,500,1,22,14,0,14,425,0,1,0,0,0,0,0,0,1,0,0,0,1,0,0,0,1,1,0,0,0,0,0,1,0,0,0,0,0,0,0,0,0,0,0,0,0,0,0,0,0,0,0,0,0,0,0,0,1,0,resistance,U,not_tested
GENE037,4,-0.162123543855,-0.0618735731341,740.25,0,0,0,0.25,0.5,0.25,0.164400532524,0.40931280848,0.384638701254,0.167041641739,0.386836419874,0.5,0.162123543855,0.0618735731341,sensitization,1,0,0.55,0.911021753777,0.889795246046,0.932248261508,0.0281396304424,210043.5,median_ratio,SYN-SCREEN-06,SYN-SCREEN-06-DRUG-vs-CTRL,SYN-STUDY-06,SYN-SOURCE-FAMILY-06,SYN-FAMILY-06,2,2,0,1,0,0,1,1,0,1,2,2,,1,240,60,4,20,0.29,,575,500,425,2,7,7,200,0,4,500,1,22,14,0,14,425,0,1,0,0,0,0,0,0,1,0,0,0,1,0,0,0,1,1,0,0,0,0,0,1,0,0,0,0,0,0,0,0,0,0,0,0,0,0,0,0,0,0,0,0,0,0,0,0,1,0,sensitization,U,unknown
GENE038,4,0.118221400949,0.0244689673379,761,0,0,0,0.5,0.25,0.25,0.088654945605,0.235769292331,0.311452845316,0.061617029803,0.443052283095,0.5,0.118221400949,0.0244689673379,resistance,0,0,0.483333333333,0.911021753777,0.889795246046,0.932248261508,0.0762006879988,210043.5,median_ratio,SYN-SCREEN-06,SYN-SCREEN-06-DRUG-vs-CTRL,SYN-STUDY-06,SYN-SOURCE-FAMILY-06,SYN-FAMILY-06,2,2,0,1,0,0,1,1,0,1,2,2,,1,240,60,4,20,0.29,,575,500,425,2,7,7,200,0,4,500,1,22,14,0,14,425,0,1,0,0,0,0,0,0,1,0,0,0,1,0,0,0,1,1,0,0,0,0,0,1,0,0,0,0,0,0,0,0,0,0,0,0,0,0,0,0,0,0,0,0,0,0,0,0,1,0,sensitization,U,unknown
GENE039,4,0.0310373878914,-0.00476875697823,745.875,0,0,0,0,0.25,0.75,0.0462890560245,0.1232223857,0.123063216982,0.0474895824375,0.498318163083,0.25,0.0310373878914,0.00476875697823,neutral,0,1,0.183333333333,0.911021753777,0.889795246046,0.932248261508,0.109698147449,210043.5,median_ratio,SYN-SCREEN-06,SYN-SCREEN-06-DRUG-vs-CTRL,SYN-STUDY-06,SYN-SOURCE-FAMILY-06,SYN-FAMILY-06,2,2,0,1,0,0,1,1,0,1,2,2,,1,240,60,4,20,0.29,,575,500,425,2,7,7,200,0,4,500,1,22,14,0,14,425,0,1,0,0,0,0,0,0,1,0,0,0,1,0,0,0,1,1,0,0,0,0,0,1,0,0,0,0,0,0,0,0,0,0,0,0,0,0,0,0,0,0,0,0,0,0,0,0,1,0,resistance,U,unknown
GENE040,4,0.170688197379,0.178193296328,735,0,0,0,0.75,0,0.25,0.0955967091599,0.140293754399,0.281295104436,0.0429455604048,0.497647880859,0.75,0.170688197379,0.178193296328,resistance,0,0,0.583333333333,0.911021753777,0.889795246046,0.932248261508,0.0537301979336,210043.5,median_ratio,SYN-SCREEN-06,SYN-SCREEN-06-DRUG-vs-CTRL,SYN-STUDY-06,SYN-SOURCE-FAMILY-06,SYN-FAMILY-06,2,2,0,1,0,0,1,1,0,1,2,2,,1,240,60,4,20,0.29,,575,500,425,2,7,7,200,0,4,500,1,22,14,0,14,425,0,1,0,0,0,0,0,0,1,0,0,0,1,0,0,0,1,1,0,0,0,0,0,1,0,0,0,0,0,0,0,0,0,0,0,0,0,0,0,0,0,0,0,0,0,0,0,0,1,0,resistance,U,not_tested
GENE041,4,0.050067409719,0.0418760299921,931.125,0,0,0,0.25,0.25,0.5,0.0690269627687,0.0795348503572,0.15212017713,0.00267487287487,0.459486238228,0.25,0.050067409719,0.0418760299921,neutral,0,1,0.2,0.911021753777,0.889795246046,0.932248261508,0.0502026990699,210043.5,median_ratio,SYN-SCREEN-06,SYN-SCREEN-06-DRUG-vs-CTRL,SYN-STUDY-06,SYN-SOURCE-FAMILY-06,SYN-FAMILY-06,2,2,0,1,0,0,1,1,0,1,2,2,,1,240,60,4,20,0.29,,575,500,425,2,7,7,200,0,4,500,1,22,14,0,14,425,0,1,0,0,0,0,0,0,1,0,0,0,1,0,0,0,1,1,0,0,0,0,0,1,0,0,0,0,0,0,0,0,0,0,0,0,0,0,0,0,0,0,0,0,0,0,0,0,1,0,resistance,U,unknown
GENE042,4,-0.00529973057159,-0.00597690008877,969.875,0,0,0,0,0,1,0.0491513637416,0.0603034462822,0.0891821534942,0.0120953877076,0.480830042711,0,0.00529973057159,0.00597690008877,neutral,0,1,0.0166666666667,0.911021753777,0.889795246046,0.932248261508,0.043752319883,210043.5,median_ratio,SYN-SCREEN-06,SYN-SCREEN-06-DRUG-vs-CTRL,SYN-STUDY-06,SYN-SOURCE-FAMILY-06,SYN-FAMILY-06,2,2,0,1,0,0,1,1,0,1,2,2,,1,240,60,4,20,0.29,,575,500,425,2,7,7,200,0,4,500,1,22,14,0,14,425,0,1,0,0,0,0,0,0,1,0,0,0,1,0,0,0,1,1,0,0,0,0,0,1,0,0,0,0,0,0,0,0,0,0,0,0,0,0,0,0,0,0,0,0,0,0,0,0,1,0,resistance,U,unknown
GENE043,4,-0.282787802484,-0.323499428351,1120,0,0,0,0,1,0,0.0562073122529,0.142701478966,0.42041836647,0.0528651245649,0.395878898627,1,0.282787802484,0.323499428351,sensitization,1,0,0.683333333333,0.911021753777,0.889795246046,0.932248261508,0.0163986052641,210043.5,median_ratio,SYN-SCREEN-06,SYN-SCREEN-06-DRUG-vs-CTRL,SYN-STUDY-06,SYN-SOURCE-FAMILY-06,SYN-FAMILY-06,2,2,0,1,0,0,1,1,0,1,2,2,,1,240,60,4,20,0.29,,575,500,425,2,7,7,200,0,4,500,1,22,14,0,14,425,0,1,0,0,0,0,0,0,1,0,0,0,1,0,0,0,1,1,0,0,0,0,0,1,0,0,0,0,0,0,0,0,0,0,0,0,0,0,0,0,0,0,0,0,0,0,0,0,1,0,sensitization,U,unknown
GENE044,4,0.0261742552163,0.0325383570409,772.375,0,0,0,0.25,0,0.75,0.0796562345616,0.156278757627,0.118558693427,0.0811274368321,0.408870495942,0.25,0.0261742552163,0.0325383570409,neutral,0,1,0.133333333333,0.911021753777,0.889795246046,0.932248261508,0.00834996554099,210043.5,median_ratio,SYN-SCREEN-06,SYN-SCREEN-06-DRUG-vs-CTRL,SYN-STUDY-06,SYN-SOURCE-FAMILY-06,SYN-FAMILY-06,2,2,0,1,0,0,1,1,0,1,2,2,,1,240,60,4,20,0.29,,575,500,425,2,7,7,200,0,4,500,1,22,14,0,14,425,0,1,0,0,0,0,0,0,1,0,0,0,1,0,0,0,1,1,0,0,0,0,0,1,0,0,0,0,0,0,0,0,0,0,0,0,0,0,0,0,0,0,0,0,0,0,0,0,1,0,sensitization,U,not_tested
GENE045,4,-0.15750112138,-0.200108434646,750.875,0,0,0,0,1,0,0.00795259225024,0.0513423028081,0.250668340162,0.000903434574488,0.428584085247,1,0.15750112138,0.200108434646,sensitization,1,0,0.533333333333,0.911021753777,0.889795246046,0.932248261508,0.0484940556484,210043.5,median_ratio,SYN-SCREEN-06,SYN-SCREEN-06-DRUG-vs-CTRL,SYN-STUDY-06,SYN-SOURCE-FAMILY-06,SYN-FAMILY-06,2,2,0,1,0,0,1,1,0,1,2,2,,1,240,60,4,20,0.29,,575,500,425,2,7,7,200,0,4,500,1,22,14,0,14,425,0,1,0,0,0,0,0,0,1,0,0,0,1,0,0,0,1,1,0,0,0,0,0,1,0,0,0,0,0,0,0,0,0,0,0,0,0,0,0,0,0,0,0,0,0,0,0,0,1,0,sensitization,U,unknown
GENE046,4,0.189177023099,0.162034366689,966.625,0,0,0,0.75,0,0.25,0.0208888607946,0.0670610754131,0.210065883894,0.0219734411085,0.326975676226,0.75,0.189177023099,0.162034366689,resistance,0,0,0.6,0.911021753777,0.889795246046,0.932248261508,0.0139647611304,210043.5,median_ratio,SYN-SCREEN-06,SYN-SCREEN-06-DRUG-vs-CTRL,SYN-STUDY-06,SYN-SOURCE-FAMILY-06,SYN-FAMILY-06,2,2,0,1,0,0,1,1,0,1,2,2,,1,240,60,4,20,0.29,,575,500,425,2,7,7,200,0,4,500,1,22,14,0,14,425,0,1,0,0,0,0,0,0,1,0,0,0,1,0,0,0,1,1,0,0,0,0,0,1,0,0,0,0,0,0,0,0,0,0,0,0,0,0,0,0,0,0,0,0,0,0,0,0,1,0,resistance,U,unknown
GENE047,4,0.13877052886,0.12900260788,811.25,0,0,0,0.5,0,0.5,0.100397840132,0.208658617196,0.239168368991,0.113729753948,0.462518893549,0.5,0.13877052886,0.12900260788,resistance,0,0,0.516666666667,0.911021753777,0.889795246046,0.932248261508,0.144502838453,210043.5,median_ratio,SYN-SCREEN-06,SYN-SCREEN-06-DRUG-vs-CTRL,SYN-STUDY-06,SYN-SOURCE-FAMILY-06,SYN-FAMILY-06,2,2,0,1,0,0,1,1,0,1,2,2,,1,240,60,4,20,0.29,,575,500,425,2,7,7,200,0,4,500,1,22,14,0,14,425,0,1,0,0,0,0,0,0,1,0,0,0,1,0,0,0,1,1,0,0,0,0,0,1,0,0,0,0,0,0,0,0,0,0,0,0,0,0,0,0,0,0,0,0,0,0,0,0,1,0,resistance,U,unknown
GENE048,4,-0.104030634249,-0.112641624282,1120.5,0,0,0,0,0.5,0.5,0.0435898689821,0.0829225990531,0.164842483297,0.0354744097615,0.432638896924,0.5,0.104030634249,0.112641624282,sensitization,1,0,0.433333333333,0.911021753777,0.889795246046,0.932248261508,0.0616929213841,210043.5,median_ratio,SYN-SCREEN-06,SYN-SCREEN-06-DRUG-vs-CTRL,SYN-STUDY-06,SYN-SOURCE-FAMILY-06,SYN-FAMILY-06,2,2,0,1,0,0,1,1,0,1,2,2,,1,240,60,4,20,0.29,,575,500,425,2,7,7,200,0,4,500,1,22,14,0,14,425,0,1,0,0,0,0,0,0,1,0,0,0,1,0,0,0,1,1,0,0,0,0,0,1,0,0,0,0,0,0,0,0,0,0,0,0,0,0,0,0,0,0,0,0,0,0,0,0,1,0,resistance,U,not_tested
GENE049,4,0.0591017021659,0.111189244274,727,0,0,0,0.5,0,0.5,0.10358687229,0.213998518379,0.266863658673,0.0673468742665,0.666879628271,0.5,0.0591017021659,0.111189244274,neutral,0,1,0.266666666667,0.911021753777,0.889795246046,0.932248261508,0.0572428733428,210043.5,median_ratio,SYN-SCREEN-06,SYN-SCREEN-06-DRUG-vs-CTRL,SYN-STUDY-06,SYN-SOURCE-FAMILY-06,SYN-FAMILY-06,2,2,0,1,0,0,1,1,0,1,2,2,,1,240,60,4,20,0.29,,575,500,425,2,7,7,200,0,4,500,1,22,14,0,14,425,0,1,0,0,0,0,0,0,1,0,0,0,1,0,0,0,1,1,0,0,0,0,0,1,0,0,0,0,0,0,0,0,0,0,0,0,0,0,0,0,0,0,0,0,0,0,0,0,1,0,resistance,U,unknown
GENE050,4,-0.169453035856,-0.151372758091,964.875,0,0,0,0,0.75,0.25,0.0421124269479,0.101669772883,0.211565462804,0.0478935929468,0.3504607174,0.75,0.169453035856,0.151372758091,sensitization,1,0,0.566666666667,0.911021753777,0.889795246046,0.932248261508,0.192315559723,210043.5,median_ratio,SYN-SCREEN-06,SYN-SCREEN-06-DRUG-vs-CTRL,SYN-STUDY-06,SYN-SOURCE-FAMILY-06,SYN-FAMILY-06,2,2,0,1,0,0,1,1,0,1,2,2,,1,240,60,4,20,0.29,,575,500,425,2,7,7,200,0,4,500,1,22,14,0,14,425,0,1,0,0,0,0,0,0,1,0,0,0,1,0,0,0,1,1,0,0,0,0,0,1,0,0,0,0,0,0,0,0,0,0,0,0,0,0,0,0,0,0,0,0,0,0,0,0,1,0,sensitization,U,unknown
GENE051,4,-0.0508547173501,-0.0110613918001,843.875,0,0,0,0.25,0.25,0.5,0.0428847418001,0.111602453696,0.136431748354,0.033399004486,0.440938648404,0.25,0.0508547173501,0.0110613918001,neutral,0,1,0.216666666667,0.911021753777,0.889795246046,0.932248261508,0.0341597451744,210043.5,median_ratio,SYN-SCREEN-06,SYN-SCREEN-06-DRUG-vs-CTRL,SYN-STUDY-06,SYN-SOURCE-FAMILY-06,SYN-FAMILY-06,2,2,0,1,0,0,1,1,0,1,2,2,,1,240,60,4,20,0.29,,575,500,425,2,7,7,200,0,4,500,1,22,14,0,14,425,0,1,0,0,0,0,0,0,1,0,0,0,1,0,0,0,1,1,0,0,0,0,0,1,0,0,0,0,0,0,0,0,0,0,0,0,0,0,0,0,0,0,0,0,0,0,0,0,1,0,sensitization,U,unknown
GENE052,4,0.231442010687,0.246960075969,849.75,0,0,0,1,0,0,0.0132856978269,0.0373428789753,0.275763839077,0.00986012168881,0.31538149474,1,0.231442010687,0.246960075969,resistance,0,0,0.616666666667,0.911021753777,0.889795246046,0.932248261508,0.19027215795,210043.5,median_ratio,SYN-SCREEN-06,SYN-SCREEN-06-DRUG-vs-CTRL,SYN-STUDY-06,SYN-SOURCE-FAMILY-06,SYN-FAMILY-06,2,2,0,1,0,0,1,1,0,1,2,2,,1,240,60,4,20,0.29,,575,500,425,2,7,7,200,0,4,500,1,22,14,0,14,425,0,1,0,0,0,0,0,0,1,0,0,0,1,0,0,0,1,1,0,0,0,0,0,1,0,0,0,0,0,0,0,0,0,0,0,0,0,0,0,0,0,0,0,0,0,0,0,0,1,0,resistance,U,not_tested
GENE053,4,-0.0866614743964,-0.131695385929,898,0,0,0,0,0.5,0.5,0.109928473285,0.234970210079,0.286657770746,0.0923850789044,0.642251994647,0.5,0.0866614743964,0.131695385929,neutral,0,1,0.35,0.911021753777,0.889795246046,0.932248261508,0.170645891426,210043.5,median_ratio,SYN-SCREEN-06,SYN-SCREEN-06-DRUG-vs-CTRL,SYN-STUDY-06,SYN-SOURCE-FAMILY-06,SYN-FAMILY-06,2,2,0,1,0,0,1,1,0,1,2,2,,1,240,60,4,20,0.29,,575,500,425,2,7,7,200,0,4,500,1,22,14,0,14,425,0,1,0,0,0,0,0,0,1,0,0,0,1,0,0,0,1,1,0,0,0,0,0,1,0,0,0,0,0,0,0,0,0,0,0,0,0,0,0,0,0,0,0,0,0,0,0,0,1,0,sensitization,U,unknown
GENE054,4,-0.0878753360369,-0.00104497908435,799.25,0,0,0,0.25,0.5,0.25,0.0513072414403,0.157870162355,0.256542632824,0.0227852022306,0.496965956545,0.5,0.0878753360369,0.00104497908435,neutral,0,1,0.383333333333,0.911021753777,0.889795246046,0.932248261508,0.0489557248373,210043.5,median_ratio,SYN-SCREEN-06,SYN-SCREEN-06-DRUG-vs-CTRL,SYN-STUDY-06,SYN-SOURCE-FAMILY-06,SYN-FAMILY-06,2,2,0,1,0,0,1,1,0,1,2,2,,1,240,60,4,20,0.29,,575,500,425,2,7,7,200,0,4,500,1,22,14,0,14,425,0,1,0,0,0,0,0,0,1,0,0,0,1,0,0,0,1,1,0,0,0,0,0,1,0,0,0,0,0,0,0,0,0,0,0,0,0,0,0,0,0,0,0,0,0,0,0,0,1,0,sensitization,U,unknown
GENE055,4,-0.0307419359909,-0.130483982913,752.25,0,0,0,0,0.25,0.75,0.0210865075929,0.133779791023,0.251312537429,0.0149547997677,0.879287810106,0.25,0.0307419359909,0.130483982913,neutral,0,1,0.15,0.911021753777,0.889795246046,0.932248261508,0.10043485279,210043.5,median_ratio,SYN-SCREEN-06,SYN-SCREEN-06-DRUG-vs-CTRL,SYN-STUDY-06,SYN-SOURCE-FAMILY-06,SYN-FAMILY-06,2,2,0,1,0,0,1,1,0,1,2,2,,1,240,60,4,20,0.29,,575,500,425,2,7,7,200,0,4,500,1,22,14,0,14,425,0,1,0,0,0,0,0,0,1,0,0,0,1,0,0,0,1,1,0,0,0,0,0,1,0,0,0,0,0,0,0,0,0,0,0,0,0,0,0,0,0,0,0,0,0,0,0,0,1,0,sensitization,U,unknown
GENE056,4,0.353544280831,0.279990667092,891.875,0,0,0,0.75,0.25,0,0.100195039352,0.212396584328,0.453739320182,0.0446267870078,0.388957852937,0.75,0.353544280831,0.279990667092,resistance,0,0,0.716666666667,0.911021753777,0.889795246046,0.932248261508,0.0745867424265,210043.5,median_ratio,SYN-SCREEN-06,SYN-SCREEN-06-DRUG-vs-CTRL,SYN-STUDY-06,SYN-SOURCE-FAMILY-06,SYN-FAMILY-06,2,2,0,1,0,0,1,1,0,1,2,2,,1,240,60,4,20,0.29,,575,500,425,2,7,7,200,0,4,500,1,22,14,0,14,425,0,1,0,0,0,0,0,0,1,0,0,0,1,0,0,0,1,1,0,0,0,0,0,1,0,0,0,0,0,0,0,0,0,0,0,0,0,0,0,0,0,0,0,0,0,0,0,0,1,0,resistance,U,not_tested
GENE057,4,-0.135365557532,-0.0843271743522,875.25,0,0,0,0.25,0.75,0,0.0616123813711,0.127455254536,0.210497039117,0.0170947525563,0.35243161974,0.75,0.135365557532,0.0843271743522,sensitization,1,0,0.5,0.911021753777,0.889795246046,0.932248261508,0.0688662489882,210043.5,median_ratio,SYN-SCREEN-06,SYN-SCREEN-06-DRUG-vs-CTRL,SYN-STUDY-06,SYN-SOURCE-FAMILY-06,SYN-FAMILY-06,2,2,0,1,0,0,1,1,0,1,2,2,,1,240,60,4,20,0.29,,575,500,425,2,7,7,200,0,4,500,1,22,14,0,14,425,0,1,0,0,0,0,0,0,1,0,0,0,1,0,0,0,1,1,0,0,0,0,0,1,0,0,0,0,0,0,0,0,0,0,0,0,0,0,0,0,0,0,0,0,0,0,0,0,1,0,sensitization,U,unknown
GENE058,4,0.0944246465472,0.0572799850856,914,0,0,0,0.5,0.25,0.25,0.159895213894,0.326633672638,0.264485953431,0.149642027491,0.361121418368,0.5,0.0944246465472,0.0572799850856,neutral,0,1,0.416666666667,0.911021753777,0.889795246046,0.932248261508,0.0712591392535,210043.5,median_ratio,SYN-SCREEN-06,SYN-SCREEN-06-DRUG-vs-CTRL,SYN-STUDY-06,SYN-SOURCE-FAMILY-06,SYN-FAMILY-06,2,2,0,1,0,0,1,1,0,1,2,2,,1,240,60,4,20,0.29,,575,500,425,2,7,7,200,0,4,500,1,22,14,0,14,425,0,1,0,0,0,0,0,0,1,0,0,0,1,0,0,0,1,1,0,0,0,0,0,1,0,0,0,0,0,0,0,0,0,0,0,0,0,0,0,0,0,0,0,0,0,0,0,0,1,0,resistance,U,unknown
GENE059,4,-0.0135339759866,-0.0152164378837,755.875,0,0,0,0,0.25,0.75,0.0720463985567,0.110826063631,0.110360517731,0.0428361604806,0.431511543541,0.25,0.0135339759866,0.0152164378837,neutral,0,1,0.05,0.911021753777,0.889795246046,0.932248261508,0.0535813658399,210043.5,median_ratio,SYN-SCREEN-06,SYN-SCREEN-06-DRUG-vs-CTRL,SYN-STUDY-06,SYN-SOURCE-FAMILY-06,SYN-FAMILY-06,2,2,0,1,0,0,1,1,0,1,2,2,,1,240,60,4,20,0.29,,575,500,425,2,7,7,200,0,4,500,1,22,14,0,14,425,0,1,0,0,0,0,0,0,1,0,0,0,1,0,0,0,1,1,0,0,0,0,0,1,0,0,0,0,0,0,0,0,0,0,0,0,0,0,0,0,0,0,0,0,0,0,0,0,1,0,sensitization,U,unknown
GENE000,4,1.72011478693,1.7195782826,1014.375,0,0,0,1,0,0,0.0311548046937,0.0620894037556,1.75126959162,0.0351006963578,0.254717438471,1,1.72011478693,1.7195782826,resistance,0,0,1,0.899020433222,0.865123501335,0.932917365109,0.0996687852762,210030.5,median_ratio,SYN-SCREEN-07,SYN-SCREEN-07-DRUG-vs-CTRL,SYN-STUDY-07,SYN-SOURCE-FAMILY-07,SYN-FAMILY-07,2,2,0,1,1,1,1,1,1,1,2,2,,1,240,60,4,20,0.25,,600,520,440,2,7,7,200,0,4,500,1,22,14,,14,440,1,0,0,0,0,0,0,0,1,1,0,0,0,0,0,0,1,1,0,0,0,0,0,1,0,0,0,0,0,0,0,0,0,0,0,0,0,1,0,0,0,0,0,0,0,0,0,0,1,0,resistance,V3,tested
GENE001,4,1.53084942037,1.57131305532,610.75,0,0,0,1,0,0,0.0686323269454,0.130975921154,1.68040901721,0.0252648007399,0.28767161462,1,1.53084942037,1.57131305532,resistance,0,0,0.833333333333,0.899020433222,0.865123501335,0.932917365109,0.0452716163931,210030.5,median_ratio,SYN-SCREEN-07,SYN-SCREEN-07-DRUG-vs-CTRL,SYN-STUDY-07,SYN-SOURCE-FAMILY-07,SYN-FAMILY-07,2,2,0,1,1,1,1,1,1,1,2,2,,1,240,60,4,20,0.25,,600,520,440,2,7,7,200,0,4,500,1,22,14,,14,440,1,0,0,0,0,0,0,0,1,1,0,0,0,0,0,0,1,1,0,0,0,0,0,1,0,0,0,0,0,0,0,0,0,0,0,0,0,1,0,0,0,0,0,0,0,0,0,0,1,0,resistance,V2,tested
GENE002,4,1.53499145052,1.52993556815,1122.125,0,0,0,1,0,0,0.128041645835,0.239020485959,1.66303309636,0.122309296345,0.275363194947,1,1.53499145052,1.52993556815,resistance,0,0,0.85,0.899020433222,0.865123501335,0.932917365109,0.079946653062,210030.5,median_ratio,SYN-SCREEN-07,SYN-SCREEN-07-DRUG-vs-CTRL,SYN-STUDY-07,SYN-SOURCE-FAMILY-07,SYN-FAMILY-07,2,2,0,1,1,1,1,1,1,1,2,2,,1,240,60,4,20,0.25,,600,520,440,2,7,7,200,0,4,500,1,22,14,,14,440,1,0,0,0,0,0,0,0,1,1,0,0,0,0,0,0,1,1,0,0,0,0,0,1,0,0,0,0,0,0,0,0,0,0,0,0,0,1,0,0,0,0,0,0,0,0,0,0,1,0,resistance,V2,tested
GENE003,4,1.69231655355,1.67019225527,722.5,0,0,0,1,0,0,0.0541608267275,0.119967425103,1.74647738028,0.0504399754306,0.262987075497,1,1.69231655355,1.67019225527,resistance,0,0,0.966666666667,0.899020433222,0.865123501335,0.932917365109,0.0830435274426,210030.5,median_ratio,SYN-SCREEN-07,SYN-SCREEN-07-DRUG-vs-CTRL,SYN-STUDY-07,SYN-SOURCE-FAMILY-07,SYN-FAMILY-07,2,2,0,1,1,1,1,1,1,1,2,2,,1,240,60,4,20,0.25,,600,520,440,2,7,7,200,0,4,500,1,22,14,,14,440,1,0,0,0,0,0,0,0,1,1,0,0,0,0,0,0,1,1,0,0,0,0,0,1,0,0,0,0,0,0,0,0,0,0,0,0,0,1,0,0,0,0,0,0,0,0,0,0,1,0,resistance,F0,tested
GENE004,4,1.69691368663,1.70982485885,840.75,0,0,0,1,0,0,0.0794697031658,0.115883795778,1.80220573424,0.0271388348258,0.275466058952,1,1.69691368663,1.70982485885,resistance,0,0,0.983333333333,0.899020433222,0.865123501335,0.932917365109,0.142244505302,210030.5,median_ratio,SYN-SCREEN-07,SYN-SCREEN-07-DRUG-vs-CTRL,SYN-STUDY-07,SYN-SOURCE-FAMILY-07,SYN-FAMILY-07,2,2,0,1,1,1,1,1,1,1,2,2,,1,240,60,4,20,0.25,,600,520,440,2,7,7,200,0,4,500,1,22,14,,14,440,1,0,0,0,0,0,0,0,1,1,0,0,0,0,0,0,1,1,0,0,0,0,0,1,0,0,0,0,0,0,0,0,0,0,0,0,0,1,0,0,0,0,0,0,0,0,0,0,1,0,resistance,F0,tested
GENE005,4,1.53816690769,1.54266810796,641.75,0,0,0,1,0,0,0.183059460632,0.309890477033,1.73022876887,0.141254304547,0.291696056432,1,1.53816690769,1.54266810796,resistance,0,0,0.883333333333,0.899020433222,0.865123501335,0.932917365109,0.0400168121453,210030.5,median_ratio,SYN-SCREEN-07,SYN-SCREEN-07-DRUG-vs-CTRL,SYN-STUDY-07,SYN-SOURCE-FAMILY-07,SYN-FAMILY-07,2,2,0,1,1,1,1,1,1,1,2,2,,1,240,60,4,20,0.25,,600,520,440,2,7,7,200,0,4,500,1,22,14,,14,440,1,0,0,0,0,0,0,0,1,1,0,0,0,0,0,0,1,1,0,0,0,0,0,1,0,0,0,0,0,0,0,0,0,0,0,0,0,1,0,0,0,0,0,0,0,0,0,0,1,0,resistance,U,unknown
GENE006,4,-1.53629167053,-1.57543482232,816.125,0,0,0,0,1,0,0.0709133125408,0.124269692277,1.68549128665,0.0164120219618,0.288884955606,1,1.53629167053,1.57543482232,sensitization,1,0,0.866666666667,0.899020433222,0.865123501335,0.932917365109,0.13859052938,210030.5,median_ratio,SYN-SCREEN-07,SYN-SCREEN-07-DRUG-vs-CTRL,SYN-STUDY-07,SYN-SOURCE-FAMILY-07,SYN-FAMILY-07,2,2,0,1,1,1,1,1,1,1,2,2,,1,240,60,4,20,0.25,,600,520,440,2,7,7,200,0,4,500,1,22,14,,14,440,1,0,0,0,0,0,0,0,1,1,0,0,0,0,0,0,1,1,0,0,0,0,0,1,0,0,0,0,0,0,0,0,0,0,0,0,0,1,0,0,0,0,0,0,0,0,0,0,1,0,sensitization,V2,tested
GENE007,4,-1.62175252467,-1.62857527074,851.25,0,0,0,0,1,0,0.25316380825,0.35599716976,1.88856182506,0.11086350934,0.316129157032,1,1.62175252467,1.62857527074,sensitization,1,0,0.933333333333,0.899020433222,0.865123501335,0.932917365109,0.00532487224191,210030.5,median_ratio,SYN-SCREEN-07,SYN-SCREEN-07-DRUG-vs-CTRL,SYN-STUDY-07,SYN-SOURCE-FAMILY-07,SYN-FAMILY-07,2,2,0,1,1,1,1,1,1,1,2,2,,1,240,60,4,20,0.25,,600,520,440,2,7,7,200,0,4,500,1,22,14,,14,440,1,0,0,0,0,0,0,0,1,1,0,0,0,0,0,0,1,1,0,0,0,0,0,1,0,0,0,0,0,0,0,0,0,0,0,0,0,1,0,0,0,0,0,0,0,0,0,0,1,0,sensitization,V2,tested
GENE008,4,-1.5900222722,-1.60264525498,936.875,0,0,0,0,1,0,0.189767181619,0.374600440971,1.80503541939,0.198851299063,0.288248176612,1,1.5900222722,1.60264525498,sensitization,1,0,0.916666666667,0.899020433222,0.865123501335,0.932917365109,0.0764735896094,210030.5,median_ratio,SYN-SCREEN-07,SYN-SCREEN-07-DRUG-vs-CTRL,SYN-STUDY-07,SYN-SOURCE-FAMILY-07,SYN-FAMILY-07,2,2,0,1,1,1,1,1,1,1,2,2,,1,240,60,4,20,0.25,,600,520,440,2,7,7,200,0,4,500,1,22,14,,14,440,1,0,0,0,0,0,0,0,1,1,0,0,0,0,0,0,1,1,0,0,0,0,0,1,0,0,0,0,0,0,0,0,0,0,0,0,0,1,0,0,0,0,0,0,0,0,0,0,1,0,sensitization,F0,tested
GENE009,4,-1.44149747371,-1.47448210427,666.75,0,0,0,0,1,0,0.198354821227,0.243585874768,1.70582155605,0.0141409512138,0.331963882393,1,1.44149747371,1.47448210427,sensitization,1,0,0.816666666667,0.899020433222,0.865123501335,0.932917365109,0.0485781408392,210030.5,median_ratio,SYN-SCREEN-07,SYN-SCREEN-07-DRUG-vs-CTRL,SYN-STUDY-07,SYN-SOURCE-FAMILY-07,SYN-FAMILY-07,2,2,0,1,1,1,1,1,1,1,2,2,,1,240,60,4,20,0.25,,600,520,440,2,7,7,200,0,4,500,1,22,14,,14,440,1,0,0,0,0,0,0,0,1,1,0,0,0,0,0,0,1,1,0,0,0,0,0,1,0,0,0,0,0,0,0,0,0,0,0,0,0,1,0,0,0,0,0,0,0,0,0,0,1,0,sensitization,D,tested
GENE010,4,-1.64498566245,-1.61790401541,922.5,0,0,0,0,1,0,0.142860477447,0.22697231242,1.7878461399,0.0658527887125,0.289522186044,1,1.64498566245,1.61790401541,sensitization,1,0,0.95,0.899020433222,0.865123501335,0.932917365109,0.0550818461796,210030.5,median_ratio,SYN-SCREEN-07,SYN-SCREEN-07-DRUG-vs-CTRL,SYN-STUDY-07,SYN-SOURCE-FAMILY-07,SYN-FAMILY-07,2,2,0,1,1,1,1,1,1,1,2,2,,1,240,60,4,20,0.25,,600,520,440,2,7,7,200,0,4,500,1,22,14,,14,440,1,0,0,0,0,0,0,0,1,1,0,0,0,0,0,0,1,1,0,0,0,0,0,1,0,0,0,0,0,0,0,0,0,0,0,0,0,1,0,0,0,0,0,0,0,0,0,0,1,0,sensitization,U,unknown
GENE011,4,-1.53902453292,-1.53853419357,624.875,0,0,0,0,1,0,0.0568624098458,0.0726122376986,1.59588694277,0.0176201395802,0.266079537096,1,1.53902453292,1.53853419357,sensitization,1,0,0.9,0.899020433222,0.865123501335,0.932917365109,0.101620493531,210030.5,median_ratio,SYN-SCREEN-07,SYN-SCREEN-07-DRUG-vs-CTRL,SYN-STUDY-07,SYN-SOURCE-FAMILY-07,SYN-FAMILY-07,2,2,0,1,1,1,1,1,1,1,2,2,,1,240,60,4,20,0.25,,600,520,440,2,7,7,200,0,4,500,1,22,14,,14,440,1,0,0,0,0,0,0,0,1,1,0,0,0,0,0,0,1,1,0,0,0,0,0,1,0,0,0,0,0,0,0,0,0,0,0,0,0,1,0,0,0,0,0,0,0,0,0,0,1,0,sensitization,U,unknown
GENE012,4,0.844123161306,0.820533427226,843.625,0,0,0,1,0,0,0.135548820509,0.200278588729,0.979671981815,0.0475044195706,0.327250765339,1,0.844123161306,0.820533427226,resistance,0,0,0.8,0.899020433222,0.865123501335,0.932917365109,0.17912000604,210030.5,median_ratio,SYN-SCREEN-07,SYN-SCREEN-07-DRUG-vs-CTRL,SYN-STUDY-07,SYN-SOURCE-FAMILY-07,SYN-FAMILY-07,2,2,0,1,1,1,1,1,1,1,2,2,,1,240,60,4,20,0.25,,600,520,440,2,7,7,200,0,4,500,1,22,14,,14,440,1,0,0,0,0,0,0,0,1,1,0,0,0,0,0,0,1,1,0,0,0,0,0,1,0,0,0,0,0,0,0,0,0,0,0,0,0,1,0,0,0,0,0,0,0,0,0,0,1,0,resistance,F0,tested
GENE013,4,-0.781498385387,-0.78180642874,835.5,0,0,0,0,1,0,0.0682523507903,0.105880236296,0.850366822883,0.0430932418258,0.282012076713,1,0.781498385387,0.78180642874,sensitization,1,0,0.766666666667,0.899020433222,0.865123501335,0.932917365109,0.173867578626,210030.5,median_ratio,SYN-SCREEN-07,SYN-SCREEN-07-DRUG-vs-CTRL,SYN-STUDY-07,SYN-SOURCE-FAMILY-07,SYN-FAMILY-07,2,2,0,1,1,1,1,1,1,1,2,2,,1,240,60,4,20,0.25,,600,520,440,2,7,7,200,0,4,500,1,22,14,,14,440,1,0,0,0,0,0,0,0,1,1,0,0,0,0,0,0,1,1,0,0,0,0,0,1,0,0,0,0,0,0,0,0,0,0,0,0,0,1,0,0,0,0,0,0,0,0,0,0,1,0,sensitization,F0,tested
GENE014,4,0.788643637546,0.786984340594,736.125,0,0,0,1,0,0,0.168168501741,0.276060005244,0.956812139286,0.122666386098,0.3236241123,1,0.788643637546,0.786984340594,resistance,0,0,0.783333333333,0.899020433222,0.865123501335,0.932917365109,0.0497750662087,210030.5,median_ratio,SYN-SCREEN-07,SYN-SCREEN-07-DRUG-vs-CTRL,SYN-STUDY-07,SYN-SOURCE-FAMILY-07,SYN-FAMILY-07,2,2,0,1,1,1,1,1,1,1,2,2,,1,240,60,4,20,0.25,,600,520,440,2,7,7,200,0,4,500,1,22,14,,14,440,1,0,0,0,0,0,0,0,1,1,0,0,0,0,0,0,1,1,0,0,0,0,0,1,0,0,0,0,0,0,0,0,0,0,0,0,0,1,0,0,0,0,0,0,0,0,0,0,1,0,resistance,V1,tested
GENE015,4,-0.583713522916,-0.614164507819,840.625,0,0,0,0,1,0,0.0832312341953,0.164224149599,0.727846726918,0.0583607943602,0.334372138881,1,0.583713522916,0.614164507819,sensitization,1,0,0.75,0.899020433222,0.865123501335,0.932917365109,0.179856167557,210030.5,median_ratio,SYN-SCREEN-07,SYN-SCREEN-07-DRUG-vs-CTRL,SYN-STUDY-07,SYN-SOURCE-FAMILY-07,SYN-FAMILY-07,2,2,0,1,1,1,1,1,1,1,2,2,,1,240,60,4,20,0.25,,600,520,440,2,7,7,200,0,4,500,1,22,14,,14,440,1,0,0,0,0,0,0,0,1,1,0,0,0,0,0,0,1,1,0,0,0,0,0,1,0,0,0,0,0,0,0,0,0,0,0,0,0,1,0,0,0,0,0,0,0,0,0,0,1,0,sensitization,A,tested
GENE016,4,0.293601125399,0.339081526994,707.375,0,0,0,0.75,0,0.25,0.240677579316,0.404187758692,0.625239507904,0.136289047948,0.560811837587,0.75,0.293601125399,0.339081526994,resistance,0,0,0.716666666667,0.899020433222,0.865123501335,0.932917365109,0.177115823659,210030.5,median_ratio,SYN-SCREEN-07,SYN-SCREEN-07-DRUG-vs-CTRL,SYN-STUDY-07,SYN-SOURCE-FAMILY-07,SYN-FAMILY-07,2,2,0,1,1,1,1,1,1,1,2,2,,1,240,60,4,20,0.25,,600,520,440,2,7,7,200,0,4,500,1,22,14,,14,440,1,0,0,0,0,0,0,0,1,1,0,0,0,0,0,0,1,1,0,0,0,0,0,1,0,0,0,0,0,0,0,0,0,0,0,0,0,1,0,0,0,0,0,0,0,0,0,0,1,0,resistance,T,tested
GENE017,4,-0.0605608625712,-0.0675641198693,1082.25,0,0,0,0,0.25,0.75,0.0429849791838,0.0696410529311,0.117552356351,0.0226931177345,0.549709203989,0.25,0.0605608625712,0.0675641198693,neutral,0,1,0.25,0.899020433222,0.865123501335,0.932917365109,0.0242847512239,210030.5,median_ratio,SYN-SCREEN-07,SYN-SCREEN-07-DRUG-vs-CTRL,SYN-STUDY-07,SYN-SOURCE-FAMILY-07,SYN-FAMILY-07,2,2,0,1,1,1,1,1,1,1,2,2,,1,240,60,4,20,0.25,,600,520,440,2,7,7,200,0,4,500,1,22,14,,14,440,1,0,0,0,0,0,0,0,1,1,0,0,0,0,0,0,1,1,0,0,0,0,0,1,0,0,0,0,0,0,0,0,0,0,0,0,0,1,0,0,0,0,0,0,0,0,0,0,1,0,sensitization,U,unknown
GENE018,4,0.197688687803,0.205342860396,781.125,0,0,0,0.5,0,0.5,0.149794983707,0.268626987221,0.362792016696,0.12837710122,0.507343564155,0.5,0.197688687803,0.205342860396,resistance,0,0,0.616666666667,0.899020433222,0.865123501335,0.932917365109,0.0306707154428,210030.5,median_ratio,SYN-SCREEN-07,SYN-SCREEN-07-DRUG-vs-CTRL,SYN-STUDY-07,SYN-SOURCE-FAMILY-07,SYN-FAMILY-07,2,2,0,1,1,1,1,1,1,1,2,2,,1,240,60,4,20,0.25,,600,520,440,2,7,7,200,0,4,500,1,22,14,,14,440,1,0,0,0,0,0,0,0,1,1,0,0,0,0,0,0,1,1,0,0,0,0,0,1,0,0,0,0,0,0,0,0,0,0,0,0,0,1,0,0,0,0,0,0,0,0,0,0,1,0,resistance,U,unknown
GENE019,4,0.0835986610419,0.0489889440198,1041.375,0,0,0,0.25,0,0.75,0.0270380412492,0.0721979556757,0.112745319138,0.0121823186229,0.323729166586,0.25,0.0835986610419,0.0489889440198,neutral,0,1,0.35,0.899020433222,0.865123501335,0.932917365109,0.140350378159,210030.5,median_ratio,SYN-SCREEN-07,SYN-SCREEN-07-DRUG-vs-CTRL,SYN-STUDY-07,SYN-SOURCE-FAMILY-07,SYN-FAMILY-07,2,2,0,1,1,1,1,1,1,1,2,2,,1,240,60,4,20,0.25,,600,520,440,2,7,7,200,0,4,500,1,22,14,,14,440,1,0,0,0,0,0,0,0,1,1,0,0,0,0,0,0,1,1,0,0,0,0,0,1,0,0,0,0,0,0,0,0,0,0,0,0,0,1,0,0,0,0,0,0,0,0,0,0,1,0,resistance,U,unknown
GENE020,4,-0.0707333255009,-0.094924695273,711.25,0,0,0,0,0.25,0.75,0.0401322667928,0.0675777374331,0.159248331838,0.00375751202438,0.623345749035,0.25,0.0707333255009,0.094924695273,neutral,0,1,0.3,0.899020433222,0.865123501335,0.932917365109,0.111414143311,210030.5,median_ratio,SYN-SCREEN-07,SYN-SCREEN-07-DRUG-vs-CTRL,SYN-STUDY-07,SYN-SOURCE-FAMILY-07,SYN-FAMILY-07,2,2,0,1,1,1,1,1,1,1,2,2,,1,240,60,4,20,0.25,,600,520,440,2,7,7,200,0,4,500,1,22,14,,14,440,1,0,0,0,0,0,0,0,1,1,0,0,0,0,0,0,1,1,0,0,0,0,0,1,0,0,0,0,0,0,0,0,0,0,0,0,0,1,0,0,0,0,0,0,0,0,0,0,1,0,sensitization,U,not_tested
GENE021,4,0.129115285871,0.0705949117988,682.125,0,0,0,0.75,0.25,0,0.0233694338391,0.101733323209,0.15248471971,0.022913317797,0.285679996558,0.75,0.129115285871,0.0705949117988,resistance,0,0,0.45,0.899020433222,0.865123501335,0.932917365109,0.00199341224432,210030.5,median_ratio,SYN-SCREEN-07,SYN-SCREEN-07-DRUG-vs-CTRL,SYN-STUDY-07,SYN-SOURCE-FAMILY-07,SYN-FAMILY-07,2,2,0,1,1,1,1,1,1,1,2,2,,1,240,60,4,20,0.25,,600,520,440,2,7,7,200,0,4,500,1,22,14,,14,440,1,0,0,0,0,0,0,0,1,1,0,0,0,0,0,0,1,1,0,0,0,0,0,1,0,0,0,0,0,0,0,0,0,0,0,0,0,1,0,0,0,0,0,0,0,0,0,0,1,0,sensitization,U,unknown
GENE022,4,0.166794497119,0.139598318692,789.25,0,0,0,0.75,0,0.25,0.0575044905721,0.111353815904,0.224298987691,0.0307764030815,0.412140782315,0.75,0.166794497119,0.139598318692,resistance,0,0,0.5,0.899020433222,0.865123501335,0.932917365109,0.0724594977921,210030.5,median_ratio,SYN-SCREEN-07,SYN-SCREEN-07-DRUG-vs-CTRL,SYN-STUDY-07,SYN-SOURCE-FAMILY-07,SYN-FAMILY-07,2,2,0,1,1,1,1,1,1,1,2,2,,1,240,60,4,20,0.25,,600,520,440,2,7,7,200,0,4,500,1,22,14,,14,440,1,0,0,0,0,0,0,0,1,1,0,0,0,0,0,0,1,1,0,0,0,0,0,1,0,0,0,0,0,0,0,0,0,0,0,0,0,1,0,0,0,0,0,0,0,0,0,0,1,0,resistance,U,unknown
GENE023,4,-0.185039341485,-0.212309916233,722.125,0,0,0,0,0.75,0.25,0.102020211789,0.162189960923,0.34160070277,0.0379886943756,0.547858171118,0.75,0.185039341485,0.212309916233,sensitization,1,0,0.566666666667,0.899020433222,0.865123501335,0.932917365109,0.0215561609315,210030.5,median_ratio,SYN-SCREEN-07,SYN-SCREEN-07-DRUG-vs-CTRL,SYN-STUDY-07,SYN-SOURCE-FAMILY-07,SYN-FAMILY-07,2,2,0,1,1,1,1,1,1,1,2,2,,1,240,60,4,20,0.25,,600,520,440,2,7,7,200,0,4,500,1,22,14,,14,440,1,0,0,0,0,0,0,0,1,1,0,0,0,0,0,0,1,1,0,0,0,0,0,1,0,0,0,0,0,0,0,0,0,0,0,0,0,1,0,0,0,0,0,0,0,0,0,0,1,0,sensitization,U,unknown
GENE024,4,-0.291507383197,-0.221923450687,736.125,0,0,0,0,0.75,0.25,0.0431729928233,0.137812115857,0.33468037602,0.0289312419874,0.358559480981,0.75,0.291507383197,0.221923450687,sensitization,1,0,0.7,0.899020433222,0.865123501335,0.932917365109,0.0431286480282,210030.5,median_ratio,SYN-SCREEN-07,SYN-SCREEN-07-DRUG-vs-CTRL,SYN-STUDY-07,SYN-SOURCE-FAMILY-07,SYN-FAMILY-07,2,2,0,1,1,1,1,1,1,1,2,2,,1,240,60,4,20,0.25,,600,520,440,2,7,7,200,0,4,500,1,22,14,,14,440,1,0,0,0,0,0,0,0,1,1,0,0,0,0,0,0,1,1,0,0,0,0,0,1,0,0,0,0,0,0,0,0,0,0,0,0,0,1,0,0,0,0,0,0,0,0,0,0,1,0,sensitization,U,not_tested
GENE025,4,0.0209080554442,-0.058952774854,891.25,0,0,0,0,0.25,0.75,0.0489329864501,0.164421573575,0.22195987667,0.0411393899887,0.700292706069,0.25,0.0209080554442,0.058952774854,neutral,0,1,0.1,0.899020433222,0.865123501335,0.932917365109,0.159461723226,210030.5,median_ratio,SYN-SCREEN-07,SYN-SCREEN-07-DRUG-vs-CTRL,SYN-STUDY-07,SYN-SOURCE-FAMILY-07,SYN-FAMILY-07,2,2,0,1,1,1,1,1,1,1,2,2,,1,240,60,4,20,0.25,,600,520,440,2,7,7,200,0,4,500,1,22,14,,14,440,1,0,0,0,0,0,0,0,1,1,0,0,0,0,0,0,1,1,0,0,0,0,0,1,0,0,0,0,0,0,0,0,0,0,0,0,0,1,0,0,0,0,0,0,0,0,0,0,1,0,sensitization,U,unknown
GENE026,4,-0.246980663041,-0.235351491453,978.125,0,0,0,0,1,0,0.0415601733664,0.0717491152761,0.288540836407,0.0214309767829,0.330931872928,1,0.246980663041,0.235351491453,sensitization,1,0,0.666666666667,0.899020433222,0.865123501335,0.932917365109,0.0683436087858,210030.5,median_ratio,SYN-SCREEN-07,SYN-SCREEN-07-DRUG-vs-CTRL,SYN-STUDY-07,SYN-SOURCE-FAMILY-07,SYN-FAMILY-07,2,2,0,1,1,1,1,1,1,1,2,2,,1,240,60,4,20,0.25,,600,520,440,2,7,7,200,0,4,500,1,22,14,,14,440,1,0,0,0,0,0,0,0,1,1,0,0,0,0,0,0,1,1,0,0,0,0,0,1,0,0,0,0,0,0,0,0,0,0,0,0,0,1,0,0,0,0,0,0,0,0,0,0,1,0,sensitization,U,unknown
GENE027,4,0.0622553946515,0.0639264183519,991.75,0,0,0,0.25,0,0.75,0.058496901068,0.0736861179941,0.12409434312,0.0156094649957,0.509883442044,0.25,0.0622553946515,0.0639264183519,neutral,0,1,0.266666666667,0.899020433222,0.865123501335,0.932917365109,0.0439861668049,210030.5,median_ratio,SYN-SCREEN-07,SYN-SCREEN-07-DRUG-vs-CTRL,SYN-STUDY-07,SYN-SOURCE-FAMILY-07,SYN-FAMILY-07,2,2,0,1,1,1,1,1,1,1,2,2,,1,240,60,4,20,0.25,,600,520,440,2,7,7,200,0,4,500,1,22,14,,14,440,1,0,0,0,0,0,0,0,1,1,0,0,0,0,0,0,1,1,0,0,0,0,0,1,0,0,0,0,0,0,0,0,0,0,0,0,0,1,0,0,0,0,0,0,0,0,0,0,1,0,resistance,U,unknown
GENE028,4,-0.0467547710549,-0.0459558024385,774,0,0,0,0,0.25,0.75,0.0565155878775,0.0655592257139,0.106384443768,0.0095201239871,0.494782730098,0.25,0.0467547710549,0.0459558024385,neutral,0,1,0.166666666667,0.899020433222,0.865123501335,0.932917365109,0.111525956388,210030.5,median_ratio,SYN-SCREEN-07,SYN-SCREEN-07-DRUG-vs-CTRL,SYN-STUDY-07,SYN-SOURCE-FAMILY-07,SYN-FAMILY-07,2,2,0,1,1,1,1,1,1,1,2,2,,1,240,60,4,20,0.25,,600,520,440,2,7,7,200,0,4,500,1,22,14,,14,440,1,0,0,0,0,0,0,0,1,1,0,0,0,0,0,0,1,1,0,0,0,0,0,1,0,0,0,0,0,0,0,0,0,0,0,0,0,1,0,0,0,0,0,0,0,0,0,0,1,0,resistance,U,not_tested
GENE029,4,0.0600596901895,0.0592597306349,880.875,0,0,0,0.25,0,0.75,0.0420971994959,0.065638023643,0.102156889685,0.0262588885881,0.493502240861,0.25,0.0600596901895,0.0592597306349,neutral,0,1,0.233333333333,0.899020433222,0.865123501335,0.932917365109,0.0116038855378,210030.5,median_ratio,SYN-SCREEN-07,SYN-SCREEN-07-DRUG-vs-CTRL,SYN-STUDY-07,SYN-SOURCE-FAMILY-07,SYN-FAMILY-07,2,2,0,1,1,1,1,1,1,1,2,2,,1,240,60,4,20,0.25,,600,520,440,2,7,7,200,0,4,500,1,22,14,,14,440,1,0,0,0,0,0,0,0,1,1,0,0,0,0,0,0,1,1,0,0,0,0,0,1,0,0,0,0,0,0,0,0,0,0,0,0,0,1,0,0,0,0,0,0,0,0,0,0,1,0,resistance,U,unknown
GENE030,4,0.0462753376453,-0.0190667362282,935.75,0,0,0,0.5,0.25,0.25,0.100833616949,0.265564769774,0.232962302693,0.114764622974,0.477463206599,0.5,0.0462753376453,0.0190667362282,neutral,0,1,0.15,0.899020433222,0.865123501335,0.932917365109,0.169792558167,210030.5,median_ratio,SYN-SCREEN-07,SYN-SCREEN-07-DRUG-vs-CTRL,SYN-STUDY-07,SYN-SOURCE-FAMILY-07,SYN-FAMILY-07,2,2,0,1,1,1,1,1,1,1,2,2,,1,240,60,4,20,0.25,,600,520,440,2,7,7,200,0,4,500,1,22,14,,14,440,1,0,0,0,0,0,0,0,1,1,0,0,0,0,0,0,1,1,0,0,0,0,0,1,0,0,0,0,0,0,0,0,0,0,0,0,0,1,0,0,0,0,0,0,0,0,0,0,1,0,resistance,U,unknown
GENE031,4,-0.0546549850212,-0.0531011723108,723.25,0,0,0,0,0.25,0.75,0.0448334287877,0.0532728226463,0.0994884138089,0.00795078425887,0.488944288187,0.25,0.0546549850212,0.0531011723108,neutral,0,1,0.2,0.899020433222,0.865123501335,0.932917365109,0.058336171728,210030.5,median_ratio,SYN-SCREEN-07,SYN-SCREEN-07-DRUG-vs-CTRL,SYN-STUDY-07,SYN-SOURCE-FAMILY-07,SYN-FAMILY-07,2,2,0,1,1,1,1,1,1,1,2,2,,1,240,60,4,20,0.25,,600,520,440,2,7,7,200,0,4,500,1,22,14,,14,440,1,0,0,0,0,0,0,0,1,1,0,0,0,0,0,0,1,1,0,0,0,0,0,1,0,0,0,0,0,0,0,0,0,0,0,0,0,1,0,0,0,0,0,0,0,0,0,0,1,0,sensitization,U,unknown
GENE032,4,0.0378682712078,0.0517355753911,763.125,0,0,0,0.25,0,0.75,0.0273905393876,0.0644944916288,0.092993418962,0.0268313700226,0.603462500002,0.25,0.0378682712078,0.0517355753911,neutral,0,1,0.133333333333,0.899020433222,0.865123501335,0.932917365109,0.186816440699,210030.5,median_ratio,SYN-SCREEN-07,SYN-SCREEN-07-DRUG-vs-CTRL,SYN-STUDY-07,SYN-SOURCE-FAMILY-07,SYN-FAMILY-07,2,2,0,1,1,1,1,1,1,1,2,2,,1,240,60,4,20,0.25,,600,520,440,2,7,7,200,0,4,500,1,22,14,,14,440,1,0,0,0,0,0,0,0,1,1,0,0,0,0,0,0,1,1,0,0,0,0,0,1,0,0,0,0,0,0,0,0,0,0,0,0,0,1,0,0,0,0,0,0,0,0,0,0,1,0,sensitization,U,not_tested
GENE033,4,0.118109425778,0.11795257015,675.25,0,0,0,0.5,0,0.5,0.0901101007346,0.12835464929,0.208219526513,0.0439798795288,0.499397995665,0.5,0.118109425778,0.11795257015,resistance,0,0,0.416666666667,0.899020433222,0.865123501335,0.932917365109,0.0563971571563,210030.5,median_ratio,SYN-SCREEN-07,SYN-SCREEN-07-DRUG-vs-CTRL,SYN-STUDY-07,SYN-SOURCE-FAMILY-07,SYN-FAMILY-07,2,2,0,1,1,1,1,1,1,1,2,2,,1,240,60,4,20,0.25,,600,520,440,2,7,7,200,0,4,500,1,22,14,,14,440,1,0,0,0,0,0,0,0,1,1,0,0,0,0,0,0,1,1,0,0,0,0,0,1,0,0,0,0,0,0,0,0,0,0,0,0,0,1,0,0,0,0,0,0,0,0,0,0,1,0,resistance,U,unknown
GENE034,4,-0.0553054805733,-0.0434808232582,1076.125,0,0,0,0.25,0.5,0.25,0.136597068965,0.250254255036,0.195010923803,0.11758607578,0.38179567006,0.5,0.0553054805733,0.0434808232582,neutral,0,1,0.216666666667,0.899020433222,0.865123501335,0.932917365109,0.0741523144181,210030.5,median_ratio,SYN-SCREEN-07,SYN-SCREEN-07-DRUG-vs-CTRL,SYN-STUDY-07,SYN-SOURCE-FAMILY-07,SYN-FAMILY-07,2,2,0,1,1,1,1,1,1,1,2,2,,1,240,60,4,20,0.25,,600,520,440,2,7,7,200,0,4,500,1,22,14,,14,440,1,0,0,0,0,0,0,0,1,1,0,0,0,0,0,0,1,1,0,0,0,0,0,1,0,0,0,0,0,0,0,0,0,0,0,0,0,1,0,0,0,0,0,0,0,0,0,0,1,0,resistance,U,unknown
GENE035,4,0.191689111716,0.158258419373,827.25,0,0,0,0.5,0.25,0.25,0.198862163313,0.32827936515,0.390551275029,0.11083567419,0.440333054365,0.5,0.191689111716,0.158258419373,resistance,0,0,0.6,0.899020433222,0.865123501335,0.932917365109,0.0393538989818,210030.5,median_ratio,SYN-SCREEN-07,SYN-SCREEN-07-DRUG-vs-CTRL,SYN-STUDY-07,SYN-SOURCE-FAMILY-07,SYN-FAMILY-07,2,2,0,1,1,1,1,1,1,1,2,2,,1,240,60,4,20,0.25,,600,520,440,2,7,7,200,0,4,500,1,22,14,,14,440,1,0,0,0,0,0,0,0,1,1,0,0,0,0,0,0,1,1,0,0,0,0,0,1,0,0,0,0,0,0,0,0,0,0,0,0,0,1,0,0,0,0,0,0,0,0,0,0,1,0,resistance,U,unknown
GENE036,4,-0.157905426536,-0.132375603871,913.625,0,0,0,0,0.75,0.25,0.036611658406,0.0913194594758,0.194517084942,0.0336918273734,0.381397249638,0.75,0.157905426536,0.132375603871,sensitization,1,0,0.483333333333,0.899020433222,0.865123501335,0.932917365109,0.0559701565769,210030.5,median_ratio,SYN-SCREEN-07,SYN-SCREEN-07-DRUG-vs-CTRL,SYN-STUDY-07,SYN-SOURCE-FAMILY-07,SYN-FAMILY-07,2,2,0,1,1,1,1,1,1,1,2,2,,1,240,60,4,20,0.25,,600,520,440,2,7,7,200,0,4,500,1,22,14,,14,440,1,0,0,0,0,0,0,0,1,1,0,0,0,0,0,0,1,1,0,0,0,0,0,1,0,0,0,0,0,0,0,0,0,0,0,0,0,1,0,0,0,0,0,0,0,0,0,0,1,0,sensitization,U,not_tested
GENE037,4,-0.0789399670389,-0.026873515614,788.5,0,0,0,0.25,0.5,0.25,0.136913471322,0.30334766387,0.263592104371,0.132060492248,0.382031376646,0.5,0.0789399670389,0.026873515614,neutral,0,1,0.316666666667,0.899020433222,0.865123501335,0.932917365109,0.00308201975809,210030.5,median_ratio,SYN-SCREEN-07,SYN-SCREEN-07-DRUG-vs-CTRL,SYN-STUDY-07,SYN-SOURCE-FAMILY-07,SYN-FAMILY-07,2,2,0,1,1,1,1,1,1,1,2,2,,1,240,60,4,20,0.25,,600,520,440,2,7,7,200,0,4,500,1,22,14,,14,440,1,0,0,0,0,0,0,0,1,1,0,0,0,0,0,0,1,1,0,0,0,0,0,1,0,0,0,0,0,0,0,0,0,0,0,0,0,1,0,0,0,0,0,0,0,0,0,0,1,0,sensitization,U,unknown
GENE038,4,0.150925205622,0.114241523766,956.125,0,0,0,0.5,0.25,0.25,0.184187110263,0.340828813769,0.335112315885,0.138515592182,0.422396866056,0.5,0.150925205622,0.114241523766,resistance,0,0,0.466666666667,0.899020433222,0.865123501335,0.932917365109,0.0143933805746,210030.5,median_ratio,SYN-SCREEN-07,SYN-SCREEN-07-DRUG-vs-CTRL,SYN-STUDY-07,SYN-SOURCE-FAMILY-07,SYN-FAMILY-07,2,2,0,1,1,1,1,1,1,1,2,2,,1,240,60,4,20,0.25,,600,520,440,2,7,7,200,0,4,500,1,22,14,,14,440,1,0,0,0,0,0,0,0,1,1,0,0,0,0,0,0,1,1,0,0,0,0,0,1,0,0,0,0,0,0,0,0,0,0,0,0,0,1,0,0,0,0,0,0,0,0,0,0,1,0,resistance,U,unknown
GENE039,4,0.109964425808,0.0790928945146,788.375,0,0,0,0.5,0.25,0.25,0.129431415913,0.186951679522,0.293957162096,0.0307713055526,0.423570484426,0.5,0.109964425808,0.0790928945146,resistance,0,0,0.366666666667,0.899020433222,0.865123501335,0.932917365109,0.106257543984,210030.5,median_ratio,SYN-SCREEN-07,SYN-SCREEN-07-DRUG-vs-CTRL,SYN-STUDY-07,SYN-SOURCE-FAMILY-07,SYN-FAMILY-07,2,2,0,1,1,1,1,1,1,1,2,2,,1,240,60,4,20,0.25,,600,520,440,2,7,7,200,0,4,500,1,22,14,,14,440,1,0,0,0,0,0,0,0,1,1,0,0,0,0,0,0,1,1,0,0,0,0,0,1,0,0,0,0,0,0,0,0,0,0,0,0,0,1,0,0,0,0,0,0,0,0,0,0,1,0,sensitization,U,unknown
GENE040,4,-0.0366377599173,-0.0847966781485,1122.25,0,0,0,0,0.25,0.75,0.0322506117035,0.108427250106,0.165206208083,0.0323520765665,0.783512225596,0.25,0.0366377599173,0.0847966781485,neutral,0,1,0.116666666667,0.899020433222,0.865123501335,0.932917365109,0.0466367851545,210030.5,median_ratio,SYN-SCREEN-07,SYN-SCREEN-07-DRUG-vs-CTRL,SYN-STUDY-07,SYN-SOURCE-FAMILY-07,SYN-FAMILY-07,2,2,0,1,1,1,1,1,1,1,2,2,,1,240,60,4,20,0.25,,600,520,440,2,7,7,200,0,4,500,1,22,14,,14,440,1,0,0,0,0,0,0,0,1,1,0,0,0,0,0,0,1,1,0,0,0,0,0,1,0,0,0,0,0,0,0,0,0,0,0,0,0,1,0,0,0,0,0,0,0,0,0,0,1,0,sensitization,U,not_tested
GENE041,4,0.168035201232,0.0805190495007,810.25,0,0,0,0.75,0.25,0,0.0487738251108,0.150118022638,0.258751907888,0.0159672519257,0.31133673492,0.75,0.168035201232,0.0805190495007,resistance,0,0,0.516666666667,0.899020433222,0.865123501335,0.932917365109,0.0832627583132,210030.5,median_ratio,SYN-SCREEN-07,SYN-SCREEN-07-DRUG-vs-CTRL,SYN-STUDY-07,SYN-SOURCE-FAMILY-07,SYN-FAMILY-07,2,2,0,1,1,1,1,1,1,1,2,2,,1,240,60,4,20,0.25,,600,520,440,2,7,7,200,0,4,500,1,22,14,,14,440,1,0,0,0,0,0,0,0,1,1,0,0,0,0,0,0,1,1,0,0,0,0,0,1,0,0,0,0,0,0,0,0,0,0,0,0,0,1,0,0,0,0,0,0,0,0,0,0,1,0,sensitization,U,unknown
GENE042,4,-0.21397890264,-0.176912021894,756.375,0,0,0,0,0.75,0.25,0.0556394190843,0.129420108754,0.269618321725,0.0423934549296,0.397796634799,0.75,0.21397890264,0.176912021894,sensitization,1,0,0.633333333333,0.899020433222,0.865123501335,0.932917365109,0.0989559656038,210030.5,median_ratio,SYN-SCREEN-07,SYN-SCREEN-07-DRUG-vs-CTRL,SYN-STUDY-07,SYN-SOURCE-FAMILY-07,SYN-FAMILY-07,2,2,0,1,1,1,1,1,1,1,2,2,,1,240,60,4,20,0.25,,600,520,440,2,7,7,200,0,4,500,1,22,14,,14,440,1,0,0,0,0,0,0,0,1,1,0,0,0,0,0,0,1,1,0,0,0,0,0,1,0,0,0,0,0,0,0,0,0,0,0,0,0,1,0,0,0,0,0,0,0,0,0,0,1,0,sensitization,U,unknown
GENE043,4,-0.118892186761,-0.168584794224,989.125,0,0,0,0,0.5,0.5,0.09841818797,0.20753262069,0.316695589658,0.068614413615,0.639706864697,0.5,0.118892186761,0.168584794224,sensitization,1,0,0.433333333333,0.899020433222,0.865123501335,0.932917365109,0.0783390909971,210030.5,median_ratio,SYN-SCREEN-07,SYN-SCREEN-07-DRUG-vs-CTRL,SYN-STUDY-07,SYN-SOURCE-FAMILY-07,SYN-FAMILY-07,2,2,0,1,1,1,1,1,1,1,2,2,,1,240,60,4,20,0.25,,600,520,440,2,7,7,200,0,4,500,1,22,14,,14,440,1,0,0,0,0,0,0,0,1,1,0,0,0,0,0,0,1,1,0,0,0,0,0,1,0,0,0,0,0,0,0,0,0,0,0,0,0,1,0,0,0,0,0,0,0,0,0,0,1,0,sensitization,U,unknown
GENE044,4,-0.00436382711669,-0.0574446512706,961.625,0,0,0,0.5,0.5,0,0.137705590309,0.302697881834,0.269661361555,0.129224231624,0.498183843501,0.5,0.00436382711669,0.0574446512706,neutral,0,1,0.0166666666667,0.899020433222,0.865123501335,0.932917365109,0.0253880321907,210030.5,median_ratio,SYN-SCREEN-07,SYN-SCREEN-07-DRUG-vs-CTRL,SYN-STUDY-07,SYN-SOURCE-FAMILY-07,SYN-FAMILY-07,2,2,0,1,1,1,1,1,1,1,2,2,,1,240,60,4,20,0.25,,600,520,440,2,7,7,200,0,4,500,1,22,14,,14,440,1,0,0,0,0,0,0,0,1,1,0,0,0,0,0,0,1,1,0,0,0,0,0,1,0,0,0,0,0,0,0,0,0,0,0,0,0,1,0,0,0,0,0,0,0,0,0,0,1,0,resistance,U,not_tested
GENE045,4,-0.0162482334917,0.00385273442542,509.375,0,0,0,0.25,0,0.75,0.0520097389254,0.112193531611,0.104138588916,0.0462836593404,0.4440820818,0.25,0.0162482334917,0.00385273442542,neutral,0,1,0.0833333333333,0.899020433222,0.865123501335,0.932917365109,0.0958680059617,210030.5,median_ratio,SYN-SCREEN-07,SYN-SCREEN-07-DRUG-vs-CTRL,SYN-STUDY-07,SYN-SOURCE-FAMILY-07,SYN-FAMILY-07,2,2,0,1,1,1,1,1,1,1,2,2,,1,240,60,4,20,0.25,,600,520,440,2,7,7,200,0,4,500,1,22,14,,14,440,1,0,0,0,0,0,0,0,1,1,0,0,0,0,0,0,1,1,0,0,0,0,0,1,0,0,0,0,0,0,0,0,0,0,0,0,0,1,0,0,0,0,0,0,0,0,0,0,1,0,sensitization,U,unknown
GENE046,4,0.117706007144,0.096516900642,776.875,0,0,0,0.5,0.25,0.25,0.224008357425,0.454606060662,0.34171436457,0.24180421939,0.363293036919,0.5,0.117706007144,0.096516900642,resistance,0,0,0.4,0.899020433222,0.865123501335,0.932917365109,0.192678920711,210030.5,median_ratio,SYN-SCREEN-07,SYN-SCREEN-07-DRUG-vs-CTRL,SYN-STUDY-07,SYN-SOURCE-FAMILY-07,SYN-FAMILY-07,2,2,0,1,1,1,1,1,1,1,2,2,,1,240,60,4,20,0.25,,600,520,440,2,7,7,200,0,4,500,1,22,14,,14,440,1,0,0,0,0,0,0,0,1,1,0,0,0,0,0,0,1,1,0,0,0,0,0,1,0,0,0,0,0,0,0,0,0,0,0,0,0,1,0,0,0,0,0,0,0,0,0,0,1,0,sensitization,U,unknown
GENE047,4,-0.172839031699,-0.132854412584,750,0,0,0,0,0.75,0.25,0.0603564006749,0.121524414749,0.233195432373,0.0244604775652,0.386516197949,0.75,0.172839031699,0.132854412584,sensitization,1,0,0.55,0.899020433222,0.865123501335,0.932917365109,0.165125093738,210030.5,median_ratio,SYN-SCREEN-07,SYN-SCREEN-07-DRUG-vs-CTRL,SYN-STUDY-07,SYN-SOURCE-FAMILY-07,SYN-FAMILY-07,2,2,0,1,1,1,1,1,1,1,2,2,,1,240,60,4,20,0.25,,600,520,440,2,7,7,200,0,4,500,1,22,14,,14,440,1,0,0,0,0,0,0,0,1,1,0,0,0,0,0,0,1,1,0,0,0,0,0,1,0,0,0,0,0,0,0,0,0,0,0,0,0,1,0,0,0,0,0,0,0,0,0,0,1,0,sensitization,U,unknown
GENE048,4,-0.0158245951543,-0.0192581544363,691.125,0,0,0,0.25,0.5,0.25,0.127543657765,0.217884495642,0.175047155501,0.100351881382,0.377429895207,0.5,0.0158245951543,0.0192581544363,neutral,0,1,0.0666666666667,0.899020433222,0.865123501335,0.932917365109,0.201553191465,210030.5,median_ratio,SYN-SCREEN-07,SYN-SCREEN-07-DRUG-vs-CTRL,SYN-STUDY-07,SYN-SOURCE-FAMILY-07,SYN-FAMILY-07,2,2,0,1,1,1,1,1,1,1,2,2,,1,240,60,4,20,0.25,,600,520,440,2,7,7,200,0,4,500,1,22,14,,14,440,1,0,0,0,0,0,0,0,1,1,0,0,0,0,0,0,1,1,0,0,0,0,0,1,0,0,0,0,0,0,0,0,0,0,0,0,0,1,0,0,0,0,0,0,0,0,0,0,1,0,sensitization,U,not_tested
GENE049,4,0.172643693311,0.134466182632,706.125,0,0,0,0.75,0,0.25,0.0675612489552,0.17154651648,0.240204942266,0.0759882522593,0.380063157898,0.75,0.172643693311,0.134466182632,resistance,0,0,0.533333333333,0.899020433222,0.865123501335,0.932917365109,0.158078353407,210030.5,median_ratio,SYN-SCREEN-07,SYN-SCREEN-07-DRUG-vs-CTRL,SYN-STUDY-07,SYN-SOURCE-FAMILY-07,SYN-FAMILY-07,2,2,0,1,1,1,1,1,1,1,2,2,,1,240,60,4,20,0.25,,600,520,440,2,7,7,200,0,4,500,1,22,14,,14,440,1,0,0,0,0,0,0,0,1,1,0,0,0,0,0,0,1,1,0,0,0,0,0,1,0,0,0,0,0,0,0,0,0,0,0,0,0,1,0,0,0,0,0,0,0,0,0,0,1,0,resistance,U,unknown
GENE050,4,0.0509808934866,0.0921545342709,805.375,0,0,0,0.5,0.25,0.25,0.1562935818,0.282811300308,0.309590367444,0.0985468524955,0.560749445785,0.5,0.0509808934866,0.0921545342709,neutral,0,1,0.183333333333,0.899020433222,0.865123501335,0.932917365109,0.0684331947921,210030.5,median_ratio,SYN-SCREEN-07,SYN-SCREEN-07-DRUG-vs-CTRL,SYN-STUDY-07,SYN-SOURCE-FAMILY-07,SYN-FAMILY-07,2,2,0,1,1,1,1,1,1,1,2,2,,1,240,60,4,20,0.25,,600,520,440,2,7,7,200,0,4,500,1,22,14,,14,440,1,0,0,0,0,0,0,0,1,1,0,0,0,0,0,0,1,1,0,0,0,0,0,1,0,0,0,0,0,0,0,0,0,0,0,0,0,1,0,0,0,0,0,0,0,0,0,0,1,0,resistance,U,unknown
GENE051,4,0.0792329744516,0.0660014840768,742.5,0,0,0,0.5,0.25,0.25,0.160868581595,0.266284469505,0.256015746404,0.106445373465,0.443402660051,0.5,0.0792329744516,0.0660014840768,neutral,0,1,0.333333333333,0.899020433222,0.865123501335,0.932917365109,0.0297082960396,210030.5,median_ratio,SYN-SCREEN-07,SYN-SCREEN-07-DRUG-vs-CTRL,SYN-STUDY-07,SYN-SOURCE-FAMILY-07,SYN-FAMILY-07,2,2,0,1,1,1,1,1,1,1,2,2,,1,240,60,4,20,0.25,,600,520,440,2,7,7,200,0,4,500,1,22,14,,14,440,1,0,0,0,0,0,0,0,1,1,0,0,0,0,0,0,1,1,0,0,0,0,0,1,0,0,0,0,0,0,0,0,0,0,0,0,0,1,0,0,0,0,0,0,0,0,0,0,1,0,sensitization,U,unknown
GENE052,4,0.373407680261,0.403593547909,672.5,0,0,0,1,0,0,0.0847346562288,0.159936582819,0.518514071785,0.0519800674962,0.3831852662,1,0.373407680261,0.403593547909,resistance,0,0,0.733333333333,0.899020433222,0.865123501335,0.932917365109,0.0415441477692,210030.5,median_ratio,SYN-SCREEN-07,SYN-SCREEN-07-DRUG-vs-CTRL,SYN-STUDY-07,SYN-SOURCE-FAMILY-07,SYN-FAMILY-07,2,2,0,1,1,1,1,1,1,1,2,2,,1,240,60,4,20,0.25,,600,520,440,2,7,7,200,0,4,500,1,22,14,,14,440,1,0,0,0,0,0,0,0,1,1,0,0,0,0,0,0,1,1,0,0,0,0,0,1,0,0,0,0,0,0,0,0,0,0,0,0,0,1,0,0,0,0,0,0,0,0,0,0,1,0,resistance,U,not_tested
GENE053,4,-0.0157100807743,0.0406218692392,742.75,0,0,0,0.25,0.25,0.5,0.0913521998014,0.19724995421,0.245802495234,0.0572336610206,0.580218518569,0.25,0.0157100807743,0.0406218692392,neutral,0,1,0.05,0.899020433222,0.865123501335,0.932917365109,0.174673422714,210030.5,median_ratio,SYN-SCREEN-07,SYN-SCREEN-07-DRUG-vs-CTRL,SYN-STUDY-07,SYN-SOURCE-FAMILY-07,SYN-FAMILY-07,2,2,0,1,1,1,1,1,1,1,2,2,,1,240,60,4,20,0.25,,600,520,440,2,7,7,200,0,4,500,1,22,14,,14,440,1,0,0,0,0,0,0,0,1,1,0,0,0,0,0,0,1,1,0,0,0,0,0,1,0,0,0,0,0,0,0,0,0,0,0,0,0,1,0,0,0,0,0,0,0,0,0,0,1,0,resistance,U,unknown
GENE054,4,0.117226527849,0.120567709781,565.5,0,0,0,0.5,0,0.5,0.076333586312,0.11688660896,0.200242478026,0.042968532508,0.510183422938,0.5,0.117226527849,0.120567709781,resistance,0,0,0.383333333333,0.899020433222,0.865123501335,0.932917365109,0.128981911117,210030.5,median_ratio,SYN-SCREEN-07,SYN-SCREEN-07-DRUG-vs-CTRL,SYN-STUDY-07,SYN-SOURCE-FAMILY-07,SYN-FAMILY-07,2,2,0,1,1,1,1,1,1,1,2,2,,1,240,60,4,20,0.25,,600,520,440,2,7,7,200,0,4,500,1,22,14,,14,440,1,0,0,0,0,0,0,0,1,1,0,0,0,0,0,0,1,1,0,0,0,0,0,1,0,0,0,0,0,0,0,0,0,0,0,0,0,1,0,0,0,0,0,0,0,0,0,0,1,0,resistance,U,unknown
GENE055,4,0.188766970848,0.157364045695,755.625,0,0,0,0.75,0,0.25,0.065507548274,0.142692983161,0.254274519122,0.0528650886378,0.406762408173,0.75,0.188766970848,0.157364045695,resistance,0,0,0.583333333333,0.899020433222,0.865123501335,0.932917365109,0.0338795878306,210030.5,median_ratio,SYN-SCREEN-07,SYN-SCREEN-07-DRUG-vs-CTRL,SYN-STUDY-07,SYN-SOURCE-FAMILY-07,SYN-FAMILY-07,2,2,0,1,1,1,1,1,1,1,2,2,,1,240,60,4,20,0.25,,600,520,440,2,7,7,200,0,4,500,1,22,14,,14,440,1,0,0,0,0,0,0,0,1,1,0,0,0,0,0,0,1,1,0,0,0,0,0,1,0,0,0,0,0,0,0,0,0,0,0,0,0,1,0,0,0,0,0,0,0,0,0,0,1,0,resistance,U,unknown
GENE056,4,-0.0677082348969,-0.0678489560046,923.75,0,0,0,0.25,0.5,0.25,0.131661640573,0.206072269365,0.199651317685,0.085759502389,0.488087788238,0.5,0.0677082348969,0.0678489560046,neutral,0,1,0.283333333333,0.899020433222,0.865123501335,0.932917365109,0.031510317837,210030.5,median_ratio,SYN-SCREEN-07,SYN-SCREEN-07-DRUG-vs-CTRL,SYN-STUDY-07,SYN-SOURCE-FAMILY-07,SYN-FAMILY-07,2,2,0,1,1,1,1,1,1,1,2,2,,1,240,60,4,20,0.25,,600,520,440,2,7,7,200,0,4,500,1,22,14,,14,440,1,0,0,0,0,0,0,0,1,1,0,0,0,0,0,0,1,1,0,0,0,0,0,1,0,0,0,0,0,0,0,0,0,0,0,0,0,1,0,0,0,0,0,0,0,0,0,0,1,0,sensitization,U,not_tested
GENE057,4,-0.0104548361789,-0.00984553725096,834.625,0,0,0,0,0,1,0.0305366327992,0.0498981793892,0.0435396157921,0.0216532304713,0.423617557644,0,0.0104548361789,0.00984553725096,neutral,0,1,0.0333333333333,0.899020433222,0.865123501335,0.932917365109,0.186211434223,210030.5,median_ratio,SYN-SCREEN-07,SYN-SCREEN-07-DRUG-vs-CTRL,SYN-STUDY-07,SYN-SOURCE-FAMILY-07,SYN-FAMILY-07,2,2,0,1,1,1,1,1,1,1,2,2,,1,240,60,4,20,0.25,,600,520,440,2,7,7,200,0,4,500,1,22,14,,14,440,1,0,0,0,0,0,0,0,1,1,0,0,0,0,0,0,1,1,0,0,0,0,0,1,0,0,0,0,0,0,0,0,0,0,0,0,0,1,0,0,0,0,0,0,0,0,0,0,1,0,sensitization,U,unknown
GENE058,4,0.288477888268,0.215483461095,732.5,0,0,0,0.75,0.25,0,0.142572674813,0.348718671378,0.431050563081,0.153750188864,0.375533945885,0.75,0.288477888268,0.215483461095,resistance,0,0,0.683333333333,0.899020433222,0.865123501335,0.932917365109,0.0909965128479,210030.5,median_ratio,SYN-SCREEN-07,SYN-SCREEN-07-DRUG-vs-CTRL,SYN-STUDY-07,SYN-SOURCE-FAMILY-07,SYN-FAMILY-07,2,2,0,1,1,1,1,1,1,1,2,2,,1,240,60,4,20,0.25,,600,520,440,2,7,7,200,0,4,500,1,22,14,,14,440,1,0,0,0,0,0,0,0,1,1,0,0,0,0,0,0,1,1,0,0,0,0,0,1,0,0,0,0,0,0,0,0,0,0,0,0,0,1,0,0,0,0,0,0,0,0,0,0,1,0,resistance,U,unknown
GENE059,4,0.237738617473,0.253507804836,715.875,0,0,0,0.5,0,0.5,0.160763017425,0.333676038112,0.430040009624,0.181454068942,0.458760597877,0.5,0.237738617473,0.253507804836,resistance,0,0,0.65,0.899020433222,0.865123501335,0.932917365109,0.100300261479,210030.5,median_ratio,SYN-SCREEN-07,SYN-SCREEN-07-DRUG-vs-CTRL,SYN-STUDY-07,SYN-SOURCE-FAMILY-07,SYN-FAMILY-07,2,2,0,1,1,1,1,1,1,1,2,2,,1,240,60,4,20,0.25,,600,520,440,2,7,7,200,0,4,500,1,22,14,,14,440,1,0,0,0,0,0,0,0,1,1,0,0,0,0,0,0,1,1,0,0,0,0,0,1,0,0,0,0,0,0,0,0,0,0,0,0,0,1,0,0,0,0,0,0,0,0,0,0,1,0,resistance,U,unknown
GENE000,4,1.5622254603,1.5629001761,599.25,0,0,0,1,0,0,0.0341576359372,0.0474088325074,1.59773252784,0.0145220691132,0.259239703757,1,1.5622254603,1.5629001761,resistance,0,0,0.9,0.87548007272,0.835647787452,0.915312357988,0.0146330322521,211116.5,median_ratio,SYN-SCREEN-08,SYN-SCREEN-08-DRUG-vs-CTRL,SYN-STUDY-08,SYN-SOURCE-FAMILY-08,SYN-FAMILY-08,2,2,0,1,0,0,1,1,0,1,2,2,,1,240,60,4,20,0.27,,625,540,455,2,7,7,200,0,4,500,1,22,14,0,14,455,0,1,0,0,0,0,0,0,1,0,0,0,1,0,0,0,1,1,0,0,0,0,0,1,0,0,0,0,0,0,0,0,0,0,0,0,0,0,0,0,0,0,0,0,0,0,0,0,1,0,resistance,V3,tested
GENE001,4,1.55693042499,1.57090278637,691.75,0,0,0,1,0,0,0.0211796036051,0.0459096918674,1.60605475137,0.0124219530147,0.261700049986,1,1.55693042499,1.57090278637,resistance,0,0,0.883333333333,0.87548007272,0.835647787452,0.915312357988,0.011257470982,211116.5,median_ratio,SYN-SCREEN-08,SYN-SCREEN-08-DRUG-vs-CTRL,SYN-STUDY-08,SYN-SOURCE-FAMILY-08,SYN-FAMILY-08,2,2,0,1,0,0,1,1,0,1,2,2,,1,240,60,4,20,0.27,,625,540,455,2,7,7,200,0,4,500,1,22,14,0,14,455,0,1,0,0,0,0,0,0,1,0,0,0,1,0,0,0,1,1,0,0,0,0,0,1,0,0,0,0,0,0,0,0,0,0,0,0,0,0,0,0,0,0,0,0,0,0,0,0,1,0,resistance,V2,tested
GENE002,4,1.64393442087,1.68104918959,662.125,0,0,0,1,0,0,0.118460162333,0.231318767854,1.83662412065,0.0874614491296,0.290528378902,1,1.64393442087,1.68104918959,resistance,0,0,0.966666666667,0.87548007272,0.835647787452,0.915312357988,0.113214068063,211116.5,median_ratio,SYN-SCREEN-08,SYN-SCREEN-08-DRUG-vs-CTRL,SYN-STUDY-08,SYN-SOURCE-FAMILY-08,SYN-FAMILY-08,2,2,0,1,0,0,1,1,0,1,2,2,,1,240,60,4,20,0.27,,625,540,455,2,7,7,200,0,4,500,1,22,14,0,14,455,0,1,0,0,0,0,0,0,1,0,0,0,1,0,0,0,1,1,0,0,0,0,0,1,0,0,0,0,0,0,0,0,0,0,0,0,0,0,0,0,0,0,0,0,0,0,0,0,1,0,resistance,V2,tested
GENE003,4,1.58722635759,1.55949636155,778.125,0,0,0,1,0,0,0.168244125647,0.330254592248,1.75547048323,0.155053731653,0.286860903052,1,1.58722635759,1.55949636155,resistance,0,0,0.933333333333,0.87548007272,0.835647787452,0.915312357988,0.0910421104325,211116.5,median_ratio,SYN-SCREEN-08,SYN-SCREEN-08-DRUG-vs-CTRL,SYN-STUDY-08,SYN-SOURCE-FAMILY-08,SYN-FAMILY-08,2,2,0,1,0,0,1,1,0,1,2,2,,1,240,60,4,20,0.27,,625,540,455,2,7,7,200,0,4,500,1,22,14,0,14,455,0,1,0,0,0,0,0,0,1,0,0,0,1,0,0,0,1,1,0,0,0,0,0,1,0,0,0,0,0,0,0,0,0,0,0,0,0,0,0,0,0,0,0,0,0,0,0,0,1,0,resistance,V2,tested
GENE004,4,1.53786548058,1.49267166166,999.25,0,0,0,1,0,0,0.00963535194176,0.0602122010409,1.54750083252,0.00621578784915,0.259895259309,1,1.53786548058,1.49267166166,resistance,0,0,0.866666666667,0.87548007272,0.835647787452,0.915312357988,0.000236080207335,211116.5,median_ratio,SYN-SCREEN-08,SYN-SCREEN-08-DRUG-vs-CTRL,SYN-STUDY-08,SYN-SOURCE-FAMILY-08,SYN-FAMILY-08,2,2,0,1,0,0,1,1,0,1,2,2,,1,240,60,4,20,0.27,,625,540,455,2,7,7,200,0,4,500,1,22,14,0,14,455,0,1,0,0,0,0,0,0,1,0,0,0,1,0,0,0,1,1,0,0,0,0,0,1,0,0,0,0,0,0,0,0,0,0,0,0,0,0,0,0,0,0,0,0,0,0,0,0,1,0,resistance,F0,tested
GENE005,4,1.51110575748,1.61337087428,809.25,0,0,0,1,0,0,0.0201539870966,0.131126669437,1.73578997817,0.0100546306183,0.302436139211,1,1.51110575748,1.61337087428,resistance,0,0,0.85,0.87548007272,0.835647787452,0.915312357988,0.058950494581,211116.5,median_ratio,SYN-SCREEN-08,SYN-SCREEN-08-DRUG-vs-CTRL,SYN-STUDY-08,SYN-SOURCE-FAMILY-08,SYN-FAMILY-08,2,2,0,1,0,0,1,1,0,1,2,2,,1,240,60,4,20,0.27,,625,540,455,2,7,7,200,0,4,500,1,22,14,0,14,455,0,1,0,0,0,0,0,0,1,0,0,0,1,0,0,0,1,1,0,0,0,0,0,1,0,0,0,0,0,0,0,0,0,0,0,0,0,0,0,0,0,0,0,0,0,0,0,0,1,0,resistance,U,unknown
GENE006,4,-1.71814480009,-1.68963541981,902.875,0,0,0,0,1,0,0.0440156526496,0.0729339194707,1.76216045274,0.000472141509781,0.267182967058,1,1.71814480009,1.68963541981,sensitization,1,0,1,0.87548007272,0.835647787452,0.915312357988,0.200286151585,211116.5,median_ratio,SYN-SCREEN-08,SYN-SCREEN-08-DRUG-vs-CTRL,SYN-STUDY-08,SYN-SOURCE-FAMILY-08,SYN-FAMILY-08,2,2,0,1,0,0,1,1,0,1,2,2,,1,240,60,4,20,0.27,,625,540,455,2,7,7,200,0,4,500,1,22,14,0,14,455,0,1,0,0,0,0,0,0,1,0,0,0,1,0,0,0,1,1,0,0,0,0,0,1,0,0,0,0,0,0,0,0,0,0,0,0,0,0,0,0,0,0,0,0,0,0,0,0,1,0,sensitization,V2,tested
GENE007,4,-1.50773024547,-1.52214464569,789.625,0,0,0,0,1,0,0.149101491897,0.179399553518,1.68566053781,0.0183408723679,0.30347102261,1,1.50773024547,1.52214464569,sensitization,1,0,0.833333333333,0.87548007272,0.835647787452,0.915312357988,0.0115990651948,211116.5,median_ratio,SYN-SCREEN-08,SYN-SCREEN-08-DRUG-vs-CTRL,SYN-STUDY-08,SYN-SOURCE-FAMILY-08,SYN-FAMILY-08,2,2,0,1,0,0,1,1,0,1,2,2,,1,240,60,4,20,0.27,,625,540,455,2,7,7,200,0,4,500,1,22,14,0,14,455,0,1,0,0,0,0,0,0,1,0,0,0,1,0,0,0,1,1,0,0,0,0,0,1,0,0,0,0,0,0,0,0,0,0,0,0,0,0,0,0,0,0,0,0,0,0,0,0,1,0,sensitization,V2,tested
GENE008,4,-1.64913680564,-1.6736415825,873.125,0,0,0,0,1,0,0.032734328752,0.0777464388306,1.73088068812,0.0236798287026,0.267697285985,1,1.64913680564,1.6736415825,sensitization,1,0,0.983333333333,0.87548007272,0.835647787452,0.915312357988,0.0724796197547,211116.5,median_ratio,SYN-SCREEN-08,SYN-SCREEN-08-DRUG-vs-CTRL,SYN-STUDY-08,SYN-SOURCE-FAMILY-08,SYN-FAMILY-08,2,2,0,1,0,0,1,1,0,1,2,2,,1,240,60,4,20,0.27,,625,540,455,2,7,7,200,0,4,500,1,22,14,0,14,455,0,1,0,0,0,0,0,0,1,0,0,0,1,0,0,0,1,1,0,0,0,0,0,1,0,0,0,0,0,0,0,0,0,0,0,0,0,0,0,0,0,0,0,0,0,0,0,0,1,0,sensitization,F0,tested
GENE009,4,-1.41367975821,-1.4560821145,605.625,0,0,0,0,1,0,0.0535987958735,0.147370641003,1.55208326667,0.0593163764129,0.28142597007,1,1.41367975821,1.4560821145,sensitization,1,0,0.816666666667,0.87548007272,0.835647787452,0.915312357988,0.0441993919878,211116.5,median_ratio,SYN-SCREEN-08,SYN-SCREEN-08-DRUG-vs-CTRL,SYN-STUDY-08,SYN-SOURCE-FAMILY-08,SYN-FAMILY-08,2,2,0,1,0,0,1,1,0,1,2,2,,1,240,60,4,20,0.27,,625,540,455,2,7,7,200,0,4,500,1,22,14,0,14,455,0,1,0,0,0,0,0,0,1,0,0,0,1,0,0,0,1,1,0,0,0,0,0,1,0,0,0,0,0,0,0,0,0,0,0,0,0,0,0,0,0,0,0,0,0,0,0,0,1,0,sensitization,D,tested
GENE010,4,-1.59092171728,-1.61006891813,761.5,0,0,0,0,1,0,0.0184719668366,0.0522184251507,1.64768808582,0.0168577704523,0.262388643409,1,1.59092171728,1.61006891813,sensitization,1,0,0.95,0.87548007272,0.835647787452,0.915312357988,0.0443952399023,211116.5,median_ratio,SYN-SCREEN-08,SYN-SCREEN-08-DRUG-vs-CTRL,SYN-STUDY-08,SYN-SOURCE-FAMILY-08,SYN-FAMILY-08,2,2,0,1,0,0,1,1,0,1,2,2,,1,240,60,4,20,0.27,,625,540,455,2,7,7,200,0,4,500,1,22,14,0,14,455,0,1,0,0,0,0,0,0,1,0,0,0,1,0,0,0,1,1,0,0,0,0,0,1,0,0,0,0,0,0,0,0,0,0,0,0,0,0,0,0,0,0,0,0,0,0,0,0,1,0,sensitization,U,unknown
GENE011,4,-1.57315462094,-1.54543050658,805.625,0,0,0,0,1,0,0.0844344541327,0.165367436415,1.65758907507,0.061440308443,0.273194856398,1,1.57315462094,1.54543050658,sensitization,1,0,0.916666666667,0.87548007272,0.835647787452,0.915312357988,0.180853719986,211116.5,median_ratio,SYN-SCREEN-08,SYN-SCREEN-08-DRUG-vs-CTRL,SYN-STUDY-08,SYN-SOURCE-FAMILY-08,SYN-FAMILY-08,2,2,0,1,0,0,1,1,0,1,2,2,,1,240,60,4,20,0.27,,625,540,455,2,7,7,200,0,4,500,1,22,14,0,14,455,0,1,0,0,0,0,0,0,1,0,0,0,1,0,0,0,1,1,0,0,0,0,0,1,0,0,0,0,0,0,0,0,0,0,0,0,0,0,0,0,0,0,0,0,0,0,0,0,1,0,sensitization,U,unknown
GENE012,4,0.859820064011,0.869518921923,1008,0,0,0,1,0,0,0.161794115506,0.256237203009,1.04101189534,0.0978542075341,0.327037016792,1,0.859820064011,0.869518921923,resistance,0,0,0.783333333333,0.87548007272,0.835647787452,0.915312357988,0.217905260787,211116.5,median_ratio,SYN-SCREEN-08,SYN-SCREEN-08-DRUG-vs-CTRL,SYN-STUDY-08,SYN-SOURCE-FAMILY-08,SYN-FAMILY-08,2,2,0,1,0,0,1,1,0,1,2,2,,1,240,60,4,20,0.27,,625,540,455,2,7,7,200,0,4,500,1,22,14,0,14,455,0,1,0,0,0,0,0,0,1,0,0,0,1,0,0,0,1,1,0,0,0,0,0,1,0,0,0,0,0,0,0,0,0,0,0,0,0,0,0,0,0,0,0,0,0,0,0,0,1,0,resistance,F0,tested
GENE013,4,-0.763879482879,-0.821748706497,786.125,0,0,0,0,1,0,0.0924709051655,0.225771570711,0.97208883528,0.0871007266044,0.336132791272,1,0.763879482879,0.821748706497,sensitization,1,0,0.75,0.87548007272,0.835647787452,0.915312357988,0.123208759848,211116.5,median_ratio,SYN-SCREEN-08,SYN-SCREEN-08-DRUG-vs-CTRL,SYN-STUDY-08,SYN-SOURCE-FAMILY-08,SYN-FAMILY-08,2,2,0,1,0,0,1,1,0,1,2,2,,1,240,60,4,20,0.27,,625,540,455,2,7,7,200,0,4,500,1,22,14,0,14,455,0,1,0,0,0,0,0,0,1,0,0,0,1,0,0,0,1,1,0,0,0,0,0,1,0,0,0,0,0,0,0,0,0,0,0,0,0,0,0,0,0,0,0,0,0,0,0,0,1,0,sensitization,F0,tested
GENE014,4,0.7865585217,0.752330743528,893.5,0,0,0,1,0,0,0.0387004413797,0.0773512152354,0.82525896308,0.00510723549685,0.285624512946,1,0.7865585217,0.752330743528,resistance,0,0,0.766666666667,0.87548007272,0.835647787452,0.915312357988,0.0130799355055,211116.5,median_ratio,SYN-SCREEN-08,SYN-SCREEN-08-DRUG-vs-CTRL,SYN-STUDY-08,SYN-SOURCE-FAMILY-08,SYN-FAMILY-08,2,2,0,1,0,0,1,1,0,1,2,2,,1,240,60,4,20,0.27,,625,540,455,2,7,7,200,0,4,500,1,22,14,0,14,455,0,1,0,0,0,0,0,0,1,0,0,0,1,0,0,0,1,1,0,0,0,0,0,1,0,0,0,0,0,0,0,0,0,0,0,0,0,0,0,0,0,0,0,0,0,0,0,0,1,0,resistance,V1,tested
GENE015,4,-0.920167372959,-0.907310497233,965.75,0,0,0,0,1,0,0.0865283097986,0.142826270916,1.00669568276,0.0501614446886,0.289256795322,1,0.920167372959,0.907310497233,sensitization,1,0,0.8,0.87548007272,0.835647787452,0.915312357988,0.0998842433697,211116.5,median_ratio,SYN-SCREEN-08,SYN-SCREEN-08-DRUG-vs-CTRL,SYN-STUDY-08,SYN-SOURCE-FAMILY-08,SYN-FAMILY-08,2,2,0,1,0,0,1,1,0,1,2,2,,1,240,60,4,20,0.27,,625,540,455,2,7,7,200,0,4,500,1,22,14,0,14,455,0,1,0,0,0,0,0,0,1,0,0,0,1,0,0,0,1,1,0,0,0,0,0,1,0,0,0,0,0,0,0,0,0,0,0,0,0,0,0,0,0,0,0,0,0,0,0,0,1,0,sensitization,A,tested
GENE016,4,0.43217655149,0.410035285858,773.125,0,0,0,1,0,0,0.0886597755355,0.154221048191,0.520836327026,0.050137105487,0.345138647246,1,0.43217655149,0.410035285858,resistance,0,0,0.733333333333,0.87548007272,0.835647787452,0.915312357988,0.155464718294,211116.5,median_ratio,SYN-SCREEN-08,SYN-SCREEN-08-DRUG-vs-CTRL,SYN-STUDY-08,SYN-SOURCE-FAMILY-08,SYN-FAMILY-08,2,2,0,1,0,0,1,1,0,1,2,2,,1,240,60,4,20,0.27,,625,540,455,2,7,7,200,0,4,500,1,22,14,0,14,455,0,1,0,0,0,0,0,0,1,0,0,0,1,0,0,0,1,1,0,0,0,0,0,1,0,0,0,0,0,0,0,0,0,0,0,0,0,0,0,0,0,0,0,0,0,0,0,0,1,0,resistance,T,tested
GENE017,4,-0.00929138683667,-0.0256021017944,800,0,0,0,0.25,0.5,0.25,0.131059486757,0.253758027447,0.188352577696,0.122846079651,0.390624074218,0.5,0.00929138683667,0.0256021017944,neutral,0,1,0.0333333333333,0.87548007272,0.835647787452,0.915312357988,0.0481144298937,211116.5,median_ratio,SYN-SCREEN-08,SYN-SCREEN-08-DRUG-vs-CTRL,SYN-STUDY-08,SYN-SOURCE-FAMILY-08,SYN-FAMILY-08,2,2,0,1,0,0,1,1,0,1,2,2,,1,240,60,4,20,0.27,,625,540,455,2,7,7,200,0,4,500,1,22,14,0,14,455,0,1,0,0,0,0,0,0,1,0,0,0,1,0,0,0,1,1,0,0,0,0,0,1,0,0,0,0,0,0,0,0,0,0,0,0,0,0,0,0,0,0,0,0,0,0,0,0,1,0,sensitization,U,unknown
GENE018,4,-0.0861688930523,-0.0817652684836,867.125,0,0,0,0,0.5,0.5,0.108526431665,0.186451471298,0.194695324717,0.0848952175572,0.481536752938,0.5,0.0861688930523,0.0817652684836,neutral,0,1,0.466666666667,0.87548007272,0.835647787452,0.915312357988,0.0438675098258,211116.5,median_ratio,SYN-SCREEN-08,SYN-SCREEN-08-DRUG-vs-CTRL,SYN-STUDY-08,SYN-SOURCE-FAMILY-08,SYN-FAMILY-08,2,2,0,1,0,0,1,1,0,1,2,2,,1,240,60,4,20,0.27,,625,540,455,2,7,7,200,0,4,500,1,22,14,0,14,455,0,1,0,0,0,0,0,0,1,0,0,0,1,0,0,0,1,1,0,0,0,0,0,1,0,0,0,0,0,0,0,0,0,0,0,0,0,0,0,0,0,0,0,0,0,0,0,0,1,0,sensitization,U,unknown
GENE019,4,-0.230720628133,-0.181186586893,854.875,0,0,0,0,0.75,0.25,0.0617374768764,0.126065736466,0.29245810501,0.0170828918918,0.387029662635,0.75,0.230720628133,0.181186586893,sensitization,1,0,0.666666666667,0.87548007272,0.835647787452,0.915312357988,0.0964086675621,211116.5,median_ratio,SYN-SCREEN-08,SYN-SCREEN-08-DRUG-vs-CTRL,SYN-STUDY-08,SYN-SOURCE-FAMILY-08,SYN-FAMILY-08,2,2,0,1,0,0,1,1,0,1,2,2,,1,240,60,4,20,0.27,,625,540,455,2,7,7,200,0,4,500,1,22,14,0,14,455,0,1,0,0,0,0,0,0,1,0,0,0,1,0,0,0,1,1,0,0,0,0,0,1,0,0,0,0,0,0,0,0,0,0,0,0,0,0,0,0,0,0,0,0,0,0,0,0,1,0,sensitization,U,unknown
GENE020,4,0.0308650110881,0.0490720853885,818,0,0,0,0.5,0.25,0.25,0.114310897203,0.2126837785,0.18487013601,0.0925675004983,0.475688868534,0.5,0.0308650110881,0.0490720853885,neutral,0,1,0.15,0.87548007272,0.835647787452,0.915312357988,0.0791026524729,211116.5,median_ratio,SYN-SCREEN-08,SYN-SCREEN-08-DRUG-vs-CTRL,SYN-STUDY-08,SYN-SOURCE-FAMILY-08,SYN-FAMILY-08,2,2,0,1,0,0,1,1,0,1,2,2,,1,240,60,4,20,0.27,,625,540,455,2,7,7,200,0,4,500,1,22,14,0,14,455,0,1,0,0,0,0,0,0,1,0,0,0,1,0,0,0,1,1,0,0,0,0,0,1,0,0,0,0,0,0,0,0,0,0,0,0,0,0,0,0,0,0,0,0,0,0,0,0,1,0,resistance,U,not_tested
GENE021,4,-0.218105806256,-0.132319222876,862.375,0,0,0,0.25,0.75,0,0.0585611958408,0.197393549377,0.276667002097,0.0612519793573,0.310940990233,0.75,0.218105806256,0.132319222876,sensitization,1,0,0.633333333333,0.87548007272,0.835647787452,0.915312357988,0.0606623083454,211116.5,median_ratio,SYN-SCREEN-08,SYN-SCREEN-08-DRUG-vs-CTRL,SYN-STUDY-08,SYN-SOURCE-FAMILY-08,SYN-FAMILY-08,2,2,0,1,0,0,1,1,0,1,2,2,,1,240,60,4,20,0.27,,625,540,455,2,7,7,200,0,4,500,1,22,14,0,14,455,0,1,0,0,0,0,0,0,1,0,0,0,1,0,0,0,1,1,0,0,0,0,0,1,0,0,0,0,0,0,0,0,0,0,0,0,0,0,0,0,0,0,0,0,0,0,0,0,1,0,sensitization,U,unknown
GENE022,4,0.0754764329,0.055647698145,906,0,0,0,0.25,0.25,0.5,0.0616417615189,0.0843644790701,0.160047009752,0.00334168349283,0.415809931564,0.25,0.0754764329,0.055647698145,neutral,0,1,0.4,0.87548007272,0.835647787452,0.915312357988,0.0604146089163,211116.5,median_ratio,SYN-SCREEN-08,SYN-SCREEN-08-DRUG-vs-CTRL,SYN-STUDY-08,SYN-SOURCE-FAMILY-08,SYN-FAMILY-08,2,2,0,1,0,0,1,1,0,1,2,2,,1,240,60,4,20,0.27,,625,540,455,2,7,7,200,0,4,500,1,22,14,0,14,455,0,1,0,0,0,0,0,0,1,0,0,0,1,0,0,0,1,1,0,0,0,0,0,1,0,0,0,0,0,0,0,0,0,0,0,0,0,0,0,0,0,0,0,0,0,0,0,0,1,0,sensitization,U,unknown
GENE023,4,-0.0661257651358,-0.0334467670822,982.75,0,0,0,0.25,0.5,0.25,0.0804413378092,0.168554348215,0.170806659374,0.0640096839075,0.362074605781,0.5,0.0661257651358,0.0334467670822,neutral,0,1,0.366666666667,0.87548007272,0.835647787452,0.915312357988,0.0456870507776,211116.5,median_ratio,SYN-SCREEN-08,SYN-SCREEN-08-DRUG-vs-CTRL,SYN-STUDY-08,SYN-SOURCE-FAMILY-08,SYN-FAMILY-08,2,2,0,1,0,0,1,1,0,1,2,2,,1,240,60,4,20,0.27,,625,540,455,2,7,7,200,0,4,500,1,22,14,0,14,455,0,1,0,0,0,0,0,0,1,0,0,0,1,0,0,0,1,1,0,0,0,0,0,1,0,0,0,0,0,0,0,0,0,0,0,0,0,0,0,0,0,0,0,0,0,0,0,0,1,0,sensitization,U,unknown
GENE024,4,0.038835191046,0.0646056583999,664.5,0,0,0,0.5,0,0.5,0.10969340107,0.216717740757,0.200069526824,0.0938238901281,0.516835215041,0.5,0.038835191046,0.0646056583999,neutral,0,1,0.25,0.87548007272,0.835647787452,0.915312357988,0.120682641906,211116.5,median_ratio,SYN-SCREEN-08,SYN-SCREEN-08-DRUG-vs-CTRL,SYN-STUDY-08,SYN-SOURCE-FAMILY-08,SYN-FAMILY-08,2,2,0,1,0,0,1,1,0,1,2,2,,1,240,60,4,20,0.27,,625,540,455,2,7,7,200,0,4,500,1,22,14,0,14,455,0,1,0,0,0,0,0,0,1,0,0,0,1,0,0,0,1,1,0,0,0,0,0,1,0,0,0,0,0,0,0,0,0,0,0,0,0,0,0,0,0,0,0,0,0,0,0,0,1,0,resistance,U,not_tested
GENE025,4,0.0837340541482,0.104619199067,803.625,0,0,0,0.5,0,0.5,0.0819915154057,0.120566975764,0.207495859391,0.0204270167627,0.576840952466,0.5,0.0837340541482,0.104619199067,neutral,0,1,0.45,0.87548007272,0.835647787452,0.915312357988,0.031659227351,211116.5,median_ratio,SYN-SCREEN-08,SYN-SCREEN-08-DRUG-vs-CTRL,SYN-STUDY-08,SYN-SOURCE-FAMILY-08,SYN-FAMILY-08,2,2,0,1,0,0,1,1,0,1,2,2,,1,240,60,4,20,0.27,,625,540,455,2,7,7,200,0,4,500,1,22,14,0,14,455,0,1,0,0,0,0,0,0,1,0,0,0,1,0,0,0,1,1,0,0,0,0,0,1,0,0,0,0,0,0,0,0,0,0,0,0,0,0,0,0,0,0,0,0,0,0,0,0,1,0,sensitization,U,unknown
GENE026,4,-0.289833978098,-0.153697731305,622.875,0,0,0,0.25,0.75,0,0.0211312122249,0.162602133318,0.310965190323,0.00615995128517,0.272740451495,0.75,0.289833978098,0.153697731305,sensitization,1,0,0.7,0.87548007272,0.835647787452,0.915312357988,0.14386711709,211116.5,median_ratio,SYN-SCREEN-08,SYN-SCREEN-08-DRUG-vs-CTRL,SYN-STUDY-08,SYN-SOURCE-FAMILY-08,SYN-FAMILY-08,2,2,0,1,0,0,1,1,0,1,2,2,,1,240,60,4,20,0.27,,625,540,455,2,7,7,200,0,4,500,1,22,14,0,14,455,0,1,0,0,0,0,0,0,1,0,0,0,1,0,0,0,1,1,0,0,0,0,0,1,0,0,0,0,0,0,0,0,0,0,0,0,0,0,0,0,0,0,0,0,0,0,0,0,1,0,sensitization,U,unknown
GENE027,4,0.00284137465156,-0.00673700455191,824.875,0,0,0,0,0.25,0.75,0.0627622058425,0.116388208619,0.100633546519,0.0508618146541,0.404160853137,0.25,0.00284137465156,0.00673700455191,neutral,0,1,0.0166666666667,0.87548007272,0.835647787452,0.915312357988,0.107160484542,211116.5,median_ratio,SYN-SCREEN-08,SYN-SCREEN-08-DRUG-vs-CTRL,SYN-STUDY-08,SYN-SOURCE-FAMILY-08,SYN-FAMILY-08,2,2,0,1,0,0,1,1,0,1,2,2,,1,240,60,4,20,0.27,,625,540,455,2,7,7,200,0,4,500,1,22,14,0,14,455,0,1,0,0,0,0,0,0,1,0,0,0,1,0,0,0,1,1,0,0,0,0,0,1,0,0,0,0,0,0,0,0,0,0,0,0,0,0,0,0,0,0,0,0,0,0,0,0,1,0,resistance,U,unknown
GENE028,4,0.122571596383,0.143386185007,976.875,0,0,0,0.5,0.25,0.25,0.207521946293,0.397667844068,0.371722719924,0.195526953842,0.494382704106,0.5,0.122571596383,0.143386185007,resistance,0,0,0.55,0.87548007272,0.835647787452,0.915312357988,0.0447987960252,211116.5,median_ratio,SYN-SCREEN-08,SYN-SCREEN-08-DRUG-vs-CTRL,SYN-STUDY-08,SYN-SOURCE-FAMILY-08,SYN-FAMILY-08,2,2,0,1,0,0,1,1,0,1,2,2,,1,240,60,4,20,0.27,,625,540,455,2,7,7,200,0,4,500,1,22,14,0,14,455,0,1,0,0,0,0,0,0,1,0,0,0,1,0,0,0,1,1,0,0,0,0,0,1,0,0,0,0,0,0,0,0,0,0,0,0,0,0,0,0,0,0,0,0,0,0,0,0,1,0,resistance,U,not_tested
GENE029,4,-0.164640046349,-0.182792987921,843.5,0,0,0,0,0.75,0.25,0.120903985594,0.1662846385,0.321849915088,0.0314398529355,0.543686636456,0.75,0.164640046349,0.182792987921,sensitization,1,0,0.566666666667,0.87548007272,0.835647787452,0.915312357988,0.0205444449094,211116.5,median_ratio,SYN-SCREEN-08,SYN-SCREEN-08-DRUG-vs-CTRL,SYN-STUDY-08,SYN-SOURCE-FAMILY-08,SYN-FAMILY-08,2,2,0,1,0,0,1,1,0,1,2,2,,1,240,60,4,20,0.27,,625,540,455,2,7,7,200,0,4,500,1,22,14,0,14,455,0,1,0,0,0,0,0,0,1,0,0,0,1,0,0,0,1,1,0,0,0,0,0,1,0,0,0,0,0,0,0,0,0,0,0,0,0,0,0,0,0,0,0,0,0,0,0,0,1,0,sensitization,U,unknown
GENE030,4,-0.219737314529,-0.0907982000423,909.125,0,0,0,0.25,0.75,0,0.0317231730825,0.191069604845,0.290917257864,0.0351113456287,0.322192525141,0.75,0.219737314529,0.0907982000423,sensitization,1,0,0.65,0.87548007272,0.835647787452,0.915312357988,0.0462609321063,211116.5,median_ratio,SYN-SCREEN-08,SYN-SCREEN-08-DRUG-vs-CTRL,SYN-STUDY-08,SYN-SOURCE-FAMILY-08,SYN-FAMILY-08,2,2,0,1,0,0,1,1,0,1,2,2,,1,240,60,4,20,0.27,,625,540,455,2,7,7,200,0,4,500,1,22,14,0,14,455,0,1,0,0,0,0,0,0,1,0,0,0,1,0,0,0,1,1,0,0,0,0,0,1,0,0,0,0,0,0,0,0,0,0,0,0,0,0,0,0,0,0,0,0,0,0,0,0,1,0,resistance,U,unknown
GENE031,4,-0.0184571191104,0.0207991756236,750.375,0,0,0,0.25,0.25,0.5,0.0960894890177,0.184818562327,0.221218788928,0.0571262440557,0.519547509145,0.25,0.0184571191104,0.0207991756236,neutral,0,1,0.05,0.87548007272,0.835647787452,0.915312357988,0.108612954081,211116.5,median_ratio,SYN-SCREEN-08,SYN-SCREEN-08-DRUG-vs-CTRL,SYN-STUDY-08,SYN-SOURCE-FAMILY-08,SYN-FAMILY-08,2,2,0,1,0,0,1,1,0,1,2,2,,1,240,60,4,20,0.27,,625,540,455,2,7,7,200,0,4,500,1,22,14,0,14,455,0,1,0,0,0,0,0,0,1,0,0,0,1,0,0,0,1,1,0,0,0,0,0,1,0,0,0,0,0,0,0,0,0,0,0,0,0,0,0,0,0,0,0,0,0,0,0,0,1,0,sensitization,U,unknown
GENE032,4,0.0444359659039,0.0374915284069,724.875,0,0,0,0.5,0,0.5,0.0739301957318,0.139522562088,0.118366161636,0.0677207950284,0.413134573761,0.5,0.0444359659039,0.0374915284069,neutral,0,1,0.283333333333,0.87548007272,0.835647787452,0.915312357988,0.149447997023,211116.5,median_ratio,SYN-SCREEN-08,SYN-SCREEN-08-DRUG-vs-CTRL,SYN-STUDY-08,SYN-SOURCE-FAMILY-08,SYN-FAMILY-08,2,2,0,1,0,0,1,1,0,1,2,2,,1,240,60,4,20,0.27,,625,540,455,2,7,7,200,0,4,500,1,22,14,0,14,455,0,1,0,0,0,0,0,0,1,0,0,0,1,0,0,0,1,1,0,0,0,0,0,1,0,0,0,0,0,0,0,0,0,0,0,0,0,0,0,0,0,0,0,0,0,0,0,0,1,0,resistance,U,not_tested
GENE033,4,0.276302426443,0.269145276581,856.125,0,0,0,0.75,0,0.25,0.127247622136,0.214175136697,0.403550048579,0.0921108830649,0.418944103112,0.75,0.276302426443,0.269145276581,resistance,0,0,0.683333333333,0.87548007272,0.835647787452,0.915312357988,0.0564675024672,211116.5,median_ratio,SYN-SCREEN-08,SYN-SCREEN-08-DRUG-vs-CTRL,SYN-STUDY-08,SYN-SOURCE-FAMILY-08,SYN-FAMILY-08,2,2,0,1,0,0,1,1,0,1,2,2,,1,240,60,4,20,0.27,,625,540,455,2,7,7,200,0,4,500,1,22,14,0,14,455,0,1,0,0,0,0,0,0,1,0,0,0,1,0,0,0,1,1,0,0,0,0,0,1,0,0,0,0,0,0,0,0,0,0,0,0,0,0,0,0,0,0,0,0,0,0,0,0,1,0,resistance,U,unknown
GENE034,4,-0.025601008396,0.0326566679955,1029.125,0,0,0,0.25,0.25,0.5,0.0771923312028,0.153230275555,0.253119747228,0.0205308849871,0.617166258115,0.25,0.025601008396,0.0326566679955,neutral,0,1,0.1,0.87548007272,0.835647787452,0.915312357988,0.115778032109,211116.5,median_ratio,SYN-SCREEN-08,SYN-SCREEN-08-DRUG-vs-CTRL,SYN-STUDY-08,SYN-SOURCE-FAMILY-08,SYN-FAMILY-08,2,2,0,1,0,0,1,1,0,1,2,2,,1,240,60,4,20,0.27,,625,540,455,2,7,7,200,0,4,500,1,22,14,0,14,455,0,1,0,0,0,0,0,0,1,0,0,0,1,0,0,0,1,1,0,0,0,0,0,1,0,0,0,0,0,0,0,0,0,0,0,0,0,0,0,0,0,0,0,0,0,0,0,0,1,0,resistance,U,unknown
GENE035,4,-0.0370479182795,-0.0219487968635,823.625,0,0,0,0.5,0.5,0,0.288007798493,0.507247615893,0.402073143833,0.235721371558,0.337276050481,0.5,0.0370479182795,0.0219487968635,neutral,0,1,0.2,0.87548007272,0.835647787452,0.915312357988,0.00318440914049,211116.5,median_ratio,SYN-SCREEN-08,SYN-SCREEN-08-DRUG-vs-CTRL,SYN-STUDY-08,SYN-SOURCE-FAMILY-08,SYN-FAMILY-08,2,2,0,1,0,0,1,1,0,1,2,2,,1,240,60,4,20,0.27,,625,540,455,2,7,7,200,0,4,500,1,22,14,0,14,455,0,1,0,0,0,0,0,0,1,0,0,0,1,0,0,0,1,1,0,0,0,0,0,1,0,0,0,0,0,0,0,0,0,0,0,0,0,0,0,0,0,0,0,0,0,0,0,0,1,0,resistance,U,unknown
GENE036,4,-0.105409856231,-0.142478988406,747.625,0,0,0,0,0.5,0.5,0.0961565903916,0.20887627612,0.275704710972,0.087353734917,0.625144453564,0.5,0.105409856231,0.142478988406,sensitization,1,0,0.516666666667,0.87548007272,0.835647787452,0.915312357988,0.0250429633321,211116.5,median_ratio,SYN-SCREEN-08,SYN-SCREEN-08-DRUG-vs-CTRL,SYN-STUDY-08,SYN-SOURCE-FAMILY-08,SYN-FAMILY-08,2,2,0,1,0,0,1,1,0,1,2,2,,1,240,60,4,20,0.27,,625,540,455,2,7,7,200,0,4,500,1,22,14,0,14,455,0,1,0,0,0,0,0,0,1,0,0,0,1,0,0,0,1,1,0,0,0,0,0,1,0,0,0,0,0,0,0,0,0,0,0,0,0,0,0,0,0,0,0,0,0,0,0,0,1,0,sensitization,U,not_tested
GENE037,4,-0.0290403428067,0.0159597662742,819.875,0,0,0,0.25,0.25,0.5,0.0534851814985,0.107960340938,0.1874955308,0.01094084575,0.573704952479,0.25,0.0290403428067,0.0159597662742,neutral,0,1,0.116666666667,0.87548007272,0.835647787452,0.915312357988,0.054043117452,211116.5,median_ratio,SYN-SCREEN-08,SYN-SCREEN-08-DRUG-vs-CTRL,SYN-STUDY-08,SYN-SOURCE-FAMILY-08,SYN-FAMILY-08,2,2,0,1,0,0,1,1,0,1,2,2,,1,240,60,4,20,0.27,,625,540,455,2,7,7,200,0,4,500,1,22,14,0,14,455,0,1,0,0,0,0,0,0,1,0,0,0,1,0,0,0,1,1,0,0,0,0,0,1,0,0,0,0,0,0,0,0,0,0,0,0,0,0,0,0,0,0,0,0,0,0,0,0,1,0,sensitization,U,unknown
GENE038,4,0.0628732359895,0.0918357522481,615.5,0,0,0,0.5,0.25,0.25,0.129721806729,0.239820249681,0.250520075236,0.093687698235,0.562486232204,0.5,0.0628732359895,0.0918357522481,neutral,0,1,0.35,0.87548007272,0.835647787452,0.915312357988,0.0430476086014,211116.5,median_ratio,SYN-SCREEN-08,SYN-SCREEN-08-DRUG-vs-CTRL,SYN-STUDY-08,SYN-SOURCE-FAMILY-08,SYN-FAMILY-08,2,2,0,1,0,0,1,1,0,1,2,2,,1,240,60,4,20,0.27,,625,540,455,2,7,7,200,0,4,500,1,22,14,0,14,455,0,1,0,0,0,0,0,0,1,0,0,0,1,0,0,0,1,1,0,0,0,0,0,1,0,0,0,0,0,0,0,0,0,0,0,0,0,0,0,0,0,0,0,0,0,0,0,0,1,0,resistance,U,unknown
GENE039,4,-0.0308292638928,-0.0129096640369,850.375,0,0,0,0.25,0.25,0.5,0.0660330972962,0.14045811076,0.111399980697,0.0652468315143,0.346653295441,0.25,0.0308292638928,0.0129096640369,neutral,0,1,0.133333333333,0.87548007272,0.835647787452,0.915312357988,0.0311841225889,211116.5,median_ratio,SYN-SCREEN-08,SYN-SCREEN-08-DRUG-vs-CTRL,SYN-STUDY-08,SYN-SOURCE-FAMILY-08,SYN-FAMILY-08,2,2,0,1,0,0,1,1,0,1,2,2,,1,240,60,4,20,0.27,,625,540,455,2,7,7,200,0,4,500,1,22,14,0,14,455,0,1,0,0,0,0,0,0,1,0,0,0,1,0,0,0,1,1,0,0,0,0,0,1,0,0,0,0,0,0,0,0,0,0,0,0,0,0,0,0,0,0,0,0,0,0,0,0,1,0,sensitization,U,unknown
GENE040,4,0.206199827977,0.21368197519,697.625,0,0,0,0.75,0,0.25,0.107478080019,0.193826519769,0.328642202422,0.0910669504517,0.435481612337,0.75,0.206199827977,0.21368197519,resistance,0,0,0.6,0.87548007272,0.835647787452,0.915312357988,0.0613459497047,211116.5,median_ratio,SYN-SCREEN-08,SYN-SCREEN-08-DRUG-vs-CTRL,SYN-STUDY-08,SYN-SOURCE-FAMILY-08,SYN-FAMILY-08,2,2,0,1,0,0,1,1,0,1,2,2,,1,240,60,4,20,0.27,,625,540,455,2,7,7,200,0,4,500,1,22,14,0,14,455,0,1,0,0,0,0,0,0,1,0,0,0,1,0,0,0,1,1,0,0,0,0,0,1,0,0,0,0,0,0,0,0,0,0,0,0,0,0,0,0,0,0,0,0,0,0,0,0,1,0,resistance,U,not_tested
GENE041,4,-0.0217013733229,-0.024618818408,1006.625,0,0,0,0.25,0.5,0.25,0.129146908005,0.216193540802,0.179999518467,0.0971440183451,0.392868660438,0.5,0.0217013733229,0.024618818408,neutral,0,1,0.0833333333333,0.87548007272,0.835647787452,0.915312357988,0.10750927946,211116.5,median_ratio,SYN-SCREEN-08,SYN-SCREEN-08-DRUG-vs-CTRL,SYN-STUDY-08,SYN-SOURCE-FAMILY-08,SYN-FAMILY-08,2,2,0,1,0,0,1,1,0,1,2,2,,1,240,60,4,20,0.27,,625,540,455,2,7,7,200,0,4,500,1,22,14,0,14,455,0,1,0,0,0,0,0,0,1,0,0,0,1,0,0,0,1,1,0,0,0,0,0,1,0,0,0,0,0,0,0,0,0,0,0,0,0,0,0,0,0,0,0,0,0,0,0,0,1,0,sensitization,U,unknown
GENE042,4,-0.0361941125003,-0.0228503411368,878.125,0,0,0,0,0,1,0.0392279030357,0.0780367661104,0.0796782570871,0.0294045551088,0.384840782915,0,0.0361941125003,0.0228503411368,neutral,0,1,0.183333333333,0.87548007272,0.835647787452,0.915312357988,0.0221463761636,211116.5,median_ratio,SYN-SCREEN-08,SYN-SCREEN-08-DRUG-vs-CTRL,SYN-STUDY-08,SYN-SOURCE-FAMILY-08,SYN-FAMILY-08,2,2,0,1,0,0,1,1,0,1,2,2,,1,240,60,4,20,0.27,,625,540,455,2,7,7,200,0,4,500,1,22,14,0,14,455,0,1,0,0,0,0,0,0,1,0,0,0,1,0,0,0,1,1,0,0,0,0,0,1,0,0,0,0,0,0,0,0,0,0,0,0,0,0,0,0,0,0,0,0,0,0,0,0,1,0,resistance,U,unknown
GENE043,4,0.0417357321063,0.0652107809953,884.5,0,0,0,0.25,0.25,0.5,0.124756186107,0.191757953423,0.252935751564,0.0502603252019,0.576163285455,0.25,0.0417357321063,0.0652107809953,neutral,0,1,0.266666666667,0.87548007272,0.835647787452,0.915312357988,0.0391594623636,211116.5,median_ratio,SYN-SCREEN-08,SYN-SCREEN-08-DRUG-vs-CTRL,SYN-STUDY-08,SYN-SOURCE-FAMILY-08,SYN-FAMILY-08,2,2,0,1,0,0,1,1,0,1,2,2,,1,240,60,4,20,0.27,,625,540,455,2,7,7,200,0,4,500,1,22,14,0,14,455,0,1,0,0,0,0,0,0,1,0,0,0,1,0,0,0,1,1,0,0,0,0,0,1,0,0,0,0,0,0,0,0,0,0,0,0,0,0,0,0,0,0,0,0,0,0,0,0,1,0,resistance,U,unknown
GENE044,4,-0.296677713237,-0.289109165531,819.25,0,0,0,0,1,0,0.0658402834977,0.128935920306,0.362517996734,0.0641171596816,0.322396550836,1,0.296677713237,0.289109165531,sensitization,1,0,0.716666666667,0.87548007272,0.835647787452,0.915312357988,0.0130044746622,211116.5,median_ratio,SYN-SCREEN-08,SYN-SCREEN-08-DRUG-vs-CTRL,SYN-STUDY-08,SYN-SOURCE-FAMILY-08,SYN-FAMILY-08,2,2,0,1,0,0,1,1,0,1,2,2,,1,240,60,4,20,0.27,,625,540,455,2,7,7,200,0,4,500,1,22,14,0,14,455,0,1,0,0,0,0,0,0,1,0,0,0,1,0,0,0,1,1,0,0,0,0,0,1,0,0,0,0,0,0,0,0,0,0,0,0,0,0,0,0,0,0,0,0,0,0,0,0,1,0,sensitization,U,not_tested
GENE045,4,0.0462956593588,0.0648545779203,805.375,0,0,0,0.25,0.25,0.5,0.128220289828,0.155962628443,0.284374996726,0.0106041000796,0.556125084642,0.25,0.0462956593588,0.0648545779203,neutral,0,1,0.333333333333,0.87548007272,0.835647787452,0.915312357988,0.0441897156973,211116.5,median_ratio,SYN-SCREEN-08,SYN-SCREEN-08-DRUG-vs-CTRL,SYN-STUDY-08,SYN-SOURCE-FAMILY-08,SYN-FAMILY-08,2,2,0,1,0,0,1,1,0,1,2,2,,1,240,60,4,20,0.27,,625,540,455,2,7,7,200,0,4,500,1,22,14,0,14,455,0,1,0,0,0,0,0,0,1,0,0,0,1,0,0,0,1,1,0,0,0,0,0,1,0,0,0,0,0,0,0,0,0,0,0,0,0,0,0,0,0,0,0,0,0,0,0,0,1,0,resistance,U,unknown
GENE046,4,-0.0387997071582,-0.0623619554011,833.875,0,0,0,0,0.25,0.75,0.060904568615,0.129680838168,0.146828772259,0.0522086547488,0.620491643489,0.25,0.0387997071582,0.0623619554011,neutral,0,1,0.233333333333,0.87548007272,0.835647787452,0.915312357988,0.017690022755,211116.5,median_ratio,SYN-SCREEN-08,SYN-SCREEN-08-DRUG-vs-CTRL,SYN-STUDY-08,SYN-SOURCE-FAMILY-08,SYN-FAMILY-08,2,2,0,1,0,0,1,1,0,1,2,2,,1,240,60,4,20,0.27,,625,540,455,2,7,7,200,0,4,500,1,22,14,0,14,455,0,1,0,0,0,0,0,0,1,0,0,0,1,0,0,0,1,1,0,0,0,0,0,1,0,0,0,0,0,0,0,0,0,0,0,0,0,0,0,0,0,0,0,0,0,0,0,0,1,0,sensitization,U,unknown
GENE047,4,0.0377120818921,-0.0732746153735,799.5,0,0,0,0,0.25,0.75,0.0166515769277,0.141644006513,0.241270816067,0.0161724266499,0.762649129784,0.25,0.0377120818921,0.0732746153735,neutral,0,1,0.216666666667,0.87548007272,0.835647787452,0.915312357988,0.131642017391,211116.5,median_ratio,SYN-SCREEN-08,SYN-SCREEN-08-DRUG-vs-CTRL,SYN-STUDY-08,SYN-SOURCE-FAMILY-08,SYN-FAMILY-08,2,2,0,1,0,0,1,1,0,1,2,2,,1,240,60,4,20,0.27,,625,540,455,2,7,7,200,0,4,500,1,22,14,0,14,455,0,1,0,0,0,0,0,0,1,0,0,0,1,0,0,0,1,1,0,0,0,0,0,1,0,0,0,0,0,0,0,0,0,0,0,0,0,0,0,0,0,0,0,0,0,0,0,0,1,0,resistance,U,unknown
GENE048,4,-0.215557371566,-0.14885389488,859.125,0,0,0,0.25,0.75,0,0.0598019485836,0.154352334239,0.275359320149,0.0321548407793,0.348649305814,0.75,0.215557371566,0.14885389488,sensitization,1,0,0.616666666667,0.87548007272,0.835647787452,0.915312357988,0.0918280049205,211116.5,median_ratio,SYN-SCREEN-08,SYN-SCREEN-08-DRUG-vs-CTRL,SYN-STUDY-08,SYN-SOURCE-FAMILY-08,SYN-FAMILY-08,2,2,0,1,0,0,1,1,0,1,2,2,,1,240,60,4,20,0.27,,625,540,455,2,7,7,200,0,4,500,1,22,14,0,14,455,0,1,0,0,0,0,0,0,1,0,0,0,1,0,0,0,1,1,0,0,0,0,0,1,0,0,0,0,0,0,0,0,0,0,0,0,0,0,0,0,0,0,0,0,0,0,0,0,1,0,resistance,U,not_tested
GENE049,4,0.0816733438582,0.0455383585988,868.75,0,0,0,0.5,0.5,0,0.185741512861,0.405408329114,0.267414856719,0.211924304059,0.30380024571,0.5,0.0816733438582,0.0455383585988,neutral,0,1,0.433333333333,0.87548007272,0.835647787452,0.915312357988,0.0682191213668,211116.5,median_ratio,SYN-SCREEN-08,SYN-SCREEN-08-DRUG-vs-CTRL,SYN-STUDY-08,SYN-SOURCE-FAMILY-08,SYN-FAMILY-08,2,2,0,1,0,0,1,1,0,1,2,2,,1,240,60,4,20,0.27,,625,540,455,2,7,7,200,0,4,500,1,22,14,0,14,455,0,1,0,0,0,0,0,0,1,0,0,0,1,0,0,0,1,1,0,0,0,0,0,1,0,0,0,0,0,0,0,0,0,0,0,0,0,0,0,0,0,0,0,0,0,0,0,0,1,0,resistance,U,unknown
GENE050,4,0.0459973111289,-0.0249147045184,834.75,0,0,0,0.5,0.25,0.25,0.131131013969,0.326615015393,0.279514073457,0.143843339043,0.464431752898,0.5,0.0459973111289,0.0249147045184,neutral,0,1,0.316666666667,0.87548007272,0.835647787452,0.915312357988,0.092759241315,211116.5,median_ratio,SYN-SCREEN-08,SYN-SCREEN-08-DRUG-vs-CTRL,SYN-STUDY-08,SYN-SOURCE-FAMILY-08,SYN-FAMILY-08,2,2,0,1,0,0,1,1,0,1,2,2,,1,240,60,4,20,0.27,,625,540,455,2,7,7,200,0,4,500,1,22,14,0,14,455,0,1,0,0,0,0,0,0,1,0,0,0,1,0,0,0,1,1,0,0,0,0,0,1,0,0,0,0,0,0,0,0,0,0,0,0,0,0,0,0,0,0,0,0,0,0,0,0,1,0,resistance,U,unknown
GENE051,4,-0.0199684550887,-0.0110144565271,981.75,0,0,0,0,0,1,0.0608562443126,0.125158098449,0.0842726301742,0.0639101986298,0.309170562174,0,0.0199684550887,0.0110144565271,neutral,0,1,0.0666666666667,0.87548007272,0.835647787452,0.915312357988,0.0980636868401,211116.5,median_ratio,SYN-SCREEN-08,SYN-SCREEN-08-DRUG-vs-CTRL,SYN-STUDY-08,SYN-SOURCE-FAMILY-08,SYN-FAMILY-08,2,2,0,1,0,0,1,1,0,1,2,2,,1,240,60,4,20,0.27,,625,540,455,2,7,7,200,0,4,500,1,22,14,0,14,455,0,1,0,0,0,0,0,0,1,0,0,0,1,0,0,0,1,1,0,0,0,0,0,1,0,0,0,0,0,0,0,0,0,0,0,0,0,0,0,0,0,0,0,0,0,0,0,0,1,0,resistance,U,unknown
GENE052,4,0.0881790641245,0.0644360123865,788.25,0,0,0,0.5,0.25,0.25,0.0728768069075,0.110072194656,0.179787381281,0.0155334196338,0.411395429744,0.5,0.0881790641245,0.0644360123865,neutral,0,1,0.483333333333,0.87548007272,0.835647787452,0.915312357988,0.107881622146,211116.5,median_ratio,SYN-SCREEN-08,SYN-SCREEN-08-DRUG-vs-CTRL,SYN-STUDY-08,SYN-SOURCE-FAMILY-08,SYN-FAMILY-08,2,2,0,1,0,0,1,1,0,1,2,2,,1,240,60,4,20,0.27,,625,540,455,2,7,7,200,0,4,500,1,22,14,0,14,455,0,1,0,0,0,0,0,0,1,0,0,0,1,0,0,0,1,1,0,0,0,0,0,1,0,0,0,0,0,0,0,0,0,0,0,0,0,0,0,0,0,0,0,0,0,0,0,0,1,0,sensitization,U,not_tested
GENE053,4,0.120239624572,0.134178989647,900.125,0,0,0,0.5,0,0.5,0.0512750585021,0.0899164801141,0.199393413225,0.0285234779818,0.472959935845,0.5,0.120239624572,0.134178989647,resistance,0,0,0.533333333333,0.87548007272,0.835647787452,0.915312357988,0.088767240298,211116.5,median_ratio,SYN-SCREEN-08,SYN-SCREEN-08-DRUG-vs-CTRL,SYN-STUDY-08,SYN-SOURCE-FAMILY-08,SYN-FAMILY-08,2,2,0,1,0,0,1,1,0,1,2,2,,1,240,60,4,20,0.27,,625,540,455,2,7,7,200,0,4,500,1,22,14,0,14,455,0,1,0,0,0,0,0,0,1,0,0,0,1,0,0,0,1,1,0,0,0,0,0,1,0,0,0,0,0,0,0,0,0,0,0,0,0,0,0,0,0,0,0,0,0,0,0,0,1,0,resistance,U,unknown
GENE054,4,-0.0785505298501,-0.0793922898493,780.75,0,0,0,0.25,0.5,0.25,0.154510985071,0.280961184461,0.234745034919,0.145040132589,0.426981673994,0.5,0.0785505298501,0.0793922898493,neutral,0,1,0.416666666667,0.87548007272,0.835647787452,0.915312357988,0.166703847991,211116.5,median_ratio,SYN-SCREEN-08,SYN-SCREEN-08-DRUG-vs-CTRL,SYN-STUDY-08,SYN-SOURCE-FAMILY-08,SYN-FAMILY-08,2,2,0,1,0,0,1,1,0,1,2,2,,1,240,60,4,20,0.27,,625,540,455,2,7,7,200,0,4,500,1,22,14,0,14,455,0,1,0,0,0,0,0,0,1,0,0,0,1,0,0,0,1,1,0,0,0,0,0,1,0,0,0,0,0,0,0,0,0,0,0,0,0,0,0,0,0,0,0,0,0,0,0,0,1,0,sensitization,U,unknown
GENE055,4,-0.0704265263149,-0.101647997985,545.875,0,0,0,0,0.25,0.75,0.0119486581361,0.0483611229666,0.14481812779,0.00599404259758,0.526372236414,0.25,0.0704265263149,0.101647997985,neutral,0,1,0.383333333333,0.87548007272,0.835647787452,0.915312357988,0.00887765347859,211116.5,median_ratio,SYN-SCREEN-08,SYN-SCREEN-08-DRUG-vs-CTRL,SYN-STUDY-08,SYN-SOURCE-FAMILY-08,SYN-FAMILY-08,2,2,0,1,0,0,1,1,0,1,2,2,,1,240,60,4,20,0.27,,625,540,455,2,7,7,200,0,4,500,1,22,14,0,14,455,0,1,0,0,0,0,0,0,1,0,0,0,1,0,0,0,1,1,0,0,0,0,0,1,0,0,0,0,0,0,0,0,0,0,0,0,0,0,0,0,0,0,0,0,0,0,0,0,1,0,sensitization,U,unknown
GENE056,4,0.0448764267072,0.0687795392368,727.375,0,0,0,0.25,0,0.75,0.0740034331565,0.148990232506,0.166686084923,0.058986360674,0.60622110262,0.25,0.0448764267072,0.0687795392368,neutral,0,1,0.3,0.87548007272,0.835647787452,0.915312357988,0.0530676263787,211116.5,median_ratio,SYN-SCREEN-08,SYN-SCREEN-08-DRUG-vs-CTRL,SYN-STUDY-08,SYN-SOURCE-FAMILY-08,SYN-FAMILY-08,2,2,0,1,0,0,1,1,0,1,2,2,,1,240,60,4,20,0.27,,625,540,455,2,7,7,200,0,4,500,1,22,14,0,14,455,0,1,0,0,0,0,0,0,1,0,0,0,1,0,0,0,1,1,0,0,0,0,0,1,0,0,0,0,0,0,0,0,0,0,0,0,0,0,0,0,0,0,0,0,0,0,0,0,1,0,sensitization,U,not_tested
GENE057,4,-0.0355960764334,-0.0110626278843,873.25,0,0,0,0.25,0.25,0.5,0.0439382050862,0.0779528032731,0.127462157633,0.0109478885913,0.432155355737,0.25,0.0355960764334,0.0110626278843,neutral,0,1,0.166666666667,0.87548007272,0.835647787452,0.915312357988,0.128048137009,211116.5,median_ratio,SYN-SCREEN-08,SYN-SCREEN-08-DRUG-vs-CTRL,SYN-STUDY-08,SYN-SOURCE-FAMILY-08,SYN-FAMILY-08,2,2,0,1,0,0,1,1,0,1,2,2,,1,240,60,4,20,0.27,,625,540,455,2,7,7,200,0,4,500,1,22,14,0,14,455,0,1,0,0,0,0,0,0,1,0,0,0,1,0,0,0,1,1,0,0,0,0,0,1,0,0,0,0,0,0,0,0,0,0,0,0,0,0,0,0,0,0,0,0,0,0,0,0,1,0,resistance,U,unknown
GENE058,4,-0.186019328529,-0.189242947032,663.125,0,0,0,0,0.5,0.5,0.113243733587,0.215527467186,0.305710299123,0.114384768233,0.431114025303,0.5,0.186019328529,0.189242947032,sensitization,1,0,0.583333333333,0.87548007272,0.835647787452,0.915312357988,0.099419479171,211116.5,median_ratio,SYN-SCREEN-08,SYN-SCREEN-08-DRUG-vs-CTRL,SYN-STUDY-08,SYN-SOURCE-FAMILY-08,SYN-FAMILY-08,2,2,0,1,0,0,1,1,0,1,2,2,,1,240,60,4,20,0.27,,625,540,455,2,7,7,200,0,4,500,1,22,14,0,14,455,0,1,0,0,0,0,0,0,1,0,0,0,1,0,0,0,1,1,0,0,0,0,0,1,0,0,0,0,0,0,0,0,0,0,0,0,0,0,0,0,0,0,0,0,0,0,0,0,1,0,sensitization,U,unknown
GENE059,4,-0.105158137784,-0.0588514291589,873.375,0,0,0,0.25,0.5,0.25,0.0289192908359,0.0975110263293,0.13407742862,0.0257325325228,0.301535682733,0.5,0.105158137784,0.0588514291589,sensitization,1,0,0.5,0.87548007272,0.835647787452,0.915312357988,0.125871544393,211116.5,median_ratio,SYN-SCREEN-08,SYN-SCREEN-08-DRUG-vs-CTRL,SYN-STUDY-08,SYN-SOURCE-FAMILY-08,SYN-FAMILY-08,2,2,0,1,0,0,1,1,0,1,2,2,,1,240,60,4,20,0.27,,625,540,455,2,7,7,200,0,4,500,1,22,14,0,14,455,0,1,0,0,0,0,0,0,1,0,0,0,1,0,0,0,1,1,0,0,0,0,0,1,0,0,0,0,0,0,0,0,0,0,0,0,0,0,0,0,0,0,0,0,0,0,0,0,1,0,sensitization,U,unknown
