queue_id	queue_rank	source_round	source_version	policy_version	bucket	screen_id	external_screen_id	source_id	source_type	source_family_id	author	screen_name	experimental_setup	condition_name	cell_line	scope_unknown_count	metadata_completeness_count	full_gene_score_set_available	reason_codes
orcs:2.0.18:curation-queue:v2:1	1	1	2.0.18	2	confirmed_scope	orcs:2.0.18:screen:1	1	24336569	pubmed	orcs:source-family:pubmed:24336569	Wang T (2014)	1-PMID24336569	Drug Exposure	Etoposide	KBM-7	0	8	True	curation.comparator_and_sample_map|data.count_level_signal|labels.adjudicated_validation_event|metadata.gene_level_mapping|provenance.raw_data_family|provenance.source_family|rights.source_and_raw_data
orcs:2.0.18:curation-queue:v2:1153	2	1	2.0.18	2	confirmed_scope	orcs:2.0.18:screen:1153	1153	27018887	pubmed	orcs:source-family:pubmed:27018887	Deans RM (2016)	1-PMID27018887	Drug Exposure	GSK983	K-562	0	8	True	curation.comparator_and_sample_map|data.count_level_signal|labels.adjudicated_validation_event|metadata.gene_level_mapping|provenance.raw_data_family|provenance.source_family|rights.source_and_raw_data
orcs:2.0.18:curation-queue:v2:85	3	1	2.0.18	2	confirmed_scope	orcs:2.0.18:screen:85	85	28145866	pubmed	orcs:source-family:pubmed:28145866	Krall EB (2017)	1-PMID28145866	Drug Exposure	Trametinib	HCC364	0	8	True	curation.comparator_and_sample_map|data.count_level_signal|labels.adjudicated_validation_event|metadata.gene_level_mapping|provenance.raw_data_family|provenance.source_family|rights.source_and_raw_data
orcs:2.0.18:curation-queue:v2:2169	4	1	2.0.18	2	confirmed_scope	orcs:2.0.18:screen:2169	2169	28167502	pubmed	orcs:source-family:pubmed:28167502	Liao S (2017)	1-PMID28167502	Drug Exposure	Gefitinib	PC-9	0	8	True	curation.comparator_and_sample_map|data.count_level_signal|labels.adjudicated_validation_event|metadata.gene_level_mapping|provenance.raw_data_family|provenance.source_family|rights.source_and_raw_data
orcs:2.0.18:curation-queue:v2:1348	5	1	2.0.18	2	confirmed_scope	orcs:2.0.18:screen:1348	1348	29973717	pubmed	orcs:source-family:pubmed:29973717	Zimmermann M (2018)	1-PMID29973717	Drug Exposure	Olaparib	HeLa	0	8	True	curation.comparator_and_sample_map|data.count_level_signal|labels.adjudicated_validation_event|metadata.gene_level_mapping|provenance.raw_data_family|provenance.source_family|rights.source_and_raw_data
orcs:2.0.18:curation-queue:v2:632	6	1	2.0.18	2	confirmed_scope	orcs:2.0.18:screen:632	632	30135075	pubmed	orcs:source-family:pubmed:30135075	Liao S (2018)	1-PMID30135075	Drug Exposure	JQ1	10-15	0	8	True	curation.comparator_and_sample_map|data.count_level_signal|labels.adjudicated_validation_event|metadata.gene_level_mapping|provenance.raw_data_family|provenance.source_family|rights.source_and_raw_data
orcs:2.0.18:curation-queue:v2:1291	7	1	2.0.18	2	confirmed_scope	orcs:2.0.18:screen:1291	1291	30154076	pubmed	orcs:source-family:pubmed:30154076	Findlay S (2018)	1-PMID30154076	Drug Exposure	Doxorubicin	hTERT-RPE1	0	8	True	curation.comparator_and_sample_map|data.count_level_signal|labels.adjudicated_validation_event|metadata.gene_level_mapping|provenance.raw_data_family|provenance.source_family|rights.source_and_raw_data
orcs:2.0.18:curation-queue:v2:1705	8	1	2.0.18	2	confirmed_scope	orcs:2.0.18:screen:1705	1705	30414698	pubmed	orcs:source-family:pubmed:30414698	Goodspeed A (2019)	1-PMID30414698	Drug Exposure	Cisplatin	MGH-U4	0	8	True	curation.comparator_and_sample_map|data.count_level_signal|labels.adjudicated_validation_event|metadata.gene_level_mapping|provenance.raw_data_family|provenance.source_family|rights.source_and_raw_data
orcs:2.0.18:curation-queue:v2:1110	9	1	2.0.18	2	confirmed_scope	orcs:2.0.18:screen:1110	1110	30449619	pubmed	orcs:source-family:pubmed:30449619	Shifrut E (2018)	4-PMID30449619	Drug Exposure	CGS-21680	CD8+ T s (primary-derived)	0	8	True	curation.comparator_and_sample_map|data.count_level_signal|labels.adjudicated_validation_event|metadata.gene_level_mapping|provenance.raw_data_family|provenance.source_family|rights.source_and_raw_data
orcs:2.0.18:curation-queue:v2:2440	10	1	2.0.18	2	confirmed_scope	orcs:2.0.18:screen:2440	2440	30532030	pubmed	orcs:source-family:pubmed:30532030	Wang C (2019)	1-PMID30532030	Drug Exposure	AZD6738	HEK293-A	0	8	True	curation.comparator_and_sample_map|data.count_level_signal|labels.adjudicated_validation_event|metadata.gene_level_mapping|provenance.raw_data_family|provenance.source_family|rights.source_and_raw_data
orcs:2.0.18:curation-queue:v2:1144	11	1	2.0.18	2	confirmed_scope	orcs:2.0.18:screen:1144	1144	30647128	pubmed	orcs:source-family:pubmed:30647128	Alimov I (2019)	1-PMID30647128	Drug Exposure	BAA473 (11-oxo-12S-hydroxylithocholic acid methyl ester)	THP-1	0	8	True	curation.comparator_and_sample_map|data.count_level_signal|labels.adjudicated_validation_event|metadata.gene_level_mapping|provenance.raw_data_family|provenance.source_family|rights.source_and_raw_data
orcs:2.0.18:curation-queue:v2:1360	12	1	2.0.18	2	confirmed_scope	orcs:2.0.18:screen:1360	1360	30862715	pubmed	orcs:source-family:pubmed:30862715	Liu C (2019)	1-PMID30862715	Drug Exposure	Mutation: TP53 (ETG:7157) KO|Cisplatin	WA09	0	8	True	curation.comparator_and_sample_map|data.count_level_signal|labels.adjudicated_validation_event|metadata.gene_level_mapping|provenance.raw_data_family|provenance.source_family|rights.source_and_raw_data
orcs:2.0.18:curation-queue:v2:689	13	1	2.0.18	2	confirmed_scope	orcs:2.0.18:screen:689	689	30898113	pubmed	orcs:source-family:pubmed:30898113	Bakke J (2019)	1-PMID30898113	Drug Exposure	Gemcitabine	PANC-1	0	8	True	curation.comparator_and_sample_map|data.count_level_signal|labels.adjudicated_validation_event|metadata.gene_level_mapping|provenance.raw_data_family|provenance.source_family|rights.source_and_raw_data
orcs:2.0.18:curation-queue:v2:1453	14	1	2.0.18	2	confirmed_scope	orcs:2.0.18:screen:1453	1453	30916320	pubmed	orcs:source-family:pubmed:30916320	Gao G (2019)	1-PMID30916320	Drug Exposure	EPZ015666 (GSK3235025)	NCI-H2171	0	8	True	curation.comparator_and_sample_map|data.count_level_signal|labels.adjudicated_validation_event|metadata.gene_level_mapping|provenance.raw_data_family|provenance.source_family|rights.source_and_raw_data
orcs:2.0.18:curation-queue:v2:1256	15	1	2.0.18	2	confirmed_scope	orcs:2.0.18:screen:1256	1256	30962421	pubmed	orcs:source-family:pubmed:30962421	Zou Y (2019)	1-PMID30962421	Drug Exposure	ML-210	786-O	0	8	True	curation.comparator_and_sample_map|data.count_level_signal|labels.adjudicated_validation_event|metadata.gene_level_mapping|provenance.raw_data_family|provenance.source_family|rights.source_and_raw_data
orcs:2.0.18:curation-queue:v2:1355	16	1	2.0.18	2	confirmed_scope	orcs:2.0.18:screen:1355	1355	30991026	pubmed	orcs:source-family:pubmed:30991026	Hinze L (2019)	1-PMID30991026	Drug Exposure	Aspariginase	CCRF-CEM	0	8	True	curation.comparator_and_sample_map|data.count_level_signal|labels.adjudicated_validation_event|metadata.gene_level_mapping|provenance.raw_data_family|provenance.source_family|rights.source_and_raw_data
orcs:2.0.18:curation-queue:v2:1062	17	1	2.0.18	2	confirmed_scope	orcs:2.0.18:screen:1062	1062	30995489	pubmed	orcs:source-family:pubmed:30995489	MacLeod G (2019)	13-PMID30995489	Drug Exposure	Temozolomide	G432NS-Cas9	0	8	True	curation.comparator_and_sample_map|data.count_level_signal|labels.adjudicated_validation_event|metadata.gene_level_mapping|provenance.raw_data_family|provenance.source_family|rights.source_and_raw_data
orcs:2.0.18:curation-queue:v2:1361	18	1	2.0.18	2	confirmed_scope	orcs:2.0.18:screen:1361	1361	31048320	pubmed	orcs:source-family:pubmed:31048320	Nechiporuk T (2019)	1-PMID31048320	Drug Exposure	Venetoclax	MOLM-13	0	8	True	curation.comparator_and_sample_map|data.count_level_signal|labels.adjudicated_validation_event|metadata.gene_level_mapping|provenance.raw_data_family|provenance.source_family|rights.source_and_raw_data
orcs:2.0.18:curation-queue:v2:1392	19	1	2.0.18	2	confirmed_scope	orcs:2.0.18:screen:1392	1392	31048321	pubmed	orcs:source-family:pubmed:31048321	Chen X (2019)	1-PMID31048321	Drug Exposure	Venetoclax	MOLM-13	0	8	True	curation.comparator_and_sample_map|data.count_level_signal|labels.adjudicated_validation_event|metadata.gene_level_mapping|provenance.raw_data_family|provenance.source_family|rights.source_and_raw_data
orcs:2.0.18:curation-queue:v2:1519	20	1	2.0.18	2	confirmed_scope	orcs:2.0.18:screen:1519	1519	31076567	pubmed	orcs:source-family:pubmed:31076567	Chen J (2019)	1-PMID31076567	Drug Exposure	AZD4547	KATO III	0	8	True	curation.comparator_and_sample_map|data.count_level_signal|labels.adjudicated_validation_event|metadata.gene_level_mapping|provenance.raw_data_family|provenance.source_family|rights.source_and_raw_data
orcs:2.0.18:curation-queue:v2:1094	21	1	2.0.18	2	confirmed_scope	orcs:2.0.18:screen:1094	1094	31133756	pubmed	orcs:source-family:pubmed:31133756	Tsvetkov P (2019)	1-PMID31133756	Drug Exposure	OTA-5781	K-562	0	8	True	curation.comparator_and_sample_map|data.count_level_signal|labels.adjudicated_validation_event|metadata.gene_level_mapping|provenance.raw_data_family|provenance.source_family|rights.source_and_raw_data
orcs:2.0.18:curation-queue:v2:1098	22	1	2.0.18	2	confirmed_scope	orcs:2.0.18:screen:1098	1098	31219803	pubmed	orcs:source-family:pubmed:31219803	Liu X (2019)	1-PMID31219803	Drug Exposure	Bleomycin	BJ	0	8	True	curation.comparator_and_sample_map|data.count_level_signal|labels.adjudicated_validation_event|metadata.gene_level_mapping|provenance.raw_data_family|provenance.source_family|rights.source_and_raw_data
orcs:2.0.18:curation-queue:v2:2002	23	1	2.0.18	2	confirmed_scope	orcs:2.0.18:screen:2002	2002	31287994	pubmed	orcs:source-family:pubmed:31287994	Baccelli I (2019)	1-PMID31287994	Drug Exposure	Mubritinib	NALM-6	0	8	True	curation.comparator_and_sample_map|data.count_level_signal|labels.adjudicated_validation_event|metadata.gene_level_mapping|provenance.raw_data_family|provenance.source_family|rights.source_and_raw_data
orcs:2.0.18:curation-queue:v2:1056	24	1	2.0.18	2	confirmed_scope	orcs:2.0.18:screen:1056	1056	31300418	pubmed	orcs:source-family:pubmed:31300418	Patil A (2019)	1-PMID31300418	Drug Exposure	CC-122 (Avadomide)	BC-3	0	8	True	curation.comparator_and_sample_map|data.count_level_signal|labels.adjudicated_validation_event|metadata.gene_level_mapping|provenance.raw_data_family|provenance.source_family|rights.source_and_raw_data
orcs:2.0.18:curation-queue:v2:1353	25	1	2.0.18	2	confirmed_scope	orcs:2.0.18:screen:1353	1353	31451760	pubmed	orcs:source-family:pubmed:31451760	Tsui CK (2019)	1-PMID31451760	Drug Exposure	anti-CD22-asparagine-PEG2-maytansine	Ramos	0	8	True	curation.comparator_and_sample_map|data.count_level_signal|labels.adjudicated_validation_event|metadata.gene_level_mapping|provenance.raw_data_family|provenance.source_family|rights.source_and_raw_data
orcs:2.0.18:curation-queue:v2:2350	26	1	2.0.18	2	confirmed_scope	orcs:2.0.18:screen:2350	2350	31462500	pubmed	orcs:source-family:pubmed:31462500	Stover EH (2019)	1-PMID31462500	Drug Exposure	Cisplatin	Kuramochi	0	8	True	curation.comparator_and_sample_map|data.count_level_signal|labels.adjudicated_validation_event|metadata.gene_level_mapping|provenance.raw_data_family|provenance.source_family|rights.source_and_raw_data
orcs:2.0.18:curation-queue:v2:1621	27	1	2.0.18	2	confirmed_scope	orcs:2.0.18:screen:1621	1621	31508509	pubmed	orcs:source-family:pubmed:31508509	Fang P (2019)	1-PMID31508509	Drug Exposure	Olaparib	A2780	0	8	True	curation.comparator_and_sample_map|data.count_level_signal|labels.adjudicated_validation_event|metadata.gene_level_mapping|provenance.raw_data_family|provenance.source_family|rights.source_and_raw_data
orcs:2.0.18:curation-queue:v2:1586	28	1	2.0.18	2	confirmed_scope	orcs:2.0.18:screen:1586	1586	31604991	pubmed	orcs:source-family:pubmed:31604991	Gul N (2019)	1-PMID31604991	Drug Exposure	TH588	NCI-H460	0	8	True	curation.comparator_and_sample_map|data.count_level_signal|labels.adjudicated_validation_event|metadata.gene_level_mapping|provenance.raw_data_family|provenance.source_family|rights.source_and_raw_data
orcs:2.0.18:curation-queue:v2:1401	29	1	2.0.18	2	confirmed_scope	orcs:2.0.18:screen:1401	1401	31666400	pubmed	orcs:source-family:pubmed:31666400	Sharon D (2019)	1-PMID31666400	Drug Exposure	Venetoclax	MOLM-13	0	8	True	curation.comparator_and_sample_map|data.count_level_signal|labels.adjudicated_validation_event|metadata.gene_level_mapping|provenance.raw_data_family|provenance.source_family|rights.source_and_raw_data
orcs:2.0.18:curation-queue:v2:1159	30	1	2.0.18	2	confirmed_scope	orcs:2.0.18:screen:1159	1159	31761535	pubmed	orcs:source-family:pubmed:31761535	Schinzel RT (2019)	1-PMID31761535	Drug Exposure	Tunicamycin	BJ	0	8	True	curation.comparator_and_sample_map|data.count_level_signal|labels.adjudicated_validation_event|metadata.gene_level_mapping|provenance.raw_data_family|provenance.source_family|rights.source_and_raw_data
orcs:2.0.18:curation-queue:v2:1166	31	1	2.0.18	2	confirmed_scope	orcs:2.0.18:screen:1166	1166	31801065	pubmed	orcs:source-family:pubmed:31801065	Hyrina A (2019)	4-PMID31801065	Drug Exposure	RG7834	HepG2-NTCP1 HBV Cas9	0	8	True	curation.comparator_and_sample_map|data.count_level_signal|labels.adjudicated_validation_event|metadata.gene_level_mapping|provenance.raw_data_family|provenance.source_family|rights.source_and_raw_data
orcs:2.0.18:curation-queue:v2:1255	32	1	2.0.18	2	confirmed_scope	orcs:2.0.18:screen:1255	1255	31855178	pubmed	orcs:source-family:pubmed:31855178	Palit SA (2019)	1-PMID31855178	Drug Exposure	Apalutamide	LNCaP	0	8	True	curation.comparator_and_sample_map|data.count_level_signal|labels.adjudicated_validation_event|metadata.gene_level_mapping|provenance.raw_data_family|provenance.source_family|rights.source_and_raw_data
orcs:2.0.18:curation-queue:v2:1629	33	1	2.0.18	2	confirmed_scope	orcs:2.0.18:screen:1629	1629	31903165	pubmed	orcs:source-family:pubmed:31903165	Zheng A (2019)	1-PMID31903165	Drug Exposure	sorafenib	HUH-7 SR	0	8	True	curation.comparator_and_sample_map|data.count_level_signal|labels.adjudicated_validation_event|metadata.gene_level_mapping|provenance.raw_data_family|provenance.source_family|rights.source_and_raw_data
orcs:2.0.18:curation-queue:v2:1191	34	1	2.0.18	2	confirmed_scope	orcs:2.0.18:screen:1191	1191	32005668	pubmed	orcs:source-family:pubmed:32005668	Wu X (2020)	1-PMID32005668	Drug Exposure	DNMDP	Unknown	0	8	True	curation.comparator_and_sample_map|data.count_level_signal|labels.adjudicated_validation_event|metadata.gene_level_mapping|provenance.raw_data_family|provenance.source_family|rights.source_and_raw_data
orcs:2.0.18:curation-queue:v2:2375	35	1	2.0.18	2	confirmed_scope	orcs:2.0.18:screen:2375	2375	32028983	pubmed	orcs:source-family:pubmed:32028983	Lau MT (2020)	2-PMID32028983	Drug Exposure	Cisplatin	HAP-1	0	8	True	curation.comparator_and_sample_map|data.count_level_signal|labels.adjudicated_validation_event|metadata.gene_level_mapping|provenance.raw_data_family|provenance.source_family|rights.source_and_raw_data
orcs:2.0.18:curation-queue:v2:1365	36	1	2.0.18	2	confirmed_scope	orcs:2.0.18:screen:1365	1365	32094149	pubmed	orcs:source-family:pubmed:32094149	Jacques S (2020)	1-PMID32094149	Drug Exposure	ONC201 (TIC10)	NALM-6	0	8	True	curation.comparator_and_sample_map|data.count_level_signal|labels.adjudicated_validation_event|metadata.gene_level_mapping|provenance.raw_data_family|provenance.source_family|rights.source_and_raw_data
orcs:2.0.18:curation-queue:v2:1239	37	1	2.0.18	2	confirmed_scope	orcs:2.0.18:screen:1239	1239	32238925	pubmed	orcs:source-family:pubmed:32238925	Han K (2020)	2-PMID32238925	Drug Exposure	ARS-853	NCI-H23	0	8	True	curation.comparator_and_sample_map|data.count_level_signal|labels.adjudicated_validation_event|metadata.gene_level_mapping|provenance.raw_data_family|provenance.source_family|rights.source_and_raw_data
orcs:2.0.18:curation-queue:v2:1445	38	1	2.0.18	2	confirmed_scope	orcs:2.0.18:screen:1445	1445	32416067	pubmed	orcs:source-family:pubmed:32416067	Shu S (2020)	5-PMID32416067	Drug Exposure	JQ1	SUM149PT	0	8	True	curation.comparator_and_sample_map|data.count_level_signal|labels.adjudicated_validation_event|metadata.gene_level_mapping|provenance.raw_data_family|provenance.source_family|rights.source_and_raw_data
orcs:2.0.18:curation-queue:v2:1451	39	1	2.0.18	2	confirmed_scope	orcs:2.0.18:screen:1451	1451	32585766	pubmed	orcs:source-family:pubmed:32585766	Thomsen EA (2020)	1-PMID32585766	Drug Exposure	Rituximab	OCI-Ly7	0	8	True	curation.comparator_and_sample_map|data.count_level_signal|labels.adjudicated_validation_event|metadata.gene_level_mapping|provenance.raw_data_family|provenance.source_family|rights.source_and_raw_data
orcs:2.0.18:curation-queue:v2:1313	40	1	2.0.18	2	confirmed_scope	orcs:2.0.18:screen:1313	1313	32649862	pubmed	orcs:source-family:pubmed:32649862	Olivieri M (2020)	1-PMID32649862	Drug Exposure	Cisplatin	hTERT-RPE1	0	8	True	curation.comparator_and_sample_map|data.count_level_signal|labels.adjudicated_validation_event|metadata.gene_level_mapping|provenance.raw_data_family|provenance.source_family|rights.source_and_raw_data
orcs:2.0.18:curation-queue:v2:1249	41	1	2.0.18	2	confirmed_scope	orcs:2.0.18:screen:1249	1249	32755594	pubmed	orcs:source-family:pubmed:32755594	Benslimane Y (2020)	1-PMID32755594	Drug Exposure	Resveratrol	NALM-6	0	8	True	curation.comparator_and_sample_map|data.count_level_signal|labels.adjudicated_validation_event|metadata.gene_level_mapping|provenance.raw_data_family|provenance.source_family|rights.source_and_raw_data
orcs:2.0.18:curation-queue:v2:1454	42	1	2.0.18	2	confirmed_scope	orcs:2.0.18:screen:1454	1454	33110234	pubmed	orcs:source-family:pubmed:33110234	Li H (2021)	1-PMID33110234	Drug Exposure	Hydrogen Peroxide (H2O2)	HEK-293	0	8	True	curation.comparator_and_sample_map|data.count_level_signal|labels.adjudicated_validation_event|metadata.gene_level_mapping|provenance.raw_data_family|provenance.source_family|rights.source_and_raw_data
orcs:2.0.18:curation-queue:v2:1623	43	1	2.0.18	2	confirmed_scope	orcs:2.0.18:screen:1623	1623	33137164	pubmed	orcs:source-family:pubmed:33137164	Schleicher EM (2020)	1-PMID33137164	Drug Exposure	AZD6738	HeLa	0	8	True	curation.comparator_and_sample_map|data.count_level_signal|labels.adjudicated_validation_event|metadata.gene_level_mapping|provenance.raw_data_family|provenance.source_family|rights.source_and_raw_data
orcs:2.0.18:curation-queue:v2:1413	44	1	2.0.18	2	confirmed_scope	orcs:2.0.18:screen:1413	1413	33186476	pubmed	orcs:source-family:pubmed:33186476	Zhan T (2020)	1-PMID33186476	Drug Exposure	YM-155 (sepantronium bromide)	HCT 116	0	8	True	curation.comparator_and_sample_map|data.count_level_signal|labels.adjudicated_validation_event|metadata.gene_level_mapping|provenance.raw_data_family|provenance.source_family|rights.source_and_raw_data
orcs:2.0.18:curation-queue:v2:1396	45	1	2.0.18	2	confirmed_scope	orcs:2.0.18:screen:1396	1396	33189395	pubmed	orcs:source-family:pubmed:33189395	Zhao Y (2020)	1-PMID33189395	Drug Exposure	Formaldehyde	K-562	0	8	True	curation.comparator_and_sample_map|data.count_level_signal|labels.adjudicated_validation_event|metadata.gene_level_mapping|provenance.raw_data_family|provenance.source_family|rights.source_and_raw_data
orcs:2.0.18:curation-queue:v2:1455	46	1	2.0.18	2	confirmed_scope	orcs:2.0.18:screen:1455	1455	33257658	pubmed	orcs:source-family:pubmed:33257658	Clements KE (2020)	1-PMID33257658	Drug Exposure	Olaparib	HeLa	0	8	True	curation.comparator_and_sample_map|data.count_level_signal|labels.adjudicated_validation_event|metadata.gene_level_mapping|provenance.raw_data_family|provenance.source_family|rights.source_and_raw_data
orcs:2.0.18:curation-queue:v2:1843	47	1	2.0.18	2	confirmed_scope	orcs:2.0.18:screen:1843	1843	33355125	pubmed	orcs:source-family:pubmed:33355125	Juhász S (2020)	1-PMID33355125	Drug Exposure	Olaparib	HeLa	0	8	True	curation.comparator_and_sample_map|data.count_level_signal|labels.adjudicated_validation_event|metadata.gene_level_mapping|provenance.raw_data_family|provenance.source_family|rights.source_and_raw_data
orcs:2.0.18:curation-queue:v2:1989	48	1	2.0.18	2	confirmed_scope	orcs:2.0.18:screen:1989	1989	33417871	pubmed	orcs:source-family:pubmed:33417871	Chagraoui J (2021)	1-PMID33417871	Drug Exposure	UM171	OCI-AML-1	0	8	True	curation.comparator_and_sample_map|data.count_level_signal|labels.adjudicated_validation_event|metadata.gene_level_mapping|provenance.raw_data_family|provenance.source_family|rights.source_and_raw_data
orcs:2.0.18:curation-queue:v2:1568	49	1	2.0.18	2	confirmed_scope	orcs:2.0.18:screen:1568	1568	33476303	pubmed	orcs:source-family:pubmed:33476303	Barghout SH (2021)	1-PMID33476303	Drug Exposure	TAK-243	OCI-AML-2	0	8	True	curation.comparator_and_sample_map|data.count_level_signal|labels.adjudicated_validation_event|metadata.gene_level_mapping|provenance.raw_data_family|provenance.source_family|rights.source_and_raw_data
orcs:2.0.18:curation-queue:v2:1471	50	1	2.0.18	2	confirmed_scope	orcs:2.0.18:screen:1471	1471	33539788	pubmed	orcs:source-family:pubmed:33539788	Hundley FV (2021)	1-PMID33539788	Drug Exposure	Pictilisib	HAP-1	0	8	True	curation.comparator_and_sample_map|data.count_level_signal|labels.adjudicated_validation_event|metadata.gene_level_mapping|provenance.raw_data_family|provenance.source_family|rights.source_and_raw_data
orcs:2.0.18:curation-queue:v2:1710	51	1	2.0.18	2	confirmed_scope	orcs:2.0.18:screen:1710	1710	33604667	pubmed	orcs:source-family:pubmed:33604667	Goh CJH (2021)	1-PMID33604667	Drug Exposure	Vemurafenib	A-375	0	8	True	curation.comparator_and_sample_map|data.count_level_signal|labels.adjudicated_validation_event|metadata.gene_level_mapping|provenance.raw_data_family|provenance.source_family|rights.source_and_raw_data
orcs:2.0.18:curation-queue:v2:1995	52	1	2.0.18	2	confirmed_scope	orcs:2.0.18:screen:1995	1995	33660365	pubmed	orcs:source-family:pubmed:33660365	Benslimane Y (2021)	1-PMID33660365	Drug Exposure	BIBR 1532 (BIBR1532)	NALM-6	0	8	True	curation.comparator_and_sample_map|data.count_level_signal|labels.adjudicated_validation_event|metadata.gene_level_mapping|provenance.raw_data_family|provenance.source_family|rights.source_and_raw_data
orcs:2.0.18:curation-queue:v2:1967	53	1	2.0.18	2	confirmed_scope	orcs:2.0.18:screen:1967	1967	34004147	pubmed	orcs:source-family:pubmed:34004147	Vervoort SJ (2021)	1-PMID34004147	Drug Exposure	AZD5576 (CDK9i)	THP-1	0	8	True	curation.comparator_and_sample_map|data.count_level_signal|labels.adjudicated_validation_event|metadata.gene_level_mapping|provenance.raw_data_family|provenance.source_family|rights.source_and_raw_data
orcs:2.0.18:curation-queue:v2:1647	54	1	2.0.18	2	confirmed_scope	orcs:2.0.18:screen:1647	1647	34049503	pubmed	orcs:source-family:pubmed:34049503	Ramaker RC (2021)	9-PMID34049503	Drug Exposure	Gemcitabine	PANC-1	0	8	True	curation.comparator_and_sample_map|data.count_level_signal|labels.adjudicated_validation_event|metadata.gene_level_mapping|provenance.raw_data_family|provenance.source_family|rights.source_and_raw_data
orcs:2.0.18:curation-queue:v2:2088	55	1	2.0.18	2	confirmed_scope	orcs:2.0.18:screen:2088	2088	34108663	pubmed	orcs:source-family:pubmed:34108663	van der Weegen Y (2021)	1-PMID34108663	Drug Exposure	Illudin S	hTERT-RPE1	0	8	True	curation.comparator_and_sample_map|data.count_level_signal|labels.adjudicated_validation_event|metadata.gene_level_mapping|provenance.raw_data_family|provenance.source_family|rights.source_and_raw_data
orcs:2.0.18:curation-queue:v2:1947	56	1	2.0.18	2	confirmed_scope	orcs:2.0.18:screen:1947	1947	34230586	pubmed	orcs:source-family:pubmed:34230586	Sapp V (2021)	1-PMID34230586	Drug Exposure	Doxorubicin	cardiomyocyte cell line	0	8	True	curation.comparator_and_sample_map|data.count_level_signal|labels.adjudicated_validation_event|metadata.gene_level_mapping|provenance.raw_data_family|provenance.source_family|rights.source_and_raw_data
orcs:2.0.18:curation-queue:v2:2003	57	1	2.0.18	2	confirmed_scope	orcs:2.0.18:screen:2003	2003	34316707	pubmed	orcs:source-family:pubmed:34316707	Sohail M (2021)	1-PMID34316707	Drug Exposure	GPS167	NALM-6	0	8	True	curation.comparator_and_sample_map|data.count_level_signal|labels.adjudicated_validation_event|metadata.gene_level_mapping|provenance.raw_data_family|provenance.source_family|rights.source_and_raw_data
orcs:2.0.18:curation-queue:v2:2309	58	1	2.0.18	2	confirmed_scope	orcs:2.0.18:screen:2309	2309	34320214	pubmed	orcs:source-family:pubmed:34320214	Wang C (2021)	1-PMID34320214	Drug Exposure	AZD6738	HEK293-A	0	8	True	curation.comparator_and_sample_map|data.count_level_signal|labels.adjudicated_validation_event|metadata.gene_level_mapping|provenance.raw_data_family|provenance.source_family|rights.source_and_raw_data
orcs:2.0.18:curation-queue:v2:1794	59	1	2.0.18	2	confirmed_scope	orcs:2.0.18:screen:1794	1794	34373451	pubmed	orcs:source-family:pubmed:34373451	Vichas A (2021)	2-PMID34373451	Drug Exposure	Mutation: EGFR (ETG1956) T790M/L858R| erlotinib	PC-9	0	8	True	curation.comparator_and_sample_map|data.count_level_signal|labels.adjudicated_validation_event|metadata.gene_level_mapping|provenance.raw_data_family|provenance.source_family|rights.source_and_raw_data
orcs:2.0.18:curation-queue:v2:1669	60	1	2.0.18	2	confirmed_scope	orcs:2.0.18:screen:1669	1669	34615851	pubmed	orcs:source-family:pubmed:34615851	Giovannucci TA (2021)	1-PMID34615851	Drug Exposure	CBK77	Mel JuSo	0	8	True	curation.comparator_and_sample_map|data.count_level_signal|labels.adjudicated_validation_event|metadata.gene_level_mapping|provenance.raw_data_family|provenance.source_family|rights.source_and_raw_data
orcs:2.0.18:curation-queue:v2:2445	61	1	2.0.18	2	confirmed_scope	orcs:2.0.18:screen:2445	2445	34644148	pubmed	orcs:source-family:pubmed:34644148	Bellail AC (2021)	1-PMID34644148	Drug Exposure	HB007	HCT 116	0	8	True	curation.comparator_and_sample_map|data.count_level_signal|labels.adjudicated_validation_event|metadata.gene_level_mapping|provenance.raw_data_family|provenance.source_family|rights.source_and_raw_data
orcs:2.0.18:curation-queue:v2:1986	62	1	2.0.18	2	confirmed_scope	orcs:2.0.18:screen:1986	1986	34662547	pubmed	orcs:source-family:pubmed:34662547	Saraon P (2021)	1-PMID34662547	Drug Exposure	EMI1	NALM-6	0	8	True	curation.comparator_and_sample_map|data.count_level_signal|labels.adjudicated_validation_event|metadata.gene_level_mapping|provenance.raw_data_family|provenance.source_family|rights.source_and_raw_data
orcs:2.0.18:curation-queue:v2:1743	63	1	2.0.18	2	confirmed_scope	orcs:2.0.18:screen:1743	1743	34667112	pubmed	orcs:source-family:pubmed:34667112	Thummuri D (2022)	1-PMID34667112	Drug Exposure	Gemcitabine	AsPC-1	0	8	True	curation.comparator_and_sample_map|data.count_level_signal|labels.adjudicated_validation_event|metadata.gene_level_mapping|provenance.raw_data_family|provenance.source_family|rights.source_and_raw_data
orcs:2.0.18:curation-queue:v2:1985	64	1	2.0.18	2	confirmed_scope	orcs:2.0.18:screen:1985	1985	34731885	pubmed	orcs:source-family:pubmed:34731885	Krosl J (2022)	1-PMID34731885	Drug Exposure	cerivastatin	NALM-6	0	8	True	curation.comparator_and_sample_map|data.count_level_signal|labels.adjudicated_validation_event|metadata.gene_level_mapping|provenance.raw_data_family|provenance.source_family|rights.source_and_raw_data
orcs:2.0.18:curation-queue:v2:2319	65	1	2.0.18	2	confirmed_scope	orcs:2.0.18:screen:2319	2319	34921014	pubmed	orcs:source-family:pubmed:34921014	Beetham H (2022)	1-PMID34921014	Drug Exposure	bosutinib	MDA-MB-231	0	8	True	curation.comparator_and_sample_map|data.count_level_signal|labels.adjudicated_validation_event|metadata.gene_level_mapping|provenance.raw_data_family|provenance.source_family|rights.source_and_raw_data
orcs:2.0.18:curation-queue:v2:1804	66	1	2.0.18	2	confirmed_scope	orcs:2.0.18:screen:1804	1804	35192680	pubmed	orcs:source-family:pubmed:35192680	Jiang C (2022)	1-PMID35192680	Drug Exposure	panobinostat	NALM-6	0	8	True	curation.comparator_and_sample_map|data.count_level_signal|labels.adjudicated_validation_event|metadata.gene_level_mapping|provenance.raw_data_family|provenance.source_family|rights.source_and_raw_data
orcs:2.0.18:curation-queue:v2:1938	67	1	2.0.18	2	confirmed_scope	orcs:2.0.18:screen:1938	1938	35439318	pubmed	orcs:source-family:pubmed:35439318	Chen H (2022)	1-PMID35439318	Drug Exposure	Atamparib (RBN-2397)	NCI-H1373	0	8	True	curation.comparator_and_sample_map|data.count_level_signal|labels.adjudicated_validation_event|metadata.gene_level_mapping|provenance.raw_data_family|provenance.source_family|rights.source_and_raw_data
orcs:2.0.18:curation-queue:v2:1879	68	1	2.0.18	2	confirmed_scope	orcs:2.0.18:screen:1879	1879	35570209	pubmed	orcs:source-family:pubmed:35570209	Lu J (2022)	1-PMID35570209	Drug Exposure	polymyxin B	HK-2	0	8	True	curation.comparator_and_sample_map|data.count_level_signal|labels.adjudicated_validation_event|metadata.gene_level_mapping|provenance.raw_data_family|provenance.source_family|rights.source_and_raw_data
orcs:2.0.18:curation-queue:v2:2136	69	1	2.0.18	2	confirmed_scope	orcs:2.0.18:screen:2136	2136	35763353	pubmed	orcs:source-family:pubmed:35763353	Sellar RS (2022)	1-PMID35763353	Drug Exposure	CC-885	MM1.S	0	8	True	curation.comparator_and_sample_map|data.count_level_signal|labels.adjudicated_validation_event|metadata.gene_level_mapping|provenance.raw_data_family|provenance.source_family|rights.source_and_raw_data
orcs:2.0.18:curation-queue:v2:1900	70	1	2.0.18	2	confirmed_scope	orcs:2.0.18:screen:1900	1900	36002574	pubmed	orcs:source-family:pubmed:36002574	Carnevale J (2022)	1-PMID36002574	Drug Exposure	CGS-21680	Primary T-cells	0	8	True	curation.comparator_and_sample_map|data.count_level_signal|labels.adjudicated_validation_event|metadata.gene_level_mapping|provenance.raw_data_family|provenance.source_family|rights.source_and_raw_data
orcs:2.0.18:curation-queue:v2:2358	71	1	2.0.18	2	confirmed_scope	orcs:2.0.18:screen:2358	2358	36273494	pubmed	orcs:source-family:pubmed:36273494	Llorca-Cardenosa MJ (2022)	1-PMID36273494	Drug Exposure	Berzosertib (VE822)	YCC-6	0	8	True	curation.comparator_and_sample_map|data.count_level_signal|labels.adjudicated_validation_event|metadata.gene_level_mapping|provenance.raw_data_family|provenance.source_family|rights.source_and_raw_data
orcs:2.0.18:curation-queue:v2:1983	72	1	2.0.18	2	confirmed_scope	orcs:2.0.18:screen:1983	1983	36305789	pubmed	orcs:source-family:pubmed:36305789	Navare AT (2022)	1-PMID36305789	Drug Exposure	golgicide A (GCA)	NALM-6	0	8	True	curation.comparator_and_sample_map|data.count_level_signal|labels.adjudicated_validation_event|metadata.gene_level_mapping|provenance.raw_data_family|provenance.source_family|rights.source_and_raw_data
orcs:2.0.18:curation-queue:v2:2459	73	1	2.0.18	2	confirmed_scope	orcs:2.0.18:screen:2459	2459	36652375	pubmed	orcs:source-family:pubmed:36652375	Wang LM (2023)	1-PMID36652375	Drug Exposure	Thioparib (4-[[4-fluoro-3-[(5R)-5-methyl-3-(1,3-thiazol-2-yl)-6,8-dihydro-5H-[1,2,4]triazolo[4,3-a]pyrazine-7-carbonyl]phenyl]methyl]-2H-phthalazin-1-one)	Capan-1	0	8	True	curation.comparator_and_sample_map|data.count_level_signal|labels.adjudicated_validation_event|metadata.gene_level_mapping|provenance.raw_data_family|provenance.source_family|rights.source_and_raw_data
orcs:2.0.18:curation-queue:v2:2467	74	1	2.0.18	2	confirmed_scope	orcs:2.0.18:screen:2467	2467	36693839	pubmed	orcs:source-family:pubmed:36693839	Gao Y (2023)	1-PMID36693839	Drug Exposure	Formaldehyde	hTERT-RPE1	0	8	True	curation.comparator_and_sample_map|data.count_level_signal|labels.adjudicated_validation_event|metadata.gene_level_mapping|provenance.raw_data_family|provenance.source_family|rights.source_and_raw_data
orcs:2.0.18:curation-queue:v2:2456	75	1	2.0.18	2	confirmed_scope	orcs:2.0.18:screen:2456	2456	36725843	pubmed	orcs:source-family:pubmed:36725843	Deng L (2023)	1-PMID36725843	Drug Exposure	Cisplatin|Etoposide	NCI-H69AR	0	8	True	curation.comparator_and_sample_map|data.count_level_signal|labels.adjudicated_validation_event|metadata.gene_level_mapping|provenance.raw_data_family|provenance.source_family|rights.source_and_raw_data
orcs:2.0.18:curation-queue:v2:2212	76	1	2.0.18	2	confirmed_scope	orcs:2.0.18:screen:2212	2212	36731340	pubmed	orcs:source-family:pubmed:36731340	Kwanten B (2023)	1-PMID36731340	Drug Exposure	selinexor	HAP-1	0	8	True	curation.comparator_and_sample_map|data.count_level_signal|labels.adjudicated_validation_event|metadata.gene_level_mapping|provenance.raw_data_family|provenance.source_family|rights.source_and_raw_data
orcs:2.0.18:curation-queue:v2:2207	77	1	2.0.18	2	confirmed_scope	orcs:2.0.18:screen:2207	2207	36820830	pubmed	orcs:source-family:pubmed:36820830	Wei W (2023)	1-PMID36820830	Drug Exposure	SHP099	MOLM-13	0	8	True	curation.comparator_and_sample_map|data.count_level_signal|labels.adjudicated_validation_event|metadata.gene_level_mapping|provenance.raw_data_family|provenance.source_family|rights.source_and_raw_data
orcs:2.0.18:curation-queue:v2:2012	78	1	2.0.18	2	confirmed_scope	orcs:2.0.18:screen:2012	2012	36841242	pubmed	orcs:source-family:pubmed:36841242	Weiss-Sadan T (2023)	1-PMID36841242	Drug Exposure	KI-696 (KI696)	Calu-6	0	8	True	curation.comparator_and_sample_map|data.count_level_signal|labels.adjudicated_validation_event|metadata.gene_level_mapping|provenance.raw_data_family|provenance.source_family|rights.source_and_raw_data
orcs:2.0.18:curation-queue:v2:2454	79	1	2.0.18	2	confirmed_scope	orcs:2.0.18:screen:2454	2454	36894612	pubmed	orcs:source-family:pubmed:36894612	Pavlou S (2023)	1-PMID36894612	Drug Exposure	Tunicamycin	CAMi014-A	0	8	True	curation.comparator_and_sample_map|data.count_level_signal|labels.adjudicated_validation_event|metadata.gene_level_mapping|provenance.raw_data_family|provenance.source_family|rights.source_and_raw_data
orcs:2.0.18:curation-queue:v2:2419	80	1	2.0.18	2	confirmed_scope	orcs:2.0.18:screen:2419	2419	36920785	pubmed	orcs:source-family:pubmed:36920785	Findlay S (2023)	1-PMID36920785	Drug Exposure	Bortezomib	U-266 cell	0	8	True	curation.comparator_and_sample_map|data.count_level_signal|labels.adjudicated_validation_event|metadata.gene_level_mapping|provenance.raw_data_family|provenance.source_family|rights.source_and_raw_data
orcs:2.0.18:curation-queue:v2:2292	81	1	2.0.18	2	confirmed_scope	orcs:2.0.18:screen:2292	2292	36991492	pubmed	orcs:source-family:pubmed:36991492	Tuano NK (2023)	43-PMID36991492	Drug Exposure	Olaparib	HMEC	0	8	True	curation.comparator_and_sample_map|data.count_level_signal|labels.adjudicated_validation_event|metadata.gene_level_mapping|provenance.raw_data_family|provenance.source_family|rights.source_and_raw_data
orcs:2.0.18:curation-queue:v2:2414	82	1	2.0.18	2	confirmed_scope	orcs:2.0.18:screen:2414	2414	37036970	pubmed	orcs:source-family:pubmed:37036970	Wright S (2023)	1-PMID37036970	Drug Exposure	ABBV-744	OCI-AML-2	0	8	True	curation.comparator_and_sample_map|data.count_level_signal|labels.adjudicated_validation_event|metadata.gene_level_mapping|provenance.raw_data_family|provenance.source_family|rights.source_and_raw_data
orcs:2.0.18:curation-queue:v2:2082	83	1	2.0.18	2	confirmed_scope	orcs:2.0.18:screen:2082	2082	37047518	pubmed	orcs:source-family:pubmed:37047518	Park JM (2023)	1-PMID37047518	Drug Exposure	Etoposide	HEK293-A	0	8	True	curation.comparator_and_sample_map|data.count_level_signal|labels.adjudicated_validation_event|metadata.gene_level_mapping|provenance.raw_data_family|provenance.source_family|rights.source_and_raw_data
orcs:2.0.18:curation-queue:v2:2323	84	1	2.0.18	2	confirmed_scope	orcs:2.0.18:screen:2323	2323	37075701	pubmed	orcs:source-family:pubmed:37075701	Liu J (2023)	1-PMID37075701	Drug Exposure	Enzalutamide	22Rv1	0	8	True	curation.comparator_and_sample_map|data.count_level_signal|labels.adjudicated_validation_event|metadata.gene_level_mapping|provenance.raw_data_family|provenance.source_family|rights.source_and_raw_data
orcs:2.0.18:curation-queue:v2:2345	85	1	2.0.18	2	confirmed_scope	orcs:2.0.18:screen:2345	2345	37163373	pubmed	orcs:source-family:pubmed:37163373	Zelceski A (2023)	1-PMID37163373	Drug Exposure	Olaparib	MCF-10A	0	8	True	curation.comparator_and_sample_map|data.count_level_signal|labels.adjudicated_validation_event|metadata.gene_level_mapping|provenance.raw_data_family|provenance.source_family|rights.source_and_raw_data
orcs:2.0.18:curation-queue:v2:2079	86	1	2.0.18	2	confirmed_scope	orcs:2.0.18:screen:2079	2079	37639469	pubmed	orcs:source-family:pubmed:37639469	Normandin K (2023)	1-PMID37639469	Drug Exposure	BI-2536	NALM-6	0	8	True	curation.comparator_and_sample_map|data.count_level_signal|labels.adjudicated_validation_event|metadata.gene_level_mapping|provenance.raw_data_family|provenance.source_family|rights.source_and_raw_data
orcs:2.0.18:curation-queue:v2:2324	87	1	2.0.18	2	confirmed_scope	orcs:2.0.18:screen:2324	2324	38291084	pubmed	orcs:source-family:pubmed:38291084	Lin K (2024)	1-PMID38291084	Drug Exposure	Bortezomib	hTERT-RPE1	0	8	True	curation.comparator_and_sample_map|data.count_level_signal|labels.adjudicated_validation_event|metadata.gene_level_mapping|provenance.raw_data_family|provenance.source_family|rights.source_and_raw_data
orcs:2.0.18:curation-queue:v2:2449	88	1	2.0.18	2	confirmed_scope	orcs:2.0.18:screen:2449	2449	40632661	pubmed	orcs:source-family:pubmed:40632661	Wang S (2025)	1-PMID40632661	Drug Exposure	Cisplatin	HK-2	0	8	True	curation.comparator_and_sample_map|data.count_level_signal|labels.adjudicated_validation_event|metadata.gene_level_mapping|provenance.raw_data_family|provenance.source_family|rights.source_and_raw_data
orcs:2.0.18:curation-queue:v2:1736	89	1	2.0.18	2	confirmed_scope	orcs:2.0.18:screen:1736	1736	https://www.biorxiv.org/content/10.1101/2020.08.27.270819v1.full	prepub	orcs:source-family:prepub:https://www.biorxiv.org/content/10.1101/2020.08.27.270819v1.full	Akinci E (2022)	2-CUSTOM00000017	Drug Exposure	Hydroxychloroquine	HT-29	0	8	True	curation.comparator_and_sample_map|data.count_level_signal|labels.adjudicated_validation_event|metadata.gene_level_mapping|provenance.raw_data_family|provenance.source_family|rights.source_and_raw_data
orcs:2.0.18:curation-queue:v2:1766	90	1	2.0.18	2	confirmed_scope	orcs:2.0.18:screen:1766	1766	30773463	pubmed	orcs:source-family:pubmed:30773463	Lin KH (2019)	1-PMID30773463	Drug Exposure	Venetoclax	THP-1	0	7	True	curation.comparator_and_sample_map|data.count_level_signal|labels.adjudicated_validation_event|metadata.gene_level_mapping|provenance.raw_data_family|provenance.source_family|rights.source_and_raw_data
orcs:2.0.18:curation-queue:v2:2202	91	1	2.0.18	2	confirmed_scope	orcs:2.0.18:screen:2202	2202	31723608	pubmed	orcs:source-family:pubmed:31723608	Heo JM (2019)	1-PMID31723608	Drug Exposure	antimycin A/oligomycin A	HeLa	0	7	True	curation.comparator_and_sample_map|data.count_level_signal|labels.adjudicated_validation_event|metadata.gene_level_mapping|provenance.raw_data_family|provenance.source_family|rights.source_and_raw_data
orcs:2.0.18:curation-queue:v2:95	92	1	2.0.18	2	confirmed_scope	orcs:2.0.18:screen:95	95	24336571	pubmed	orcs:source-family:pubmed:24336571	Shalem O (2014)	3-PMID24336571	Drug Exposure	Vemurafenib	A-375	0	7	False	curation.comparator_and_sample_map|data.count_level_signal|labels.adjudicated_validation_event|metadata.gene_level_mapping|provenance.raw_data_family|provenance.source_family|rights.source_and_raw_data
orcs:2.0.18:curation-queue:v2:584	93	1	2.0.18	2	confirmed_scope	orcs:2.0.18:screen:584	584	26780180	pubmed	orcs:source-family:pubmed:26780180	Doench JG (2016)	1-PMID26780180	Drug Exposure	Vemurafenib	A-375	0	7	False	curation.comparator_and_sample_map|data.count_level_signal|labels.adjudicated_validation_event|metadata.gene_level_mapping|provenance.raw_data_family|provenance.source_family|rights.source_and_raw_data
orcs:2.0.18:curation-queue:v2:1195	94	1	2.0.18	2	confirmed_scope	orcs:2.0.18:screen:1195	1195	29259014	pubmed	orcs:source-family:pubmed:29259014	Terai H (2018)	1-PMID29259014	Drug Exposure	Erlotinib (100nmol/L) + THZ-1(50nmol/L)	PC-9	0	7	False	curation.comparator_and_sample_map|data.count_level_signal|labels.adjudicated_validation_event|metadata.gene_level_mapping|provenance.raw_data_family|provenance.source_family|rights.source_and_raw_data
orcs:2.0.18:curation-queue:v2:582	95	1	2.0.18	2	confirmed_scope	orcs:2.0.18:screen:582	582	29440296	pubmed	orcs:source-family:pubmed:29440296	Brunen D (2018)	1-PMID29440296	Drug Exposure	AZD-1208	Kelly	0	7	False	curation.comparator_and_sample_map|data.count_level_signal|labels.adjudicated_validation_event|metadata.gene_level_mapping|provenance.raw_data_family|provenance.source_family|rights.source_and_raw_data
orcs:2.0.18:curation-queue:v2:612	96	1	2.0.18	2	confirmed_scope	orcs:2.0.18:screen:612	612	29463564	pubmed	orcs:source-family:pubmed:29463564	Gallipoli P (2018)	1-PMID29463564	Drug Exposure	Quizartinib (AC220)	MOLM-13	0	7	False	curation.comparator_and_sample_map|data.count_level_signal|labels.adjudicated_validation_event|metadata.gene_level_mapping|provenance.raw_data_family|provenance.source_family|rights.source_and_raw_data
orcs:2.0.18:curation-queue:v2:631	97	1	2.0.18	2	confirmed_scope	orcs:2.0.18:screen:631	631	29995852	pubmed	orcs:source-family:pubmed:29995852	Kanarek N (2018)	1-PMID29995852	Drug Exposure	Methotrexate	HEL	0	7	False	curation.comparator_and_sample_map|data.count_level_signal|labels.adjudicated_validation_event|metadata.gene_level_mapping|provenance.raw_data_family|provenance.source_family|rights.source_and_raw_data
orcs:2.0.18:curation-queue:v2:638	98	1	2.0.18	2	confirmed_scope	orcs:2.0.18:screen:638	638	30042095	pubmed	orcs:source-family:pubmed:30042095	Sievers QL (2018)	1-PMID30042095	Drug Exposure	Lenalidomide	MM1.S	0	7	False	curation.comparator_and_sample_map|data.count_level_signal|labels.adjudicated_validation_event|metadata.gene_level_mapping|provenance.raw_data_family|provenance.source_family|rights.source_and_raw_data
orcs:2.0.18:curation-queue:v2:1356	99	1	2.0.18	2	confirmed_scope	orcs:2.0.18:screen:1356	1356	30734978	pubmed	orcs:source-family:pubmed:30734978	Koizumi Y (2019)	1-PMID30734978	Drug Exposure	Malformin A1	U-937	0	7	False	curation.comparator_and_sample_map|data.count_level_signal|labels.adjudicated_validation_event|metadata.gene_level_mapping|provenance.raw_data_family|provenance.source_family|rights.source_and_raw_data
orcs:2.0.18:curation-queue:v2:1943	100	1	2.0.18	2	confirmed_scope	orcs:2.0.18:screen:1943	1943	30819666	pubmed	orcs:source-family:pubmed:30819666	Hayes TK (2019)	1-PMID30819666	Drug Exposure	Trametinib	Mel JuSo	0	7	False	curation.comparator_and_sample_map|data.count_level_signal|labels.adjudicated_validation_event|metadata.gene_level_mapping|provenance.raw_data_family|provenance.source_family|rights.source_and_raw_data
orcs:2.0.18:curation-queue:v2:1212	101	1	2.0.18	2	confirmed_scope	orcs:2.0.18:screen:1212	1212	30844312	pubmed	orcs:source-family:pubmed:30844312	Ko T (2019)	1-PMID30844312	Drug Exposure	Cisplatin	A-375	0	7	False	curation.comparator_and_sample_map|data.count_level_signal|labels.adjudicated_validation_event|metadata.gene_level_mapping|provenance.raw_data_family|provenance.source_family|rights.source_and_raw_data
orcs:2.0.18:curation-queue:v2:1394	102	1	2.0.18	2	confirmed_scope	orcs:2.0.18:screen:1394	1394	31059574	pubmed	orcs:source-family:pubmed:31059574	Sobh A (2019)	1-PMID31059574	Drug Exposure	acetaldehyde	K-562	0	7	False	curation.comparator_and_sample_map|data.count_level_signal|labels.adjudicated_validation_event|metadata.gene_level_mapping|provenance.raw_data_family|provenance.source_family|rights.source_and_raw_data
orcs:2.0.18:curation-queue:v2:1103	103	1	2.0.18	2	confirmed_scope	orcs:2.0.18:screen:1103	1103	31213543	pubmed	orcs:source-family:pubmed:31213543	Panganiban RA (2019)	1-PMID31213543	Drug Exposure	Sodium Arsenite	HEK293T	0	7	False	curation.comparator_and_sample_map|data.count_level_signal|labels.adjudicated_validation_event|metadata.gene_level_mapping|provenance.raw_data_family|provenance.source_family|rights.source_and_raw_data
orcs:2.0.18:curation-queue:v2:1631	104	1	2.0.18	2	confirmed_scope	orcs:2.0.18:screen:1631	1631	31406246	pubmed	orcs:source-family:pubmed:31406246	Gobbi G (2019)	1-PMID31406246	Drug Exposure	JQ1	A-549	0	7	False	curation.comparator_and_sample_map|data.count_level_signal|labels.adjudicated_validation_event|metadata.gene_level_mapping|provenance.raw_data_family|provenance.source_family|rights.source_and_raw_data
orcs:2.0.18:curation-queue:v2:2343	105	1	2.0.18	2	confirmed_scope	orcs:2.0.18:screen:2343	2343	31508283	pubmed	orcs:source-family:pubmed:31508283	Huang K (2019)	1-PMID31508283	Drug Exposure	Temozolomide	U-87MG ATCC	0	7	False	curation.comparator_and_sample_map|data.count_level_signal|labels.adjudicated_validation_event|metadata.gene_level_mapping|provenance.raw_data_family|provenance.source_family|rights.source_and_raw_data
orcs:2.0.18:curation-queue:v2:1200	106	1	2.0.18	2	confirmed_scope	orcs:2.0.18:screen:1200	1200	31543463	pubmed	orcs:source-family:pubmed:31543463	Guièze R (2019)	1-PMID31543463	Drug Exposure	Venetoclax	OCI-Ly1	0	7	False	curation.comparator_and_sample_map|data.count_level_signal|labels.adjudicated_validation_event|metadata.gene_level_mapping|provenance.raw_data_family|provenance.source_family|rights.source_and_raw_data
orcs:2.0.18:curation-queue:v2:1364	107	1	2.0.18	2	confirmed_scope	orcs:2.0.18:screen:1364	1364	31730859	pubmed	orcs:source-family:pubmed:31730859	To TL (2019)	1-PMID31730859	Drug Exposure	Antimycin	K-562	0	7	False	curation.comparator_and_sample_map|data.count_level_signal|labels.adjudicated_validation_event|metadata.gene_level_mapping|provenance.raw_data_family|provenance.source_family|rights.source_and_raw_data
orcs:2.0.18:curation-queue:v2:1391	108	1	2.0.18	2	confirmed_scope	orcs:2.0.18:screen:1391	1391	31741433	pubmed	orcs:source-family:pubmed:31741433	Zeng H (2019)	1-PMID31741433	Drug Exposure	Erlotinib	HCC827	0	7	False	curation.comparator_and_sample_map|data.count_level_signal|labels.adjudicated_validation_event|metadata.gene_level_mapping|provenance.raw_data_family|provenance.source_family|rights.source_and_raw_data
orcs:2.0.18:curation-queue:v2:1115	109	1	2.0.18	2	confirmed_scope	orcs:2.0.18:screen:1115	1115	31792210	pubmed	orcs:source-family:pubmed:31792210	Xu S (2019)	1-PMID31792210	Drug Exposure	Gemcitabine	NOZ	0	7	False	curation.comparator_and_sample_map|data.count_level_signal|labels.adjudicated_validation_event|metadata.gene_level_mapping|provenance.raw_data_family|provenance.source_family|rights.source_and_raw_data
orcs:2.0.18:curation-queue:v2:1344	110	1	2.0.18	2	confirmed_scope	orcs:2.0.18:screen:1344	1344	32075772	pubmed	orcs:source-family:pubmed:32075772	Cai MY (2020)	1-PMID32075772	Drug Exposure	M3541 (ATM inhibitor)	A-549	0	7	False	curation.comparator_and_sample_map|data.count_level_signal|labels.adjudicated_validation_event|metadata.gene_level_mapping|provenance.raw_data_family|provenance.source_family|rights.source_and_raw_data
orcs:2.0.18:curation-queue:v2:1485	111	1	2.0.18	2	confirmed_scope	orcs:2.0.18:screen:1485	1485	32528131	pubmed	orcs:source-family:pubmed:32528131	Awah CU (2020)	1-PMID32528131	Drug Exposure	Etoposide	SNB-19	0	7	False	curation.comparator_and_sample_map|data.count_level_signal|labels.adjudicated_validation_event|metadata.gene_level_mapping|provenance.raw_data_family|provenance.source_family|rights.source_and_raw_data
orcs:2.0.18:curation-queue:v2:1354	112	1	2.0.18	2	confirmed_scope	orcs:2.0.18:screen:1354	1354	32877678	pubmed	orcs:source-family:pubmed:32877678	Rainey MD (2020)	1-PMID32877678	Drug Exposure	XL413	MCF-10A	0	7	False	curation.comparator_and_sample_map|data.count_level_signal|labels.adjudicated_validation_event|metadata.gene_level_mapping|provenance.raw_data_family|provenance.source_family|rights.source_and_raw_data
orcs:2.0.18:curation-queue:v2:1235	113	1	2.0.18	2	confirmed_scope	orcs:2.0.18:screen:1235	1235	32939090	pubmed	orcs:source-family:pubmed:32939090	Zou Y (2020)	1-PMID32939090	Drug Exposure	1S,3R-RSL3	OVCAR-8	0	7	False	curation.comparator_and_sample_map|data.count_level_signal|labels.adjudicated_validation_event|metadata.gene_level_mapping|provenance.raw_data_family|provenance.source_family|rights.source_and_raw_data
orcs:2.0.18:curation-queue:v2:1464	114	1	2.0.18	2	confirmed_scope	orcs:2.0.18:screen:1464	1464	33188726	pubmed	orcs:source-family:pubmed:33188726	Lee J (2020)	1-PMID33188726	Drug Exposure	Erlotinib	NCI-H820	0	7	False	curation.comparator_and_sample_map|data.count_level_signal|labels.adjudicated_validation_event|metadata.gene_level_mapping|provenance.raw_data_family|provenance.source_family|rights.source_and_raw_data
orcs:2.0.18:curation-queue:v2:1707	115	1	2.0.18	2	confirmed_scope	orcs:2.0.18:screen:1707	1707	33271924	pubmed	orcs:source-family:pubmed:33271924	Rocha CRR (2020)	1-PMID33271924	Drug Exposure	Temozolomide	U-138MG	0	7	False	curation.comparator_and_sample_map|data.count_level_signal|labels.adjudicated_validation_event|metadata.gene_level_mapping|provenance.raw_data_family|provenance.source_family|rights.source_and_raw_data
orcs:2.0.18:curation-queue:v2:1779	116	1	2.0.18	2	confirmed_scope	orcs:2.0.18:screen:1779	1779	33375770	pubmed	orcs:source-family:pubmed:33375770	Damnernsawad A (2022)	1-PMID33375770	Drug Exposure	sorafenib	MOLM-13	0	7	False	curation.comparator_and_sample_map|data.count_level_signal|labels.adjudicated_validation_event|metadata.gene_level_mapping|provenance.raw_data_family|provenance.source_family|rights.source_and_raw_data
orcs:2.0.18:curation-queue:v2:2450	117	1	2.0.18	2	confirmed_scope	orcs:2.0.18:screen:2450	2450	33657372	pubmed	orcs:source-family:pubmed:33657372	Branigan TB (2021)	1-PMID33657372	Drug Exposure	Prexasertib	A-549	0	7	False	curation.comparator_and_sample_map|data.count_level_signal|labels.adjudicated_validation_event|metadata.gene_level_mapping|provenance.raw_data_family|provenance.source_family|rights.source_and_raw_data
orcs:2.0.18:curation-queue:v2:1562	118	1	2.0.18	2	confirmed_scope	orcs:2.0.18:screen:1562	1562	33847741	pubmed	orcs:source-family:pubmed:33847741	Mo Z (2021)	1-PMID33847741	Drug Exposure	CC-122 (Avadomide)	SU-DHL-4	0	7	False	curation.comparator_and_sample_map|data.count_level_signal|labels.adjudicated_validation_event|metadata.gene_level_mapping|provenance.raw_data_family|provenance.source_family|rights.source_and_raw_data
orcs:2.0.18:curation-queue:v2:1563	119	1	2.0.18	2	confirmed_scope	orcs:2.0.18:screen:1563	1563	33854235	pubmed	orcs:source-family:pubmed:33854235	Simoneschi D (2021)	2-PMID33854235	Drug Exposure	Palbociclib	U2OS	0	7	False	curation.comparator_and_sample_map|data.count_level_signal|labels.adjudicated_validation_event|metadata.gene_level_mapping|provenance.raw_data_family|provenance.source_family|rights.source_and_raw_data
orcs:2.0.18:curation-queue:v2:2007	120	1	2.0.18	2	confirmed_scope	orcs:2.0.18:screen:2007	2007	34026427	pubmed	orcs:source-family:pubmed:34026427	Tian X (2021)	1-PMID34026427	Drug Exposure	Paclitaxel (Taxol)	SiHa	0	7	False	curation.comparator_and_sample_map|data.count_level_signal|labels.adjudicated_validation_event|metadata.gene_level_mapping|provenance.raw_data_family|provenance.source_family|rights.source_and_raw_data
orcs:2.0.18:curation-queue:v2:1840	121	1	2.0.18	2	confirmed_scope	orcs:2.0.18:screen:1840	1840	34364401	pubmed	orcs:source-family:pubmed:34364401	Parma B (2021)	1-PMID34364401	Drug Exposure	KSH101	A-549	0	7	False	curation.comparator_and_sample_map|data.count_level_signal|labels.adjudicated_validation_event|metadata.gene_level_mapping|provenance.raw_data_family|provenance.source_family|rights.source_and_raw_data
orcs:2.0.18:curation-queue:v2:1728	122	1	2.0.18	2	confirmed_scope	orcs:2.0.18:screen:1728	1728	34805786	pubmed	orcs:source-family:pubmed:34805786	Estoppey D (2021)	1-PMID34805786	Drug Exposure	JQ1	HCT 116	0	7	False	curation.comparator_and_sample_map|data.count_level_signal|labels.adjudicated_validation_event|metadata.gene_level_mapping|provenance.raw_data_family|provenance.source_family|rights.source_and_raw_data
orcs:2.0.18:curation-queue:v2:1940	123	1	2.0.18	2	confirmed_scope	orcs:2.0.18:screen:1940	1940	35657206	pubmed	orcs:source-family:pubmed:35657206	Cai W (2022)	1-PMID35657206	Drug Exposure	Trametinib	WM1361A	0	7	False	curation.comparator_and_sample_map|data.count_level_signal|labels.adjudicated_validation_event|metadata.gene_level_mapping|provenance.raw_data_family|provenance.source_family|rights.source_and_raw_data
orcs:2.0.18:curation-queue:v2:1948	124	1	2.0.18	2	confirmed_scope	orcs:2.0.18:screen:1948	1948	35861150	pubmed	orcs:source-family:pubmed:35861150	Sanchez-Burgos L (2022)	1-PMID35861150	Drug Exposure	tigecycline	KBM-7	0	7	False	curation.comparator_and_sample_map|data.count_level_signal|labels.adjudicated_validation_event|metadata.gene_level_mapping|provenance.raw_data_family|provenance.source_family|rights.source_and_raw_data
orcs:2.0.18:curation-queue:v2:1949	125	1	2.0.18	2	confirmed_scope	orcs:2.0.18:screen:1949	1949	36111891	pubmed	orcs:source-family:pubmed:36111891	Nguyen NH (2022)	1-PMID36111891	Drug Exposure	Etoposide	K-562	0	7	False	curation.comparator_and_sample_map|data.count_level_signal|labels.adjudicated_validation_event|metadata.gene_level_mapping|provenance.raw_data_family|provenance.source_family|rights.source_and_raw_data
orcs:2.0.18:curation-queue:v2:2092	126	1	2.0.18	2	confirmed_scope	orcs:2.0.18:screen:2092	2092	36584827	pubmed	orcs:source-family:pubmed:36584827	Tian M (2023)	1-PMID36584827	Drug Exposure	Cisplatin	A-549	0	7	False	curation.comparator_and_sample_map|data.count_level_signal|labels.adjudicated_validation_event|metadata.gene_level_mapping|provenance.raw_data_family|provenance.source_family|rights.source_and_raw_data
orcs:2.0.18:curation-queue:v2:2105	127	1	2.0.18	2	confirmed_scope	orcs:2.0.18:screen:2105	2105	36650183	pubmed	orcs:source-family:pubmed:36650183	Tsujino T (2023)	1-PMID36650183	Drug Exposure	Olaparib	22Rv1	0	7	False	curation.comparator_and_sample_map|data.count_level_signal|labels.adjudicated_validation_event|metadata.gene_level_mapping|provenance.raw_data_family|provenance.source_family|rights.source_and_raw_data
orcs:2.0.18:curation-queue:v2:2446	128	1	2.0.18	2	confirmed_scope	orcs:2.0.18:screen:2446	2446	40683967	pubmed	orcs:source-family:pubmed:40683967	Chang W (2025)	1-PMID40683967	Drug Exposure	Sunitinib	Caki-1	0	7	False	curation.comparator_and_sample_map|data.count_level_signal|labels.adjudicated_validation_event|metadata.gene_level_mapping|provenance.raw_data_family|provenance.source_family|rights.source_and_raw_data
orcs:2.0.18:curation-queue:v2:1702	129	1	2.0.18	2	confirmed_scope	orcs:2.0.18:screen:1702	1702	30464262	pubmed	orcs:source-family:pubmed:30464262	He YJ (2018)	1-PMID30464262	Drug Exposure	Olaparib	COV362	0	6	False	curation.comparator_and_sample_map|data.count_level_signal|labels.adjudicated_validation_event|metadata.gene_level_mapping|provenance.raw_data_family|provenance.source_family|rights.source_and_raw_data
orcs:2.0.18:curation-queue:v2:2	130	2	2.0.18	2	confirmed_scope	orcs:2.0.18:screen:2	2	24336569	pubmed	orcs:source-family:pubmed:24336569	Wang T (2014)	2-PMID24336569	Drug Exposure	Etoposide	HL-60	0	8	True	curation.comparator_and_sample_map|data.count_level_signal|labels.adjudicated_validation_event|metadata.gene_level_mapping|provenance.raw_data_family|provenance.source_family|rights.source_and_raw_data
orcs:2.0.18:curation-queue:v2:100	131	2	2.0.18	2	confirmed_scope	orcs:2.0.18:screen:100	100	28145866	pubmed	orcs:source-family:pubmed:28145866	Krall EB (2017)	3-PMID28145866	Drug Exposure	Trametinib	Calu-1	0	8	True	curation.comparator_and_sample_map|data.count_level_signal|labels.adjudicated_validation_event|metadata.gene_level_mapping|provenance.raw_data_family|provenance.source_family|rights.source_and_raw_data
orcs:2.0.18:curation-queue:v2:1349	132	2	2.0.18	2	confirmed_scope	orcs:2.0.18:screen:1349	1349	29973717	pubmed	orcs:source-family:pubmed:29973717	Zimmermann M (2018)	2-PMID29973717	Drug Exposure	Olaparib	SUM149PT	0	8	True	curation.comparator_and_sample_map|data.count_level_signal|labels.adjudicated_validation_event|metadata.gene_level_mapping|provenance.raw_data_family|provenance.source_family|rights.source_and_raw_data
orcs:2.0.18:curation-queue:v2:2441	133	2	2.0.18	2	confirmed_scope	orcs:2.0.18:screen:2441	2441	30532030	pubmed	orcs:source-family:pubmed:30532030	Wang C (2019)	2-PMID30532030	Drug Exposure	AZD6738	HCT 116	0	8	True	curation.comparator_and_sample_map|data.count_level_signal|labels.adjudicated_validation_event|metadata.gene_level_mapping|provenance.raw_data_family|provenance.source_family|rights.source_and_raw_data
orcs:2.0.18:curation-queue:v2:1257	134	2	2.0.18	2	confirmed_scope	orcs:2.0.18:screen:1257	1257	30962421	pubmed	orcs:source-family:pubmed:30962421	Zou Y (2019)	2-PMID30962421	Drug Exposure	ML-210	786-O	0	8	True	curation.comparator_and_sample_map|data.count_level_signal|labels.adjudicated_validation_event|metadata.gene_level_mapping|provenance.raw_data_family|provenance.source_family|rights.source_and_raw_data
orcs:2.0.18:curation-queue:v2:1063	135	2	2.0.18	2	confirmed_scope	orcs:2.0.18:screen:1063	1063	30995489	pubmed	orcs:source-family:pubmed:30995489	MacLeod G (2019)	14-PMID30995489	Drug Exposure	Temozolomide	G472NS-Cas9	0	8	True	curation.comparator_and_sample_map|data.count_level_signal|labels.adjudicated_validation_event|metadata.gene_level_mapping|provenance.raw_data_family|provenance.source_family|rights.source_and_raw_data
orcs:2.0.18:curation-queue:v2:1362	136	2	2.0.18	2	confirmed_scope	orcs:2.0.18:screen:1362	1362	31048320	pubmed	orcs:source-family:pubmed:31048320	Nechiporuk T (2019)	2-PMID31048320	Drug Exposure	Venetoclax	MOLM-13	0	8	True	curation.comparator_and_sample_map|data.count_level_signal|labels.adjudicated_validation_event|metadata.gene_level_mapping|provenance.raw_data_family|provenance.source_family|rights.source_and_raw_data
orcs:2.0.18:curation-queue:v2:1393	137	2	2.0.18	2	confirmed_scope	orcs:2.0.18:screen:1393	1393	31048321	pubmed	orcs:source-family:pubmed:31048321	Chen X (2019)	2-PMID31048321	Drug Exposure	Venetoclax	MOLM-13	0	8	True	curation.comparator_and_sample_map|data.count_level_signal|labels.adjudicated_validation_event|metadata.gene_level_mapping|provenance.raw_data_family|provenance.source_family|rights.source_and_raw_data
orcs:2.0.18:curation-queue:v2:1100	138	2	2.0.18	2	confirmed_scope	orcs:2.0.18:screen:1100	1100	31133756	pubmed	orcs:source-family:pubmed:31133756	Tsvetkov P (2019)	2-PMID31133756	Drug Exposure	OTA-3998	K-562	0	8	True	curation.comparator_and_sample_map|data.count_level_signal|labels.adjudicated_validation_event|metadata.gene_level_mapping|provenance.raw_data_family|provenance.source_family|rights.source_and_raw_data
orcs:2.0.18:curation-queue:v2:1099	139	2	2.0.18	2	confirmed_scope	orcs:2.0.18:screen:1099	1099	31219803	pubmed	orcs:source-family:pubmed:31219803	Liu X (2019)	2-PMID31219803	Drug Exposure	Bleomycin	BJ	0	8	True	curation.comparator_and_sample_map|data.count_level_signal|labels.adjudicated_validation_event|metadata.gene_level_mapping|provenance.raw_data_family|provenance.source_family|rights.source_and_raw_data
orcs:2.0.18:curation-queue:v2:1057	140	2	2.0.18	2	confirmed_scope	orcs:2.0.18:screen:1057	1057	31300418	pubmed	orcs:source-family:pubmed:31300418	Patil A (2019)	2-PMID31300418	Drug Exposure	CC-122 (Avadomide)	BC-3	0	8	True	curation.comparator_and_sample_map|data.count_level_signal|labels.adjudicated_validation_event|metadata.gene_level_mapping|provenance.raw_data_family|provenance.source_family|rights.source_and_raw_data
orcs:2.0.18:curation-queue:v2:2351	141	2	2.0.18	2	confirmed_scope	orcs:2.0.18:screen:2351	2351	31462500	pubmed	orcs:source-family:pubmed:31462500	Stover EH (2019)	2-PMID31462500	Drug Exposure	Paclitaxel (Taxol)	Kuramochi	0	8	True	curation.comparator_and_sample_map|data.count_level_signal|labels.adjudicated_validation_event|metadata.gene_level_mapping|provenance.raw_data_family|provenance.source_family|rights.source_and_raw_data
orcs:2.0.18:curation-queue:v2:1402	142	2	2.0.18	2	confirmed_scope	orcs:2.0.18:screen:1402	1402	31666400	pubmed	orcs:source-family:pubmed:31666400	Sharon D (2019)	2-PMID31666400	Drug Exposure	Venetoclax	MOLM-13	0	8	True	curation.comparator_and_sample_map|data.count_level_signal|labels.adjudicated_validation_event|metadata.gene_level_mapping|provenance.raw_data_family|provenance.source_family|rights.source_and_raw_data
orcs:2.0.18:curation-queue:v2:2376	143	2	2.0.18	2	confirmed_scope	orcs:2.0.18:screen:2376	2376	32028983	pubmed	orcs:source-family:pubmed:32028983	Lau MT (2020)	3-PMID32028983	Drug Exposure	Oxaliplatin	HAP-1	0	8	True	curation.comparator_and_sample_map|data.count_level_signal|labels.adjudicated_validation_event|metadata.gene_level_mapping|provenance.raw_data_family|provenance.source_family|rights.source_and_raw_data
orcs:2.0.18:curation-queue:v2:1366	144	2	2.0.18	2	confirmed_scope	orcs:2.0.18:screen:1366	1366	32094149	pubmed	orcs:source-family:pubmed:32094149	Jacques S (2020)	2-PMID32094149	Drug Exposure	ONC212	NALM-6	0	8	True	curation.comparator_and_sample_map|data.count_level_signal|labels.adjudicated_validation_event|metadata.gene_level_mapping|provenance.raw_data_family|provenance.source_family|rights.source_and_raw_data
orcs:2.0.18:curation-queue:v2:1241	145	2	2.0.18	2	confirmed_scope	orcs:2.0.18:screen:1241	1241	32238925	pubmed	orcs:source-family:pubmed:32238925	Han K (2020)	4-PMID32238925	Drug Exposure	ARS-853|3D spheroid growth	NCI-H23	0	8	True	curation.comparator_and_sample_map|data.count_level_signal|labels.adjudicated_validation_event|metadata.gene_level_mapping|provenance.raw_data_family|provenance.source_family|rights.source_and_raw_data
orcs:2.0.18:curation-queue:v2:1446	146	2	2.0.18	2	confirmed_scope	orcs:2.0.18:screen:1446	1446	32416067	pubmed	orcs:source-family:pubmed:32416067	Shu S (2020)	6-PMID32416067	Drug Exposure	JQ1	SUM159PT	0	8	True	curation.comparator_and_sample_map|data.count_level_signal|labels.adjudicated_validation_event|metadata.gene_level_mapping|provenance.raw_data_family|provenance.source_family|rights.source_and_raw_data
orcs:2.0.18:curation-queue:v2:1452	147	2	2.0.18	2	confirmed_scope	orcs:2.0.18:screen:1452	1452	32585766	pubmed	orcs:source-family:pubmed:32585766	Thomsen EA (2020)	2-PMID32585766	Drug Exposure	Rituximab	OCI-Ly7	0	8	True	curation.comparator_and_sample_map|data.count_level_signal|labels.adjudicated_validation_event|metadata.gene_level_mapping|provenance.raw_data_family|provenance.source_family|rights.source_and_raw_data
orcs:2.0.18:curation-queue:v2:1314	148	2	2.0.18	2	confirmed_scope	orcs:2.0.18:screen:1314	1314	32649862	pubmed	orcs:source-family:pubmed:32649862	Olivieri M (2020)	2-PMID32649862	Drug Exposure	Camptothecin	hTERT-RPE1	0	8	True	curation.comparator_and_sample_map|data.count_level_signal|labels.adjudicated_validation_event|metadata.gene_level_mapping|provenance.raw_data_family|provenance.source_family|rights.source_and_raw_data
orcs:2.0.18:curation-queue:v2:1250	149	2	2.0.18	2	confirmed_scope	orcs:2.0.18:screen:1250	1250	32755594	pubmed	orcs:source-family:pubmed:32755594	Benslimane Y (2020)	2-PMID32755594	Drug Exposure	Pterostilbene	NALM-6	0	8	True	curation.comparator_and_sample_map|data.count_level_signal|labels.adjudicated_validation_event|metadata.gene_level_mapping|provenance.raw_data_family|provenance.source_family|rights.source_and_raw_data
orcs:2.0.18:curation-queue:v2:1624	150	2	2.0.18	2	confirmed_scope	orcs:2.0.18:screen:1624	1624	33137164	pubmed	orcs:source-family:pubmed:33137164	Schleicher EM (2020)	2-PMID33137164	Drug Exposure	Berzosertib (VE822)	HeLa	0	8	True	curation.comparator_and_sample_map|data.count_level_signal|labels.adjudicated_validation_event|metadata.gene_level_mapping|provenance.raw_data_family|provenance.source_family|rights.source_and_raw_data
orcs:2.0.18:curation-queue:v2:1414	151	2	2.0.18	2	confirmed_scope	orcs:2.0.18:screen:1414	1414	33186476	pubmed	orcs:source-family:pubmed:33186476	Zhan T (2020)	2-PMID33186476	Drug Exposure	navitoclax	HCT 116	0	8	True	curation.comparator_and_sample_map|data.count_level_signal|labels.adjudicated_validation_event|metadata.gene_level_mapping|provenance.raw_data_family|provenance.source_family|rights.source_and_raw_data
orcs:2.0.18:curation-queue:v2:1397	152	2	2.0.18	2	confirmed_scope	orcs:2.0.18:screen:1397	1397	33189395	pubmed	orcs:source-family:pubmed:33189395	Zhao Y (2020)	2-PMID33189395	Drug Exposure	Formaldehyde	K-562	0	8	True	curation.comparator_and_sample_map|data.count_level_signal|labels.adjudicated_validation_event|metadata.gene_level_mapping|provenance.raw_data_family|provenance.source_family|rights.source_and_raw_data
orcs:2.0.18:curation-queue:v2:1456	153	2	2.0.18	2	confirmed_scope	orcs:2.0.18:screen:1456	1456	33257658	pubmed	orcs:source-family:pubmed:33257658	Clements KE (2020)	2-PMID33257658	Drug Exposure	Mutation: BRCA2 (ETG675) KO | Olaparib	HeLa	0	8	True	curation.comparator_and_sample_map|data.count_level_signal|labels.adjudicated_validation_event|metadata.gene_level_mapping|provenance.raw_data_family|provenance.source_family|rights.source_and_raw_data
orcs:2.0.18:curation-queue:v2:1990	154	2	2.0.18	2	confirmed_scope	orcs:2.0.18:screen:1990	1990	33417871	pubmed	orcs:source-family:pubmed:33417871	Chagraoui J (2021)	2-PMID33417871	Drug Exposure	UM171	OCI-AML-1	0	8	True	curation.comparator_and_sample_map|data.count_level_signal|labels.adjudicated_validation_event|metadata.gene_level_mapping|provenance.raw_data_family|provenance.source_family|rights.source_and_raw_data
orcs:2.0.18:curation-queue:v2:1569	155	2	2.0.18	2	confirmed_scope	orcs:2.0.18:screen:1569	1569	33476303	pubmed	orcs:source-family:pubmed:33476303	Barghout SH (2021)	2-PMID33476303	Drug Exposure	TAK-243	OCI-AML-2	0	8	True	curation.comparator_and_sample_map|data.count_level_signal|labels.adjudicated_validation_event|metadata.gene_level_mapping|provenance.raw_data_family|provenance.source_family|rights.source_and_raw_data
orcs:2.0.18:curation-queue:v2:1472	156	2	2.0.18	2	confirmed_scope	orcs:2.0.18:screen:1472	1472	33539788	pubmed	orcs:source-family:pubmed:33539788	Hundley FV (2021)	2-PMID33539788	Drug Exposure	Palbociclib	HAP-1	0	8	True	curation.comparator_and_sample_map|data.count_level_signal|labels.adjudicated_validation_event|metadata.gene_level_mapping|provenance.raw_data_family|provenance.source_family|rights.source_and_raw_data
orcs:2.0.18:curation-queue:v2:1968	157	2	2.0.18	2	confirmed_scope	orcs:2.0.18:screen:1968	1968	34004147	pubmed	orcs:source-family:pubmed:34004147	Vervoort SJ (2021)	2-PMID34004147	Drug Exposure	AZD5576 (CDK9i)	THP-1	0	8	True	curation.comparator_and_sample_map|data.count_level_signal|labels.adjudicated_validation_event|metadata.gene_level_mapping|provenance.raw_data_family|provenance.source_family|rights.source_and_raw_data
orcs:2.0.18:curation-queue:v2:1648	158	2	2.0.18	2	confirmed_scope	orcs:2.0.18:screen:1648	1648	34049503	pubmed	orcs:source-family:pubmed:34049503	Ramaker RC (2021)	10-PMID34049503	Drug Exposure	Oxaliplatin	PANC-1	0	8	True	curation.comparator_and_sample_map|data.count_level_signal|labels.adjudicated_validation_event|metadata.gene_level_mapping|provenance.raw_data_family|provenance.source_family|rights.source_and_raw_data
orcs:2.0.18:curation-queue:v2:2090	159	2	2.0.18	2	confirmed_scope	orcs:2.0.18:screen:2090	2090	34108663	pubmed	orcs:source-family:pubmed:34108663	van der Weegen Y (2021)	3-PMID34108663	Drug Exposure	Mutation: ERCC6 (ETG2074) KO| Illudin S	hTERT-RPE1	0	8	True	curation.comparator_and_sample_map|data.count_level_signal|labels.adjudicated_validation_event|metadata.gene_level_mapping|provenance.raw_data_family|provenance.source_family|rights.source_and_raw_data
orcs:2.0.18:curation-queue:v2:2004	160	2	2.0.18	2	confirmed_scope	orcs:2.0.18:screen:2004	2004	34316707	pubmed	orcs:source-family:pubmed:34316707	Sohail M (2021)	2-PMID34316707	Drug Exposure	TG003	NALM-6	0	8	True	curation.comparator_and_sample_map|data.count_level_signal|labels.adjudicated_validation_event|metadata.gene_level_mapping|provenance.raw_data_family|provenance.source_family|rights.source_and_raw_data
orcs:2.0.18:curation-queue:v2:2310	161	2	2.0.18	2	confirmed_scope	orcs:2.0.18:screen:2310	2310	34320214	pubmed	orcs:source-family:pubmed:34320214	Wang C (2021)	2-PMID34320214	Drug Exposure	Rabusertib (LY2603618)	HEK293-A	0	8	True	curation.comparator_and_sample_map|data.count_level_signal|labels.adjudicated_validation_event|metadata.gene_level_mapping|provenance.raw_data_family|provenance.source_family|rights.source_and_raw_data
orcs:2.0.18:curation-queue:v2:1796	162	2	2.0.18	2	confirmed_scope	orcs:2.0.18:screen:1796	1796	34373451	pubmed	orcs:source-family:pubmed:34373451	Vichas A (2021)	4-PMID34373451	Drug Exposure	Mutation: KRAS (ETG3845) G12V| erlotinib	PC-9	0	8	True	curation.comparator_and_sample_map|data.count_level_signal|labels.adjudicated_validation_event|metadata.gene_level_mapping|provenance.raw_data_family|provenance.source_family|rights.source_and_raw_data
orcs:2.0.18:curation-queue:v2:1670	163	2	2.0.18	2	confirmed_scope	orcs:2.0.18:screen:1670	1670	34615851	pubmed	orcs:source-family:pubmed:34615851	Giovannucci TA (2021)	2-PMID34615851	Drug Exposure	CBK77	Mel JuSo	0	8	True	curation.comparator_and_sample_map|data.count_level_signal|labels.adjudicated_validation_event|metadata.gene_level_mapping|provenance.raw_data_family|provenance.source_family|rights.source_and_raw_data
orcs:2.0.18:curation-queue:v2:1744	164	2	2.0.18	2	confirmed_scope	orcs:2.0.18:screen:1744	1744	34667112	pubmed	orcs:source-family:pubmed:34667112	Thummuri D (2022)	2-PMID34667112	Drug Exposure	Gemcitabine	AsPC-1	0	8	True	curation.comparator_and_sample_map|data.count_level_signal|labels.adjudicated_validation_event|metadata.gene_level_mapping|provenance.raw_data_family|provenance.source_family|rights.source_and_raw_data
orcs:2.0.18:curation-queue:v2:2320	165	2	2.0.18	2	confirmed_scope	orcs:2.0.18:screen:2320	2320	34921014	pubmed	orcs:source-family:pubmed:34921014	Beetham H (2022)	2-PMID34921014	Drug Exposure	bosutinib	MDA-MB-231	0	8	True	curation.comparator_and_sample_map|data.count_level_signal|labels.adjudicated_validation_event|metadata.gene_level_mapping|provenance.raw_data_family|provenance.source_family|rights.source_and_raw_data
orcs:2.0.18:curation-queue:v2:1805	166	2	2.0.18	2	confirmed_scope	orcs:2.0.18:screen:1805	1805	35192680	pubmed	orcs:source-family:pubmed:35192680	Jiang C (2022)	2-PMID35192680	Drug Exposure	panobinostat	NALM-6	0	8	True	curation.comparator_and_sample_map|data.count_level_signal|labels.adjudicated_validation_event|metadata.gene_level_mapping|provenance.raw_data_family|provenance.source_family|rights.source_and_raw_data
orcs:2.0.18:curation-queue:v2:1939	167	2	2.0.18	2	confirmed_scope	orcs:2.0.18:screen:1939	1939	35439318	pubmed	orcs:source-family:pubmed:35439318	Chen H (2022)	2-PMID35439318	Drug Exposure	Atamparib (RBN-2397)	NCI-H1373	0	8	True	curation.comparator_and_sample_map|data.count_level_signal|labels.adjudicated_validation_event|metadata.gene_level_mapping|provenance.raw_data_family|provenance.source_family|rights.source_and_raw_data
orcs:2.0.18:curation-queue:v2:1901	168	2	2.0.18	2	confirmed_scope	orcs:2.0.18:screen:1901	1901	36002574	pubmed	orcs:source-family:pubmed:36002574	Carnevale J (2022)	2-PMID36002574	Drug Exposure	Cyclosporin A	Primary T-cells	0	8	True	curation.comparator_and_sample_map|data.count_level_signal|labels.adjudicated_validation_event|metadata.gene_level_mapping|provenance.raw_data_family|provenance.source_family|rights.source_and_raw_data
orcs:2.0.18:curation-queue:v2:2460	169	2	2.0.18	2	confirmed_scope	orcs:2.0.18:screen:2460	2460	36652375	pubmed	orcs:source-family:pubmed:36652375	Wang LM (2023)	2-PMID36652375	Drug Exposure	Thioparib (4-[[4-fluoro-3-[(5R)-5-methyl-3-(1,3-thiazol-2-yl)-6,8-dihydro-5H-[1,2,4]triazolo[4,3-a]pyrazine-7-carbonyl]phenyl]methyl]-2H-phthalazin-1-one)	Capan-1	0	8	True	curation.comparator_and_sample_map|data.count_level_signal|labels.adjudicated_validation_event|metadata.gene_level_mapping|provenance.raw_data_family|provenance.source_family|rights.source_and_raw_data
orcs:2.0.18:curation-queue:v2:2468	170	2	2.0.18	2	confirmed_scope	orcs:2.0.18:screen:2468	2468	36693839	pubmed	orcs:source-family:pubmed:36693839	Gao Y (2023)	2-PMID36693839	Drug Exposure	Formaldehyde	hTERT-RPE1	0	8	True	curation.comparator_and_sample_map|data.count_level_signal|labels.adjudicated_validation_event|metadata.gene_level_mapping|provenance.raw_data_family|provenance.source_family|rights.source_and_raw_data
orcs:2.0.18:curation-queue:v2:2213	171	2	2.0.18	2	confirmed_scope	orcs:2.0.18:screen:2213	2213	36731340	pubmed	orcs:source-family:pubmed:36731340	Kwanten B (2023)	2-PMID36731340	Drug Exposure	selinexor	HAP-1	0	8	True	curation.comparator_and_sample_map|data.count_level_signal|labels.adjudicated_validation_event|metadata.gene_level_mapping|provenance.raw_data_family|provenance.source_family|rights.source_and_raw_data
orcs:2.0.18:curation-queue:v2:2208	172	2	2.0.18	2	confirmed_scope	orcs:2.0.18:screen:2208	2208	36820830	pubmed	orcs:source-family:pubmed:36820830	Wei W (2023)	2-PMID36820830	Drug Exposure	SHP099	MV4-11	0	8	True	curation.comparator_and_sample_map|data.count_level_signal|labels.adjudicated_validation_event|metadata.gene_level_mapping|provenance.raw_data_family|provenance.source_family|rights.source_and_raw_data
orcs:2.0.18:curation-queue:v2:2013	173	2	2.0.18	2	confirmed_scope	orcs:2.0.18:screen:2013	2013	36841242	pubmed	orcs:source-family:pubmed:36841242	Weiss-Sadan T (2023)	2-PMID36841242	Drug Exposure	KI-696 (KI696)	Calu-6	0	8	True	curation.comparator_and_sample_map|data.count_level_signal|labels.adjudicated_validation_event|metadata.gene_level_mapping|provenance.raw_data_family|provenance.source_family|rights.source_and_raw_data
orcs:2.0.18:curation-queue:v2:2420	174	2	2.0.18	2	confirmed_scope	orcs:2.0.18:screen:2420	2420	36920785	pubmed	orcs:source-family:pubmed:36920785	Findlay S (2023)	2-PMID36920785	Drug Exposure	Bortezomib	JJN-3	0	8	True	curation.comparator_and_sample_map|data.count_level_signal|labels.adjudicated_validation_event|metadata.gene_level_mapping|provenance.raw_data_family|provenance.source_family|rights.source_and_raw_data
orcs:2.0.18:curation-queue:v2:2293	175	2	2.0.18	2	confirmed_scope	orcs:2.0.18:screen:2293	2293	36991492	pubmed	orcs:source-family:pubmed:36991492	Tuano NK (2023)	44-PMID36991492	Drug Exposure	Olaparib	HMEC	0	8	True	curation.comparator_and_sample_map|data.count_level_signal|labels.adjudicated_validation_event|metadata.gene_level_mapping|provenance.raw_data_family|provenance.source_family|rights.source_and_raw_data
orcs:2.0.18:curation-queue:v2:2415	176	2	2.0.18	2	confirmed_scope	orcs:2.0.18:screen:2415	2415	37036970	pubmed	orcs:source-family:pubmed:37036970	Wright S (2023)	2-PMID37036970	Drug Exposure	JQ1	OCI-AML-2	0	8	True	curation.comparator_and_sample_map|data.count_level_signal|labels.adjudicated_validation_event|metadata.gene_level_mapping|provenance.raw_data_family|provenance.source_family|rights.source_and_raw_data
orcs:2.0.18:curation-queue:v2:2083	177	2	2.0.18	2	confirmed_scope	orcs:2.0.18:screen:2083	2083	37047518	pubmed	orcs:source-family:pubmed:37047518	Park JM (2023)	2-PMID37047518	Drug Exposure	Mutation: ZNF451 (ETG26036) KO|Etoposide	HEK293-A	0	8	True	curation.comparator_and_sample_map|data.count_level_signal|labels.adjudicated_validation_event|metadata.gene_level_mapping|provenance.raw_data_family|provenance.source_family|rights.source_and_raw_data
orcs:2.0.18:curation-queue:v2:2346	178	2	2.0.18	2	confirmed_scope	orcs:2.0.18:screen:2346	2346	37163373	pubmed	orcs:source-family:pubmed:37163373	Zelceski A (2023)	2-PMID37163373	Drug Exposure	talazoparib	MCF-10A	0	8	True	curation.comparator_and_sample_map|data.count_level_signal|labels.adjudicated_validation_event|metadata.gene_level_mapping|provenance.raw_data_family|provenance.source_family|rights.source_and_raw_data
orcs:2.0.18:curation-queue:v2:2080	179	2	2.0.18	2	confirmed_scope	orcs:2.0.18:screen:2080	2080	37639469	pubmed	orcs:source-family:pubmed:37639469	Normandin K (2023)	2-PMID37639469	Drug Exposure	BI6727/Volasertib	NALM-6	0	8	True	curation.comparator_and_sample_map|data.count_level_signal|labels.adjudicated_validation_event|metadata.gene_level_mapping|provenance.raw_data_family|provenance.source_family|rights.source_and_raw_data
orcs:2.0.18:curation-queue:v2:2325	180	2	2.0.18	2	confirmed_scope	orcs:2.0.18:screen:2325	2325	38291084	pubmed	orcs:source-family:pubmed:38291084	Lin K (2024)	2-PMID38291084	Drug Exposure	Bortezomib	hTERT-RPE1	0	8	True	curation.comparator_and_sample_map|data.count_level_signal|labels.adjudicated_validation_event|metadata.gene_level_mapping|provenance.raw_data_family|provenance.source_family|rights.source_and_raw_data
orcs:2.0.18:curation-queue:v2:1737	181	2	2.0.18	2	confirmed_scope	orcs:2.0.18:screen:1737	1737	https://www.biorxiv.org/content/10.1101/2020.08.27.270819v1.full	prepub	orcs:source-family:prepub:https://www.biorxiv.org/content/10.1101/2020.08.27.270819v1.full	Akinci E (2022)	3-CUSTOM00000017	Drug Exposure	Remdesivir	HT-29	0	8	True	curation.comparator_and_sample_map|data.count_level_signal|labels.adjudicated_validation_event|metadata.gene_level_mapping|provenance.raw_data_family|provenance.source_family|rights.source_and_raw_data
orcs:2.0.18:curation-queue:v2:1767	182	2	2.0.18	2	confirmed_scope	orcs:2.0.18:screen:1767	1767	30773463	pubmed	orcs:source-family:pubmed:30773463	Lin KH (2019)	2-PMID30773463	Drug Exposure	Venetoclax	MOLM-13	0	7	True	curation.comparator_and_sample_map|data.count_level_signal|labels.adjudicated_validation_event|metadata.gene_level_mapping|provenance.raw_data_family|provenance.source_family|rights.source_and_raw_data
orcs:2.0.18:curation-queue:v2:2203	183	2	2.0.18	2	confirmed_scope	orcs:2.0.18:screen:2203	2203	31723608	pubmed	orcs:source-family:pubmed:31723608	Heo JM (2019)	2-PMID31723608	Drug Exposure	antimycin A/oligomycin A	HeLa	0	7	True	curation.comparator_and_sample_map|data.count_level_signal|labels.adjudicated_validation_event|metadata.gene_level_mapping|provenance.raw_data_family|provenance.source_family|rights.source_and_raw_data
orcs:2.0.18:curation-queue:v2:1165	184	2	2.0.18	2	confirmed_scope	orcs:2.0.18:screen:1165	1165	31801065	pubmed	orcs:source-family:pubmed:31801065	Hyrina A (2019)	3-PMID31801065	Drug Exposure		HepG2-NTCP1 HBV Cas9	0	7	True	curation.comparator_and_sample_map|data.count_level_signal|labels.adjudicated_validation_event|metadata.gene_level_mapping|metadata.identifiable_drug|provenance.raw_data_family|provenance.source_family|rights.source_and_raw_data
orcs:2.0.18:curation-queue:v2:96	185	2	2.0.18	2	confirmed_scope	orcs:2.0.18:screen:96	96	24336571	pubmed	orcs:source-family:pubmed:24336571	Shalem O (2014)	4-PMID24336571	Drug Exposure	Vemurafenib	A-375	0	7	False	curation.comparator_and_sample_map|data.count_level_signal|labels.adjudicated_validation_event|metadata.gene_level_mapping|provenance.raw_data_family|provenance.source_family|rights.source_and_raw_data
orcs:2.0.18:curation-queue:v2:585	186	2	2.0.18	2	confirmed_scope	orcs:2.0.18:screen:585	585	26780180	pubmed	orcs:source-family:pubmed:26780180	Doench JG (2016)	2-PMID26780180	Drug Exposure	Vemurafenib	A-375	0	7	False	curation.comparator_and_sample_map|data.count_level_signal|labels.adjudicated_validation_event|metadata.gene_level_mapping|provenance.raw_data_family|provenance.source_family|rights.source_and_raw_data
orcs:2.0.18:curation-queue:v2:1196	187	2	2.0.18	2	confirmed_scope	orcs:2.0.18:screen:1196	1196	29259014	pubmed	orcs:source-family:pubmed:29259014	Terai H (2018)	2-PMID29259014	Drug Exposure	Erlotinib (100nmol/L) + THZ-1(50nmol/L)	PC-9	0	7	False	curation.comparator_and_sample_map|data.count_level_signal|labels.adjudicated_validation_event|metadata.gene_level_mapping|provenance.raw_data_family|provenance.source_family|rights.source_and_raw_data
orcs:2.0.18:curation-queue:v2:1357	188	2	2.0.18	2	confirmed_scope	orcs:2.0.18:screen:1357	1357	30734978	pubmed	orcs:source-family:pubmed:30734978	Koizumi Y (2019)	2-PMID30734978	Drug Exposure	Malformin A1	U-937	0	7	False	curation.comparator_and_sample_map|data.count_level_signal|labels.adjudicated_validation_event|metadata.gene_level_mapping|provenance.raw_data_family|provenance.source_family|rights.source_and_raw_data
orcs:2.0.18:curation-queue:v2:1944	189	2	2.0.18	2	confirmed_scope	orcs:2.0.18:screen:1944	1944	30819666	pubmed	orcs:source-family:pubmed:30819666	Hayes TK (2019)	2-PMID30819666	Drug Exposure	Palbociclib	Mel JuSo	0	7	False	curation.comparator_and_sample_map|data.count_level_signal|labels.adjudicated_validation_event|metadata.gene_level_mapping|provenance.raw_data_family|provenance.source_family|rights.source_and_raw_data
orcs:2.0.18:curation-queue:v2:1213	190	2	2.0.18	2	confirmed_scope	orcs:2.0.18:screen:1213	1213	30844312	pubmed	orcs:source-family:pubmed:30844312	Ko T (2019)	2-PMID30844312	Drug Exposure	Cisplatin	A-375	0	7	False	curation.comparator_and_sample_map|data.count_level_signal|labels.adjudicated_validation_event|metadata.gene_level_mapping|provenance.raw_data_family|provenance.source_family|rights.source_and_raw_data
orcs:2.0.18:curation-queue:v2:1632	191	2	2.0.18	2	confirmed_scope	orcs:2.0.18:screen:1632	1632	31406246	pubmed	orcs:source-family:pubmed:31406246	Gobbi G (2019)	2-PMID31406246	Drug Exposure	JQ1	A-549	0	7	False	curation.comparator_and_sample_map|data.count_level_signal|labels.adjudicated_validation_event|metadata.gene_level_mapping|provenance.raw_data_family|provenance.source_family|rights.source_and_raw_data
orcs:2.0.18:curation-queue:v2:2344	192	2	2.0.18	2	confirmed_scope	orcs:2.0.18:screen:2344	2344	31508283	pubmed	orcs:source-family:pubmed:31508283	Huang K (2019)	2-PMID31508283	Drug Exposure	Temozolomide	U-87MG ATCC	0	7	False	curation.comparator_and_sample_map|data.count_level_signal|labels.adjudicated_validation_event|metadata.gene_level_mapping|provenance.raw_data_family|provenance.source_family|rights.source_and_raw_data
orcs:2.0.18:curation-queue:v2:1367	193	2	2.0.18	2	confirmed_scope	orcs:2.0.18:screen:1367	1367	31730859	pubmed	orcs:source-family:pubmed:31730859	To TL (2019)	2-PMID31730859	Drug Exposure	Antimycin and Oligomycin	K-562	0	7	False	curation.comparator_and_sample_map|data.count_level_signal|labels.adjudicated_validation_event|metadata.gene_level_mapping|provenance.raw_data_family|provenance.source_family|rights.source_and_raw_data
orcs:2.0.18:curation-queue:v2:1345	194	2	2.0.18	2	confirmed_scope	orcs:2.0.18:screen:1345	1345	32075772	pubmed	orcs:source-family:pubmed:32075772	Cai MY (2020)	2-PMID32075772	Drug Exposure	M3541 (ATM inhibitor)	A-549	0	7	False	curation.comparator_and_sample_map|data.count_level_signal|labels.adjudicated_validation_event|metadata.gene_level_mapping|provenance.raw_data_family|provenance.source_family|rights.source_and_raw_data
orcs:2.0.18:curation-queue:v2:1486	195	2	2.0.18	2	confirmed_scope	orcs:2.0.18:screen:1486	1486	32528131	pubmed	orcs:source-family:pubmed:32528131	Awah CU (2020)	2-PMID32528131	Drug Exposure	Etoposide	SNB-19	0	7	False	curation.comparator_and_sample_map|data.count_level_signal|labels.adjudicated_validation_event|metadata.gene_level_mapping|provenance.raw_data_family|provenance.source_family|rights.source_and_raw_data
orcs:2.0.18:curation-queue:v2:1236	196	2	2.0.18	2	confirmed_scope	orcs:2.0.18:screen:1236	1236	32939090	pubmed	orcs:source-family:pubmed:32939090	Zou Y (2020)	2-PMID32939090	Drug Exposure	1S,3R-RSL3	OVCAR-8	0	7	False	curation.comparator_and_sample_map|data.count_level_signal|labels.adjudicated_validation_event|metadata.gene_level_mapping|provenance.raw_data_family|provenance.source_family|rights.source_and_raw_data
orcs:2.0.18:curation-queue:v2:2451	197	2	2.0.18	2	confirmed_scope	orcs:2.0.18:screen:2451	2451	33657372	pubmed	orcs:source-family:pubmed:33657372	Branigan TB (2021)	2-PMID33657372	Drug Exposure	Prexasertib	NCI-H460	0	7	False	curation.comparator_and_sample_map|data.count_level_signal|labels.adjudicated_validation_event|metadata.gene_level_mapping|provenance.raw_data_family|provenance.source_family|rights.source_and_raw_data
orcs:2.0.18:curation-queue:v2:2008	198	2	2.0.18	2	confirmed_scope	orcs:2.0.18:screen:2008	2008	34026427	pubmed	orcs:source-family:pubmed:34026427	Tian X (2021)	2-PMID34026427	Drug Exposure	Cisplatin	SiHa	0	7	False	curation.comparator_and_sample_map|data.count_level_signal|labels.adjudicated_validation_event|metadata.gene_level_mapping|provenance.raw_data_family|provenance.source_family|rights.source_and_raw_data
orcs:2.0.18:curation-queue:v2:1729	199	2	2.0.18	2	confirmed_scope	orcs:2.0.18:screen:1729	1729	34805786	pubmed	orcs:source-family:pubmed:34805786	Estoppey D (2021)	2-PMID34805786	Drug Exposure	JQ1	HCT 116	0	7	False	curation.comparator_and_sample_map|data.count_level_signal|labels.adjudicated_validation_event|metadata.gene_level_mapping|provenance.raw_data_family|provenance.source_family|rights.source_and_raw_data
orcs:2.0.18:curation-queue:v2:1941	200	2	2.0.18	2	confirmed_scope	orcs:2.0.18:screen:1941	1941	35657206	pubmed	orcs:source-family:pubmed:35657206	Cai W (2022)	2-PMID35657206	Drug Exposure	Trametinib	WM1361A	0	7	False	curation.comparator_and_sample_map|data.count_level_signal|labels.adjudicated_validation_event|metadata.gene_level_mapping|provenance.raw_data_family|provenance.source_family|rights.source_and_raw_data
orcs:2.0.18:curation-queue:v2:1950	201	2	2.0.18	2	confirmed_scope	orcs:2.0.18:screen:1950	1950	36111891	pubmed	orcs:source-family:pubmed:36111891	Nguyen NH (2022)	2-PMID36111891	Drug Exposure	Etoposide	K-562	0	7	False	curation.comparator_and_sample_map|data.count_level_signal|labels.adjudicated_validation_event|metadata.gene_level_mapping|provenance.raw_data_family|provenance.source_family|rights.source_and_raw_data
orcs:2.0.18:curation-queue:v2:2093	202	2	2.0.18	2	confirmed_scope	orcs:2.0.18:screen:2093	2093	36584827	pubmed	orcs:source-family:pubmed:36584827	Tian M (2023)	2-PMID36584827	Drug Exposure	Cisplatin	A-549	0	7	False	curation.comparator_and_sample_map|data.count_level_signal|labels.adjudicated_validation_event|metadata.gene_level_mapping|provenance.raw_data_family|provenance.source_family|rights.source_and_raw_data
orcs:2.0.18:curation-queue:v2:2106	203	2	2.0.18	2	confirmed_scope	orcs:2.0.18:screen:2106	2106	36650183	pubmed	orcs:source-family:pubmed:36650183	Tsujino T (2023)	2-PMID36650183	Drug Exposure	Olaparib	22Rv1	0	7	False	curation.comparator_and_sample_map|data.count_level_signal|labels.adjudicated_validation_event|metadata.gene_level_mapping|provenance.raw_data_family|provenance.source_family|rights.source_and_raw_data
orcs:2.0.18:curation-queue:v2:1703	204	2	2.0.18	2	confirmed_scope	orcs:2.0.18:screen:1703	1703	30464262	pubmed	orcs:source-family:pubmed:30464262	He YJ (2018)	2-PMID30464262	Drug Exposure	Cisplatin	COV362	0	6	False	curation.comparator_and_sample_map|data.count_level_signal|labels.adjudicated_validation_event|metadata.gene_level_mapping|provenance.raw_data_family|provenance.source_family|rights.source_and_raw_data
orcs:2.0.18:curation-queue:v2:101	205	3	2.0.18	2	confirmed_scope	orcs:2.0.18:screen:101	101	28145866	pubmed	orcs:source-family:pubmed:28145866	Krall EB (2017)	4-PMID28145866	Drug Exposure	Trametinib	NCI-H1299	0	8	True	curation.comparator_and_sample_map|data.count_level_signal|labels.adjudicated_validation_event|metadata.gene_level_mapping|provenance.raw_data_family|provenance.source_family|rights.source_and_raw_data
orcs:2.0.18:curation-queue:v2:1350	206	3	2.0.18	2	confirmed_scope	orcs:2.0.18:screen:1350	1350	29973717	pubmed	orcs:source-family:pubmed:29973717	Zimmermann M (2018)	3-PMID29973717	Drug Exposure	Olaparib	hTERT-RPE1	0	8	True	curation.comparator_and_sample_map|data.count_level_signal|labels.adjudicated_validation_event|metadata.gene_level_mapping|provenance.raw_data_family|provenance.source_family|rights.source_and_raw_data
orcs:2.0.18:curation-queue:v2:2442	207	3	2.0.18	2	confirmed_scope	orcs:2.0.18:screen:2442	2442	30532030	pubmed	orcs:source-family:pubmed:30532030	Wang C (2019)	3-PMID30532030	Drug Exposure	AZD6738	MCF-10A	0	8	True	curation.comparator_and_sample_map|data.count_level_signal|labels.adjudicated_validation_event|metadata.gene_level_mapping|provenance.raw_data_family|provenance.source_family|rights.source_and_raw_data
orcs:2.0.18:curation-queue:v2:1258	208	3	2.0.18	2	confirmed_scope	orcs:2.0.18:screen:1258	1258	30962421	pubmed	orcs:source-family:pubmed:30962421	Zou Y (2019)	3-PMID30962421	Drug Exposure	ML-210	786-O	0	8	True	curation.comparator_and_sample_map|data.count_level_signal|labels.adjudicated_validation_event|metadata.gene_level_mapping|provenance.raw_data_family|provenance.source_family|rights.source_and_raw_data
orcs:2.0.18:curation-queue:v2:1064	209	3	2.0.18	2	confirmed_scope	orcs:2.0.18:screen:1064	1064	30995489	pubmed	orcs:source-family:pubmed:30995489	MacLeod G (2019)	15-PMID30995489	Drug Exposure	Temozolomide	G361NS-Cas9	0	8	True	curation.comparator_and_sample_map|data.count_level_signal|labels.adjudicated_validation_event|metadata.gene_level_mapping|provenance.raw_data_family|provenance.source_family|rights.source_and_raw_data
orcs:2.0.18:curation-queue:v2:1363	210	3	2.0.18	2	confirmed_scope	orcs:2.0.18:screen:1363	1363	31048320	pubmed	orcs:source-family:pubmed:31048320	Nechiporuk T (2019)	3-PMID31048320	Drug Exposure	Venetoclax	MOLM-13	0	8	True	curation.comparator_and_sample_map|data.count_level_signal|labels.adjudicated_validation_event|metadata.gene_level_mapping|provenance.raw_data_family|provenance.source_family|rights.source_and_raw_data
orcs:2.0.18:curation-queue:v2:1058	211	3	2.0.18	2	confirmed_scope	orcs:2.0.18:screen:1058	1058	31300418	pubmed	orcs:source-family:pubmed:31300418	Patil A (2019)	3-PMID31300418	Drug Exposure	Lenalidomide	BC-3	0	8	True	curation.comparator_and_sample_map|data.count_level_signal|labels.adjudicated_validation_event|metadata.gene_level_mapping|provenance.raw_data_family|provenance.source_family|rights.source_and_raw_data
orcs:2.0.18:curation-queue:v2:2354	212	3	2.0.18	2	confirmed_scope	orcs:2.0.18:screen:2354	2354	31462500	pubmed	orcs:source-family:pubmed:31462500	Stover EH (2019)	5-PMID31462500	Drug Exposure	Cisplatin	OVSAHO	0	8	True	curation.comparator_and_sample_map|data.count_level_signal|labels.adjudicated_validation_event|metadata.gene_level_mapping|provenance.raw_data_family|provenance.source_family|rights.source_and_raw_data
orcs:2.0.18:curation-queue:v2:1403	213	3	2.0.18	2	confirmed_scope	orcs:2.0.18:screen:1403	1403	31666400	pubmed	orcs:source-family:pubmed:31666400	Sharon D (2019)	3-PMID31666400	Drug Exposure	Venetoclax	MOLM-13	0	8	True	curation.comparator_and_sample_map|data.count_level_signal|labels.adjudicated_validation_event|metadata.gene_level_mapping|provenance.raw_data_family|provenance.source_family|rights.source_and_raw_data
orcs:2.0.18:curation-queue:v2:2377	214	3	2.0.18	2	confirmed_scope	orcs:2.0.18:screen:2377	2377	32028983	pubmed	orcs:source-family:pubmed:32028983	Lau MT (2020)	4-PMID32028983	Drug Exposure	Cladribine	HAP-1	0	8	True	curation.comparator_and_sample_map|data.count_level_signal|labels.adjudicated_validation_event|metadata.gene_level_mapping|provenance.raw_data_family|provenance.source_family|rights.source_and_raw_data
orcs:2.0.18:curation-queue:v2:1447	215	3	2.0.18	2	confirmed_scope	orcs:2.0.18:screen:1447	1447	32416067	pubmed	orcs:source-family:pubmed:32416067	Shu S (2020)	7-PMID32416067	Drug Exposure	JQ1	SUM149R	0	8	True	curation.comparator_and_sample_map|data.count_level_signal|labels.adjudicated_validation_event|metadata.gene_level_mapping|provenance.raw_data_family|provenance.source_family|rights.source_and_raw_data
orcs:2.0.18:curation-queue:v2:1315	216	3	2.0.18	2	confirmed_scope	orcs:2.0.18:screen:1315	1315	32649862	pubmed	orcs:source-family:pubmed:32649862	Olivieri M (2020)	3-PMID32649862	Drug Exposure	Etoposide	hTERT-RPE1	0	8	True	curation.comparator_and_sample_map|data.count_level_signal|labels.adjudicated_validation_event|metadata.gene_level_mapping|provenance.raw_data_family|provenance.source_family|rights.source_and_raw_data
orcs:2.0.18:curation-queue:v2:1251	217	3	2.0.18	2	confirmed_scope	orcs:2.0.18:screen:1251	1251	32755594	pubmed	orcs:source-family:pubmed:32755594	Benslimane Y (2020)	3-PMID32755594	Drug Exposure	Hydroxyurea	NALM-6	0	8	True	curation.comparator_and_sample_map|data.count_level_signal|labels.adjudicated_validation_event|metadata.gene_level_mapping|provenance.raw_data_family|provenance.source_family|rights.source_and_raw_data
orcs:2.0.18:curation-queue:v2:1991	218	3	2.0.18	2	confirmed_scope	orcs:2.0.18:screen:1991	1991	33417871	pubmed	orcs:source-family:pubmed:33417871	Chagraoui J (2021)	3-PMID33417871	Drug Exposure	UM171	OCI-AML-5	0	8	True	curation.comparator_and_sample_map|data.count_level_signal|labels.adjudicated_validation_event|metadata.gene_level_mapping|provenance.raw_data_family|provenance.source_family|rights.source_and_raw_data
orcs:2.0.18:curation-queue:v2:1473	219	3	2.0.18	2	confirmed_scope	orcs:2.0.18:screen:1473	1473	33539788	pubmed	orcs:source-family:pubmed:33539788	Hundley FV (2021)	3-PMID33539788	Drug Exposure	Ribociclib	HAP-1	0	8	True	curation.comparator_and_sample_map|data.count_level_signal|labels.adjudicated_validation_event|metadata.gene_level_mapping|provenance.raw_data_family|provenance.source_family|rights.source_and_raw_data
orcs:2.0.18:curation-queue:v2:1969	220	3	2.0.18	2	confirmed_scope	orcs:2.0.18:screen:1969	1969	34004147	pubmed	orcs:source-family:pubmed:34004147	Vervoort SJ (2021)	3-PMID34004147	Drug Exposure	AZD5576 (CDK9i)	THP-1	0	8	True	curation.comparator_and_sample_map|data.count_level_signal|labels.adjudicated_validation_event|metadata.gene_level_mapping|provenance.raw_data_family|provenance.source_family|rights.source_and_raw_data
orcs:2.0.18:curation-queue:v2:1649	221	3	2.0.18	2	confirmed_scope	orcs:2.0.18:screen:1649	1649	34049503	pubmed	orcs:source-family:pubmed:34049503	Ramaker RC (2021)	11-PMID34049503	Drug Exposure	Irinotecan	PANC-1	0	8	True	curation.comparator_and_sample_map|data.count_level_signal|labels.adjudicated_validation_event|metadata.gene_level_mapping|provenance.raw_data_family|provenance.source_family|rights.source_and_raw_data
orcs:2.0.18:curation-queue:v2:2091	222	3	2.0.18	2	confirmed_scope	orcs:2.0.18:screen:2091	2091	34108663	pubmed	orcs:source-family:pubmed:34108663	van der Weegen Y (2021)	4-PMID34108663	Drug Exposure	Mutation: ELOF1 (ETG84337) KO| Illudin S	hTERT-RPE1	0	8	True	curation.comparator_and_sample_map|data.count_level_signal|labels.adjudicated_validation_event|metadata.gene_level_mapping|provenance.raw_data_family|provenance.source_family|rights.source_and_raw_data
orcs:2.0.18:curation-queue:v2:2005	223	3	2.0.18	2	confirmed_scope	orcs:2.0.18:screen:2005	2005	34316707	pubmed	orcs:source-family:pubmed:34316707	Sohail M (2021)	3-PMID34316707	Drug Exposure	KH-CB19	NALM-6	0	8	True	curation.comparator_and_sample_map|data.count_level_signal|labels.adjudicated_validation_event|metadata.gene_level_mapping|provenance.raw_data_family|provenance.source_family|rights.source_and_raw_data
orcs:2.0.18:curation-queue:v2:2311	224	3	2.0.18	2	confirmed_scope	orcs:2.0.18:screen:2311	2311	34320214	pubmed	orcs:source-family:pubmed:34320214	Wang C (2021)	3-PMID34320214	Drug Exposure	AZD0156	HEK293-A	0	8	True	curation.comparator_and_sample_map|data.count_level_signal|labels.adjudicated_validation_event|metadata.gene_level_mapping|provenance.raw_data_family|provenance.source_family|rights.source_and_raw_data
orcs:2.0.18:curation-queue:v2:1798	225	3	2.0.18	2	confirmed_scope	orcs:2.0.18:screen:1798	1798	34373451	pubmed	orcs:source-family:pubmed:34373451	Vichas A (2021)	6-PMID34373451	Drug Exposure	Mutation: RIT1 (ETG6016) M90I| erlotinib	PC-9	0	8	True	curation.comparator_and_sample_map|data.count_level_signal|labels.adjudicated_validation_event|metadata.gene_level_mapping|provenance.raw_data_family|provenance.source_family|rights.source_and_raw_data
orcs:2.0.18:curation-queue:v2:1745	226	3	2.0.18	2	confirmed_scope	orcs:2.0.18:screen:1745	1745	34667112	pubmed	orcs:source-family:pubmed:34667112	Thummuri D (2022)	3-PMID34667112	Drug Exposure	Niraparib	AsPC-1	0	8	True	curation.comparator_and_sample_map|data.count_level_signal|labels.adjudicated_validation_event|metadata.gene_level_mapping|provenance.raw_data_family|provenance.source_family|rights.source_and_raw_data
orcs:2.0.18:curation-queue:v2:1902	227	3	2.0.18	2	confirmed_scope	orcs:2.0.18:screen:1902	1902	36002574	pubmed	orcs:source-family:pubmed:36002574	Carnevale J (2022)	3-PMID36002574	Drug Exposure	Tacrolimus	Primary T-cells	0	8	True	curation.comparator_and_sample_map|data.count_level_signal|labels.adjudicated_validation_event|metadata.gene_level_mapping|provenance.raw_data_family|provenance.source_family|rights.source_and_raw_data
orcs:2.0.18:curation-queue:v2:2461	228	3	2.0.18	2	confirmed_scope	orcs:2.0.18:screen:2461	2461	36652375	pubmed	orcs:source-family:pubmed:36652375	Wang LM (2023)	3-PMID36652375	Drug Exposure	Cpd‐391 (4‐(4‐Fluoro‐3‐(5‐methyl‐3‐(thiazol‐2‐yl)‐5,6,7,8‐tetrahydro‐[1,2,4]triazolo[4,3‐a]pyrazine‐7‐carbonyl)benzyl)phthalazin‐1(2H)‐one)	Capan-1	0	8	True	curation.comparator_and_sample_map|data.count_level_signal|labels.adjudicated_validation_event|metadata.gene_level_mapping|provenance.raw_data_family|provenance.source_family|rights.source_and_raw_data
orcs:2.0.18:curation-queue:v2:2214	229	3	2.0.18	2	confirmed_scope	orcs:2.0.18:screen:2214	2214	36731340	pubmed	orcs:source-family:pubmed:36731340	Kwanten B (2023)	3-PMID36731340	Drug Exposure	selinexor	SK-MM-1	0	8	True	curation.comparator_and_sample_map|data.count_level_signal|labels.adjudicated_validation_event|metadata.gene_level_mapping|provenance.raw_data_family|provenance.source_family|rights.source_and_raw_data
orcs:2.0.18:curation-queue:v2:2014	230	3	2.0.18	2	confirmed_scope	orcs:2.0.18:screen:2014	2014	36841242	pubmed	orcs:source-family:pubmed:36841242	Weiss-Sadan T (2023)	3-PMID36841242	Drug Exposure	KI-696 (KI696)	NCI-H1975	0	8	True	curation.comparator_and_sample_map|data.count_level_signal|labels.adjudicated_validation_event|metadata.gene_level_mapping|provenance.raw_data_family|provenance.source_family|rights.source_and_raw_data
orcs:2.0.18:curation-queue:v2:2294	231	3	2.0.18	2	confirmed_scope	orcs:2.0.18:screen:2294	2294	36991492	pubmed	orcs:source-family:pubmed:36991492	Tuano NK (2023)	45-PMID36991492	Drug Exposure	Olaparib	HMEC	0	8	True	curation.comparator_and_sample_map|data.count_level_signal|labels.adjudicated_validation_event|metadata.gene_level_mapping|provenance.raw_data_family|provenance.source_family|rights.source_and_raw_data
orcs:2.0.18:curation-queue:v2:2416	232	3	2.0.18	2	confirmed_scope	orcs:2.0.18:screen:2416	2416	37036970	pubmed	orcs:source-family:pubmed:37036970	Wright S (2023)	3-PMID37036970	Drug Exposure	dBet1	OCI-AML-2	0	8	True	curation.comparator_and_sample_map|data.count_level_signal|labels.adjudicated_validation_event|metadata.gene_level_mapping|provenance.raw_data_family|provenance.source_family|rights.source_and_raw_data
orcs:2.0.18:curation-queue:v2:2081	233	3	2.0.18	2	confirmed_scope	orcs:2.0.18:screen:2081	2081	37639469	pubmed	orcs:source-family:pubmed:37639469	Normandin K (2023)	3-PMID37639469	Drug Exposure	GSK461364 (GSK461364A)	NALM-6	0	8	True	curation.comparator_and_sample_map|data.count_level_signal|labels.adjudicated_validation_event|metadata.gene_level_mapping|provenance.raw_data_family|provenance.source_family|rights.source_and_raw_data
orcs:2.0.18:curation-queue:v2:2326	234	3	2.0.18	2	confirmed_scope	orcs:2.0.18:screen:2326	2326	38291084	pubmed	orcs:source-family:pubmed:38291084	Lin K (2024)	3-PMID38291084	Drug Exposure	Bortezomib	hTERT-RPE1	0	8	True	curation.comparator_and_sample_map|data.count_level_signal|labels.adjudicated_validation_event|metadata.gene_level_mapping|provenance.raw_data_family|provenance.source_family|rights.source_and_raw_data
orcs:2.0.18:curation-queue:v2:1738	235	3	2.0.18	2	confirmed_scope	orcs:2.0.18:screen:1738	1738	https://www.biorxiv.org/content/10.1101/2020.08.27.270819v1.full	prepub	orcs:source-family:prepub:https://www.biorxiv.org/content/10.1101/2020.08.27.270819v1.full	Akinci E (2022)	4-CUSTOM00000017	Drug Exposure	Hydroxychloroquine	HT-29	0	8	True	curation.comparator_and_sample_map|data.count_level_signal|labels.adjudicated_validation_event|metadata.gene_level_mapping|provenance.raw_data_family|provenance.source_family|rights.source_and_raw_data
orcs:2.0.18:curation-queue:v2:2204	236	3	2.0.18	2	confirmed_scope	orcs:2.0.18:screen:2204	2204	31723608	pubmed	orcs:source-family:pubmed:31723608	Heo JM (2019)	3-PMID31723608	Drug Exposure	antimycin A/oligomycin A	HeLa	0	7	True	curation.comparator_and_sample_map|data.count_level_signal|labels.adjudicated_validation_event|metadata.gene_level_mapping|provenance.raw_data_family|provenance.source_family|rights.source_and_raw_data
orcs:2.0.18:curation-queue:v2:594	237	3	2.0.18	2	confirmed_scope	orcs:2.0.18:screen:594	594	26780180	pubmed	orcs:source-family:pubmed:26780180	Doench JG (2016)	3-PMID26780180	Drug Exposure	Vemurafenib	A-375	0	7	False	curation.comparator_and_sample_map|data.count_level_signal|labels.adjudicated_validation_event|metadata.gene_level_mapping|provenance.raw_data_family|provenance.source_family|rights.source_and_raw_data
orcs:2.0.18:curation-queue:v2:1633	238	3	2.0.18	2	confirmed_scope	orcs:2.0.18:screen:1633	1633	31406246	pubmed	orcs:source-family:pubmed:31406246	Gobbi G (2019)	3-PMID31406246	Drug Exposure	JQ1	A-549	0	7	False	curation.comparator_and_sample_map|data.count_level_signal|labels.adjudicated_validation_event|metadata.gene_level_mapping|provenance.raw_data_family|provenance.source_family|rights.source_and_raw_data
orcs:2.0.18:curation-queue:v2:1368	239	3	2.0.18	2	confirmed_scope	orcs:2.0.18:screen:1368	1368	31730859	pubmed	orcs:source-family:pubmed:31730859	To TL (2019)	3-PMID31730859	Drug Exposure	Chloramphenicol	K-562	0	7	False	curation.comparator_and_sample_map|data.count_level_signal|labels.adjudicated_validation_event|metadata.gene_level_mapping|provenance.raw_data_family|provenance.source_family|rights.source_and_raw_data
orcs:2.0.18:curation-queue:v2:1346	240	3	2.0.18	2	confirmed_scope	orcs:2.0.18:screen:1346	1346	32075772	pubmed	orcs:source-family:pubmed:32075772	Cai MY (2020)	3-PMID32075772	Drug Exposure	M3541 (ATM inhibitor)	NCI-H460	0	7	False	curation.comparator_and_sample_map|data.count_level_signal|labels.adjudicated_validation_event|metadata.gene_level_mapping|provenance.raw_data_family|provenance.source_family|rights.source_and_raw_data
orcs:2.0.18:curation-queue:v2:1237	241	3	2.0.18	2	confirmed_scope	orcs:2.0.18:screen:1237	1237	32939090	pubmed	orcs:source-family:pubmed:32939090	Zou Y (2020)	3-PMID32939090	Drug Exposure	1S,3R-RSL3	OVCAR-8	0	7	False	curation.comparator_and_sample_map|data.count_level_signal|labels.adjudicated_validation_event|metadata.gene_level_mapping|provenance.raw_data_family|provenance.source_family|rights.source_and_raw_data
orcs:2.0.18:curation-queue:v2:2452	242	3	2.0.18	2	confirmed_scope	orcs:2.0.18:screen:2452	2452	33657372	pubmed	orcs:source-family:pubmed:33657372	Branigan TB (2021)	3-PMID33657372	Drug Exposure	Prexasertib	A-549	0	7	False	curation.comparator_and_sample_map|data.count_level_signal|labels.adjudicated_validation_event|metadata.gene_level_mapping|provenance.raw_data_family|provenance.source_family|rights.source_and_raw_data
orcs:2.0.18:curation-queue:v2:1730	243	3	2.0.18	2	confirmed_scope	orcs:2.0.18:screen:1730	1730	34805786	pubmed	orcs:source-family:pubmed:34805786	Estoppey D (2021)	3-PMID34805786	Drug Exposure	JQ1	HCT 116	0	7	False	curation.comparator_and_sample_map|data.count_level_signal|labels.adjudicated_validation_event|metadata.gene_level_mapping|provenance.raw_data_family|provenance.source_family|rights.source_and_raw_data
orcs:2.0.18:curation-queue:v2:1951	244	3	2.0.18	2	confirmed_scope	orcs:2.0.18:screen:1951	1951	36111891	pubmed	orcs:source-family:pubmed:36111891	Nguyen NH (2022)	3-PMID36111891	Drug Exposure	Etoposide	K-562	0	7	False	curation.comparator_and_sample_map|data.count_level_signal|labels.adjudicated_validation_event|metadata.gene_level_mapping|provenance.raw_data_family|provenance.source_family|rights.source_and_raw_data
orcs:2.0.18:curation-queue:v2:2094	245	3	2.0.18	2	confirmed_scope	orcs:2.0.18:screen:2094	2094	36584827	pubmed	orcs:source-family:pubmed:36584827	Tian M (2023)	3-PMID36584827	Drug Exposure	Dichloroacetic acid (DCA)	A-549	0	7	False	curation.comparator_and_sample_map|data.count_level_signal|labels.adjudicated_validation_event|metadata.gene_level_mapping|provenance.raw_data_family|provenance.source_family|rights.source_and_raw_data
orcs:2.0.18:curation-queue:v2:2107	246	3	2.0.18	2	confirmed_scope	orcs:2.0.18:screen:2107	2107	36650183	pubmed	orcs:source-family:pubmed:36650183	Tsujino T (2023)	3-PMID36650183	Drug Exposure	Olaparib	DU145	0	7	False	curation.comparator_and_sample_map|data.count_level_signal|labels.adjudicated_validation_event|metadata.gene_level_mapping|provenance.raw_data_family|provenance.source_family|rights.source_and_raw_data
orcs:2.0.18:curation-queue:v2:1945	247	3	2.0.18	2	confirmed_scope	orcs:2.0.18:screen:1945	1945	30819666	pubmed	orcs:source-family:pubmed:30819666	Hayes TK (2019)	3-PMID30819666	Drug Exposure	Trametinib|Palbociclib	Mel JuSo	0	6	False	curation.comparator_and_sample_map|data.count_level_signal|labels.adjudicated_validation_event|metadata.gene_level_mapping|provenance.raw_data_family|provenance.source_family|rights.source_and_raw_data
orcs:2.0.18:curation-queue:v2:2009	248	3	2.0.18	2	confirmed_scope	orcs:2.0.18:screen:2009	2009	34026427	pubmed	orcs:source-family:pubmed:34026427	Tian X (2021)	3-PMID34026427	Drug Exposure	Cisplatin and paclitaxel (taxol)	SiHa	0	6	False	curation.comparator_and_sample_map|data.count_level_signal|labels.adjudicated_validation_event|metadata.gene_level_mapping|provenance.raw_data_family|provenance.source_family|rights.source_and_raw_data
orcs:2.0.18:curation-queue:v2:102	249	4	2.0.18	2	confirmed_scope	orcs:2.0.18:screen:102	102	28145866	pubmed	orcs:source-family:pubmed:28145866	Krall EB (2017)	2-PMID28145866	Drug Exposure	Vemurafenib	HCC364	0	8	True	curation.comparator_and_sample_map|data.count_level_signal|labels.adjudicated_validation_event|metadata.gene_level_mapping|provenance.raw_data_family|provenance.source_family|rights.source_and_raw_data
orcs:2.0.18:curation-queue:v2:1351	250	4	2.0.18	2	confirmed_scope	orcs:2.0.18:screen:1351	1351	29973717	pubmed	orcs:source-family:pubmed:29973717	Zimmermann M (2018)	4-PMID29973717	Drug Exposure	Mutation: RNASEH2A (ETG0535) KO|  Talazoparib	hTERT-RPE1	0	8	True	curation.comparator_and_sample_map|data.count_level_signal|labels.adjudicated_validation_event|metadata.gene_level_mapping|provenance.raw_data_family|provenance.source_family|rights.source_and_raw_data
orcs:2.0.18:curation-queue:v2:1065	251	4	2.0.18	2	confirmed_scope	orcs:2.0.18:screen:1065	1065	30995489	pubmed	orcs:source-family:pubmed:30995489	MacLeod G (2019)	16-PMID30995489	Drug Exposure	Temozolomide	G523NS-Cas9	0	8	True	curation.comparator_and_sample_map|data.count_level_signal|labels.adjudicated_validation_event|metadata.gene_level_mapping|provenance.raw_data_family|provenance.source_family|rights.source_and_raw_data
orcs:2.0.18:curation-queue:v2:1059	252	4	2.0.18	2	confirmed_scope	orcs:2.0.18:screen:1059	1059	31300418	pubmed	orcs:source-family:pubmed:31300418	Patil A (2019)	4-PMID31300418	Drug Exposure	Lenalidomide	BC-3	0	8	True	curation.comparator_and_sample_map|data.count_level_signal|labels.adjudicated_validation_event|metadata.gene_level_mapping|provenance.raw_data_family|provenance.source_family|rights.source_and_raw_data
orcs:2.0.18:curation-queue:v2:2356	253	4	2.0.18	2	confirmed_scope	orcs:2.0.18:screen:2356	2356	31462500	pubmed	orcs:source-family:pubmed:31462500	Stover EH (2019)	6-PMID31462500	Drug Exposure	Paclitaxel (Taxol)	OVSAHO	0	8	True	curation.comparator_and_sample_map|data.count_level_signal|labels.adjudicated_validation_event|metadata.gene_level_mapping|provenance.raw_data_family|provenance.source_family|rights.source_and_raw_data
orcs:2.0.18:curation-queue:v2:1404	254	4	2.0.18	2	confirmed_scope	orcs:2.0.18:screen:1404	1404	31666400	pubmed	orcs:source-family:pubmed:31666400	Sharon D (2019)	4-PMID31666400	Drug Exposure	Venetoclax	MOLM-13	0	8	True	curation.comparator_and_sample_map|data.count_level_signal|labels.adjudicated_validation_event|metadata.gene_level_mapping|provenance.raw_data_family|provenance.source_family|rights.source_and_raw_data
orcs:2.0.18:curation-queue:v2:2378	255	4	2.0.18	2	confirmed_scope	orcs:2.0.18:screen:2378	2378	32028983	pubmed	orcs:source-family:pubmed:32028983	Lau MT (2020)	5-PMID32028983	Drug Exposure	Cytarabine	HAP-1	0	8	True	curation.comparator_and_sample_map|data.count_level_signal|labels.adjudicated_validation_event|metadata.gene_level_mapping|provenance.raw_data_family|provenance.source_family|rights.source_and_raw_data
orcs:2.0.18:curation-queue:v2:1448	256	4	2.0.18	2	confirmed_scope	orcs:2.0.18:screen:1448	1448	32416067	pubmed	orcs:source-family:pubmed:32416067	Shu S (2020)	8-PMID32416067	Drug Exposure	JQ1	SUM159R	0	8	True	curation.comparator_and_sample_map|data.count_level_signal|labels.adjudicated_validation_event|metadata.gene_level_mapping|provenance.raw_data_family|provenance.source_family|rights.source_and_raw_data
orcs:2.0.18:curation-queue:v2:1316	257	4	2.0.18	2	confirmed_scope	orcs:2.0.18:screen:1316	1316	32649862	pubmed	orcs:source-family:pubmed:32649862	Olivieri M (2020)	4-PMID32649862	Drug Exposure	Hydroxyurea	hTERT-RPE1	0	8	True	curation.comparator_and_sample_map|data.count_level_signal|labels.adjudicated_validation_event|metadata.gene_level_mapping|provenance.raw_data_family|provenance.source_family|rights.source_and_raw_data
orcs:2.0.18:curation-queue:v2:1252	258	4	2.0.18	2	confirmed_scope	orcs:2.0.18:screen:1252	1252	32755594	pubmed	orcs:source-family:pubmed:32755594	Benslimane Y (2020)	4-PMID32755594	Drug Exposure	Resveratrol	Jurkat	0	8	True	curation.comparator_and_sample_map|data.count_level_signal|labels.adjudicated_validation_event|metadata.gene_level_mapping|provenance.raw_data_family|provenance.source_family|rights.source_and_raw_data
orcs:2.0.18:curation-queue:v2:1474	259	4	2.0.18	2	confirmed_scope	orcs:2.0.18:screen:1474	1474	33539788	pubmed	orcs:source-family:pubmed:33539788	Hundley FV (2021)	4-PMID33539788	Drug Exposure	Ipatasertib	HAP-1	0	8	True	curation.comparator_and_sample_map|data.count_level_signal|labels.adjudicated_validation_event|metadata.gene_level_mapping|provenance.raw_data_family|provenance.source_family|rights.source_and_raw_data
orcs:2.0.18:curation-queue:v2:1970	260	4	2.0.18	2	confirmed_scope	orcs:2.0.18:screen:1970	1970	34004147	pubmed	orcs:source-family:pubmed:34004147	Vervoort SJ (2021)	4-PMID34004147	Drug Exposure	AZD5576 (CDK9i)	THP-1	0	8	True	curation.comparator_and_sample_map|data.count_level_signal|labels.adjudicated_validation_event|metadata.gene_level_mapping|provenance.raw_data_family|provenance.source_family|rights.source_and_raw_data
orcs:2.0.18:curation-queue:v2:1650	261	4	2.0.18	2	confirmed_scope	orcs:2.0.18:screen:1650	1650	34049503	pubmed	orcs:source-family:pubmed:34049503	Ramaker RC (2021)	12-PMID34049503	Drug Exposure	5-fluorouracil	PANC-1	0	8	True	curation.comparator_and_sample_map|data.count_level_signal|labels.adjudicated_validation_event|metadata.gene_level_mapping|provenance.raw_data_family|provenance.source_family|rights.source_and_raw_data
orcs:2.0.18:curation-queue:v2:2312	262	4	2.0.18	2	confirmed_scope	orcs:2.0.18:screen:2312	2312	34320214	pubmed	orcs:source-family:pubmed:34320214	Wang C (2021)	4-PMID34320214	Drug Exposure	AZD0156	HEK293-A	0	8	True	curation.comparator_and_sample_map|data.count_level_signal|labels.adjudicated_validation_event|metadata.gene_level_mapping|provenance.raw_data_family|provenance.source_family|rights.source_and_raw_data
orcs:2.0.18:curation-queue:v2:1800	263	4	2.0.18	2	confirmed_scope	orcs:2.0.18:screen:1800	1800	34373451	pubmed	orcs:source-family:pubmed:34373451	Vichas A (2021)	8-PMID34373451	Drug Exposure	Mutation: RIT1 (ETG6016) M90I| erlotinib	PC-9	0	8	True	curation.comparator_and_sample_map|data.count_level_signal|labels.adjudicated_validation_event|metadata.gene_level_mapping|provenance.raw_data_family|provenance.source_family|rights.source_and_raw_data
orcs:2.0.18:curation-queue:v2:1746	264	4	2.0.18	2	confirmed_scope	orcs:2.0.18:screen:1746	1746	34667112	pubmed	orcs:source-family:pubmed:34667112	Thummuri D (2022)	4-PMID34667112	Drug Exposure	Niraparib	AsPC-1	0	8	True	curation.comparator_and_sample_map|data.count_level_signal|labels.adjudicated_validation_event|metadata.gene_level_mapping|provenance.raw_data_family|provenance.source_family|rights.source_and_raw_data
orcs:2.0.18:curation-queue:v2:2462	265	4	2.0.18	2	confirmed_scope	orcs:2.0.18:screen:2462	2462	36652375	pubmed	orcs:source-family:pubmed:36652375	Wang LM (2023)	4-PMID36652375	Drug Exposure	Cpd‐391 (4‐(4‐Fluoro‐3‐(5‐methyl‐3‐(thiazol‐2‐yl)‐5,6,7,8‐tetrahydro‐[1,2,4]triazolo[4,3‐a]pyrazine‐7‐carbonyl)benzyl)phthalazin‐1(2H)‐one)	Capan-1	0	8	True	curation.comparator_and_sample_map|data.count_level_signal|labels.adjudicated_validation_event|metadata.gene_level_mapping|provenance.raw_data_family|provenance.source_family|rights.source_and_raw_data
orcs:2.0.18:curation-queue:v2:2215	266	4	2.0.18	2	confirmed_scope	orcs:2.0.18:screen:2215	2215	36731340	pubmed	orcs:source-family:pubmed:36731340	Kwanten B (2023)	4-PMID36731340	Drug Exposure	selinexor	KMS-28BM	0	8	True	curation.comparator_and_sample_map|data.count_level_signal|labels.adjudicated_validation_event|metadata.gene_level_mapping|provenance.raw_data_family|provenance.source_family|rights.source_and_raw_data
orcs:2.0.18:curation-queue:v2:2295	267	4	2.0.18	2	confirmed_scope	orcs:2.0.18:screen:2295	2295	36991492	pubmed	orcs:source-family:pubmed:36991492	Tuano NK (2023)	46-PMID36991492	Drug Exposure	Olaparib	HMEC	0	8	True	curation.comparator_and_sample_map|data.count_level_signal|labels.adjudicated_validation_event|metadata.gene_level_mapping|provenance.raw_data_family|provenance.source_family|rights.source_and_raw_data
orcs:2.0.18:curation-queue:v2:2417	268	4	2.0.18	2	confirmed_scope	orcs:2.0.18:screen:2417	2417	37036970	pubmed	orcs:source-family:pubmed:37036970	Wright S (2023)	4-PMID37036970	Drug Exposure	ABBV-744	OCI-AML-2	0	8	True	curation.comparator_and_sample_map|data.count_level_signal|labels.adjudicated_validation_event|metadata.gene_level_mapping|provenance.raw_data_family|provenance.source_family|rights.source_and_raw_data
orcs:2.0.18:curation-queue:v2:2327	269	4	2.0.18	2	confirmed_scope	orcs:2.0.18:screen:2327	2327	38291084	pubmed	orcs:source-family:pubmed:38291084	Lin K (2024)	4-PMID38291084	Drug Exposure	Bortezomib	hTERT-RPE1	0	8	True	curation.comparator_and_sample_map|data.count_level_signal|labels.adjudicated_validation_event|metadata.gene_level_mapping|provenance.raw_data_family|provenance.source_family|rights.source_and_raw_data
orcs:2.0.18:curation-queue:v2:1739	270	4	2.0.18	2	confirmed_scope	orcs:2.0.18:screen:1739	1739	https://www.biorxiv.org/content/10.1101/2020.08.27.270819v1.full	prepub	orcs:source-family:prepub:https://www.biorxiv.org/content/10.1101/2020.08.27.270819v1.full	Akinci E (2022)	5-CUSTOM00000017	Drug Exposure	Remdesivir	HT-29	0	8	True	curation.comparator_and_sample_map|data.count_level_signal|labels.adjudicated_validation_event|metadata.gene_level_mapping|provenance.raw_data_family|provenance.source_family|rights.source_and_raw_data
orcs:2.0.18:curation-queue:v2:2205	271	4	2.0.18	2	confirmed_scope	orcs:2.0.18:screen:2205	2205	31723608	pubmed	orcs:source-family:pubmed:31723608	Heo JM (2019)	4-PMID31723608	Drug Exposure	antimycin A/oligomycin A	HeLa	0	7	True	curation.comparator_and_sample_map|data.count_level_signal|labels.adjudicated_validation_event|metadata.gene_level_mapping|provenance.raw_data_family|provenance.source_family|rights.source_and_raw_data
orcs:2.0.18:curation-queue:v2:595	272	4	2.0.18	2	confirmed_scope	orcs:2.0.18:screen:595	595	26780180	pubmed	orcs:source-family:pubmed:26780180	Doench JG (2016)	4-PMID26780180	Drug Exposure	Vemurafenib	A-375	0	7	False	curation.comparator_and_sample_map|data.count_level_signal|labels.adjudicated_validation_event|metadata.gene_level_mapping|provenance.raw_data_family|provenance.source_family|rights.source_and_raw_data
orcs:2.0.18:curation-queue:v2:1369	273	4	2.0.18	2	confirmed_scope	orcs:2.0.18:screen:1369	1369	31730859	pubmed	orcs:source-family:pubmed:31730859	To TL (2019)	4-PMID31730859	Drug Exposure	Ethidium bromide	K-562	0	7	False	curation.comparator_and_sample_map|data.count_level_signal|labels.adjudicated_validation_event|metadata.gene_level_mapping|provenance.raw_data_family|provenance.source_family|rights.source_and_raw_data
orcs:2.0.18:curation-queue:v2:1347	274	4	2.0.18	2	confirmed_scope	orcs:2.0.18:screen:1347	1347	32075772	pubmed	orcs:source-family:pubmed:32075772	Cai MY (2020)	4-PMID32075772	Drug Exposure	M3541 (ATM inhibitor)	NCI-H460	0	7	False	curation.comparator_and_sample_map|data.count_level_signal|labels.adjudicated_validation_event|metadata.gene_level_mapping|provenance.raw_data_family|provenance.source_family|rights.source_and_raw_data
orcs:2.0.18:curation-queue:v2:2453	275	4	2.0.18	2	confirmed_scope	orcs:2.0.18:screen:2453	2453	33657372	pubmed	orcs:source-family:pubmed:33657372	Branigan TB (2021)	4-PMID33657372	Drug Exposure	Prexasertib	NCI-H460	0	7	False	curation.comparator_and_sample_map|data.count_level_signal|labels.adjudicated_validation_event|metadata.gene_level_mapping|provenance.raw_data_family|provenance.source_family|rights.source_and_raw_data
orcs:2.0.18:curation-queue:v2:1731	276	4	2.0.18	2	confirmed_scope	orcs:2.0.18:screen:1731	1731	34805786	pubmed	orcs:source-family:pubmed:34805786	Estoppey D (2021)	4-PMID34805786	Drug Exposure	JQ1	HCT 116	0	7	False	curation.comparator_and_sample_map|data.count_level_signal|labels.adjudicated_validation_event|metadata.gene_level_mapping|provenance.raw_data_family|provenance.source_family|rights.source_and_raw_data
orcs:2.0.18:curation-queue:v2:2095	277	4	2.0.18	2	confirmed_scope	orcs:2.0.18:screen:2095	2095	36584827	pubmed	orcs:source-family:pubmed:36584827	Tian M (2023)	4-PMID36584827	Drug Exposure	Dichloroacetic acid (DCA)	A-549	0	7	False	curation.comparator_and_sample_map|data.count_level_signal|labels.adjudicated_validation_event|metadata.gene_level_mapping|provenance.raw_data_family|provenance.source_family|rights.source_and_raw_data
orcs:2.0.18:curation-queue:v2:2108	278	4	2.0.18	2	confirmed_scope	orcs:2.0.18:screen:2108	2108	36650183	pubmed	orcs:source-family:pubmed:36650183	Tsujino T (2023)	4-PMID36650183	Drug Exposure	Olaparib	DU145	0	7	False	curation.comparator_and_sample_map|data.count_level_signal|labels.adjudicated_validation_event|metadata.gene_level_mapping|provenance.raw_data_family|provenance.source_family|rights.source_and_raw_data
orcs:2.0.18:curation-queue:v2:1352	279	5	2.0.18	2	confirmed_scope	orcs:2.0.18:screen:1352	1352	29973717	pubmed	orcs:source-family:pubmed:29973717	Zimmermann M (2018)	5-PMID29973717	Drug Exposure	Mutation: RNASEH2A (ETG0535) KO|Talazoparib	HeLa	0	8	True	curation.comparator_and_sample_map|data.count_level_signal|labels.adjudicated_validation_event|metadata.gene_level_mapping|provenance.raw_data_family|provenance.source_family|rights.source_and_raw_data
orcs:2.0.18:curation-queue:v2:1066	280	5	2.0.18	2	confirmed_scope	orcs:2.0.18:screen:1066	1066	30995489	pubmed	orcs:source-family:pubmed:30995489	MacLeod G (2019)	17-PMID30995489	Drug Exposure	Temozolomide	G510NS-Cas9	0	8	True	curation.comparator_and_sample_map|data.count_level_signal|labels.adjudicated_validation_event|metadata.gene_level_mapping|provenance.raw_data_family|provenance.source_family|rights.source_and_raw_data
orcs:2.0.18:curation-queue:v2:1060	281	5	2.0.18	2	confirmed_scope	orcs:2.0.18:screen:1060	1060	31300418	pubmed	orcs:source-family:pubmed:31300418	Patil A (2019)	5-PMID31300418	Drug Exposure	Pomalidomide	BC-3	0	8	True	curation.comparator_and_sample_map|data.count_level_signal|labels.adjudicated_validation_event|metadata.gene_level_mapping|provenance.raw_data_family|provenance.source_family|rights.source_and_raw_data
orcs:2.0.18:curation-queue:v2:2379	282	5	2.0.18	2	confirmed_scope	orcs:2.0.18:screen:2379	2379	32028983	pubmed	orcs:source-family:pubmed:32028983	Lau MT (2020)	6-PMID32028983	Drug Exposure	Gemcitabine	HAP-1	0	8	True	curation.comparator_and_sample_map|data.count_level_signal|labels.adjudicated_validation_event|metadata.gene_level_mapping|provenance.raw_data_family|provenance.source_family|rights.source_and_raw_data
orcs:2.0.18:curation-queue:v2:1318	283	5	2.0.18	2	confirmed_scope	orcs:2.0.18:screen:1318	1318	32649862	pubmed	orcs:source-family:pubmed:32649862	Olivieri M (2020)	6-PMID32649862	Drug Exposure	Doxorubicin	hTERT-RPE1	0	8	True	curation.comparator_and_sample_map|data.count_level_signal|labels.adjudicated_validation_event|metadata.gene_level_mapping|provenance.raw_data_family|provenance.source_family|rights.source_and_raw_data
orcs:2.0.18:curation-queue:v2:1475	284	5	2.0.18	2	confirmed_scope	orcs:2.0.18:screen:1475	1475	33539788	pubmed	orcs:source-family:pubmed:33539788	Hundley FV (2021)	5-PMID33539788	Drug Exposure	Methyl methanesulfonate (MMS)	HAP-1	0	8	True	curation.comparator_and_sample_map|data.count_level_signal|labels.adjudicated_validation_event|metadata.gene_level_mapping|provenance.raw_data_family|provenance.source_family|rights.source_and_raw_data
orcs:2.0.18:curation-queue:v2:1971	285	5	2.0.18	2	confirmed_scope	orcs:2.0.18:screen:1971	1971	34004147	pubmed	orcs:source-family:pubmed:34004147	Vervoort SJ (2021)	5-PMID34004147	Drug Exposure	Dinaciclib	THP-1	0	8	True	curation.comparator_and_sample_map|data.count_level_signal|labels.adjudicated_validation_event|metadata.gene_level_mapping|provenance.raw_data_family|provenance.source_family|rights.source_and_raw_data
orcs:2.0.18:curation-queue:v2:1651	286	5	2.0.18	2	confirmed_scope	orcs:2.0.18:screen:1651	1651	34049503	pubmed	orcs:source-family:pubmed:34049503	Ramaker RC (2021)	13-PMID34049503	Drug Exposure	Gemcitabine	BxPC-3	0	8	True	curation.comparator_and_sample_map|data.count_level_signal|labels.adjudicated_validation_event|metadata.gene_level_mapping|provenance.raw_data_family|provenance.source_family|rights.source_and_raw_data
orcs:2.0.18:curation-queue:v2:2313	287	5	2.0.18	2	confirmed_scope	orcs:2.0.18:screen:2313	2313	34320214	pubmed	orcs:source-family:pubmed:34320214	Wang C (2021)	5-PMID34320214	Drug Exposure	NU 7441 (KU-57788)	HEK293-A	0	8	True	curation.comparator_and_sample_map|data.count_level_signal|labels.adjudicated_validation_event|metadata.gene_level_mapping|provenance.raw_data_family|provenance.source_family|rights.source_and_raw_data
orcs:2.0.18:curation-queue:v2:1747	288	5	2.0.18	2	confirmed_scope	orcs:2.0.18:screen:1747	1747	34667112	pubmed	orcs:source-family:pubmed:34667112	Thummuri D (2022)	5-PMID34667112	Drug Exposure	5-fluorouracil	AsPC-1	0	8	True	curation.comparator_and_sample_map|data.count_level_signal|labels.adjudicated_validation_event|metadata.gene_level_mapping|provenance.raw_data_family|provenance.source_family|rights.source_and_raw_data
orcs:2.0.18:curation-queue:v2:2217	289	5	2.0.18	2	confirmed_scope	orcs:2.0.18:screen:2217	2217	36731340	pubmed	orcs:source-family:pubmed:36731340	Kwanten B (2023)	5-PMID36731340	Drug Exposure	selinexor	KMS-28BM	0	8	True	curation.comparator_and_sample_map|data.count_level_signal|labels.adjudicated_validation_event|metadata.gene_level_mapping|provenance.raw_data_family|provenance.source_family|rights.source_and_raw_data
orcs:2.0.18:curation-queue:v2:2296	290	5	2.0.18	2	confirmed_scope	orcs:2.0.18:screen:2296	2296	36991492	pubmed	orcs:source-family:pubmed:36991492	Tuano NK (2023)	47-PMID36991492	Drug Exposure	Olaparib	HMEC	0	8	True	curation.comparator_and_sample_map|data.count_level_signal|labels.adjudicated_validation_event|metadata.gene_level_mapping|provenance.raw_data_family|provenance.source_family|rights.source_and_raw_data
orcs:2.0.18:curation-queue:v2:2418	291	5	2.0.18	2	confirmed_scope	orcs:2.0.18:screen:2418	2418	37036970	pubmed	orcs:source-family:pubmed:37036970	Wright S (2023)	5-PMID37036970	Drug Exposure	ABBV-744	OCI-AML-2	0	8	True	curation.comparator_and_sample_map|data.count_level_signal|labels.adjudicated_validation_event|metadata.gene_level_mapping|provenance.raw_data_family|provenance.source_family|rights.source_and_raw_data
orcs:2.0.18:curation-queue:v2:2328	292	5	2.0.18	2	confirmed_scope	orcs:2.0.18:screen:2328	2328	38291084	pubmed	orcs:source-family:pubmed:38291084	Lin K (2024)	5-PMID38291084	Drug Exposure	Colchicine	hTERT-RPE1	0	8	True	curation.comparator_and_sample_map|data.count_level_signal|labels.adjudicated_validation_event|metadata.gene_level_mapping|provenance.raw_data_family|provenance.source_family|rights.source_and_raw_data
orcs:2.0.18:curation-queue:v2:2352	293	5	2.0.18	2	confirmed_scope	orcs:2.0.18:screen:2352	2352	31462500	pubmed	orcs:source-family:pubmed:31462500	Stover EH (2019)	3-PMID31462500	Drug Exposure	Cisplatin and paclitaxel (taxol)	Kuramochi	0	7	True	curation.comparator_and_sample_map|data.count_level_signal|labels.adjudicated_validation_event|metadata.gene_level_mapping|provenance.raw_data_family|provenance.source_family|rights.source_and_raw_data
orcs:2.0.18:curation-queue:v2:2206	294	5	2.0.18	2	confirmed_scope	orcs:2.0.18:screen:2206	2206	31723608	pubmed	orcs:source-family:pubmed:31723608	Heo JM (2019)	5-PMID31723608	Drug Exposure	antimycin A/oligomycin A	HeLa	0	7	True	curation.comparator_and_sample_map|data.count_level_signal|labels.adjudicated_validation_event|metadata.gene_level_mapping|provenance.raw_data_family|provenance.source_family|rights.source_and_raw_data
orcs:2.0.18:curation-queue:v2:1735	295	5	2.0.18	2	confirmed_scope	orcs:2.0.18:screen:1735	1735	https://www.biorxiv.org/content/10.1101/2020.08.27.270819v1.full	prepub	orcs:source-family:prepub:https://www.biorxiv.org/content/10.1101/2020.08.27.270819v1.full	Akinci E (2022)	1-CUSTOM00000017	Drug Exposure	Dimethyl sulfoxide (DMSO)	HT-29	0	7	True	curation.comparator_and_sample_map|data.count_level_signal|labels.adjudicated_validation_event|metadata.gene_level_mapping|provenance.raw_data_family|provenance.source_family|rights.source_and_raw_data
orcs:2.0.18:curation-queue:v2:596	296	5	2.0.18	2	confirmed_scope	orcs:2.0.18:screen:596	596	26780180	pubmed	orcs:source-family:pubmed:26780180	Doench JG (2016)	5-PMID26780180	Drug Exposure	Vemurafenib	A-375	0	7	False	curation.comparator_and_sample_map|data.count_level_signal|labels.adjudicated_validation_event|metadata.gene_level_mapping|provenance.raw_data_family|provenance.source_family|rights.source_and_raw_data
orcs:2.0.18:curation-queue:v2:1370	297	5	2.0.18	2	confirmed_scope	orcs:2.0.18:screen:1370	1370	31730859	pubmed	orcs:source-family:pubmed:31730859	To TL (2019)	5-PMID31730859	Drug Exposure	Metformin	K-562	0	7	False	curation.comparator_and_sample_map|data.count_level_signal|labels.adjudicated_validation_event|metadata.gene_level_mapping|provenance.raw_data_family|provenance.source_family|rights.source_and_raw_data
orcs:2.0.18:curation-queue:v2:2096	298	5	2.0.18	2	confirmed_scope	orcs:2.0.18:screen:2096	2096	36584827	pubmed	orcs:source-family:pubmed:36584827	Tian M (2023)	5-PMID36584827	Drug Exposure	Hydrogen Peroxide (H2O2)	A-549	0	7	False	curation.comparator_and_sample_map|data.count_level_signal|labels.adjudicated_validation_event|metadata.gene_level_mapping|provenance.raw_data_family|provenance.source_family|rights.source_and_raw_data
orcs:2.0.18:curation-queue:v2:2109	299	5	2.0.18	2	confirmed_scope	orcs:2.0.18:screen:2109	2109	36650183	pubmed	orcs:source-family:pubmed:36650183	Tsujino T (2023)	5-PMID36650183	Drug Exposure	Olaparib	LNCAP-C4-2B	0	7	False	curation.comparator_and_sample_map|data.count_level_signal|labels.adjudicated_validation_event|metadata.gene_level_mapping|provenance.raw_data_family|provenance.source_family|rights.source_and_raw_data
orcs:2.0.18:curation-queue:v2:1067	300	6	2.0.18	2	confirmed_scope	orcs:2.0.18:screen:1067	1067	30995489	pubmed	orcs:source-family:pubmed:30995489	MacLeod G (2019)	18-PMID30995489	Drug Exposure	Temozolomide	G583NS-Cas9	0	8	True	curation.comparator_and_sample_map|data.count_level_signal|labels.adjudicated_validation_event|metadata.gene_level_mapping|provenance.raw_data_family|provenance.source_family|rights.source_and_raw_data
orcs:2.0.18:curation-queue:v2:1061	301	6	2.0.18	2	confirmed_scope	orcs:2.0.18:screen:1061	1061	31300418	pubmed	orcs:source-family:pubmed:31300418	Patil A (2019)	6-PMID31300418	Drug Exposure	Pomalidomide	BC-3	0	8	True	curation.comparator_and_sample_map|data.count_level_signal|labels.adjudicated_validation_event|metadata.gene_level_mapping|provenance.raw_data_family|provenance.source_family|rights.source_and_raw_data
orcs:2.0.18:curation-queue:v2:2380	302	6	2.0.18	2	confirmed_scope	orcs:2.0.18:screen:2380	2380	32028983	pubmed	orcs:source-family:pubmed:32028983	Lau MT (2020)	7-PMID32028983	Drug Exposure	6-Mercaptopurine	HAP-1	0	8	True	curation.comparator_and_sample_map|data.count_level_signal|labels.adjudicated_validation_event|metadata.gene_level_mapping|provenance.raw_data_family|provenance.source_family|rights.source_and_raw_data
orcs:2.0.18:curation-queue:v2:1319	303	6	2.0.18	2	confirmed_scope	orcs:2.0.18:screen:1319	1319	32649862	pubmed	orcs:source-family:pubmed:32649862	Olivieri M (2020)	7-PMID32649862	Drug Exposure	Hydrogen Peroxide (H2O2)	hTERT-RPE1	0	8	True	curation.comparator_and_sample_map|data.count_level_signal|labels.adjudicated_validation_event|metadata.gene_level_mapping|provenance.raw_data_family|provenance.source_family|rights.source_and_raw_data
orcs:2.0.18:curation-queue:v2:1476	304	6	2.0.18	2	confirmed_scope	orcs:2.0.18:screen:1476	1476	33539788	pubmed	orcs:source-family:pubmed:33539788	Hundley FV (2021)	6-PMID33539788	Drug Exposure	Camptothecin	HAP-1	0	8	True	curation.comparator_and_sample_map|data.count_level_signal|labels.adjudicated_validation_event|metadata.gene_level_mapping|provenance.raw_data_family|provenance.source_family|rights.source_and_raw_data
orcs:2.0.18:curation-queue:v2:1972	305	6	2.0.18	2	confirmed_scope	orcs:2.0.18:screen:1972	1972	34004147	pubmed	orcs:source-family:pubmed:34004147	Vervoort SJ (2021)	6-PMID34004147	Drug Exposure	Dinaciclib	THP-1	0	8	True	curation.comparator_and_sample_map|data.count_level_signal|labels.adjudicated_validation_event|metadata.gene_level_mapping|provenance.raw_data_family|provenance.source_family|rights.source_and_raw_data
orcs:2.0.18:curation-queue:v2:1652	306	6	2.0.18	2	confirmed_scope	orcs:2.0.18:screen:1652	1652	34049503	pubmed	orcs:source-family:pubmed:34049503	Ramaker RC (2021)	14-PMID34049503	Drug Exposure	Oxaliplatin	BxPC-3	0	8	True	curation.comparator_and_sample_map|data.count_level_signal|labels.adjudicated_validation_event|metadata.gene_level_mapping|provenance.raw_data_family|provenance.source_family|rights.source_and_raw_data
orcs:2.0.18:curation-queue:v2:2314	307	6	2.0.18	2	confirmed_scope	orcs:2.0.18:screen:2314	2314	34320214	pubmed	orcs:source-family:pubmed:34320214	Wang C (2021)	6-PMID34320214	Drug Exposure	Rapamycin	HEK293-A	0	8	True	curation.comparator_and_sample_map|data.count_level_signal|labels.adjudicated_validation_event|metadata.gene_level_mapping|provenance.raw_data_family|provenance.source_family|rights.source_and_raw_data
orcs:2.0.18:curation-queue:v2:1748	308	6	2.0.18	2	confirmed_scope	orcs:2.0.18:screen:1748	1748	34667112	pubmed	orcs:source-family:pubmed:34667112	Thummuri D (2022)	6-PMID34667112	Drug Exposure	5-fluorouracil	AsPC-1	0	8	True	curation.comparator_and_sample_map|data.count_level_signal|labels.adjudicated_validation_event|metadata.gene_level_mapping|provenance.raw_data_family|provenance.source_family|rights.source_and_raw_data
orcs:2.0.18:curation-queue:v2:2218	309	6	2.0.18	2	confirmed_scope	orcs:2.0.18:screen:2218	2218	36731340	pubmed	orcs:source-family:pubmed:36731340	Kwanten B (2023)	6-PMID36731340	Drug Exposure	selinexor	KMS-28BM	0	8	True	curation.comparator_and_sample_map|data.count_level_signal|labels.adjudicated_validation_event|metadata.gene_level_mapping|provenance.raw_data_family|provenance.source_family|rights.source_and_raw_data
orcs:2.0.18:curation-queue:v2:2329	310	6	2.0.18	2	confirmed_scope	orcs:2.0.18:screen:2329	2329	38291084	pubmed	orcs:source-family:pubmed:38291084	Lin K (2024)	6-PMID38291084	Drug Exposure	Colchicine	hTERT-RPE1	0	8	True	curation.comparator_and_sample_map|data.count_level_signal|labels.adjudicated_validation_event|metadata.gene_level_mapping|provenance.raw_data_family|provenance.source_family|rights.source_and_raw_data
orcs:2.0.18:curation-queue:v2:2353	311	6	2.0.18	2	confirmed_scope	orcs:2.0.18:screen:2353	2353	31462500	pubmed	orcs:source-family:pubmed:31462500	Stover EH (2019)	4-PMID31462500	Drug Exposure	Cisplatin and paclitaxel (taxol)	Kuramochi	0	7	True	curation.comparator_and_sample_map|data.count_level_signal|labels.adjudicated_validation_event|metadata.gene_level_mapping|provenance.raw_data_family|provenance.source_family|rights.source_and_raw_data
orcs:2.0.18:curation-queue:v2:1095	312	6	2.0.18	2	confirmed_scope	orcs:2.0.18:screen:1095	1095	26780180	pubmed	orcs:source-family:pubmed:26780180	Doench JG (2016)	12-PMID26780180	Drug Exposure	Selumetinib	A-375	0	7	False	curation.comparator_and_sample_map|data.count_level_signal|labels.adjudicated_validation_event|metadata.gene_level_mapping|provenance.raw_data_family|provenance.source_family|rights.source_and_raw_data
orcs:2.0.18:curation-queue:v2:1371	313	6	2.0.18	2	confirmed_scope	orcs:2.0.18:screen:1371	1371	31730859	pubmed	orcs:source-family:pubmed:31730859	To TL (2019)	6-PMID31730859	Drug Exposure	Oligomycin	K-562	0	7	False	curation.comparator_and_sample_map|data.count_level_signal|labels.adjudicated_validation_event|metadata.gene_level_mapping|provenance.raw_data_family|provenance.source_family|rights.source_and_raw_data
orcs:2.0.18:curation-queue:v2:2097	314	6	2.0.18	2	confirmed_scope	orcs:2.0.18:screen:2097	2097	36584827	pubmed	orcs:source-family:pubmed:36584827	Tian M (2023)	6-PMID36584827	Drug Exposure	Hydrogen Peroxide (H2O2)	A-549	0	7	False	curation.comparator_and_sample_map|data.count_level_signal|labels.adjudicated_validation_event|metadata.gene_level_mapping|provenance.raw_data_family|provenance.source_family|rights.source_and_raw_data
orcs:2.0.18:curation-queue:v2:2110	315	6	2.0.18	2	confirmed_scope	orcs:2.0.18:screen:2110	2110	36650183	pubmed	orcs:source-family:pubmed:36650183	Tsujino T (2023)	6-PMID36650183	Drug Exposure	Olaparib	LNCaP	0	7	False	curation.comparator_and_sample_map|data.count_level_signal|labels.adjudicated_validation_event|metadata.gene_level_mapping|provenance.raw_data_family|provenance.source_family|rights.source_and_raw_data
orcs:2.0.18:curation-queue:v2:2381	316	7	2.0.18	2	confirmed_scope	orcs:2.0.18:screen:2381	2381	32028983	pubmed	orcs:source-family:pubmed:32028983	Lau MT (2020)	8-PMID32028983	Drug Exposure	Thioguanine	HAP-1	0	8	True	curation.comparator_and_sample_map|data.count_level_signal|labels.adjudicated_validation_event|metadata.gene_level_mapping|provenance.raw_data_family|provenance.source_family|rights.source_and_raw_data
orcs:2.0.18:curation-queue:v2:1320	317	7	2.0.18	2	confirmed_scope	orcs:2.0.18:screen:1320	1320	32649862	pubmed	orcs:source-family:pubmed:32649862	Olivieri M (2020)	8-PMID32649862	Drug Exposure	Methyl methanesulfonate (MMS)	hTERT-RPE1	0	8	True	curation.comparator_and_sample_map|data.count_level_signal|labels.adjudicated_validation_event|metadata.gene_level_mapping|provenance.raw_data_family|provenance.source_family|rights.source_and_raw_data
orcs:2.0.18:curation-queue:v2:1477	318	7	2.0.18	2	confirmed_scope	orcs:2.0.18:screen:1477	1477	33539788	pubmed	orcs:source-family:pubmed:33539788	Hundley FV (2021)	7-PMID33539788	Drug Exposure	Cisplatin	HAP-1	0	8	True	curation.comparator_and_sample_map|data.count_level_signal|labels.adjudicated_validation_event|metadata.gene_level_mapping|provenance.raw_data_family|provenance.source_family|rights.source_and_raw_data
orcs:2.0.18:curation-queue:v2:1973	319	7	2.0.18	2	confirmed_scope	orcs:2.0.18:screen:1973	1973	34004147	pubmed	orcs:source-family:pubmed:34004147	Vervoort SJ (2021)	7-PMID34004147	Drug Exposure	A159	THP-1	0	8	True	curation.comparator_and_sample_map|data.count_level_signal|labels.adjudicated_validation_event|metadata.gene_level_mapping|provenance.raw_data_family|provenance.source_family|rights.source_and_raw_data
orcs:2.0.18:curation-queue:v2:1653	320	7	2.0.18	2	confirmed_scope	orcs:2.0.18:screen:1653	1653	34049503	pubmed	orcs:source-family:pubmed:34049503	Ramaker RC (2021)	15-PMID34049503	Drug Exposure	Irinotecan	BxPC-3	0	8	True	curation.comparator_and_sample_map|data.count_level_signal|labels.adjudicated_validation_event|metadata.gene_level_mapping|provenance.raw_data_family|provenance.source_family|rights.source_and_raw_data
orcs:2.0.18:curation-queue:v2:2315	321	7	2.0.18	2	confirmed_scope	orcs:2.0.18:screen:2315	2315	34320214	pubmed	orcs:source-family:pubmed:34320214	Wang C (2021)	7-PMID34320214	Drug Exposure	Olaparib	HEK293-A	0	8	True	curation.comparator_and_sample_map|data.count_level_signal|labels.adjudicated_validation_event|metadata.gene_level_mapping|provenance.raw_data_family|provenance.source_family|rights.source_and_raw_data
orcs:2.0.18:curation-queue:v2:2219	322	7	2.0.18	2	confirmed_scope	orcs:2.0.18:screen:2219	2219	36731340	pubmed	orcs:source-family:pubmed:36731340	Kwanten B (2023)	7-PMID36731340	Drug Exposure	selinexor	KMS-28BM	0	8	True	curation.comparator_and_sample_map|data.count_level_signal|labels.adjudicated_validation_event|metadata.gene_level_mapping|provenance.raw_data_family|provenance.source_family|rights.source_and_raw_data
orcs:2.0.18:curation-queue:v2:2330	323	7	2.0.18	2	confirmed_scope	orcs:2.0.18:screen:2330	2330	38291084	pubmed	orcs:source-family:pubmed:38291084	Lin K (2024)	7-PMID38291084	Drug Exposure	Colchicine	hTERT-RPE1	0	8	True	curation.comparator_and_sample_map|data.count_level_signal|labels.adjudicated_validation_event|metadata.gene_level_mapping|provenance.raw_data_family|provenance.source_family|rights.source_and_raw_data
orcs:2.0.18:curation-queue:v2:2355	324	7	2.0.18	2	confirmed_scope	orcs:2.0.18:screen:2355	2355	31462500	pubmed	orcs:source-family:pubmed:31462500	Stover EH (2019)	7-PMID31462500	Drug Exposure	Cisplatin and paclitaxel (taxol)	OVSAHO	0	7	True	curation.comparator_and_sample_map|data.count_level_signal|labels.adjudicated_validation_event|metadata.gene_level_mapping|provenance.raw_data_family|provenance.source_family|rights.source_and_raw_data
orcs:2.0.18:curation-queue:v2:1097	325	7	2.0.18	2	confirmed_scope	orcs:2.0.18:screen:1097	1097	26780180	pubmed	orcs:source-family:pubmed:26780180	Doench JG (2016)	13-PMID26780180	Drug Exposure	Selumetinib	A-375	0	7	False	curation.comparator_and_sample_map|data.count_level_signal|labels.adjudicated_validation_event|metadata.gene_level_mapping|provenance.raw_data_family|provenance.source_family|rights.source_and_raw_data
orcs:2.0.18:curation-queue:v2:1372	326	7	2.0.18	2	confirmed_scope	orcs:2.0.18:screen:1372	1372	31730859	pubmed	orcs:source-family:pubmed:31730859	To TL (2019)	7-PMID31730859	Drug Exposure	Piericidin A	K-562	0	7	False	curation.comparator_and_sample_map|data.count_level_signal|labels.adjudicated_validation_event|metadata.gene_level_mapping|provenance.raw_data_family|provenance.source_family|rights.source_and_raw_data
orcs:2.0.18:curation-queue:v2:2098	327	7	2.0.18	2	confirmed_scope	orcs:2.0.18:screen:2098	2098	36584827	pubmed	orcs:source-family:pubmed:36584827	Tian M (2023)	7-PMID36584827	Drug Exposure	Formaldehyde	A-549	0	7	False	curation.comparator_and_sample_map|data.count_level_signal|labels.adjudicated_validation_event|metadata.gene_level_mapping|provenance.raw_data_family|provenance.source_family|rights.source_and_raw_data
orcs:2.0.18:curation-queue:v2:2111	328	7	2.0.18	2	confirmed_scope	orcs:2.0.18:screen:2111	2111	36650183	pubmed	orcs:source-family:pubmed:36650183	Tsujino T (2023)	7-PMID36650183	Drug Exposure	Olaparib	LNCaP	0	7	False	curation.comparator_and_sample_map|data.count_level_signal|labels.adjudicated_validation_event|metadata.gene_level_mapping|provenance.raw_data_family|provenance.source_family|rights.source_and_raw_data
orcs:2.0.18:curation-queue:v2:2382	329	8	2.0.18	2	confirmed_scope	orcs:2.0.18:screen:2382	2382	32028983	pubmed	orcs:source-family:pubmed:32028983	Lau MT (2020)	9-PMID32028983	Drug Exposure	docetaxel	HAP-1	0	8	True	curation.comparator_and_sample_map|data.count_level_signal|labels.adjudicated_validation_event|metadata.gene_level_mapping|provenance.raw_data_family|provenance.source_family|rights.source_and_raw_data
orcs:2.0.18:curation-queue:v2:1321	330	8	2.0.18	2	confirmed_scope	orcs:2.0.18:screen:1321	1321	32649862	pubmed	orcs:source-family:pubmed:32649862	Olivieri M (2020)	9-PMID32649862	Drug Exposure	Pyridostatin	hTERT-RPE1	0	8	True	curation.comparator_and_sample_map|data.count_level_signal|labels.adjudicated_validation_event|metadata.gene_level_mapping|provenance.raw_data_family|provenance.source_family|rights.source_and_raw_data
orcs:2.0.18:curation-queue:v2:1478	331	8	2.0.18	2	confirmed_scope	orcs:2.0.18:screen:1478	1478	33539788	pubmed	orcs:source-family:pubmed:33539788	Hundley FV (2021)	8-PMID33539788	Drug Exposure	Bleocin	HAP-1	0	8	True	curation.comparator_and_sample_map|data.count_level_signal|labels.adjudicated_validation_event|metadata.gene_level_mapping|provenance.raw_data_family|provenance.source_family|rights.source_and_raw_data
orcs:2.0.18:curation-queue:v2:1974	332	8	2.0.18	2	confirmed_scope	orcs:2.0.18:screen:1974	1974	34004147	pubmed	orcs:source-family:pubmed:34004147	Vervoort SJ (2021)	8-PMID34004147	Drug Exposure	A159	THP-1	0	8	True	curation.comparator_and_sample_map|data.count_level_signal|labels.adjudicated_validation_event|metadata.gene_level_mapping|provenance.raw_data_family|provenance.source_family|rights.source_and_raw_data
orcs:2.0.18:curation-queue:v2:1654	333	8	2.0.18	2	confirmed_scope	orcs:2.0.18:screen:1654	1654	34049503	pubmed	orcs:source-family:pubmed:34049503	Ramaker RC (2021)	16-PMID34049503	Drug Exposure	5-fluorouracil	BxPC-3	0	8	True	curation.comparator_and_sample_map|data.count_level_signal|labels.adjudicated_validation_event|metadata.gene_level_mapping|provenance.raw_data_family|provenance.source_family|rights.source_and_raw_data
orcs:2.0.18:curation-queue:v2:2317	334	8	2.0.18	2	confirmed_scope	orcs:2.0.18:screen:2317	2317	34320214	pubmed	orcs:source-family:pubmed:34320214	Wang C (2021)	9-PMID34320214	Drug Exposure	AZD6738	HCT 116	0	8	True	curation.comparator_and_sample_map|data.count_level_signal|labels.adjudicated_validation_event|metadata.gene_level_mapping|provenance.raw_data_family|provenance.source_family|rights.source_and_raw_data
orcs:2.0.18:curation-queue:v2:2220	335	8	2.0.18	2	confirmed_scope	orcs:2.0.18:screen:2220	2220	36731340	pubmed	orcs:source-family:pubmed:36731340	Kwanten B (2023)	8-PMID36731340	Drug Exposure	selinexor	DS	0	8	True	curation.comparator_and_sample_map|data.count_level_signal|labels.adjudicated_validation_event|metadata.gene_level_mapping|provenance.raw_data_family|provenance.source_family|rights.source_and_raw_data
orcs:2.0.18:curation-queue:v2:2331	336	8	2.0.18	2	confirmed_scope	orcs:2.0.18:screen:2331	2331	38291084	pubmed	orcs:source-family:pubmed:38291084	Lin K (2024)	8-PMID38291084	Drug Exposure	Colchicine	hTERT-RPE1	0	8	True	curation.comparator_and_sample_map|data.count_level_signal|labels.adjudicated_validation_event|metadata.gene_level_mapping|provenance.raw_data_family|provenance.source_family|rights.source_and_raw_data
orcs:2.0.18:curation-queue:v2:2357	337	8	2.0.18	2	confirmed_scope	orcs:2.0.18:screen:2357	2357	31462500	pubmed	orcs:source-family:pubmed:31462500	Stover EH (2019)	8-PMID31462500	Drug Exposure	Cisplatin and paclitaxel (taxol)	OVSAHO	0	7	True	curation.comparator_and_sample_map|data.count_level_signal|labels.adjudicated_validation_event|metadata.gene_level_mapping|provenance.raw_data_family|provenance.source_family|rights.source_and_raw_data
orcs:2.0.18:curation-queue:v2:2099	338	8	2.0.18	2	confirmed_scope	orcs:2.0.18:screen:2099	2099	36584827	pubmed	orcs:source-family:pubmed:36584827	Tian M (2023)	8-PMID36584827	Drug Exposure	Formaldehyde	A-549	0	7	False	curation.comparator_and_sample_map|data.count_level_signal|labels.adjudicated_validation_event|metadata.gene_level_mapping|provenance.raw_data_family|provenance.source_family|rights.source_and_raw_data
orcs:2.0.18:curation-queue:v2:2112	339	8	2.0.18	2	confirmed_scope	orcs:2.0.18:screen:2112	2112	36650183	pubmed	orcs:source-family:pubmed:36650183	Tsujino T (2023)	8-PMID36650183	Drug Exposure	Olaparib	LNCAP-C4-2B	0	7	False	curation.comparator_and_sample_map|data.count_level_signal|labels.adjudicated_validation_event|metadata.gene_level_mapping|provenance.raw_data_family|provenance.source_family|rights.source_and_raw_data
orcs:2.0.18:curation-queue:v2:2383	340	9	2.0.18	2	confirmed_scope	orcs:2.0.18:screen:2383	2383	32028983	pubmed	orcs:source-family:pubmed:32028983	Lau MT (2020)	10-PMID32028983	Drug Exposure	Paclitaxel (Taxol)	HAP-1	0	8	True	curation.comparator_and_sample_map|data.count_level_signal|labels.adjudicated_validation_event|metadata.gene_level_mapping|provenance.raw_data_family|provenance.source_family|rights.source_and_raw_data
orcs:2.0.18:curation-queue:v2:1323	341	9	2.0.18	2	confirmed_scope	orcs:2.0.18:screen:1323	1323	32649862	pubmed	orcs:source-family:pubmed:32649862	Olivieri M (2020)	11-PMID32649862	Drug Exposure	Bleomycin	hTERT-RPE1	0	8	True	curation.comparator_and_sample_map|data.count_level_signal|labels.adjudicated_validation_event|metadata.gene_level_mapping|provenance.raw_data_family|provenance.source_family|rights.source_and_raw_data
orcs:2.0.18:curation-queue:v2:1491	342	9	2.0.18	2	confirmed_scope	orcs:2.0.18:screen:1491	1491	33539788	pubmed	orcs:source-family:pubmed:33539788	Hundley FV (2021)	9-PMID33539788	Drug Exposure	Flavopiridol	HAP-1	0	8	True	curation.comparator_and_sample_map|data.count_level_signal|labels.adjudicated_validation_event|metadata.gene_level_mapping|provenance.raw_data_family|provenance.source_family|rights.source_and_raw_data
orcs:2.0.18:curation-queue:v2:1975	343	9	2.0.18	2	confirmed_scope	orcs:2.0.18:screen:1975	1975	34004147	pubmed	orcs:source-family:pubmed:34004147	Vervoort SJ (2021)	9-PMID34004147	Drug Exposure	AZD5576 (CDK9i)	THP-1	0	8	True	curation.comparator_and_sample_map|data.count_level_signal|labels.adjudicated_validation_event|metadata.gene_level_mapping|provenance.raw_data_family|provenance.source_family|rights.source_and_raw_data
orcs:2.0.18:curation-queue:v2:2318	344	9	2.0.18	2	confirmed_scope	orcs:2.0.18:screen:2318	2318	34320214	pubmed	orcs:source-family:pubmed:34320214	Wang C (2021)	10-PMID34320214	Drug Exposure	Rabusertib (LY2603618)	HCT 116	0	8	True	curation.comparator_and_sample_map|data.count_level_signal|labels.adjudicated_validation_event|metadata.gene_level_mapping|provenance.raw_data_family|provenance.source_family|rights.source_and_raw_data
orcs:2.0.18:curation-queue:v2:2221	345	9	2.0.18	2	confirmed_scope	orcs:2.0.18:screen:2221	2221	36731340	pubmed	orcs:source-family:pubmed:36731340	Kwanten B (2023)	9-PMID36731340	Drug Exposure	selinexor	DS	0	8	True	curation.comparator_and_sample_map|data.count_level_signal|labels.adjudicated_validation_event|metadata.gene_level_mapping|provenance.raw_data_family|provenance.source_family|rights.source_and_raw_data
orcs:2.0.18:curation-queue:v2:2332	346	9	2.0.18	2	confirmed_scope	orcs:2.0.18:screen:2332	2332	38291084	pubmed	orcs:source-family:pubmed:38291084	Lin K (2024)	9-PMID38291084	Drug Exposure	Camptothecin	hTERT-RPE1	0	8	True	curation.comparator_and_sample_map|data.count_level_signal|labels.adjudicated_validation_event|metadata.gene_level_mapping|provenance.raw_data_family|provenance.source_family|rights.source_and_raw_data
orcs:2.0.18:curation-queue:v2:2100	347	9	2.0.18	2	confirmed_scope	orcs:2.0.18:screen:2100	2100	36584827	pubmed	orcs:source-family:pubmed:36584827	Tian M (2023)	9-PMID36584827	Drug Exposure	Mitomycin C	A-549	0	7	False	curation.comparator_and_sample_map|data.count_level_signal|labels.adjudicated_validation_event|metadata.gene_level_mapping|provenance.raw_data_family|provenance.source_family|rights.source_and_raw_data
orcs:2.0.18:curation-queue:v2:2384	348	10	2.0.18	2	confirmed_scope	orcs:2.0.18:screen:2384	2384	32028983	pubmed	orcs:source-family:pubmed:32028983	Lau MT (2020)	11-PMID32028983	Drug Exposure	Vincristine	HAP-1	0	8	True	curation.comparator_and_sample_map|data.count_level_signal|labels.adjudicated_validation_event|metadata.gene_level_mapping|provenance.raw_data_family|provenance.source_family|rights.source_and_raw_data
orcs:2.0.18:curation-queue:v2:1324	349	10	2.0.18	2	confirmed_scope	orcs:2.0.18:screen:1324	1324	32649862	pubmed	orcs:source-family:pubmed:32649862	Olivieri M (2020)	12-PMID32649862	Drug Exposure	Olaparib	hTERT-RPE1	0	8	True	curation.comparator_and_sample_map|data.count_level_signal|labels.adjudicated_validation_event|metadata.gene_level_mapping|provenance.raw_data_family|provenance.source_family|rights.source_and_raw_data
orcs:2.0.18:curation-queue:v2:1492	350	10	2.0.18	2	confirmed_scope	orcs:2.0.18:screen:1492	1492	33539788	pubmed	orcs:source-family:pubmed:33539788	Hundley FV (2021)	10-PMID33539788	Drug Exposure	Pladienolide B (PladB)	HAP-1	0	8	True	curation.comparator_and_sample_map|data.count_level_signal|labels.adjudicated_validation_event|metadata.gene_level_mapping|provenance.raw_data_family|provenance.source_family|rights.source_and_raw_data
orcs:2.0.18:curation-queue:v2:1976	351	10	2.0.18	2	confirmed_scope	orcs:2.0.18:screen:1976	1976	34004147	pubmed	orcs:source-family:pubmed:34004147	Vervoort SJ (2021)	10-PMID34004147	Drug Exposure	AZD5576 (CDK9i)	THP-1	0	8	True	curation.comparator_and_sample_map|data.count_level_signal|labels.adjudicated_validation_event|metadata.gene_level_mapping|provenance.raw_data_family|provenance.source_family|rights.source_and_raw_data
orcs:2.0.18:curation-queue:v2:2222	352	10	2.0.18	2	confirmed_scope	orcs:2.0.18:screen:2222	2222	36731340	pubmed	orcs:source-family:pubmed:36731340	Kwanten B (2023)	10-PMID36731340	Drug Exposure	selinexor	RL	0	8	True	curation.comparator_and_sample_map|data.count_level_signal|labels.adjudicated_validation_event|metadata.gene_level_mapping|provenance.raw_data_family|provenance.source_family|rights.source_and_raw_data
orcs:2.0.18:curation-queue:v2:2333	353	10	2.0.18	2	confirmed_scope	orcs:2.0.18:screen:2333	2333	38291084	pubmed	orcs:source-family:pubmed:38291084	Lin K (2024)	10-PMID38291084	Drug Exposure	Camptothecin	hTERT-RPE1	0	8	True	curation.comparator_and_sample_map|data.count_level_signal|labels.adjudicated_validation_event|metadata.gene_level_mapping|provenance.raw_data_family|provenance.source_family|rights.source_and_raw_data
orcs:2.0.18:curation-queue:v2:2316	354	10	2.0.18	2	confirmed_scope	orcs:2.0.18:screen:2316	2316	34320214	pubmed	orcs:source-family:pubmed:34320214	Wang C (2021)	8-PMID34320214	Drug Exposure	Olaparib|AZD0156	HEK293-A	0	7	True	curation.comparator_and_sample_map|data.count_level_signal|labels.adjudicated_validation_event|metadata.gene_level_mapping|provenance.raw_data_family|provenance.source_family|rights.source_and_raw_data
orcs:2.0.18:curation-queue:v2:2101	355	10	2.0.18	2	confirmed_scope	orcs:2.0.18:screen:2101	2101	36584827	pubmed	orcs:source-family:pubmed:36584827	Tian M (2023)	10-PMID36584827	Drug Exposure	Mitomycin C	A-549	0	7	False	curation.comparator_and_sample_map|data.count_level_signal|labels.adjudicated_validation_event|metadata.gene_level_mapping|provenance.raw_data_family|provenance.source_family|rights.source_and_raw_data
orcs:2.0.18:curation-queue:v2:2385	356	11	2.0.18	2	confirmed_scope	orcs:2.0.18:screen:2385	2385	32028983	pubmed	orcs:source-family:pubmed:32028983	Lau MT (2020)	12-PMID32028983	Drug Exposure	Vinorelbine	HAP-1	0	8	True	curation.comparator_and_sample_map|data.count_level_signal|labels.adjudicated_validation_event|metadata.gene_level_mapping|provenance.raw_data_family|provenance.source_family|rights.source_and_raw_data
orcs:2.0.18:curation-queue:v2:1325	357	11	2.0.18	2	confirmed_scope	orcs:2.0.18:screen:1325	1325	32649862	pubmed	orcs:source-family:pubmed:32649862	Olivieri M (2020)	13-PMID32649862	Drug Exposure	AZD6738	hTERT-RPE1	0	8	True	curation.comparator_and_sample_map|data.count_level_signal|labels.adjudicated_validation_event|metadata.gene_level_mapping|provenance.raw_data_family|provenance.source_family|rights.source_and_raw_data
orcs:2.0.18:curation-queue:v2:1493	358	11	2.0.18	2	confirmed_scope	orcs:2.0.18:screen:1493	1493	33539788	pubmed	orcs:source-family:pubmed:33539788	Hundley FV (2021)	11-PMID33539788	Drug Exposure	Nicotinamide	HAP-1	0	8	True	curation.comparator_and_sample_map|data.count_level_signal|labels.adjudicated_validation_event|metadata.gene_level_mapping|provenance.raw_data_family|provenance.source_family|rights.source_and_raw_data
orcs:2.0.18:curation-queue:v2:1977	359	11	2.0.18	2	confirmed_scope	orcs:2.0.18:screen:1977	1977	34004147	pubmed	orcs:source-family:pubmed:34004147	Vervoort SJ (2021)	11-PMID34004147	Drug Exposure	Dinaciclib	THP-1	0	8	True	curation.comparator_and_sample_map|data.count_level_signal|labels.adjudicated_validation_event|metadata.gene_level_mapping|provenance.raw_data_family|provenance.source_family|rights.source_and_raw_data
orcs:2.0.18:curation-queue:v2:2223	360	11	2.0.18	2	confirmed_scope	orcs:2.0.18:screen:2223	2223	36731340	pubmed	orcs:source-family:pubmed:36731340	Kwanten B (2023)	11-PMID36731340	Drug Exposure	selinexor	RL	0	8	True	curation.comparator_and_sample_map|data.count_level_signal|labels.adjudicated_validation_event|metadata.gene_level_mapping|provenance.raw_data_family|provenance.source_family|rights.source_and_raw_data
orcs:2.0.18:curation-queue:v2:2334	361	11	2.0.18	2	confirmed_scope	orcs:2.0.18:screen:2334	2334	38291084	pubmed	orcs:source-family:pubmed:38291084	Lin K (2024)	11-PMID38291084	Drug Exposure	Camptothecin	hTERT-RPE1	0	8	True	curation.comparator_and_sample_map|data.count_level_signal|labels.adjudicated_validation_event|metadata.gene_level_mapping|provenance.raw_data_family|provenance.source_family|rights.source_and_raw_data
orcs:2.0.18:curation-queue:v2:2102	362	11	2.0.18	2	confirmed_scope	orcs:2.0.18:screen:2102	2102	36584827	pubmed	orcs:source-family:pubmed:36584827	Tian M (2023)	11-PMID36584827	Drug Exposure	4-Nitroquinoline N-oxide (NQO)	A-549	0	7	False	curation.comparator_and_sample_map|data.count_level_signal|labels.adjudicated_validation_event|metadata.gene_level_mapping|provenance.raw_data_family|provenance.source_family|rights.source_and_raw_data
orcs:2.0.18:curation-queue:v2:2386	363	12	2.0.18	2	confirmed_scope	orcs:2.0.18:screen:2386	2386	32028983	pubmed	orcs:source-family:pubmed:32028983	Lau MT (2020)	13-PMID32028983	Drug Exposure	Methotrexate	HAP-1	0	8	True	curation.comparator_and_sample_map|data.count_level_signal|labels.adjudicated_validation_event|metadata.gene_level_mapping|provenance.raw_data_family|provenance.source_family|rights.source_and_raw_data
orcs:2.0.18:curation-queue:v2:1326	364	12	2.0.18	2	confirmed_scope	orcs:2.0.18:screen:1326	1326	32649862	pubmed	orcs:source-family:pubmed:32649862	Olivieri M (2020)	14-PMID32649862	Drug Exposure	Cisplatin-2/Cisplatin-3	hTERT-RPE1	0	8	True	curation.comparator_and_sample_map|data.count_level_signal|labels.adjudicated_validation_event|metadata.gene_level_mapping|provenance.raw_data_family|provenance.source_family|rights.source_and_raw_data
orcs:2.0.18:curation-queue:v2:1494	365	12	2.0.18	2	confirmed_scope	orcs:2.0.18:screen:1494	1494	33539788	pubmed	orcs:source-family:pubmed:33539788	Hundley FV (2021)	12-PMID33539788	Drug Exposure	Vorinostat/SAHA	HAP-1	0	8	True	curation.comparator_and_sample_map|data.count_level_signal|labels.adjudicated_validation_event|metadata.gene_level_mapping|provenance.raw_data_family|provenance.source_family|rights.source_and_raw_data
orcs:2.0.18:curation-queue:v2:1978	366	12	2.0.18	2	confirmed_scope	orcs:2.0.18:screen:1978	1978	34004147	pubmed	orcs:source-family:pubmed:34004147	Vervoort SJ (2021)	12-PMID34004147	Drug Exposure	Dinaciclib	THP-1	0	8	True	curation.comparator_and_sample_map|data.count_level_signal|labels.adjudicated_validation_event|metadata.gene_level_mapping|provenance.raw_data_family|provenance.source_family|rights.source_and_raw_data
orcs:2.0.18:curation-queue:v2:2335	367	12	2.0.18	2	confirmed_scope	orcs:2.0.18:screen:2335	2335	38291084	pubmed	orcs:source-family:pubmed:38291084	Lin K (2024)	12-PMID38291084	Drug Exposure	Camptothecin	hTERT-RPE1	0	8	True	curation.comparator_and_sample_map|data.count_level_signal|labels.adjudicated_validation_event|metadata.gene_level_mapping|provenance.raw_data_family|provenance.source_family|rights.source_and_raw_data
orcs:2.0.18:curation-queue:v2:2103	368	12	2.0.18	2	confirmed_scope	orcs:2.0.18:screen:2103	2103	36584827	pubmed	orcs:source-family:pubmed:36584827	Tian M (2023)	12-PMID36584827	Drug Exposure	4-Nitroquinoline N-oxide (NQO)	A-549	0	6	False	curation.comparator_and_sample_map|data.count_level_signal|labels.adjudicated_validation_event|metadata.gene_level_mapping|provenance.raw_data_family|provenance.source_family|rights.source_and_raw_data
orcs:2.0.18:curation-queue:v2:2387	369	13	2.0.18	2	confirmed_scope	orcs:2.0.18:screen:2387	2387	32028983	pubmed	orcs:source-family:pubmed:32028983	Lau MT (2020)	14-PMID32028983	Drug Exposure	Camptothecin	HAP-1	0	8	True	curation.comparator_and_sample_map|data.count_level_signal|labels.adjudicated_validation_event|metadata.gene_level_mapping|provenance.raw_data_family|provenance.source_family|rights.source_and_raw_data
orcs:2.0.18:curation-queue:v2:1327	370	13	2.0.18	2	confirmed_scope	orcs:2.0.18:screen:1327	1327	32649862	pubmed	orcs:source-family:pubmed:32649862	Olivieri M (2020)	15-PMID32649862	Drug Exposure	Cisplatin-2/Cisplatin-3	hTERT-RPE1	0	8	True	curation.comparator_and_sample_map|data.count_level_signal|labels.adjudicated_validation_event|metadata.gene_level_mapping|provenance.raw_data_family|provenance.source_family|rights.source_and_raw_data
orcs:2.0.18:curation-queue:v2:1495	371	13	2.0.18	2	confirmed_scope	orcs:2.0.18:screen:1495	1495	33539788	pubmed	orcs:source-family:pubmed:33539788	Hundley FV (2021)	13-PMID33539788	Drug Exposure	BI-2536	HAP-1	0	8	True	curation.comparator_and_sample_map|data.count_level_signal|labels.adjudicated_validation_event|metadata.gene_level_mapping|provenance.raw_data_family|provenance.source_family|rights.source_and_raw_data
orcs:2.0.18:curation-queue:v2:1979	372	13	2.0.18	2	confirmed_scope	orcs:2.0.18:screen:1979	1979	34004147	pubmed	orcs:source-family:pubmed:34004147	Vervoort SJ (2021)	13-PMID34004147	Drug Exposure	AZD5576 (CDK9i)	MV4-11	0	8	True	curation.comparator_and_sample_map|data.count_level_signal|labels.adjudicated_validation_event|metadata.gene_level_mapping|provenance.raw_data_family|provenance.source_family|rights.source_and_raw_data
orcs:2.0.18:curation-queue:v2:2336	373	13	2.0.18	2	confirmed_scope	orcs:2.0.18:screen:2336	2336	38291084	pubmed	orcs:source-family:pubmed:38291084	Lin K (2024)	13-PMID38291084	Drug Exposure	Hydroxyurea	hTERT-RPE1	0	8	True	curation.comparator_and_sample_map|data.count_level_signal|labels.adjudicated_validation_event|metadata.gene_level_mapping|provenance.raw_data_family|provenance.source_family|rights.source_and_raw_data
orcs:2.0.18:curation-queue:v2:2388	374	14	2.0.18	2	confirmed_scope	orcs:2.0.18:screen:2388	2388	32028983	pubmed	orcs:source-family:pubmed:32028983	Lau MT (2020)	15-PMID32028983	Drug Exposure	Irinotecan	HAP-1	0	8	True	curation.comparator_and_sample_map|data.count_level_signal|labels.adjudicated_validation_event|metadata.gene_level_mapping|provenance.raw_data_family|provenance.source_family|rights.source_and_raw_data
orcs:2.0.18:curation-queue:v2:1328	375	14	2.0.18	2	confirmed_scope	orcs:2.0.18:screen:1328	1328	32649862	pubmed	orcs:source-family:pubmed:32649862	Olivieri M (2020)	16-PMID32649862	Drug Exposure	Dexrazoxane (ICRF-187)	hTERT-RPE1	0	8	True	curation.comparator_and_sample_map|data.count_level_signal|labels.adjudicated_validation_event|metadata.gene_level_mapping|provenance.raw_data_family|provenance.source_family|rights.source_and_raw_data
orcs:2.0.18:curation-queue:v2:1496	376	14	2.0.18	2	confirmed_scope	orcs:2.0.18:screen:1496	1496	33539788	pubmed	orcs:source-family:pubmed:33539788	Hundley FV (2021)	14-PMID33539788	Drug Exposure	Colchicine	HAP-1	0	8	True	curation.comparator_and_sample_map|data.count_level_signal|labels.adjudicated_validation_event|metadata.gene_level_mapping|provenance.raw_data_family|provenance.source_family|rights.source_and_raw_data
orcs:2.0.18:curation-queue:v2:1980	377	14	2.0.18	2	confirmed_scope	orcs:2.0.18:screen:1980	1980	34004147	pubmed	orcs:source-family:pubmed:34004147	Vervoort SJ (2021)	14-PMID34004147	Drug Exposure	AZD5576 (CDK9i)	MV4-11	0	8	True	curation.comparator_and_sample_map|data.count_level_signal|labels.adjudicated_validation_event|metadata.gene_level_mapping|provenance.raw_data_family|provenance.source_family|rights.source_and_raw_data
orcs:2.0.18:curation-queue:v2:2337	378	14	2.0.18	2	confirmed_scope	orcs:2.0.18:screen:2337	2337	38291084	pubmed	orcs:source-family:pubmed:38291084	Lin K (2024)	14-PMID38291084	Drug Exposure	Hydroxyurea	hTERT-RPE1	0	8	True	curation.comparator_and_sample_map|data.count_level_signal|labels.adjudicated_validation_event|metadata.gene_level_mapping|provenance.raw_data_family|provenance.source_family|rights.source_and_raw_data
orcs:2.0.18:curation-queue:v2:2389	379	15	2.0.18	2	confirmed_scope	orcs:2.0.18:screen:2389	2389	32028983	pubmed	orcs:source-family:pubmed:32028983	Lau MT (2020)	16-PMID32028983	Drug Exposure	Topotecan	HAP-1	0	8	True	curation.comparator_and_sample_map|data.count_level_signal|labels.adjudicated_validation_event|metadata.gene_level_mapping|provenance.raw_data_family|provenance.source_family|rights.source_and_raw_data
orcs:2.0.18:curation-queue:v2:1329	380	15	2.0.18	2	confirmed_scope	orcs:2.0.18:screen:1329	1329	32649862	pubmed	orcs:source-family:pubmed:32649862	Olivieri M (2020)	17-PMID32649862	Drug Exposure	Formaldehyde	hTERT-RPE1	0	8	True	curation.comparator_and_sample_map|data.count_level_signal|labels.adjudicated_validation_event|metadata.gene_level_mapping|provenance.raw_data_family|provenance.source_family|rights.source_and_raw_data
orcs:2.0.18:curation-queue:v2:1497	381	15	2.0.18	2	confirmed_scope	orcs:2.0.18:screen:1497	1497	33539788	pubmed	orcs:source-family:pubmed:33539788	Hundley FV (2021)	15-PMID33539788	Drug Exposure	TAK-901	HAP-1	0	8	True	curation.comparator_and_sample_map|data.count_level_signal|labels.adjudicated_validation_event|metadata.gene_level_mapping|provenance.raw_data_family|provenance.source_family|rights.source_and_raw_data
orcs:2.0.18:curation-queue:v2:1981	382	15	2.0.18	2	confirmed_scope	orcs:2.0.18:screen:1981	1981	34004147	pubmed	orcs:source-family:pubmed:34004147	Vervoort SJ (2021)	15-PMID34004147	Drug Exposure	Dinaciclib	MV4-11	0	8	True	curation.comparator_and_sample_map|data.count_level_signal|labels.adjudicated_validation_event|metadata.gene_level_mapping|provenance.raw_data_family|provenance.source_family|rights.source_and_raw_data
orcs:2.0.18:curation-queue:v2:2338	383	15	2.0.18	2	confirmed_scope	orcs:2.0.18:screen:2338	2338	38291084	pubmed	orcs:source-family:pubmed:38291084	Lin K (2024)	15-PMID38291084	Drug Exposure	Hydroxyurea	hTERT-RPE1	0	8	True	curation.comparator_and_sample_map|data.count_level_signal|labels.adjudicated_validation_event|metadata.gene_level_mapping|provenance.raw_data_family|provenance.source_family|rights.source_and_raw_data
orcs:2.0.18:curation-queue:v2:2390	384	16	2.0.18	2	confirmed_scope	orcs:2.0.18:screen:2390	2390	32028983	pubmed	orcs:source-family:pubmed:32028983	Lau MT (2020)	17-PMID32028983	Drug Exposure	Idarubicin	HAP-1	0	8	True	curation.comparator_and_sample_map|data.count_level_signal|labels.adjudicated_validation_event|metadata.gene_level_mapping|provenance.raw_data_family|provenance.source_family|rights.source_and_raw_data
orcs:2.0.18:curation-queue:v2:1330	385	16	2.0.18	2	confirmed_scope	orcs:2.0.18:screen:1330	1330	32649862	pubmed	orcs:source-family:pubmed:32649862	Olivieri M (2020)	18-PMID32649862	Drug Exposure	Phen-DC3	hTERT-RPE1	0	8	True	curation.comparator_and_sample_map|data.count_level_signal|labels.adjudicated_validation_event|metadata.gene_level_mapping|provenance.raw_data_family|provenance.source_family|rights.source_and_raw_data
orcs:2.0.18:curation-queue:v2:1498	386	16	2.0.18	2	confirmed_scope	orcs:2.0.18:screen:1498	1498	33539788	pubmed	orcs:source-family:pubmed:33539788	Hundley FV (2021)	16-PMID33539788	Drug Exposure	Paclitaxel (Taxol)	HAP-1	0	8	True	curation.comparator_and_sample_map|data.count_level_signal|labels.adjudicated_validation_event|metadata.gene_level_mapping|provenance.raw_data_family|provenance.source_family|rights.source_and_raw_data
orcs:2.0.18:curation-queue:v2:1982	387	16	2.0.18	2	confirmed_scope	orcs:2.0.18:screen:1982	1982	34004147	pubmed	orcs:source-family:pubmed:34004147	Vervoort SJ (2021)	16-PMID34004147	Drug Exposure	Dinaciclib	MV4-11	0	8	True	curation.comparator_and_sample_map|data.count_level_signal|labels.adjudicated_validation_event|metadata.gene_level_mapping|provenance.raw_data_family|provenance.source_family|rights.source_and_raw_data
orcs:2.0.18:curation-queue:v2:2339	388	16	2.0.18	2	confirmed_scope	orcs:2.0.18:screen:2339	2339	38291084	pubmed	orcs:source-family:pubmed:38291084	Lin K (2024)	16-PMID38291084	Drug Exposure	Olaparib	hTERT-RPE1	0	8	True	curation.comparator_and_sample_map|data.count_level_signal|labels.adjudicated_validation_event|metadata.gene_level_mapping|provenance.raw_data_family|provenance.source_family|rights.source_and_raw_data
orcs:2.0.18:curation-queue:v2:2391	389	17	2.0.18	2	confirmed_scope	orcs:2.0.18:screen:2391	2391	32028983	pubmed	orcs:source-family:pubmed:32028983	Lau MT (2020)	18-PMID32028983	Drug Exposure	sorafenib	HAP-1	0	8	True	curation.comparator_and_sample_map|data.count_level_signal|labels.adjudicated_validation_event|metadata.gene_level_mapping|provenance.raw_data_family|provenance.source_family|rights.source_and_raw_data
orcs:2.0.18:curation-queue:v2:1331	390	17	2.0.18	2	confirmed_scope	orcs:2.0.18:screen:1331	1331	32649862	pubmed	orcs:source-family:pubmed:32649862	Olivieri M (2020)	19-PMID32649862	Drug Exposure	Duocarmycin sa	hTERT-RPE1	0	8	True	curation.comparator_and_sample_map|data.count_level_signal|labels.adjudicated_validation_event|metadata.gene_level_mapping|provenance.raw_data_family|provenance.source_family|rights.source_and_raw_data
orcs:2.0.18:curation-queue:v2:1499	391	17	2.0.18	2	confirmed_scope	orcs:2.0.18:screen:1499	1499	33539788	pubmed	orcs:source-family:pubmed:33539788	Hundley FV (2021)	17-PMID33539788	Drug Exposure	RO-3306	HAP-1	0	8	True	curation.comparator_and_sample_map|data.count_level_signal|labels.adjudicated_validation_event|metadata.gene_level_mapping|provenance.raw_data_family|provenance.source_family|rights.source_and_raw_data
orcs:2.0.18:curation-queue:v2:2340	392	17	2.0.18	2	confirmed_scope	orcs:2.0.18:screen:2340	2340	38291084	pubmed	orcs:source-family:pubmed:38291084	Lin K (2024)	17-PMID38291084	Drug Exposure	Olaparib	hTERT-RPE1	0	8	True	curation.comparator_and_sample_map|data.count_level_signal|labels.adjudicated_validation_event|metadata.gene_level_mapping|provenance.raw_data_family|provenance.source_family|rights.source_and_raw_data
orcs:2.0.18:curation-queue:v2:2392	393	18	2.0.18	2	confirmed_scope	orcs:2.0.18:screen:2392	2392	32028983	pubmed	orcs:source-family:pubmed:32028983	Lau MT (2020)	19-PMID32028983	Drug Exposure	Imatinib	HAP-1	0	8	True	curation.comparator_and_sample_map|data.count_level_signal|labels.adjudicated_validation_event|metadata.gene_level_mapping|provenance.raw_data_family|provenance.source_family|rights.source_and_raw_data
orcs:2.0.18:curation-queue:v2:1332	394	18	2.0.18	2	confirmed_scope	orcs:2.0.18:screen:1332	1332	32649862	pubmed	orcs:source-family:pubmed:32649862	Olivieri M (2020)	20-PMID32649862	Drug Exposure	Trabectedin	hTERT-RPE1	0	8	True	curation.comparator_and_sample_map|data.count_level_signal|labels.adjudicated_validation_event|metadata.gene_level_mapping|provenance.raw_data_family|provenance.source_family|rights.source_and_raw_data
orcs:2.0.18:curation-queue:v2:1500	395	18	2.0.18	2	confirmed_scope	orcs:2.0.18:screen:1500	1500	33539788	pubmed	orcs:source-family:pubmed:33539788	Hundley FV (2021)	18-PMID33539788	Drug Exposure	JG-231	HAP-1	0	8	True	curation.comparator_and_sample_map|data.count_level_signal|labels.adjudicated_validation_event|metadata.gene_level_mapping|provenance.raw_data_family|provenance.source_family|rights.source_and_raw_data
orcs:2.0.18:curation-queue:v2:2341	396	18	2.0.18	2	confirmed_scope	orcs:2.0.18:screen:2341	2341	38291084	pubmed	orcs:source-family:pubmed:38291084	Lin K (2024)	18-PMID38291084	Drug Exposure	Olaparib	hTERT-RPE1	0	8	True	curation.comparator_and_sample_map|data.count_level_signal|labels.adjudicated_validation_event|metadata.gene_level_mapping|provenance.raw_data_family|provenance.source_family|rights.source_and_raw_data
orcs:2.0.18:curation-queue:v2:2393	397	19	2.0.18	2	confirmed_scope	orcs:2.0.18:screen:2393	2393	32028983	pubmed	orcs:source-family:pubmed:32028983	Lau MT (2020)	20-PMID32028983	Drug Exposure	RO-3306	HAP-1	0	8	True	curation.comparator_and_sample_map|data.count_level_signal|labels.adjudicated_validation_event|metadata.gene_level_mapping|provenance.raw_data_family|provenance.source_family|rights.source_and_raw_data
orcs:2.0.18:curation-queue:v2:1333	398	19	2.0.18	2	confirmed_scope	orcs:2.0.18:screen:1333	1333	32649862	pubmed	orcs:source-family:pubmed:32649862	Olivieri M (2020)	21-PMID32649862	Drug Exposure	Calicheamicin	hTERT-RPE1	0	8	True	curation.comparator_and_sample_map|data.count_level_signal|labels.adjudicated_validation_event|metadata.gene_level_mapping|provenance.raw_data_family|provenance.source_family|rights.source_and_raw_data
orcs:2.0.18:curation-queue:v2:1501	399	19	2.0.18	2	confirmed_scope	orcs:2.0.18:screen:1501	1501	33539788	pubmed	orcs:source-family:pubmed:33539788	Hundley FV (2021)	19-PMID33539788	Drug Exposure	17-AAG/Tanespimycin	HAP-1	0	8	True	curation.comparator_and_sample_map|data.count_level_signal|labels.adjudicated_validation_event|metadata.gene_level_mapping|provenance.raw_data_family|provenance.source_family|rights.source_and_raw_data
orcs:2.0.18:curation-queue:v2:2342	400	19	2.0.18	2	confirmed_scope	orcs:2.0.18:screen:2342	2342	38291084	pubmed	orcs:source-family:pubmed:38291084	Lin K (2024)	19-PMID38291084	Drug Exposure	Olaparib	hTERT-RPE1	0	8	True	curation.comparator_and_sample_map|data.count_level_signal|labels.adjudicated_validation_event|metadata.gene_level_mapping|provenance.raw_data_family|provenance.source_family|rights.source_and_raw_data
orcs:2.0.18:curation-queue:v2:2394	401	20	2.0.18	2	confirmed_scope	orcs:2.0.18:screen:2394	2394	32028983	pubmed	orcs:source-family:pubmed:32028983	Lau MT (2020)	21-PMID32028983	Drug Exposure	AZD7762	HAP-1	0	8	True	curation.comparator_and_sample_map|data.count_level_signal|labels.adjudicated_validation_event|metadata.gene_level_mapping|provenance.raw_data_family|provenance.source_family|rights.source_and_raw_data
orcs:2.0.18:curation-queue:v2:1334	402	20	2.0.18	2	confirmed_scope	orcs:2.0.18:screen:1334	1334	32649862	pubmed	orcs:source-family:pubmed:32649862	Olivieri M (2020)	22-PMID32649862	Drug Exposure	Gemcitabine	hTERT-RPE1	0	8	True	curation.comparator_and_sample_map|data.count_level_signal|labels.adjudicated_validation_event|metadata.gene_level_mapping|provenance.raw_data_family|provenance.source_family|rights.source_and_raw_data
orcs:2.0.18:curation-queue:v2:1502	403	20	2.0.18	2	confirmed_scope	orcs:2.0.18:screen:1502	1502	33539788	pubmed	orcs:source-family:pubmed:33539788	Hundley FV (2021)	20-PMID33539788	Drug Exposure	CB-5083	HAP-1	0	8	True	curation.comparator_and_sample_map|data.count_level_signal|labels.adjudicated_validation_event|metadata.gene_level_mapping|provenance.raw_data_family|provenance.source_family|rights.source_and_raw_data
orcs:2.0.18:curation-queue:v2:2395	404	21	2.0.18	2	confirmed_scope	orcs:2.0.18:screen:2395	2395	32028983	pubmed	orcs:source-family:pubmed:32028983	Lau MT (2020)	22-PMID32028983	Drug Exposure	Vorinostat/SAHA	HAP-1	0	8	True	curation.comparator_and_sample_map|data.count_level_signal|labels.adjudicated_validation_event|metadata.gene_level_mapping|provenance.raw_data_family|provenance.source_family|rights.source_and_raw_data
orcs:2.0.18:curation-queue:v2:1335	405	21	2.0.18	2	confirmed_scope	orcs:2.0.18:screen:1335	1335	32649862	pubmed	orcs:source-family:pubmed:32649862	Olivieri M (2020)	23-PMID32649862	Drug Exposure	Illudin S	hTERT-RPE1	0	8	True	curation.comparator_and_sample_map|data.count_level_signal|labels.adjudicated_validation_event|metadata.gene_level_mapping|provenance.raw_data_family|provenance.source_family|rights.source_and_raw_data
orcs:2.0.18:curation-queue:v2:1503	406	21	2.0.18	2	confirmed_scope	orcs:2.0.18:screen:1503	1503	33539788	pubmed	orcs:source-family:pubmed:33539788	Hundley FV (2021)	21-PMID33539788	Drug Exposure	Pravastatin Sodium	HAP-1	0	8	True	curation.comparator_and_sample_map|data.count_level_signal|labels.adjudicated_validation_event|metadata.gene_level_mapping|provenance.raw_data_family|provenance.source_family|rights.source_and_raw_data
orcs:2.0.18:curation-queue:v2:2396	407	22	2.0.18	2	confirmed_scope	orcs:2.0.18:screen:2396	2396	32028983	pubmed	orcs:source-family:pubmed:32028983	Lau MT (2020)	23-PMID32028983	Drug Exposure	Olaparib	HAP-1	0	8	True	curation.comparator_and_sample_map|data.count_level_signal|labels.adjudicated_validation_event|metadata.gene_level_mapping|provenance.raw_data_family|provenance.source_family|rights.source_and_raw_data
orcs:2.0.18:curation-queue:v2:1336	408	22	2.0.18	2	confirmed_scope	orcs:2.0.18:screen:1336	1336	32649862	pubmed	orcs:source-family:pubmed:32649862	Olivieri M (2020)	24-PMID32649862	Drug Exposure	MLN4924 (Pevonedistat)	hTERT-RPE1	0	8	True	curation.comparator_and_sample_map|data.count_level_signal|labels.adjudicated_validation_event|metadata.gene_level_mapping|provenance.raw_data_family|provenance.source_family|rights.source_and_raw_data
orcs:2.0.18:curation-queue:v2:1504	409	22	2.0.18	2	confirmed_scope	orcs:2.0.18:screen:1504	1504	33539788	pubmed	orcs:source-family:pubmed:33539788	Hundley FV (2021)	22-PMID33539788	Drug Exposure	Dichloroacetic acid (DCA)	HAP-1	0	8	True	curation.comparator_and_sample_map|data.count_level_signal|labels.adjudicated_validation_event|metadata.gene_level_mapping|provenance.raw_data_family|provenance.source_family|rights.source_and_raw_data
orcs:2.0.18:curation-queue:v2:2397	410	23	2.0.18	2	confirmed_scope	orcs:2.0.18:screen:2397	2397	32028983	pubmed	orcs:source-family:pubmed:32028983	Lau MT (2020)	24-PMID32028983	Drug Exposure	Tretinoin	HAP-1	0	8	True	curation.comparator_and_sample_map|data.count_level_signal|labels.adjudicated_validation_event|metadata.gene_level_mapping|provenance.raw_data_family|provenance.source_family|rights.source_and_raw_data
orcs:2.0.18:curation-queue:v2:1337	411	23	2.0.18	2	confirmed_scope	orcs:2.0.18:screen:1337	1337	32649862	pubmed	orcs:source-family:pubmed:32649862	Olivieri M (2020)	25-PMID32649862	Drug Exposure	MNNG	hTERT-RPE1	0	8	True	curation.comparator_and_sample_map|data.count_level_signal|labels.adjudicated_validation_event|metadata.gene_level_mapping|provenance.raw_data_family|provenance.source_family|rights.source_and_raw_data
orcs:2.0.18:curation-queue:v2:1505	412	23	2.0.18	2	confirmed_scope	orcs:2.0.18:screen:1505	1505	33539788	pubmed	orcs:source-family:pubmed:33539788	Hundley FV (2021)	23-PMID33539788	Drug Exposure	Brefeldin A	HAP-1	0	8	True	curation.comparator_and_sample_map|data.count_level_signal|labels.adjudicated_validation_event|metadata.gene_level_mapping|provenance.raw_data_family|provenance.source_family|rights.source_and_raw_data
orcs:2.0.18:curation-queue:v2:2398	413	24	2.0.18	2	confirmed_scope	orcs:2.0.18:screen:2398	2398	32028983	pubmed	orcs:source-family:pubmed:32028983	Lau MT (2020)	25-PMID32028983	Drug Exposure	ABT263 (Navitoclax)	HAP-1	0	8	True	curation.comparator_and_sample_map|data.count_level_signal|labels.adjudicated_validation_event|metadata.gene_level_mapping|provenance.raw_data_family|provenance.source_family|rights.source_and_raw_data
orcs:2.0.18:curation-queue:v2:1338	414	24	2.0.18	2	confirmed_scope	orcs:2.0.18:screen:1338	1338	32649862	pubmed	orcs:source-family:pubmed:32649862	Olivieri M (2020)	26-PMID32649862	Drug Exposure	KBrO3	hTERT-RPE1	0	8	True	curation.comparator_and_sample_map|data.count_level_signal|labels.adjudicated_validation_event|metadata.gene_level_mapping|provenance.raw_data_family|provenance.source_family|rights.source_and_raw_data
orcs:2.0.18:curation-queue:v2:1506	415	24	2.0.18	2	confirmed_scope	orcs:2.0.18:screen:1506	1506	33539788	pubmed	orcs:source-family:pubmed:33539788	Hundley FV (2021)	24-PMID33539788	Drug Exposure	Leptomycin B	HAP-1	0	8	True	curation.comparator_and_sample_map|data.count_level_signal|labels.adjudicated_validation_event|metadata.gene_level_mapping|provenance.raw_data_family|provenance.source_family|rights.source_and_raw_data
orcs:2.0.18:curation-queue:v2:2399	416	25	2.0.18	2	confirmed_scope	orcs:2.0.18:screen:2399	2399	32028983	pubmed	orcs:source-family:pubmed:32028983	Lau MT (2020)	26-PMID32028983	Drug Exposure	Obatoclax	HAP-1	0	8	True	curation.comparator_and_sample_map|data.count_level_signal|labels.adjudicated_validation_event|metadata.gene_level_mapping|provenance.raw_data_family|provenance.source_family|rights.source_and_raw_data
orcs:2.0.18:curation-queue:v2:1339	417	25	2.0.18	2	confirmed_scope	orcs:2.0.18:screen:1339	1339	32649862	pubmed	orcs:source-family:pubmed:32649862	Olivieri M (2020)	27-PMID32649862	Drug Exposure	CD437	hTERT-RPE1	0	8	True	curation.comparator_and_sample_map|data.count_level_signal|labels.adjudicated_validation_event|metadata.gene_level_mapping|provenance.raw_data_family|provenance.source_family|rights.source_and_raw_data
orcs:2.0.18:curation-queue:v2:1507	418	25	2.0.18	2	confirmed_scope	orcs:2.0.18:screen:1507	1507	33539788	pubmed	orcs:source-family:pubmed:33539788	Hundley FV (2021)	25-PMID33539788	Drug Exposure	2-Thenoyltrifluoroacetone (TTFA)	HAP-1	0	8	True	curation.comparator_and_sample_map|data.count_level_signal|labels.adjudicated_validation_event|metadata.gene_level_mapping|provenance.raw_data_family|provenance.source_family|rights.source_and_raw_data
orcs:2.0.18:curation-queue:v2:2400	419	26	2.0.18	2	confirmed_scope	orcs:2.0.18:screen:2400	2400	32028983	pubmed	orcs:source-family:pubmed:32028983	Lau MT (2020)	27-PMID32028983	Drug Exposure	PAC-1	HAP-1	0	8	True	curation.comparator_and_sample_map|data.count_level_signal|labels.adjudicated_validation_event|metadata.gene_level_mapping|provenance.raw_data_family|provenance.source_family|rights.source_and_raw_data
orcs:2.0.18:curation-queue:v2:1340	420	26	2.0.18	2	confirmed_scope	orcs:2.0.18:screen:1340	1340	32649862	pubmed	orcs:source-family:pubmed:32649862	Olivieri M (2020)	28-PMID32649862	Drug Exposure	Camptothecin-2	hTERT-RPE1	0	8	True	curation.comparator_and_sample_map|data.count_level_signal|labels.adjudicated_validation_event|metadata.gene_level_mapping|provenance.raw_data_family|provenance.source_family|rights.source_and_raw_data
orcs:2.0.18:curation-queue:v2:1508	421	26	2.0.18	2	confirmed_scope	orcs:2.0.18:screen:1508	1508	33539788	pubmed	orcs:source-family:pubmed:33539788	Hundley FV (2021)	26-PMID33539788	Drug Exposure	BAPTA-AM	HAP-1	0	8	True	curation.comparator_and_sample_map|data.count_level_signal|labels.adjudicated_validation_event|metadata.gene_level_mapping|provenance.raw_data_family|provenance.source_family|rights.source_and_raw_data
orcs:2.0.18:curation-queue:v2:2401	422	27	2.0.18	2	confirmed_scope	orcs:2.0.18:screen:2401	2401	32028983	pubmed	orcs:source-family:pubmed:32028983	Lau MT (2020)	28-PMID32028983	Drug Exposure	Tasisulam	HAP-1	0	8	True	curation.comparator_and_sample_map|data.count_level_signal|labels.adjudicated_validation_event|metadata.gene_level_mapping|provenance.raw_data_family|provenance.source_family|rights.source_and_raw_data
orcs:2.0.18:curation-queue:v2:1341	423	27	2.0.18	2	confirmed_scope	orcs:2.0.18:screen:1341	1341	32649862	pubmed	orcs:source-family:pubmed:32649862	Olivieri M (2020)	29-PMID32649862	Drug Exposure	Benzo[a]pyrene Diol Epoxide (BPDE)	hTERT-RPE1	0	8	True	curation.comparator_and_sample_map|data.count_level_signal|labels.adjudicated_validation_event|metadata.gene_level_mapping|provenance.raw_data_family|provenance.source_family|rights.source_and_raw_data
orcs:2.0.18:curation-queue:v2:1509	424	27	2.0.18	2	confirmed_scope	orcs:2.0.18:screen:1509	1509	33539788	pubmed	orcs:source-family:pubmed:33539788	Hundley FV (2021)	27-PMID33539788	Drug Exposure	Imatinib mesylate	HAP-1	0	8	True	curation.comparator_and_sample_map|data.count_level_signal|labels.adjudicated_validation_event|metadata.gene_level_mapping|provenance.raw_data_family|provenance.source_family|rights.source_and_raw_data
orcs:2.0.18:curation-queue:v2:1342	425	28	2.0.18	2	confirmed_scope	orcs:2.0.18:screen:1342	1342	32649862	pubmed	orcs:source-family:pubmed:32649862	Olivieri M (2020)	30-PMID32649862	Drug Exposure	Hydroxyurea	hTERT-RPE1	0	8	True	curation.comparator_and_sample_map|data.count_level_signal|labels.adjudicated_validation_event|metadata.gene_level_mapping|provenance.raw_data_family|provenance.source_family|rights.source_and_raw_data
orcs:2.0.18:curation-queue:v2:1510	426	28	2.0.18	2	confirmed_scope	orcs:2.0.18:screen:1510	1510	33539788	pubmed	orcs:source-family:pubmed:33539788	Hundley FV (2021)	28-PMID33539788	Drug Exposure	Vismodegib (GDC-0449)	HAP-1	0	8	True	curation.comparator_and_sample_map|data.count_level_signal|labels.adjudicated_validation_event|metadata.gene_level_mapping|provenance.raw_data_family|provenance.source_family|rights.source_and_raw_data
orcs:2.0.18:curation-queue:v2:1343	427	29	2.0.18	2	confirmed_scope	orcs:2.0.18:screen:1343	1343	32649862	pubmed	orcs:source-family:pubmed:32649862	Olivieri M (2020)	31-PMID32649862	Drug Exposure	Pladienolide B (PladB)	hTERT-RPE1	0	8	True	curation.comparator_and_sample_map|data.count_level_signal|labels.adjudicated_validation_event|metadata.gene_level_mapping|provenance.raw_data_family|provenance.source_family|rights.source_and_raw_data
orcs:2.0.18:curation-queue:v2:1511	428	29	2.0.18	2	confirmed_scope	orcs:2.0.18:screen:1511	1511	33539788	pubmed	orcs:source-family:pubmed:33539788	Hundley FV (2021)	29-PMID33539788	Drug Exposure	Bisindolylm. (bisindolylmaleimide/GF109203X)	HAP-1	0	8	True	curation.comparator_and_sample_map|data.count_level_signal|labels.adjudicated_validation_event|metadata.gene_level_mapping|provenance.raw_data_family|provenance.source_family|rights.source_and_raw_data
orcs:2.0.18:curation-queue:v2:1512	429	30	2.0.18	2	confirmed_scope	orcs:2.0.18:screen:1512	1512	33539788	pubmed	orcs:source-family:pubmed:33539788	Hundley FV (2021)	30-PMID33539788	Drug Exposure	Pimasertib (AS-703026)	HAP-1	0	8	True	curation.comparator_and_sample_map|data.count_level_signal|labels.adjudicated_validation_event|metadata.gene_level_mapping|provenance.raw_data_family|provenance.source_family|rights.source_and_raw_data
orcs:2.0.18:curation-queue:v2:1513	430	31	2.0.18	2	confirmed_scope	orcs:2.0.18:screen:1513	1513	33539788	pubmed	orcs:source-family:pubmed:33539788	Hundley FV (2021)	31-PMID33539788	Drug Exposure	Rapamycin	HAP-1	0	8	True	curation.comparator_and_sample_map|data.count_level_signal|labels.adjudicated_validation_event|metadata.gene_level_mapping|provenance.raw_data_family|provenance.source_family|rights.source_and_raw_data
orcs:2.0.18:curation-queue:v2:1514	431	32	2.0.18	2	confirmed_scope	orcs:2.0.18:screen:1514	1514	33539788	pubmed	orcs:source-family:pubmed:33539788	Hundley FV (2021)	32-PMID33539788	Drug Exposure	Thapsigargin	HAP-1	0	8	True	curation.comparator_and_sample_map|data.count_level_signal|labels.adjudicated_validation_event|metadata.gene_level_mapping|provenance.raw_data_family|provenance.source_family|rights.source_and_raw_data
orcs:2.0.18:curation-queue:v2:1515	432	33	2.0.18	2	confirmed_scope	orcs:2.0.18:screen:1515	1515	33539788	pubmed	orcs:source-family:pubmed:33539788	Hundley FV (2021)	33-PMID33539788	Drug Exposure	Tunicamycin	HAP-1	0	8	True	curation.comparator_and_sample_map|data.count_level_signal|labels.adjudicated_validation_event|metadata.gene_level_mapping|provenance.raw_data_family|provenance.source_family|rights.source_and_raw_data
orcs:2.0.18:curation-queue:v2:1516	433	34	2.0.18	2	confirmed_scope	orcs:2.0.18:screen:1516	1516	33539788	pubmed	orcs:source-family:pubmed:33539788	Hundley FV (2021)	34-PMID33539788	Drug Exposure	Harringtonine	HAP-1	0	8	True	curation.comparator_and_sample_map|data.count_level_signal|labels.adjudicated_validation_event|metadata.gene_level_mapping|provenance.raw_data_family|provenance.source_family|rights.source_and_raw_data
orcs:2.0.18:curation-queue:v2:1517	434	35	2.0.18	2	confirmed_scope	orcs:2.0.18:screen:1517	1517	33539788	pubmed	orcs:source-family:pubmed:33539788	Hundley FV (2021)	35-PMID33539788	Drug Exposure	Cycloheximide	HAP-1	0	8	True	curation.comparator_and_sample_map|data.count_level_signal|labels.adjudicated_validation_event|metadata.gene_level_mapping|provenance.raw_data_family|provenance.source_family|rights.source_and_raw_data
orcs:2.0.18:curation-queue:v2:1518	435	36	2.0.18	2	confirmed_scope	orcs:2.0.18:screen:1518	1518	33539788	pubmed	orcs:source-family:pubmed:33539788	Hundley FV (2021)	36-PMID33539788	Drug Exposure	Cytochalasin D	HAP-1	0	8	True	curation.comparator_and_sample_map|data.count_level_signal|labels.adjudicated_validation_event|metadata.gene_level_mapping|provenance.raw_data_family|provenance.source_family|rights.source_and_raw_data
orcs:2.0.18:curation-queue:v2:174	436	1	2.0.18	2	manual_scope_review	orcs:2.0.18:screen:174	174	28215525	pubmed	orcs:source-family:pubmed:28215525	Riba A (2017)	3-PMID28215525	Ligand Exposure	Interleukin-1 β	HEK-293	1	7	True	curation.comparator_and_sample_map|data.count_level_signal|labels.adjudicated_validation_event|metadata.gene_level_mapping|metadata.identifiable_drug|provenance.raw_data_family|provenance.source_family|rights.source_and_raw_data|scope.drug_exposure
orcs:2.0.18:curation-queue:v2:24	437	1	2.0.18	2	manual_scope_review	orcs:2.0.18:screen:24	24	28474669	pubmed	orcs:source-family:pubmed:28474669	Morgens DW (2017)	4-PMID28474669	Toxin Exposure	Ricin	K-562	1	7	True	curation.comparator_and_sample_map|data.count_level_signal|labels.adjudicated_validation_event|metadata.gene_level_mapping|metadata.identifiable_drug|provenance.raw_data_family|provenance.source_family|rights.source_and_raw_data|scope.drug_exposure
orcs:2.0.18:curation-queue:v2:178	438	1	2.0.18	2	manual_scope_review	orcs:2.0.18:screen:178	178	28894007	pubmed	orcs:source-family:pubmed:28894007	Gulbranson DR (2017)	1-PMID28894007	Ligand Exposure	Insulin	HeLa	1	7	True	curation.comparator_and_sample_map|data.count_level_signal|labels.adjudicated_validation_event|metadata.gene_level_mapping|metadata.identifiable_drug|provenance.raw_data_family|provenance.source_family|rights.source_and_raw_data|scope.drug_exposure
orcs:2.0.18:curation-queue:v2:1228	439	1	2.0.18	2	manual_scope_review	orcs:2.0.18:screen:1228	1228	29507424	pubmed	orcs:source-family:pubmed:29507424	Kramer NJ (2018)	1-PMID29507424	Toxin Exposure	glycine–arginine (GR) dipeptide-repeat (DPR) protein	K-562	1	7	True	curation.comparator_and_sample_map|data.count_level_signal|labels.adjudicated_validation_event|metadata.gene_level_mapping|metadata.identifiable_drug|provenance.raw_data_family|provenance.source_family|rights.source_and_raw_data|scope.drug_exposure
orcs:2.0.18:curation-queue:v2:1227	440	1	2.0.18	2	manual_scope_review	orcs:2.0.18:screen:1227	1227	29736038	pubmed	orcs:source-family:pubmed:29736038	Tromp AT (2018)	1-PMID29736038	Toxin Exposure	PVL (Panton–Valentine leukocidin)	U-937	1	7	True	curation.comparator_and_sample_map|data.count_level_signal|labels.adjudicated_validation_event|metadata.gene_level_mapping|metadata.identifiable_drug|provenance.raw_data_family|provenance.source_family|rights.source_and_raw_data|scope.drug_exposure
orcs:2.0.18:curation-queue:v2:1050	441	1	2.0.18	2	manual_scope_review	orcs:2.0.18:screen:1050	1050	29987050	pubmed	orcs:source-family:pubmed:29987050	Xiao T (2018)	2-PMID29987050	Ligand Exposure	E2 (17β-estradiol)	T-47D	1	7	True	curation.comparator_and_sample_map|data.count_level_signal|labels.adjudicated_validation_event|metadata.gene_level_mapping|metadata.identifiable_drug|provenance.raw_data_family|provenance.source_family|rights.source_and_raw_data|scope.drug_exposure
orcs:2.0.18:curation-queue:v2:1390	442	1	2.0.18	2	manual_scope_review	orcs:2.0.18:screen:1390	1390	30590252	pubmed	orcs:source-family:pubmed:30590252	Park JS (2019)	1-PMID30590252	Bacteria Exposure	Chlamydia trachomatis	HT-29	1	7	True	curation.comparator_and_sample_map|data.count_level_signal|labels.adjudicated_validation_event|metadata.gene_level_mapping|metadata.identifiable_drug|provenance.raw_data_family|provenance.source_family|rights.source_and_raw_data|scope.drug_exposure
orcs:2.0.18:curation-queue:v2:1018	443	1	2.0.18	2	manual_scope_review	orcs:2.0.18:screen:1018	1018	30951565	pubmed	orcs:source-family:pubmed:30951565	Chang SJ (2019)	1-PMID30951565	Toxin Exposure	Typhoid Toxin	HEK293T	1	7	True	curation.comparator_and_sample_map|data.count_level_signal|labels.adjudicated_validation_event|metadata.gene_level_mapping|metadata.identifiable_drug|provenance.raw_data_family|provenance.source_family|rights.source_and_raw_data|scope.drug_exposure
orcs:2.0.18:curation-queue:v2:1449	444	1	2.0.18	2	manual_scope_review	orcs:2.0.18:screen:1449	1449	31040274	pubmed	orcs:source-family:pubmed:31040274	Lau MT (2019)	1-PMID31040274	Toxin Exposure	CfTX-1 (Chironex fleckeri toxin)	HAP-1	1	7	True	curation.comparator_and_sample_map|data.count_level_signal|labels.adjudicated_validation_event|metadata.gene_level_mapping|metadata.identifiable_drug|provenance.raw_data_family|provenance.source_family|rights.source_and_raw_data|scope.drug_exposure
orcs:2.0.18:curation-queue:v2:1155	445	1	2.0.18	2	manual_scope_review	orcs:2.0.18:screen:1155	1155	31452512	pubmed	orcs:source-family:pubmed:31452512	Pech MF (2019)	1-PMID31452512	NK cell exposure	NK (activated natural killer) cells	K-562	1	7	True	curation.comparator_and_sample_map|data.count_level_signal|labels.adjudicated_validation_event|metadata.gene_level_mapping|metadata.identifiable_drug|provenance.raw_data_family|provenance.source_family|rights.source_and_raw_data|scope.drug_exposure
orcs:2.0.18:curation-queue:v2:1571	446	1	2.0.18	2	manual_scope_review	orcs:2.0.18:screen:1571	1571	31519875	pubmed	orcs:source-family:pubmed:31519875	Ji L (2019)	1-PMID31519875	Timecourse	Wnt3a conditioned medium	HEK293T	1	7	True	curation.comparator_and_sample_map|data.count_level_signal|labels.adjudicated_validation_event|metadata.gene_level_mapping|metadata.identifiable_drug|provenance.raw_data_family|provenance.source_family|rights.source_and_raw_data|scope.drug_exposure
orcs:2.0.18:curation-queue:v2:1092	447	1	2.0.18	2	manual_scope_review	orcs:2.0.18:screen:1092	1092	31540829	pubmed	orcs:source-family:pubmed:31540829	Jeng EE (2019)	1-PMID31540829	Bacteria Exposure	Legionella pneumophila	U-937	1	7	True	curation.comparator_and_sample_map|data.count_level_signal|labels.adjudicated_validation_event|metadata.gene_level_mapping|metadata.identifiable_drug|provenance.raw_data_family|provenance.source_family|rights.source_and_raw_data|scope.drug_exposure
orcs:2.0.18:curation-queue:v2:1081	448	1	2.0.18	2	manual_scope_review	orcs:2.0.18:screen:1081	1081	31921143	pubmed	orcs:source-family:pubmed:31921143	Zhuang X (2019)	1-PMID31921143	NK cell exposure	IL-2-activated NK cells	K-562	1	7	True	curation.comparator_and_sample_map|data.count_level_signal|labels.adjudicated_validation_event|metadata.gene_level_mapping|metadata.identifiable_drug|provenance.raw_data_family|provenance.source_family|rights.source_and_raw_data|scope.drug_exposure
orcs:2.0.18:curation-queue:v2:1145	449	1	2.0.18	2	manual_scope_review	orcs:2.0.18:screen:1145	1145	32259488	pubmed	orcs:source-family:pubmed:32259488	Jain IH (2020)	1-PMID32259488	Oxygen Exposure	High oxygen	K-562	1	7	True	curation.comparator_and_sample_map|data.count_level_signal|labels.adjudicated_validation_event|metadata.gene_level_mapping|metadata.identifiable_drug|provenance.raw_data_family|provenance.source_family|rights.source_and_raw_data|scope.drug_exposure
orcs:2.0.18:curation-queue:v2:1479	450	1	2.0.18	2	manual_scope_review	orcs:2.0.18:screen:1479	1479	33172989	pubmed	orcs:source-family:pubmed:33172989	Zhang H (2020)	1-PMID33172989	Bacteria Exposure	Salmonella enterica serovar Typhimurium	HT-29	1	7	True	curation.comparator_and_sample_map|data.count_level_signal|labels.adjudicated_validation_event|metadata.gene_level_mapping|metadata.identifiable_drug|provenance.raw_data_family|provenance.source_family|rights.source_and_raw_data|scope.drug_exposure
orcs:2.0.18:curation-queue:v2:1911	451	1	2.0.18	2	manual_scope_review	orcs:2.0.18:screen:1911	1911	33649592	pubmed	orcs:source-family:pubmed:33649592	Frangieh CJ (2021)	2-PMID33649592	Cytokine exposure	Interferon gamma	primary melanoma cell line	1	7	True	curation.comparator_and_sample_map|data.count_level_signal|labels.adjudicated_validation_event|metadata.gene_level_mapping|metadata.identifiable_drug|provenance.raw_data_family|provenance.source_family|rights.source_and_raw_data|scope.drug_exposure
orcs:2.0.18:curation-queue:v2:2048	452	1	2.0.18	2	manual_scope_review	orcs:2.0.18:screen:2048	2048	34373448	pubmed	orcs:source-family:pubmed:34373448	Zhu Q (2021)	1-PMID34373448	Toxin Exposure	aflatoxin B1 (AFB1)	PLC/PRF/5	1	7	True	curation.comparator_and_sample_map|data.count_level_signal|labels.adjudicated_validation_event|metadata.gene_level_mapping|metadata.identifiable_drug|provenance.raw_data_family|provenance.source_family|rights.source_and_raw_data|scope.drug_exposure
orcs:2.0.18:curation-queue:v2:1741	453	1	2.0.18	2	manual_scope_review	orcs:2.0.18:screen:1741	1741	34437126	pubmed	orcs:source-family:pubmed:34437126	Gaudet RG (2021)	1-PMID34437126	Bacteria Exposure	Salmonella enterica serovar Typhimurium and IFNgamma (500 U/ml)	HeLa	1	7	True	curation.comparator_and_sample_map|data.count_level_signal|labels.adjudicated_validation_event|metadata.gene_level_mapping|metadata.identifiable_drug|provenance.raw_data_family|provenance.source_family|rights.source_and_raw_data|scope.drug_exposure
orcs:2.0.18:curation-queue:v2:1732	454	1	2.0.18	2	manual_scope_review	orcs:2.0.18:screen:1732	1732	35050652	pubmed	orcs:source-family:pubmed:35050652	Schraivogel D (2022)	1-PMID35050652	Cytokine exposure	IFN-β (Interferon beta)	HeLa RelA-mNeonGreen	1	7	True	curation.comparator_and_sample_map|data.count_level_signal|labels.adjudicated_validation_event|metadata.gene_level_mapping|metadata.identifiable_drug|provenance.raw_data_family|provenance.source_family|rights.source_and_raw_data|scope.drug_exposure
orcs:2.0.18:curation-queue:v2:1898	455	1	2.0.18	2	manual_scope_review	orcs:2.0.18:screen:1898	1898	35149558	pubmed	orcs:source-family:pubmed:35149558	Oreskovic E (2022)	2-PMID35149558	Cytokine exposure	Interferon gamma	HMEC	1	7	True	curation.comparator_and_sample_map|data.count_level_signal|labels.adjudicated_validation_event|metadata.gene_level_mapping|metadata.identifiable_drug|provenance.raw_data_family|provenance.source_family|rights.source_and_raw_data|scope.drug_exposure
orcs:2.0.18:curation-queue:v2:2139	456	1	2.0.18	2	manual_scope_review	orcs:2.0.18:screen:2139	2139	35688159	pubmed	orcs:source-family:pubmed:35688159	Zhang Z (2022)	1-PMID35688159	T cell exposure	CD8+ T cells	D10	1	7	True	curation.comparator_and_sample_map|data.count_level_signal|labels.adjudicated_validation_event|metadata.gene_level_mapping|metadata.identifiable_drug|provenance.raw_data_family|provenance.source_family|rights.source_and_raw_data|scope.drug_exposure
orcs:2.0.18:curation-queue:v2:2321	457	1	2.0.18	2	manual_scope_review	orcs:2.0.18:screen:2321	2321	36409314	pubmed	orcs:source-family:pubmed:36409314	Morris SNS (2022)	1-PMID36409314	Other	C6 ceramide	K-562	1	7	True	curation.comparator_and_sample_map|data.count_level_signal|labels.adjudicated_validation_event|metadata.gene_level_mapping|metadata.identifiable_drug|provenance.raw_data_family|provenance.source_family|rights.source_and_raw_data|scope.drug_exposure
orcs:2.0.18:curation-queue:v2:1953	458	1	2.0.18	2	manual_scope_review	orcs:2.0.18:screen:1953	1953	36548402	pubmed	orcs:source-family:pubmed:36548402	Hagel KR (2022)	1-PMID36548402	T cell exposure	CAR T cells	HuP-T3	1	7	True	curation.comparator_and_sample_map|data.count_level_signal|labels.adjudicated_validation_event|metadata.gene_level_mapping|metadata.identifiable_drug|provenance.raw_data_family|provenance.source_family|rights.source_and_raw_data|scope.drug_exposure
orcs:2.0.18:curation-queue:v2:2465	459	1	2.0.18	2	manual_scope_review	orcs:2.0.18:screen:2465	2465	36971544	pubmed	orcs:source-family:pubmed:36971544	Ngo AM (2023)	1-PMID36971544	Other	Transduction with rAAV2-GFP	A-549	1	7	True	curation.comparator_and_sample_map|data.count_level_signal|labels.adjudicated_validation_event|metadata.gene_level_mapping|metadata.identifiable_drug|provenance.raw_data_family|provenance.source_family|rights.source_and_raw_data|scope.drug_exposure
orcs:2.0.18:curation-queue:v2:2402	460	1	2.0.18	2	manual_scope_review	orcs:2.0.18:screen:2402	2402	36977592	pubmed	orcs:source-family:pubmed:36977592	Jeon Y (2023)	1-PMID36977592	Toxin Exposure	Panton–Valentine leukocidin (PVL)	THP-1	1	7	True	curation.comparator_and_sample_map|data.count_level_signal|labels.adjudicated_validation_event|metadata.gene_level_mapping|metadata.identifiable_drug|provenance.raw_data_family|provenance.source_family|rights.source_and_raw_data|scope.drug_exposure
orcs:2.0.18:curation-queue:v2:1993	461	1	2.0.18	2	manual_scope_review	orcs:2.0.18:screen:1993	1993	37193694	pubmed	orcs:source-family:pubmed:37193694	Wang B (2023)	1-PMID37193694	Toxin Exposure	alpha-Amanitin	HAP-1	1	7	True	curation.comparator_and_sample_map|data.count_level_signal|labels.adjudicated_validation_event|metadata.gene_level_mapping|metadata.identifiable_drug|provenance.raw_data_family|provenance.source_family|rights.source_and_raw_data|scope.drug_exposure
orcs:2.0.18:curation-queue:v2:2209	462	1	2.0.18	2	manual_scope_review	orcs:2.0.18:screen:2209	2209	37975674	pubmed	orcs:source-family:pubmed:37975674	Bragazzi Cunha J (2023)	1-PMID37975674	Timecourse		Calu-3	1	7	True	curation.comparator_and_sample_map|data.count_level_signal|labels.adjudicated_validation_event|metadata.gene_level_mapping|metadata.identifiable_drug|provenance.raw_data_family|provenance.source_family|rights.source_and_raw_data|scope.drug_exposure
orcs:2.0.18:curation-queue:v2:2373	463	1	2.0.18	2	manual_scope_review	orcs:2.0.18:screen:2373	2373	39547224	pubmed	orcs:source-family:pubmed:39547224	Chen Z (2024)	1-PMID39547224	Timecourse	L-Selenocystine	SK-N-DZ SCLY-deficient cells (SCLY-KO)	1	7	True	curation.comparator_and_sample_map|data.count_level_signal|labels.adjudicated_validation_event|metadata.gene_level_mapping|metadata.identifiable_drug|provenance.raw_data_family|provenance.source_family|rights.source_and_raw_data|scope.drug_exposure
orcs:2.0.18:curation-queue:v2:149	464	1	2.0.18	2	manual_scope_review	orcs:2.0.18:screen:149	149	26472758	pubmed	orcs:source-family:pubmed:26472758	Wang T (2015)	1-PMID26472758	Timecourse		KBM-7	1	6	True	curation.comparator_and_sample_map|data.count_level_signal|labels.adjudicated_validation_event|metadata.gene_level_mapping|metadata.identifiable_drug|provenance.raw_data_family|provenance.source_family|rights.source_and_raw_data|scope.drug_exposure
orcs:2.0.18:curation-queue:v2:16	465	1	2.0.18	2	manual_scope_review	orcs:2.0.18:screen:16	16	26627737	pubmed	orcs:source-family:pubmed:26627737	Hart T (2015)	1-PMID26627737	Timecourse		HCT 116	1	6	True	curation.comparator_and_sample_map|data.count_level_signal|labels.adjudicated_validation_event|metadata.gene_level_mapping|metadata.identifiable_drug|provenance.raw_data_family|provenance.source_family|rights.source_and_raw_data|scope.drug_exposure
orcs:2.0.18:curation-queue:v2:570	466	1	2.0.18	2	manual_scope_review	orcs:2.0.18:screen:570	570	26673326	pubmed	orcs:source-family:pubmed:26673326	Toledo CM (2015)	1-PMID26673326	Timecourse		GSC-0131	1	6	True	curation.comparator_and_sample_map|data.count_level_signal|labels.adjudicated_validation_event|metadata.gene_level_mapping|metadata.identifiable_drug|provenance.raw_data_family|provenance.source_family|rights.source_and_raw_data|scope.drug_exposure
orcs:2.0.18:curation-queue:v2:18	467	1	2.0.18	2	manual_scope_review	orcs:2.0.18:screen:18	18	27159373	pubmed	orcs:source-family:pubmed:27159373	Morgens DW (2016)	1-PMID27159373	Timecourse		K-562	1	6	True	curation.comparator_and_sample_map|data.count_level_signal|labels.adjudicated_validation_event|metadata.gene_level_mapping|metadata.identifiable_drug|provenance.raw_data_family|provenance.source_family|rights.source_and_raw_data|scope.drug_exposure
orcs:2.0.18:curation-queue:v2:537	468	1	2.0.18	2	manual_scope_review	orcs:2.0.18:screen:537	537	27260156	pubmed	orcs:source-family:pubmed:27260156	Aguirre AJ (2016)	1-PMID27260156	Timecourse		A-375	1	6	True	curation.comparator_and_sample_map|data.count_level_signal|labels.adjudicated_validation_event|metadata.gene_level_mapping|metadata.identifiable_drug|provenance.raw_data_family|provenance.source_family|rights.source_and_raw_data|scope.drug_exposure
orcs:2.0.18:curation-queue:v2:1224	469	1	2.0.18	2	manual_scope_review	orcs:2.0.18:screen:1224	1224	27351204	pubmed	orcs:source-family:pubmed:27351204	DeJesus R (2016)	1-PMID27351204	Timecourse		H4	1	6	True	curation.comparator_and_sample_map|data.count_level_signal|labels.adjudicated_validation_event|metadata.gene_level_mapping|metadata.identifiable_drug|provenance.raw_data_family|provenance.source_family|rights.source_and_raw_data|scope.drug_exposure
orcs:2.0.18:curation-queue:v2:1203	470	1	2.0.18	2	manual_scope_review	orcs:2.0.18:screen:1203	1203	27667664	pubmed	orcs:source-family:pubmed:27667664	Arroyo JD (2016)	1-PMID27667664	Timecourse	Galactose medium	K-562	1	6	True	curation.comparator_and_sample_map|data.count_level_signal|labels.adjudicated_validation_event|metadata.gene_level_mapping|metadata.identifiable_drug|provenance.raw_data_family|provenance.source_family|rights.source_and_raw_data|scope.drug_exposure
orcs:2.0.18:curation-queue:v2:154	471	1	2.0.18	2	manual_scope_review	orcs:2.0.18:screen:154	154	27760321	pubmed	orcs:source-family:pubmed:27760321	Tzelepis K (2016)	1-PMID27760321	Timecourse		HT-29	1	6	True	curation.comparator_and_sample_map|data.count_level_signal|labels.adjudicated_validation_event|metadata.gene_level_mapping|metadata.identifiable_drug|provenance.raw_data_family|provenance.source_family|rights.source_and_raw_data|scope.drug_exposure
orcs:2.0.18:curation-queue:v2:141	472	1	2.0.18	2	manual_scope_review	orcs:2.0.18:screen:141	141	27869803	pubmed	orcs:source-family:pubmed:27869803	Steinhart Z (2017)	1-PMID27869803	Timecourse		HPAF-II	1	6	True	curation.comparator_and_sample_map|data.count_level_signal|labels.adjudicated_validation_event|metadata.gene_level_mapping|metadata.identifiable_drug|provenance.raw_data_family|provenance.source_family|rights.source_and_raw_data|scope.drug_exposure
orcs:2.0.18:curation-queue:v2:66	473	1	2.0.18	2	manual_scope_review	orcs:2.0.18:screen:66	66	28162770	pubmed	orcs:source-family:pubmed:28162770	Wang T (2017)	1-PMID28162770	Timecourse		EoL-1	1	6	True	curation.comparator_and_sample_map|data.count_level_signal|labels.adjudicated_validation_event|metadata.gene_level_mapping|metadata.identifiable_drug|provenance.raw_data_family|provenance.source_family|rights.source_and_raw_data|scope.drug_exposure
orcs:2.0.18:curation-queue:v2:89	474	1	2.0.18	2	manual_scope_review	orcs:2.0.18:screen:89	89	28611215	pubmed	orcs:source-family:pubmed:28611215	Fei T (2017)	1-PMID28611215	Timecourse		LNCaP	1	6	True	curation.comparator_and_sample_map|data.count_level_signal|labels.adjudicated_validation_event|metadata.gene_level_mapping|metadata.identifiable_drug|provenance.raw_data_family|provenance.source_family|rights.source_and_raw_data|scope.drug_exposure
orcs:2.0.18:curation-queue:v2:629	475	1	2.0.18	2	manual_scope_review	orcs:2.0.18:screen:629	629	28700943	pubmed	orcs:source-family:pubmed:28700943	Martin TD (2017)	1-PMID28700943	Timecourse		DLD-1	1	6	True	curation.comparator_and_sample_map|data.count_level_signal|labels.adjudicated_validation_event|metadata.gene_level_mapping|metadata.identifiable_drug|provenance.raw_data_family|provenance.source_family|rights.source_and_raw_data|scope.drug_exposure
orcs:2.0.18:curation-queue:v2:405	476	1	2.0.18	2	manual_scope_review	orcs:2.0.18:screen:405	405	28775154	pubmed	orcs:source-family:pubmed:28775154	Stewart SE (2017)	1-PMID28775154	Timecourse		HeLa	1	6	True	curation.comparator_and_sample_map|data.count_level_signal|labels.adjudicated_validation_event|metadata.gene_level_mapping|metadata.identifiable_drug|provenance.raw_data_family|provenance.source_family|rights.source_and_raw_data|scope.drug_exposure
orcs:2.0.18:curation-queue:v2:583	477	1	2.0.18	2	manual_scope_review	orcs:2.0.18:screen:583	583	28877469	pubmed	orcs:source-family:pubmed:28877469	Goodwin JM (2017)	1-PMID28877469	Timecourse		H4	1	6	True	curation.comparator_and_sample_map|data.count_level_signal|labels.adjudicated_validation_event|metadata.gene_level_mapping|metadata.identifiable_drug|provenance.raw_data_family|provenance.source_family|rights.source_and_raw_data|scope.drug_exposure
orcs:2.0.18:curation-queue:v2:503	478	1	2.0.18	2	manual_scope_review	orcs:2.0.18:screen:503	503	28985567	pubmed	orcs:source-family:pubmed:28985567	Reddy A (2017)	1-PMID28985567	Timecourse		BJAB	1	6	True	curation.comparator_and_sample_map|data.count_level_signal|labels.adjudicated_validation_event|metadata.gene_level_mapping|metadata.identifiable_drug|provenance.raw_data_family|provenance.source_family|rights.source_and_raw_data|scope.drug_exposure
orcs:2.0.18:curation-queue:v2:371	479	1	2.0.18	2	manual_scope_review	orcs:2.0.18:screen:371	371	29028833	pubmed	orcs:source-family:pubmed:29028833	Cheng J (2017)	1-PMID29028833	Timecourse		MKL-1	1	6	True	curation.comparator_and_sample_map|data.count_level_signal|labels.adjudicated_validation_event|metadata.gene_level_mapping|metadata.identifiable_drug|provenance.raw_data_family|provenance.source_family|rights.source_and_raw_data|scope.drug_exposure
orcs:2.0.18:curation-queue:v2:153	480	1	2.0.18	2	manual_scope_review	orcs:2.0.18:screen:153	153	29038160	pubmed	orcs:source-family:pubmed:29038160	Bertomeu T (2017)	1-PMID29038160	Timecourse		NALM-6	1	6	True	curation.comparator_and_sample_map|data.count_level_signal|labels.adjudicated_validation_event|metadata.gene_level_mapping|metadata.identifiable_drug|provenance.raw_data_family|provenance.source_family|rights.source_and_raw_data|scope.drug_exposure
orcs:2.0.18:curation-queue:v2:179	481	1	2.0.18	2	manual_scope_review	orcs:2.0.18:screen:179	179	29083409	pubmed	orcs:source-family:pubmed:29083409	Meyers RM (2017)	1-PMID29083409	Timecourse		143B	1	6	True	curation.comparator_and_sample_map|data.count_level_signal|labels.adjudicated_validation_event|metadata.gene_level_mapping|metadata.identifiable_drug|provenance.raw_data_family|provenance.source_family|rights.source_and_raw_data|scope.drug_exposure
orcs:2.0.18:curation-queue:v2:1188	482	1	2.0.18	2	manual_scope_review	orcs:2.0.18:screen:1188	1188	29211708	pubmed	orcs:source-family:pubmed:29211708	Liu N (2018)	1-PMID29211708	Timecourse		K-562	1	6	True	curation.comparator_and_sample_map|data.count_level_signal|labels.adjudicated_validation_event|metadata.gene_level_mapping|metadata.identifiable_drug|provenance.raw_data_family|provenance.source_family|rights.source_and_raw_data|scope.drug_exposure
orcs:2.0.18:curation-queue:v2:182	483	1	2.0.18	2	manual_scope_review	orcs:2.0.18:screen:182	182	29269392	pubmed	orcs:source-family:pubmed:29269392	Potting C (2018)	1-PMID29269392	Timecourse		HEK293T	1	6	True	curation.comparator_and_sample_map|data.count_level_signal|labels.adjudicated_validation_event|metadata.gene_level_mapping|metadata.identifiable_drug|provenance.raw_data_family|provenance.source_family|rights.source_and_raw_data|scope.drug_exposure
orcs:2.0.18:curation-queue:v2:639	484	1	2.0.18	2	manual_scope_review	orcs:2.0.18:screen:639	639	29526696	pubmed	orcs:source-family:pubmed:29526696	Tarumoto Y (2018)	1-PMID29526696	Timecourse		MOLM-13	1	6	True	curation.comparator_and_sample_map|data.count_level_signal|labels.adjudicated_validation_event|metadata.gene_level_mapping|metadata.identifiable_drug|provenance.raw_data_family|provenance.source_family|rights.source_and_raw_data|scope.drug_exposure
orcs:2.0.18:curation-queue:v2:613	485	1	2.0.18	2	manual_scope_review	orcs:2.0.18:screen:613	613	29576454	pubmed	orcs:source-family:pubmed:29576454	Sack LM (2018)	1-PMID29576454	Timecourse		HMEC	1	6	True	curation.comparator_and_sample_map|data.count_level_signal|labels.adjudicated_validation_event|metadata.gene_level_mapping|metadata.identifiable_drug|provenance.raw_data_family|provenance.source_family|rights.source_and_raw_data|scope.drug_exposure
orcs:2.0.18:curation-queue:v2:597	486	1	2.0.18	2	manual_scope_review	orcs:2.0.18:screen:597	597	29662178	pubmed	orcs:source-family:pubmed:29662178	Yilmaz A (2018)	1-PMID29662178	Timecourse		h-pES10	1	6	True	curation.comparator_and_sample_map|data.count_level_signal|labels.adjudicated_validation_event|metadata.gene_level_mapping|metadata.identifiable_drug|provenance.raw_data_family|provenance.source_family|rights.source_and_raw_data|scope.drug_exposure
orcs:2.0.18:curation-queue:v2:2145	487	1	2.0.18	2	manual_scope_review	orcs:2.0.18:screen:2145	2145	29779948	pubmed	orcs:source-family:pubmed:29779948	Koren I (2018)	1-PMID29779948	Timecourse		HEK293T	1	6	True	curation.comparator_and_sample_map|data.count_level_signal|labels.adjudicated_validation_event|metadata.gene_level_mapping|metadata.identifiable_drug|provenance.raw_data_family|provenance.source_family|rights.source_and_raw_data|scope.drug_exposure
orcs:2.0.18:curation-queue:v2:1618	488	1	2.0.18	2	manual_scope_review	orcs:2.0.18:screen:1618	1618	30093494	pubmed	orcs:source-family:pubmed:30093494	Morita K (2018)	1-PMID30093494	Timecourse		HEK293T	1	6	True	curation.comparator_and_sample_map|data.count_level_signal|labels.adjudicated_validation_event|metadata.gene_level_mapping|metadata.identifiable_drug|provenance.raw_data_family|provenance.source_family|rights.source_and_raw_data|scope.drug_exposure
orcs:2.0.18:curation-queue:v2:2113	489	1	2.0.18	2	manual_scope_review	orcs:2.0.18:screen:2113	2113	30111820	pubmed	orcs:source-family:pubmed:30111820	Manzano M (2018)	1-PMID30111820	Timecourse		BC-1	1	6	True	curation.comparator_and_sample_map|data.count_level_signal|labels.adjudicated_validation_event|metadata.gene_level_mapping|metadata.identifiable_drug|provenance.raw_data_family|provenance.source_family|rights.source_and_raw_data|scope.drug_exposure
orcs:2.0.18:curation-queue:v2:1035	490	1	2.0.18	2	manual_scope_review	orcs:2.0.18:screen:1035	1035	30194290	pubmed	orcs:source-family:pubmed:30194290	Adhikari H (2018)	1-PMID30194290	Timecourse	HRASG12V isoform	HEK-HT	1	6	True	curation.comparator_and_sample_map|data.count_level_signal|labels.adjudicated_validation_event|metadata.gene_level_mapping|metadata.identifiable_drug|provenance.raw_data_family|provenance.source_family|rights.source_and_raw_data|scope.drug_exposure
orcs:2.0.18:curation-queue:v2:1119	491	1	2.0.18	2	manual_scope_review	orcs:2.0.18:screen:1119	1119	30397336	pubmed	orcs:source-family:pubmed:30397336	Haney MS (2018)	1-PMID30397336	Timecourse		U-937	1	6	True	curation.comparator_and_sample_map|data.count_level_signal|labels.adjudicated_validation_event|metadata.gene_level_mapping|metadata.identifiable_drug|provenance.raw_data_family|provenance.source_family|rights.source_and_raw_data|scope.drug_exposure
orcs:2.0.18:curation-queue:v2:1388	492	1	2.0.18	2	manual_scope_review	orcs:2.0.18:screen:1388	1388	30556811	pubmed	orcs:source-family:pubmed:30556811	Lu A (2018)	1-PMID30556811	Timecourse		K-562	1	6	True	curation.comparator_and_sample_map|data.count_level_signal|labels.adjudicated_validation_event|metadata.gene_level_mapping|metadata.identifiable_drug|provenance.raw_data_family|provenance.source_family|rights.source_and_raw_data|scope.drug_exposure
orcs:2.0.18:curation-queue:v2:1111	493	1	2.0.18	2	manual_scope_review	orcs:2.0.18:screen:1111	1111	30581143	pubmed	orcs:source-family:pubmed:30581143	Leto DE (2019)	1-PMID30581143	Timecourse		K-562	1	6	True	curation.comparator_and_sample_map|data.count_level_signal|labels.adjudicated_validation_event|metadata.gene_level_mapping|metadata.identifiable_drug|provenance.raw_data_family|provenance.source_family|rights.source_and_raw_data|scope.drug_exposure
orcs:2.0.18:curation-queue:v2:2200	494	1	2.0.18	2	manual_scope_review	orcs:2.0.18:screen:2200	2200	30686591	pubmed	orcs:source-family:pubmed:30686591	Mengwasser KE (2019)	1-PMID30686591	Timecourse	Mutation: BRCA2 (ETG675) KO	DLD-1	1	6	True	curation.comparator_and_sample_map|data.count_level_signal|labels.adjudicated_validation_event|metadata.gene_level_mapping|metadata.identifiable_drug|provenance.raw_data_family|provenance.source_family|rights.source_and_raw_data|scope.drug_exposure
orcs:2.0.18:curation-queue:v2:1487	495	1	2.0.18	2	manual_scope_review	orcs:2.0.18:screen:1487	1487	30838976	pubmed	orcs:source-family:pubmed:30838976	Wegner M (2019)	1-PMID30838976	Timecourse		hTERT-RPE1	1	6	True	curation.comparator_and_sample_map|data.count_level_signal|labels.adjudicated_validation_event|metadata.gene_level_mapping|metadata.identifiable_drug|provenance.raw_data_family|provenance.source_family|rights.source_and_raw_data|scope.drug_exposure
orcs:2.0.18:curation-queue:v2:1016	496	1	2.0.18	2	manual_scope_review	orcs:2.0.18:screen:1016	1016	30930145	pubmed	orcs:source-family:pubmed:30930145	Seneviratne AK (2019)	1-PMID30930145	Timecourse		OCI-AML-2	1	6	True	curation.comparator_and_sample_map|data.count_level_signal|labels.adjudicated_validation_event|metadata.gene_level_mapping|metadata.identifiable_drug|provenance.raw_data_family|provenance.source_family|rights.source_and_raw_data|scope.drug_exposure
orcs:2.0.18:curation-queue:v2:691	497	1	2.0.18	2	manual_scope_review	orcs:2.0.18:screen:691	691	30971826	pubmed	orcs:source-family:pubmed:30971826	Behan FM (2019)	1-PMID30971826	Timecourse		22Rv1	1	6	True	curation.comparator_and_sample_map|data.count_level_signal|labels.adjudicated_validation_event|metadata.gene_level_mapping|metadata.identifiable_drug|provenance.raw_data_family|provenance.source_family|rights.source_and_raw_data|scope.drug_exposure
orcs:2.0.18:curation-queue:v2:1811	498	1	2.0.18	2	manual_scope_review	orcs:2.0.18:screen:1811	1811	31160565	pubmed	orcs:source-family:pubmed:31160565	Bandopadhayay P (2019)	1-PMID31160565	Timecourse		D283 Med	1	6	True	curation.comparator_and_sample_map|data.count_level_signal|labels.adjudicated_validation_event|metadata.gene_level_mapping|metadata.identifiable_drug|provenance.raw_data_family|provenance.source_family|rights.source_and_raw_data|scope.drug_exposure
orcs:2.0.18:curation-queue:v2:1104	499	1	2.0.18	2	manual_scope_review	orcs:2.0.18:screen:1104	1104	31353312	pubmed	orcs:source-family:pubmed:31353312	Gulbranson DR (2019)	1-PMID31353312	Timecourse		HeLa	1	6	True	curation.comparator_and_sample_map|data.count_level_signal|labels.adjudicated_validation_event|metadata.gene_level_mapping|metadata.identifiable_drug|provenance.raw_data_family|provenance.source_family|rights.source_and_raw_data|scope.drug_exposure
orcs:2.0.18:curation-queue:v2:1687	500	1	2.0.18	2	manual_scope_review	orcs:2.0.18:screen:1687	1687	31406271	pubmed	orcs:source-family:pubmed:31406271	Ehrenhöfer-Wölfer K (2019)	1-PMID31406271	Timecourse		KYSE-270	1	6	True	curation.comparator_and_sample_map|data.count_level_signal|labels.adjudicated_validation_event|metadata.gene_level_mapping|metadata.identifiable_drug|provenance.raw_data_family|provenance.source_family|rights.source_and_raw_data|scope.drug_exposure
orcs:2.0.18:curation-queue:v2:1199	501	1	2.0.18	2	manual_scope_review	orcs:2.0.18:screen:1199	1199	31519728	pubmed	orcs:source-family:pubmed:31519728	Takahashi Y (2019)	1-PMID31519728	Timecourse		U2OS	1	6	True	curation.comparator_and_sample_map|data.count_level_signal|labels.adjudicated_validation_event|metadata.gene_level_mapping|metadata.identifiable_drug|provenance.raw_data_family|provenance.source_family|rights.source_and_raw_data|scope.drug_exposure
orcs:2.0.18:curation-queue:v2:1205	502	1	2.0.18	2	manual_scope_review	orcs:2.0.18:screen:1205	1205	31551363	pubmed	orcs:source-family:pubmed:31551363	Liang J (2020)	1-PMID31551363	Timecourse		PLC/PRF/5	1	6	True	curation.comparator_and_sample_map|data.count_level_signal|labels.adjudicated_validation_event|metadata.gene_level_mapping|metadata.identifiable_drug|provenance.raw_data_family|provenance.source_family|rights.source_and_raw_data|scope.drug_exposure
orcs:2.0.18:curation-queue:v2:1630	503	1	2.0.18	2	manual_scope_review	orcs:2.0.18:screen:1630	1630	31570734	pubmed	orcs:source-family:pubmed:31570734	Prolo LM (2019)	1-PMID31570734	Other	Cells grown in a transwell with matrigel and allowed to invade toward a higher concentration of serum in the bottom chamber	U-138MG	1	6	True	curation.comparator_and_sample_map|data.count_level_signal|labels.adjudicated_validation_event|metadata.gene_level_mapping|metadata.identifiable_drug|provenance.raw_data_family|provenance.source_family|rights.source_and_raw_data|scope.drug_exposure
orcs:2.0.18:curation-queue:v2:1573	504	1	2.0.18	2	manual_scope_review	orcs:2.0.18:screen:1573	1573	31692446	pubmed	orcs:source-family:pubmed:31692446	Jia R (2019)	1-PMID31692446	Timecourse		H4	1	6	True	curation.comparator_and_sample_map|data.count_level_signal|labels.adjudicated_validation_event|metadata.gene_level_mapping|metadata.identifiable_drug|provenance.raw_data_family|provenance.source_family|rights.source_and_raw_data|scope.drug_exposure
orcs:2.0.18:curation-queue:v2:1192	505	1	2.0.18	2	manual_scope_review	orcs:2.0.18:screen:1192	1192	31727847	pubmed	orcs:source-family:pubmed:31727847	Fei T (2019)	1-PMID31727847	Timecourse		T-47D	1	6	True	curation.comparator_and_sample_map|data.count_level_signal|labels.adjudicated_validation_event|metadata.gene_level_mapping|metadata.identifiable_drug|provenance.raw_data_family|provenance.source_family|rights.source_and_raw_data|scope.drug_exposure
orcs:2.0.18:curation-queue:v2:1576	506	1	2.0.18	2	manual_scope_review	orcs:2.0.18:screen:1576	1576	31868589	pubmed	orcs:source-family:pubmed:31868589	Hill S (2019)	1-PMID31868589	Timecourse	Mutation: CDC34 (ETG997) KO	NALM-6	1	6	True	curation.comparator_and_sample_map|data.count_level_signal|labels.adjudicated_validation_event|metadata.gene_level_mapping|metadata.identifiable_drug|provenance.raw_data_family|provenance.source_family|rights.source_and_raw_data|scope.drug_exposure
orcs:2.0.18:curation-queue:v2:1964	507	1	2.0.18	2	manual_scope_review	orcs:2.0.18:screen:1964	1964	32142663	pubmed	orcs:source-family:pubmed:32142663	Ringel T (2020)	1-PMID32142663	Other	Wnt selection conditions	Organoid: primary cell derived small intestinal organoid line	1	6	True	curation.comparator_and_sample_map|data.count_level_signal|labels.adjudicated_validation_event|metadata.gene_level_mapping|metadata.identifiable_drug|provenance.raw_data_family|provenance.source_family|rights.source_and_raw_data|scope.drug_exposure
orcs:2.0.18:curation-queue:v2:1932	508	1	2.0.18	2	manual_scope_review	orcs:2.0.18:screen:1932	1932	32268084	pubmed	orcs:source-family:pubmed:32268084	Drainas AP (2020)	1-PMID32268084	Timecourse		hTERT-RPE1	1	6	True	curation.comparator_and_sample_map|data.count_level_signal|labels.adjudicated_validation_event|metadata.gene_level_mapping|metadata.identifiable_drug|provenance.raw_data_family|provenance.source_family|rights.source_and_raw_data|scope.drug_exposure
orcs:2.0.18:curation-queue:v2:1147	509	1	2.0.18	2	manual_scope_review	orcs:2.0.18:screen:1147	1147	32542389	pubmed	orcs:source-family:pubmed:32542389	Dhoonmoon A (2020)	1-PMID32542389	Timecourse	PARP14 knockout	PaTu 8988t	1	6	True	curation.comparator_and_sample_map|data.count_level_signal|labels.adjudicated_validation_event|metadata.gene_level_mapping|metadata.identifiable_drug|provenance.raw_data_family|provenance.source_family|rights.source_and_raw_data|scope.drug_exposure
orcs:2.0.18:curation-queue:v2:1697	510	1	2.0.18	2	manual_scope_review	orcs:2.0.18:screen:1697	1697	32579974	pubmed	orcs:source-family:pubmed:32579974	Ji AL (2020)	1-PMID32579974	Timecourse		A-431	1	6	True	curation.comparator_and_sample_map|data.count_level_signal|labels.adjudicated_validation_event|metadata.gene_level_mapping|metadata.identifiable_drug|provenance.raw_data_family|provenance.source_family|rights.source_and_raw_data|scope.drug_exposure
orcs:2.0.18:curation-queue:v2:2078	511	1	2.0.18	2	manual_scope_review	orcs:2.0.18:screen:2078	2078	32668236	pubmed	orcs:source-family:pubmed:32668236	Zhu X (2020)	1-PMID32668236	Timecourse		HCT 116	1	6	True	curation.comparator_and_sample_map|data.count_level_signal|labels.adjudicated_validation_event|metadata.gene_level_mapping|metadata.identifiable_drug|provenance.raw_data_family|provenance.source_family|rights.source_and_raw_data|scope.drug_exposure
orcs:2.0.18:curation-queue:v2:1434	512	1	2.0.18	2	manual_scope_review	orcs:2.0.18:screen:1434	1434	32690708	pubmed	orcs:source-family:pubmed:32690708	Trinh MN (2020)	1-PMID32690708	Timecourse		SV589j	1	6	True	curation.comparator_and_sample_map|data.count_level_signal|labels.adjudicated_validation_event|metadata.gene_level_mapping|metadata.identifiable_drug|provenance.raw_data_family|provenance.source_family|rights.source_and_raw_data|scope.drug_exposure
orcs:2.0.18:curation-queue:v2:1461	513	1	2.0.18	2	manual_scope_review	orcs:2.0.18:screen:1461	1461	32738194	pubmed	orcs:source-family:pubmed:32738194	van de Weijer ML (2020)	1-PMID32738194	Timecourse		HEK293T	1	6	True	curation.comparator_and_sample_map|data.count_level_signal|labels.adjudicated_validation_event|metadata.gene_level_mapping|metadata.identifiable_drug|provenance.raw_data_family|provenance.source_family|rights.source_and_raw_data|scope.drug_exposure
orcs:2.0.18:curation-queue:v2:1292	514	1	2.0.18	2	manual_scope_review	orcs:2.0.18:screen:1292	1292	32990596	pubmed	orcs:source-family:pubmed:32990596	Chai AWY (2020)	1-PMID32990596	Timecourse		ORL-48	1	6	True	curation.comparator_and_sample_map|data.count_level_signal|labels.adjudicated_validation_event|metadata.gene_level_mapping|metadata.identifiable_drug|provenance.raw_data_family|provenance.source_family|rights.source_and_raw_data|scope.drug_exposure
orcs:2.0.18:curation-queue:v2:1425	515	1	2.0.18	2	manual_scope_review	orcs:2.0.18:screen:1425	1425	33144569	pubmed	orcs:source-family:pubmed:33144569	van den Boomen DJH (2020)	1-PMID33144569	Timecourse		HeLa	1	6	True	curation.comparator_and_sample_map|data.count_level_signal|labels.adjudicated_validation_event|metadata.gene_level_mapping|metadata.identifiable_drug|provenance.raw_data_family|provenance.source_family|rights.source_and_raw_data|scope.drug_exposure
orcs:2.0.18:curation-queue:v2:2443	516	1	2.0.18	2	manual_scope_review	orcs:2.0.18:screen:2443	2443	33156908	pubmed	orcs:source-family:pubmed:33156908	Xu P (2021)	2-PMID33156908	Timecourse		HUDEP-2	1	6	True	curation.comparator_and_sample_map|data.count_level_signal|labels.adjudicated_validation_event|metadata.gene_level_mapping|metadata.identifiable_drug|provenance.raw_data_family|provenance.source_family|rights.source_and_raw_data|scope.drug_exposure
orcs:2.0.18:curation-queue:v2:1609	517	1	2.0.18	2	manual_scope_review	orcs:2.0.18:screen:1609	1609	33208877	pubmed	orcs:source-family:pubmed:33208877	Schukur L (2020)	1-PMID33208877	Timecourse		HEK293-A	1	6	True	curation.comparator_and_sample_map|data.count_level_signal|labels.adjudicated_validation_event|metadata.gene_level_mapping|metadata.identifiable_drug|provenance.raw_data_family|provenance.source_family|rights.source_and_raw_data|scope.drug_exposure
orcs:2.0.18:curation-queue:v2:1591	518	1	2.0.18	2	manual_scope_review	orcs:2.0.18:screen:1591	1591	33226137	pubmed	orcs:source-family:pubmed:33226137	Ohnstad AE (2020)	1-PMID33226137	Timecourse	Mutation: ATG7 (ETG10533) KO	K-562	1	6	True	curation.comparator_and_sample_map|data.count_level_signal|labels.adjudicated_validation_event|metadata.gene_level_mapping|metadata.identifiable_drug|provenance.raw_data_family|provenance.source_family|rights.source_and_raw_data|scope.drug_exposure
orcs:2.0.18:curation-queue:v2:1458	519	1	2.0.18	2	manual_scope_review	orcs:2.0.18:screen:1458	1458	33228647	pubmed	orcs:source-family:pubmed:33228647	Henkel L (2020)	1-PMID33228647	Timecourse		HAP-1	1	6	True	curation.comparator_and_sample_map|data.count_level_signal|labels.adjudicated_validation_event|metadata.gene_level_mapping|metadata.identifiable_drug|provenance.raw_data_family|provenance.source_family|rights.source_and_raw_data|scope.drug_exposure
orcs:2.0.18:curation-queue:v2:1725	520	1	2.0.18	2	manual_scope_review	orcs:2.0.18:screen:1725	1725	33483422	pubmed	orcs:source-family:pubmed:33483422	Condon KJ (2021)	1-PMID33483422	Timecourse		HEK293T	1	6	True	curation.comparator_and_sample_map|data.count_level_signal|labels.adjudicated_validation_event|metadata.gene_level_mapping|metadata.identifiable_drug|provenance.raw_data_family|provenance.source_family|rights.source_and_raw_data|scope.drug_exposure
orcs:2.0.18:curation-queue:v2:1768	521	1	2.0.18	2	manual_scope_review	orcs:2.0.18:screen:1768	1768	33513160	pubmed	orcs:source-family:pubmed:33513160	Emmer BT (2021)	1-PMID33513160	Timecourse	lipoprotein-rich culture conditions	HuH-7	1	6	True	curation.comparator_and_sample_map|data.count_level_signal|labels.adjudicated_validation_event|metadata.gene_level_mapping|metadata.identifiable_drug|provenance.raw_data_family|provenance.source_family|rights.source_and_raw_data|scope.drug_exposure
orcs:2.0.18:curation-queue:v2:1566	522	1	2.0.18	2	manual_scope_review	orcs:2.0.18:screen:1566	1566	33577797	pubmed	orcs:source-family:pubmed:33577797	Jia R (2021)	1-PMID33577797	Timecourse		H4	1	6	True	curation.comparator_and_sample_map|data.count_level_signal|labels.adjudicated_validation_event|metadata.gene_level_mapping|metadata.identifiable_drug|provenance.raw_data_family|provenance.source_family|rights.source_and_raw_data|scope.drug_exposure
orcs:2.0.18:curation-queue:v2:1782	523	1	2.0.18	2	manual_scope_review	orcs:2.0.18:screen:1782	1782	33953401	pubmed	orcs:source-family:pubmed:33953401	Griffin GK (2021)	2-PMID33953401	Implantation to Mouse Model	Immunotherapy (GVAX + PD-1 blockade)	B16-F10	2	6	True	curation.comparator_and_sample_map|data.count_level_signal|labels.adjudicated_validation_event|metadata.gene_level_mapping|metadata.identifiable_drug|provenance.raw_data_family|provenance.source_family|rights.source_and_raw_data|scope.drug_exposure|scope.pooled_format
orcs:2.0.18:curation-queue:v2:1686	524	1	2.0.18	2	manual_scope_review	orcs:2.0.18:screen:1686	1686	34000301	pubmed	orcs:source-family:pubmed:34000301	Mimura K (1970)	1-PMID34000301	Timecourse		HEK293T	1	6	True	curation.comparator_and_sample_map|data.count_level_signal|labels.adjudicated_validation_event|metadata.gene_level_mapping|metadata.identifiable_drug|provenance.raw_data_family|provenance.source_family|rights.source_and_raw_data|scope.drug_exposure
orcs:2.0.18:curation-queue:v2:2104	525	1	2.0.18	2	manual_scope_review	orcs:2.0.18:screen:2104	2104	34215620	pubmed	orcs:source-family:pubmed:34215620	Cheruiyot A (2021)	1-PMID34215620	Timecourse		U2OS	1	6	True	curation.comparator_and_sample_map|data.count_level_signal|labels.adjudicated_validation_event|metadata.gene_level_mapping|metadata.identifiable_drug|provenance.raw_data_family|provenance.source_family|rights.source_and_raw_data|scope.drug_exposure
orcs:2.0.18:curation-queue:v2:1656	526	1	2.0.18	2	manual_scope_review	orcs:2.0.18:screen:1656	1656	34253920	pubmed	orcs:source-family:pubmed:34253920	Sheffer M (2021)	1-PMID34253920	NK cell exposure	NK (activated natural killer) cells	HT-29	1	6	True	curation.comparator_and_sample_map|data.count_level_signal|labels.adjudicated_validation_event|metadata.gene_level_mapping|metadata.identifiable_drug|provenance.raw_data_family|provenance.source_family|rights.source_and_raw_data|scope.drug_exposure
orcs:2.0.18:curation-queue:v2:1880	527	1	2.0.18	2	manual_scope_review	orcs:2.0.18:screen:1880	1880	34497417	pubmed	orcs:source-family:pubmed:34497417	Kamber RA (2021)	1-PMID34497417	Other	J774 macrophages; anti-CD20	Ramos	1	6	True	curation.comparator_and_sample_map|data.count_level_signal|labels.adjudicated_validation_event|metadata.gene_level_mapping|metadata.identifiable_drug|provenance.raw_data_family|provenance.source_family|rights.source_and_raw_data|scope.drug_exposure
orcs:2.0.18:curation-queue:v2:1749	528	1	2.0.18	2	manual_scope_review	orcs:2.0.18:screen:1749	1749	34686207	pubmed	orcs:source-family:pubmed:34686207	Mei H (2021)	1-PMID34686207	Timecourse		H1HeLa	1	6	True	curation.comparator_and_sample_map|data.count_level_signal|labels.adjudicated_validation_event|metadata.gene_level_mapping|metadata.identifiable_drug|provenance.raw_data_family|provenance.source_family|rights.source_and_raw_data|scope.drug_exposure
orcs:2.0.18:curation-queue:v2:2137	529	1	2.0.18	2	manual_scope_review	orcs:2.0.18:screen:2137	2137	34759314	pubmed	orcs:source-family:pubmed:34759314	Gaidt MM (2021)	1-PMID34759314	Timecourse		BLaER1	1	6	True	curation.comparator_and_sample_map|data.count_level_signal|labels.adjudicated_validation_event|metadata.gene_level_mapping|metadata.identifiable_drug|provenance.raw_data_family|provenance.source_family|rights.source_and_raw_data|scope.drug_exposure
orcs:2.0.18:curation-queue:v2:1966	530	1	2.0.18	2	manual_scope_review	orcs:2.0.18:screen:1966	1966	34937946	pubmed	orcs:source-family:pubmed:34937946	Thandapani P (2022)	1-PMID34937946	Other		Unknown	1	6	True	curation.comparator_and_sample_map|data.count_level_signal|labels.adjudicated_validation_event|metadata.gene_level_mapping|metadata.identifiable_drug|provenance.raw_data_family|provenance.source_family|rights.source_and_raw_data|scope.drug_exposure
orcs:2.0.18:curation-queue:v2:1753	531	1	2.0.18	2	manual_scope_review	orcs:2.0.18:screen:1753	1753	35021089	pubmed	orcs:source-family:pubmed:35021089	Polyanskaya SA (2022)	1-PMID35021089	Timecourse		MOLM-13	1	6	True	curation.comparator_and_sample_map|data.count_level_signal|labels.adjudicated_validation_event|metadata.gene_level_mapping|metadata.identifiable_drug|provenance.raw_data_family|provenance.source_family|rights.source_and_raw_data|scope.drug_exposure
orcs:2.0.18:curation-queue:v2:1803	532	1	2.0.18	2	manual_scope_review	orcs:2.0.18:screen:1803	1803	35231079	pubmed	orcs:source-family:pubmed:35231079	Sherman EJ (2022)	1-PMID35231079	Timecourse		HuH-7	1	6	True	curation.comparator_and_sample_map|data.count_level_signal|labels.adjudicated_validation_event|metadata.gene_level_mapping|metadata.identifiable_drug|provenance.raw_data_family|provenance.source_family|rights.source_and_raw_data|scope.drug_exposure
orcs:2.0.18:curation-queue:v2:1999	533	1	2.0.18	2	manual_scope_review	orcs:2.0.18:screen:1999	1999	35469023	pubmed	orcs:source-family:pubmed:35469023	Israeli M (2022)	5-PMID35469023	Timecourse		Calu-3	1	6	True	curation.comparator_and_sample_map|data.count_level_signal|labels.adjudicated_validation_event|metadata.gene_level_mapping|metadata.identifiable_drug|provenance.raw_data_family|provenance.source_family|rights.source_and_raw_data|scope.drug_exposure
orcs:2.0.18:curation-queue:v2:1845	534	1	2.0.18	2	manual_scope_review	orcs:2.0.18:screen:1845	1845	35559673	pubmed	orcs:source-family:pubmed:35559673	Feng X (2022)	1-PMID35559673	Timecourse	Mutation: ARID1A (ETG8289) KD	HEK293-A	1	6	True	curation.comparator_and_sample_map|data.count_level_signal|labels.adjudicated_validation_event|metadata.gene_level_mapping|metadata.identifiable_drug|provenance.raw_data_family|provenance.source_family|rights.source_and_raw_data|scope.drug_exposure
orcs:2.0.18:curation-queue:v2:2050	535	1	2.0.18	2	manual_scope_review	orcs:2.0.18:screen:2050	2050	35723366	pubmed	orcs:source-family:pubmed:35723366	Kawabata A (2022)	1-PMID35723366	Timecourse		OVISE	1	6	True	curation.comparator_and_sample_map|data.count_level_signal|labels.adjudicated_validation_event|metadata.gene_level_mapping|metadata.identifiable_drug|provenance.raw_data_family|provenance.source_family|rights.source_and_raw_data|scope.drug_exposure
orcs:2.0.18:curation-queue:v2:2017	536	1	2.0.18	2	manual_scope_review	orcs:2.0.18:screen:2017	2017	36055241	pubmed	orcs:source-family:pubmed:36055241	Sintov E (2022)	1-PMID36055241	Timecourse	Exposure to allogeneic peripheral blood mononuclear cells (PBMCs)	stem cell-derived islets	2	6	True	curation.comparator_and_sample_map|data.count_level_signal|labels.adjudicated_validation_event|metadata.gene_level_mapping|metadata.identifiable_drug|provenance.raw_data_family|provenance.source_family|rights.source_and_raw_data|scope.drug_exposure|scope.pooled_format
orcs:2.0.18:curation-queue:v2:2135	537	1	2.0.18	2	manual_scope_review	orcs:2.0.18:screen:2135	2135	36224385	pubmed	orcs:source-family:pubmed:36224385	Feng R (2022)	1-PMID36224385	Other	Differentiation Medium	HUDEP-2	1	6	True	curation.comparator_and_sample_map|data.count_level_signal|labels.adjudicated_validation_event|metadata.gene_level_mapping|metadata.identifiable_drug|provenance.raw_data_family|provenance.source_family|rights.source_and_raw_data|scope.drug_exposure
orcs:2.0.18:curation-queue:v2:2404	538	1	2.0.18	2	manual_scope_review	orcs:2.0.18:screen:2404	2404	36417855	pubmed	orcs:source-family:pubmed:36417855	Tsai PL (2022)	1-PMID36417855	Timecourse		HeLa	1	6	True	curation.comparator_and_sample_map|data.count_level_signal|labels.adjudicated_validation_event|metadata.gene_level_mapping|metadata.identifiable_drug|provenance.raw_data_family|provenance.source_family|rights.source_and_raw_data|scope.drug_exposure
orcs:2.0.18:curation-queue:v2:2061	539	1	2.0.18	2	manual_scope_review	orcs:2.0.18:screen:2061	2061	36597481	pubmed	orcs:source-family:pubmed:36597481	Chan K (2022)	1-PMID36597481	Timecourse		Calu-3	1	6	True	curation.comparator_and_sample_map|data.count_level_signal|labels.adjudicated_validation_event|metadata.gene_level_mapping|metadata.identifiable_drug|provenance.raw_data_family|provenance.source_family|rights.source_and_raw_data|scope.drug_exposure
orcs:2.0.18:curation-queue:v2:2455	540	1	2.0.18	2	manual_scope_review	orcs:2.0.18:screen:2455	2455	36801923	pubmed	orcs:source-family:pubmed:36801923	Kuehnle N (2023)	1-PMID36801923	Timecourse	Mutation: CFLAR (ETG8837) KO	BCBL-1	1	6	True	curation.comparator_and_sample_map|data.count_level_signal|labels.adjudicated_validation_event|metadata.gene_level_mapping|metadata.identifiable_drug|provenance.raw_data_family|provenance.source_family|rights.source_and_raw_data|scope.drug_exposure
orcs:2.0.18:curation-queue:v2:2134	541	1	2.0.18	2	manual_scope_review	orcs:2.0.18:screen:2134	2134	37046090	pubmed	orcs:source-family:pubmed:37046090	Kesner JS (2023)	1-PMID37046090	Timecourse		HEK293T	1	6	True	curation.comparator_and_sample_map|data.count_level_signal|labels.adjudicated_validation_event|metadata.gene_level_mapping|metadata.identifiable_drug|provenance.raw_data_family|provenance.source_family|rights.source_and_raw_data|scope.drug_exposure
orcs:2.0.18:curation-queue:v2:2056	542	1	2.0.18	2	manual_scope_review	orcs:2.0.18:screen:2056	2056	37435859	pubmed	orcs:source-family:pubmed:37435859	Alborzinia H (2023)	3-PMID37435859	Timecourse	LRP8-Knockout (LRP8-KO)	A-375	1	6	True	curation.comparator_and_sample_map|data.count_level_signal|labels.adjudicated_validation_event|metadata.gene_level_mapping|metadata.identifiable_drug|provenance.raw_data_family|provenance.source_family|rights.source_and_raw_data|scope.drug_exposure
orcs:2.0.18:curation-queue:v2:2084	543	1	2.0.18	2	manual_scope_review	orcs:2.0.18:screen:2084	2084	37616343	pubmed	orcs:source-family:pubmed:37616343	Gu X (2023)	1-PMID37616343	Timecourse		HEK293T	1	6	True	curation.comparator_and_sample_map|data.count_level_signal|labels.adjudicated_validation_event|metadata.gene_level_mapping|metadata.identifiable_drug|provenance.raw_data_family|provenance.source_family|rights.source_and_raw_data|scope.drug_exposure
orcs:2.0.18:curation-queue:v2:2086	544	1	2.0.18	2	manual_scope_review	orcs:2.0.18:screen:2086	2086	37866880	pubmed	orcs:source-family:pubmed:37866880	Baxter JS (2023)	1-PMID37866880	Timecourse	Mutation: FBXW7 (ETG55294) del	MCF-10A	1	6	True	curation.comparator_and_sample_map|data.count_level_signal|labels.adjudicated_validation_event|metadata.gene_level_mapping|metadata.identifiable_drug|provenance.raw_data_family|provenance.source_family|rights.source_and_raw_data|scope.drug_exposure
orcs:2.0.18:curation-queue:v2:2485	545	1	2.0.18	2	manual_scope_review	orcs:2.0.18:screen:2485	2485	37883554	pubmed	orcs:source-family:pubmed:37883554	Lin L (2023)	1-PMID37883554	Timecourse		Organoid: primary cell derived small intestinal organoid line	1	6	True	curation.comparator_and_sample_map|data.count_level_signal|labels.adjudicated_validation_event|metadata.gene_level_mapping|metadata.identifiable_drug|provenance.raw_data_family|provenance.source_family|rights.source_and_raw_data|scope.drug_exposure
orcs:2.0.18:curation-queue:v2:2216	546	1	2.0.18	2	manual_scope_review	orcs:2.0.18:screen:2216	2216	37996617	pubmed	orcs:source-family:pubmed:37996617	Chan CWF (2023)	1-PMID37996617	SARS-CoV-2 Spike exposure (293T-spike-GFP11-P2A-mCherry cells)	SARS-CoV-2 Spike	A549-ACE2-Cas9-GFP1–10	1	6	True	curation.comparator_and_sample_map|data.count_level_signal|labels.adjudicated_validation_event|metadata.gene_level_mapping|metadata.identifiable_drug|provenance.raw_data_family|provenance.source_family|rights.source_and_raw_data|scope.drug_exposure
orcs:2.0.18:curation-queue:v2:2476	547	1	2.0.18	2	manual_scope_review	orcs:2.0.18:screen:2476	2476	40813572	pubmed	orcs:source-family:pubmed:40813572	Lo YH (2025)	1-PMID40813572	Timecourse		Organoid: TP53/APC knockout gastric tumor organoid line	1	6	True	curation.comparator_and_sample_map|data.count_level_signal|labels.adjudicated_validation_event|metadata.gene_level_mapping|metadata.identifiable_drug|provenance.raw_data_family|provenance.source_family|rights.source_and_raw_data|scope.drug_exposure
orcs:2.0.18:curation-queue:v2:1987	548	1	2.0.18	2	manual_scope_review	orcs:2.0.18:screen:1987	1987	10.1101/2023.01.23.525275	prepub	orcs:source-family:prepub:10.1101/2023.01.23.525275	Wei LH (2023)	1-CUSTOM00000022	Timecourse		HEK293T	1	6	True	curation.comparator_and_sample_map|data.count_level_signal|labels.adjudicated_validation_event|metadata.gene_level_mapping|metadata.identifiable_drug|provenance.raw_data_family|provenance.source_family|rights.source_and_raw_data|scope.drug_exposure
orcs:2.0.18:curation-queue:v2:1450	549	1	2.0.18	2	manual_scope_review	orcs:2.0.18:screen:1450	1450	31818950	pubmed	orcs:source-family:pubmed:31818950	Zhang Y (2019)	1-PMID31818950	Timecourse		SEM	1	5	True	curation.comparator_and_sample_map|data.count_level_signal|labels.adjudicated_validation_event|metadata.gene_level_mapping|metadata.identifiable_drug|provenance.raw_data_family|provenance.source_family|rights.source_and_raw_data|scope.drug_exposure
orcs:2.0.18:curation-queue:v2:1230	550	1	2.0.18	2	manual_scope_review	orcs:2.0.18:screen:1230	1230	29921669	pubmed	orcs:source-family:pubmed:29921669	Pacheco AR (2018)	1-PMID29921669	Bacteria Exposure	Escherichia coli (str. EDL933)	HT-29	1	6	False	curation.comparator_and_sample_map|data.count_level_signal|labels.adjudicated_validation_event|metadata.gene_level_mapping|metadata.identifiable_drug|provenance.raw_data_family|provenance.source_family|rights.source_and_raw_data|scope.drug_exposure
orcs:2.0.18:curation-queue:v2:1198	551	1	2.0.18	2	manual_scope_review	orcs:2.0.18:screen:1198	1198	30317623	pubmed	orcs:source-family:pubmed:30317623	Cai M (2019)	1-PMID30317623	Cytokine exposure	TNF‐α	HUVEC (primary)	1	6	False	curation.comparator_and_sample_map|data.count_level_signal|labels.adjudicated_validation_event|metadata.gene_level_mapping|metadata.identifiable_drug|provenance.raw_data_family|provenance.source_family|rights.source_and_raw_data|scope.drug_exposure
orcs:2.0.18:curation-queue:v2:1080	552	1	2.0.18	2	manual_scope_review	orcs:2.0.18:screen:1080	1080	30660999	pubmed	orcs:source-family:pubmed:30660999	Yamaji T (2019)	1-PMID30660999	Toxin Exposure	Shiga Toxin Stx1	HeLa	1	6	False	curation.comparator_and_sample_map|data.count_level_signal|labels.adjudicated_validation_event|metadata.gene_level_mapping|metadata.identifiable_drug|provenance.raw_data_family|provenance.source_family|rights.source_and_raw_data|scope.drug_exposure
orcs:2.0.18:curation-queue:v2:1151	553	1	2.0.18	2	manual_scope_review	orcs:2.0.18:screen:1151	1151	31108395	pubmed	orcs:source-family:pubmed:31108395	Yamaji T (2019)	1-PMID31108395	Toxin Exposure	Subtilase Cytotoxin (SubAB)	HeLa	1	6	False	curation.comparator_and_sample_map|data.count_level_signal|labels.adjudicated_validation_event|metadata.gene_level_mapping|metadata.identifiable_drug|provenance.raw_data_family|provenance.source_family|rights.source_and_raw_data|scope.drug_exposure
orcs:2.0.18:curation-queue:v2:1395	554	1	2.0.18	2	manual_scope_review	orcs:2.0.18:screen:1395	1395	31353801	pubmed	orcs:source-family:pubmed:31353801	Benaoudia S (2019)	1-PMID31353801	Toxin Exposure	F. novicida lipopolysaccharide (LPS)	U-937	1	6	False	curation.comparator_and_sample_map|data.count_level_signal|labels.adjudicated_validation_event|metadata.gene_level_mapping|metadata.identifiable_drug|provenance.raw_data_family|provenance.source_family|rights.source_and_raw_data|scope.drug_exposure
orcs:2.0.18:curation-queue:v2:1041	555	1	2.0.18	2	manual_scope_review	orcs:2.0.18:screen:1041	1041	31365872	pubmed	orcs:source-family:pubmed:31365872	Jiang C (2019)	1-PMID31365872	Ligand Exposure	Mega CD40L	Daudi	1	6	False	curation.comparator_and_sample_map|data.count_level_signal|labels.adjudicated_validation_event|metadata.gene_level_mapping|metadata.identifiable_drug|provenance.raw_data_family|provenance.source_family|rights.source_and_raw_data|scope.drug_exposure
orcs:2.0.18:curation-queue:v2:1074	556	1	2.0.18	2	manual_scope_review	orcs:2.0.18:screen:1074	1074	31594818	pubmed	orcs:source-family:pubmed:31594818	Yeung ATY (2019)	1-PMID31594818	Bacteria Exposure	Salmonella enterica	THP-1	1	6	False	curation.comparator_and_sample_map|data.count_level_signal|labels.adjudicated_validation_event|metadata.gene_level_mapping|metadata.identifiable_drug|provenance.raw_data_family|provenance.source_family|rights.source_and_raw_data|scope.drug_exposure
orcs:2.0.18:curation-queue:v2:1223	557	1	2.0.18	2	manual_scope_review	orcs:2.0.18:screen:1223	1223	32421776	pubmed	orcs:source-family:pubmed:32421776	Russo M (2020)	1-PMID32421776	Toxin Exposure	Dieldrin	SH-SY5Y	1	6	False	curation.comparator_and_sample_map|data.count_level_signal|labels.adjudicated_validation_event|metadata.gene_level_mapping|metadata.identifiable_drug|provenance.raw_data_family|provenance.source_family|rights.source_and_raw_data|scope.drug_exposure
orcs:2.0.18:curation-queue:v2:1233	558	1	2.0.18	2	manual_scope_review	orcs:2.0.18:screen:1233	1233	32970993	pubmed	orcs:source-family:pubmed:32970993	Lai Y (2020)	1-PMID32970993	Bacteria Exposure	Mycobacterium tuberculosis variant bovis BCG	THP-1	1	6	False	curation.comparator_and_sample_map|data.count_level_signal|labels.adjudicated_validation_event|metadata.gene_level_mapping|metadata.identifiable_drug|provenance.raw_data_family|provenance.source_family|rights.source_and_raw_data|scope.drug_exposure
orcs:2.0.18:curation-queue:v2:1721	559	1	2.0.18	2	manual_scope_review	orcs:2.0.18:screen:1721	1721	33813748	pubmed	orcs:source-family:pubmed:33813748	Niu Y (2021)	1-PMID33813748	Other	Low oxygen	Hep-G2	1	6	False	curation.comparator_and_sample_map|data.count_level_signal|labels.adjudicated_validation_event|metadata.gene_level_mapping|metadata.identifiable_drug|provenance.raw_data_family|provenance.source_family|rights.source_and_raw_data|scope.drug_exposure
orcs:2.0.18:curation-queue:v2:1802	560	1	2.0.18	2	manual_scope_review	orcs:2.0.18:screen:1802	1802	35221331	pubmed	orcs:source-family:pubmed:35221331	Lin JF (2022)	1-PMID35221331	Implantation to Mouse Model	Oxaliplatin	DLD-1	2	6	False	curation.comparator_and_sample_map|data.count_level_signal|labels.adjudicated_validation_event|metadata.gene_level_mapping|metadata.identifiable_drug|provenance.raw_data_family|provenance.source_family|rights.source_and_raw_data|scope.drug_exposure|scope.pooled_format
orcs:2.0.18:curation-queue:v2:2369	561	1	2.0.18	2	manual_scope_review	orcs:2.0.18:screen:2369	2369	38885264	pubmed	orcs:source-family:pubmed:38885264	Chen Y (2024)	1-PMID38885264	Other	anti-IgM	Mutu-1	1	6	False	curation.comparator_and_sample_map|data.count_level_signal|labels.adjudicated_validation_event|metadata.gene_level_mapping|metadata.identifiable_drug|provenance.raw_data_family|provenance.source_family|rights.source_and_raw_data|scope.drug_exposure
orcs:2.0.18:curation-queue:v2:168	562	1	2.0.18	2	manual_scope_review	orcs:2.0.18:screen:168	168	27453484	pubmed	orcs:source-family:pubmed:27453484	Blondel CJ (2016)	1-PMID27453484	Toxin Exposure	V. parahaemolyticus with active T3SS1	HT-29	1	5	False	curation.comparator_and_sample_map|data.count_level_signal|labels.adjudicated_validation_event|metadata.gene_level_mapping|metadata.identifiable_drug|provenance.raw_data_family|provenance.source_family|rights.source_and_raw_data|scope.drug_exposure
orcs:2.0.18:curation-queue:v2:64	563	1	2.0.18	2	manual_scope_review	orcs:2.0.18:screen:64	64	28494239	pubmed	orcs:source-family:pubmed:28494239	Ma Y (2017)	2-PMID28494239	Timecourse		GM12878	1	5	False	curation.comparator_and_sample_map|data.count_level_signal|labels.adjudicated_validation_event|metadata.gene_level_mapping|metadata.identifiable_drug|provenance.raw_data_family|provenance.source_family|rights.source_and_raw_data|scope.drug_exposure
orcs:2.0.18:curation-queue:v2:626	564	1	2.0.18	2	manual_scope_review	orcs:2.0.18:screen:626	626	28783722	pubmed	orcs:source-family:pubmed:28783722	Patel SJ (2017)	1-PMID28783722	T cell exposure	CD8+ T cells	624-mel	1	5	False	curation.comparator_and_sample_map|data.count_level_signal|labels.adjudicated_validation_event|metadata.gene_level_mapping|metadata.identifiable_drug|provenance.raw_data_family|provenance.source_family|rights.source_and_raw_data|scope.drug_exposure
orcs:2.0.18:curation-queue:v2:630	565	1	2.0.18	2	manual_scope_review	orcs:2.0.18:screen:630	630	29655804	pubmed	orcs:source-family:pubmed:29655804	Ju LG (2018)	1-PMID29655804	Timecourse		HEK293T	1	5	False	curation.comparator_and_sample_map|data.count_level_signal|labels.adjudicated_validation_event|metadata.gene_level_mapping|metadata.identifiable_drug|provenance.raw_data_family|provenance.source_family|rights.source_and_raw_data|scope.drug_exposure
orcs:2.0.18:curation-queue:v2:1216	566	1	2.0.18	2	manual_scope_review	orcs:2.0.18:screen:1216	1216	30860482	pubmed	orcs:source-family:pubmed:30860482	Hong AL (2019)	1-PMID30860482	Timecourse		CLF_PEDS0005_T2B	1	5	False	curation.comparator_and_sample_map|data.count_level_signal|labels.adjudicated_validation_event|metadata.gene_level_mapping|metadata.identifiable_drug|provenance.raw_data_family|provenance.source_family|rights.source_and_raw_data|scope.drug_exposure
orcs:2.0.18:curation-queue:v2:1946	567	1	2.0.18	2	manual_scope_review	orcs:2.0.18:screen:1946	1946	31010806	pubmed	orcs:source-family:pubmed:31010806	Kerins MJ (2019)	1-PMID31010806	Timecourse	Blasticidin	HK-2	1	5	False	curation.comparator_and_sample_map|data.count_level_signal|labels.adjudicated_validation_event|metadata.gene_level_mapping|metadata.identifiable_drug|provenance.raw_data_family|provenance.source_family|rights.source_and_raw_data|scope.drug_exposure
orcs:2.0.18:curation-queue:v2:1079	568	1	2.0.18	2	manual_scope_review	orcs:2.0.18:screen:1079	1079	31165872	pubmed	orcs:source-family:pubmed:31165872	Huang H (2019)	1-PMID31165872	Timecourse		J-Lat Tat-GFP Clone A2	1	5	False	curation.comparator_and_sample_map|data.count_level_signal|labels.adjudicated_validation_event|metadata.gene_level_mapping|metadata.identifiable_drug|provenance.raw_data_family|provenance.source_family|rights.source_and_raw_data|scope.drug_exposure
orcs:2.0.18:curation-queue:v2:1211	569	1	2.0.18	2	manual_scope_review	orcs:2.0.18:screen:1211	1211	31270356	pubmed	orcs:source-family:pubmed:31270356	Lenk GM (2019)	1-PMID31270356	Timecourse		HAP-1	1	5	False	curation.comparator_and_sample_map|data.count_level_signal|labels.adjudicated_validation_event|metadata.gene_level_mapping|metadata.identifiable_drug|provenance.raw_data_family|provenance.source_family|rights.source_and_raw_data|scope.drug_exposure
orcs:2.0.18:curation-queue:v2:1032	570	1	2.0.18	2	manual_scope_review	orcs:2.0.18:screen:1032	1032	31316073	pubmed	orcs:source-family:pubmed:31316073	Liu J (2019)	1-PMID31316073	Timecourse		K-562	1	5	False	curation.comparator_and_sample_map|data.count_level_signal|labels.adjudicated_validation_event|metadata.gene_level_mapping|metadata.identifiable_drug|provenance.raw_data_family|provenance.source_family|rights.source_and_raw_data|scope.drug_exposure
orcs:2.0.18:curation-queue:v2:1677	571	1	2.0.18	2	manual_scope_review	orcs:2.0.18:screen:1677	1677	31437751	pubmed	orcs:source-family:pubmed:31437751	Wheeler LJ (2019)	1-PMID31437751	Other	Culture in suspension vs. adherent conditions	PEO1	1	5	False	curation.comparator_and_sample_map|data.count_level_signal|labels.adjudicated_validation_event|metadata.gene_level_mapping|metadata.identifiable_drug|provenance.raw_data_family|provenance.source_family|rights.source_and_raw_data|scope.drug_exposure
orcs:2.0.18:curation-queue:v2:2362	572	1	2.0.18	2	manual_scope_review	orcs:2.0.18:screen:2362	2362	31558468	pubmed	orcs:source-family:pubmed:31558468	Panea RI (2019)	1-PMID31558468	Timecourse		BJAB	1	5	False	curation.comparator_and_sample_map|data.count_level_signal|labels.adjudicated_validation_event|metadata.gene_level_mapping|metadata.identifiable_drug|provenance.raw_data_family|provenance.source_family|rights.source_and_raw_data|scope.drug_exposure
orcs:2.0.18:curation-queue:v2:1466	573	1	2.0.18	2	manual_scope_review	orcs:2.0.18:screen:1466	1466	31564637	pubmed	orcs:source-family:pubmed:31564637	Burr ML (2019)	1-PMID31564637	Timecourse		K-562	1	5	False	curation.comparator_and_sample_map|data.count_level_signal|labels.adjudicated_validation_event|metadata.gene_level_mapping|metadata.identifiable_drug|provenance.raw_data_family|provenance.source_family|rights.source_and_raw_data|scope.drug_exposure
orcs:2.0.18:curation-queue:v2:1373	574	1	2.0.18	2	manual_scope_review	orcs:2.0.18:screen:1373	1373	31587919	pubmed	orcs:source-family:pubmed:31587919	Cheng W (2019)	1-PMID31587919	Timecourse		hTERT-RPE1	1	5	False	curation.comparator_and_sample_map|data.count_level_signal|labels.adjudicated_validation_event|metadata.gene_level_mapping|metadata.identifiable_drug|provenance.raw_data_family|provenance.source_family|rights.source_and_raw_data|scope.drug_exposure
orcs:2.0.18:curation-queue:v2:1801	575	1	2.0.18	2	manual_scope_review	orcs:2.0.18:screen:1801	1801	32299104	pubmed	orcs:source-family:pubmed:32299104	Khan DH (2020)	1-PMID32299104	Timecourse		OCI-AML-2	1	5	False	curation.comparator_and_sample_map|data.count_level_signal|labels.adjudicated_validation_event|metadata.gene_level_mapping|metadata.identifiable_drug|provenance.raw_data_family|provenance.source_family|rights.source_and_raw_data|scope.drug_exposure
orcs:2.0.18:curation-queue:v2:1427	576	1	2.0.18	2	manual_scope_review	orcs:2.0.18:screen:1427	1427	32315601	pubmed	orcs:source-family:pubmed:32315601	Guo R (2020)	1-PMID32315601	Timecourse		P3HR-1	1	5	False	curation.comparator_and_sample_map|data.count_level_signal|labels.adjudicated_validation_event|metadata.gene_level_mapping|metadata.identifiable_drug|provenance.raw_data_family|provenance.source_family|rights.source_and_raw_data|scope.drug_exposure
orcs:2.0.18:curation-queue:v2:2370	577	1	2.0.18	2	manual_scope_review	orcs:2.0.18:screen:2370	2370	32424339	pubmed	orcs:source-family:pubmed:32424339	Guo R (2020)	1-PMID32424339	Timecourse		Mutu-1	1	5	False	curation.comparator_and_sample_map|data.count_level_signal|labels.adjudicated_validation_event|metadata.gene_level_mapping|metadata.identifiable_drug|provenance.raw_data_family|provenance.source_family|rights.source_and_raw_data|scope.drug_exposure
orcs:2.0.18:curation-queue:v2:1424	578	1	2.0.18	2	manual_scope_review	orcs:2.0.18:screen:1424	1424	32918875	pubmed	orcs:source-family:pubmed:32918875	Funato Y (2020)	1-PMID32918875	Other	alkaline stress (pH 8.25)	HEK293T	1	5	False	curation.comparator_and_sample_map|data.count_level_signal|labels.adjudicated_validation_event|metadata.gene_level_mapping|metadata.identifiable_drug|provenance.raw_data_family|provenance.source_family|rights.source_and_raw_data|scope.drug_exposure
orcs:2.0.18:curation-queue:v2:1432	579	1	2.0.18	2	manual_scope_review	orcs:2.0.18:screen:1432	1432	32924251	pubmed	orcs:source-family:pubmed:32924251	Yang X (2020)	1-PMID32924251	Timecourse		C11	1	5	False	curation.comparator_and_sample_map|data.count_level_signal|labels.adjudicated_validation_event|metadata.gene_level_mapping|metadata.identifiable_drug|provenance.raw_data_family|provenance.source_family|rights.source_and_raw_data|scope.drug_exposure
orcs:2.0.18:curation-queue:v2:1588	580	1	2.0.18	2	manual_scope_review	orcs:2.0.18:screen:1588	1588	33547076	pubmed	orcs:source-family:pubmed:33547076	Koduri V (2021)	1-PMID33547076	Timecourse		Jurkat	1	5	False	curation.comparator_and_sample_map|data.count_level_signal|labels.adjudicated_validation_event|metadata.gene_level_mapping|metadata.identifiable_drug|provenance.raw_data_family|provenance.source_family|rights.source_and_raw_data|scope.drug_exposure
orcs:2.0.18:curation-queue:v2:1786	581	1	2.0.18	2	manual_scope_review	orcs:2.0.18:screen:1786	1786	33846634	pubmed	orcs:source-family:pubmed:33846634	Inoue D (2021)	3-PMID33846634	Cytokine depletion	GM-CSF withdrawal	TF-1	1	5	False	curation.comparator_and_sample_map|data.count_level_signal|labels.adjudicated_validation_event|metadata.gene_level_mapping|metadata.identifiable_drug|provenance.raw_data_family|provenance.source_family|rights.source_and_raw_data|scope.drug_exposure
orcs:2.0.18:curation-queue:v2:1906	582	1	2.0.18	2	manual_scope_review	orcs:2.0.18:screen:1906	1906	33864166	pubmed	orcs:source-family:pubmed:33864166	Chen M (2021)	1-PMID33864166	Implantation to Mouse Model		MDA-MB-231	2	5	False	curation.comparator_and_sample_map|data.count_level_signal|labels.adjudicated_validation_event|metadata.gene_level_mapping|metadata.identifiable_drug|provenance.raw_data_family|provenance.source_family|rights.source_and_raw_data|scope.drug_exposure|scope.pooled_format
orcs:2.0.18:curation-queue:v2:1713	583	1	2.0.18	2	manual_scope_review	orcs:2.0.18:screen:1713	1713	33872695	pubmed	orcs:source-family:pubmed:33872695	Lee DH (2021)	1-PMID33872695	Other	Cultured in the absence of GM-CSF	TF-1	1	5	False	curation.comparator_and_sample_map|data.count_level_signal|labels.adjudicated_validation_event|metadata.gene_level_mapping|metadata.identifiable_drug|provenance.raw_data_family|provenance.source_family|rights.source_and_raw_data|scope.drug_exposure
orcs:2.0.18:curation-queue:v2:1715	584	1	2.0.18	2	manual_scope_review	orcs:2.0.18:screen:1715	1715	34016692	pubmed	orcs:source-family:pubmed:34016692	Norton JP (2021)	2-PMID34016692	Timecourse		Rb1/Trp53-deleted SCLC mouse	1	5	False	curation.comparator_and_sample_map|data.count_level_signal|labels.adjudicated_validation_event|metadata.gene_level_mapping|metadata.identifiable_drug|provenance.raw_data_family|provenance.source_family|rights.source_and_raw_data|scope.drug_exposure
orcs:2.0.18:curation-queue:v2:1660	585	1	2.0.18	2	manual_scope_review	orcs:2.0.18:screen:1660	1660	34621019	pubmed	orcs:source-family:pubmed:34621019	Gao S (2021)	1-PMID34621019	Timecourse		POP66	1	5	False	curation.comparator_and_sample_map|data.count_level_signal|labels.adjudicated_validation_event|metadata.gene_level_mapping|metadata.identifiable_drug|provenance.raw_data_family|provenance.source_family|rights.source_and_raw_data|scope.drug_exposure
orcs:2.0.18:curation-queue:v2:1883	586	1	2.0.18	2	manual_scope_review	orcs:2.0.18:screen:1883	1883	35411049	pubmed	orcs:source-family:pubmed:35411049	Liu H (2022)	1-PMID35411049	Timecourse		HEK293T	1	5	False	curation.comparator_and_sample_map|data.count_level_signal|labels.adjudicated_validation_event|metadata.gene_level_mapping|metadata.identifiable_drug|provenance.raw_data_family|provenance.source_family|rights.source_and_raw_data|scope.drug_exposure
orcs:2.0.18:curation-queue:v2:1957	587	1	2.0.18	2	manual_scope_review	orcs:2.0.18:screen:1957	1957	36134452	pubmed	orcs:source-family:pubmed:36134452	Lalonde ME (2023)	1-PMID36134452	Timecourse		697	1	5	False	curation.comparator_and_sample_map|data.count_level_signal|labels.adjudicated_validation_event|metadata.gene_level_mapping|metadata.identifiable_drug|provenance.raw_data_family|provenance.source_family|rights.source_and_raw_data|scope.drug_exposure
orcs:2.0.18:curation-queue:v2:1936	588	1	2.0.18	2	manual_scope_review	orcs:2.0.18:screen:1936	1936	36457047	pubmed	orcs:source-family:pubmed:36457047	Liu L (2022)	1-PMID36457047	Implantation to Mouse Model		EKVX	2	5	False	curation.comparator_and_sample_map|data.count_level_signal|labels.adjudicated_validation_event|metadata.gene_level_mapping|metadata.identifiable_drug|provenance.raw_data_family|provenance.source_family|rights.source_and_raw_data|scope.drug_exposure|scope.pooled_format
orcs:2.0.18:curation-queue:v2:2475	589	1	2.0.18	2	manual_scope_review	orcs:2.0.18:screen:2475	2475	36543916	pubmed	orcs:source-family:pubmed:36543916	Rottner AK (2023)	1-PMID36543916	Timecourse		EndoC-βH1	1	5	False	curation.comparator_and_sample_map|data.count_level_signal|labels.adjudicated_validation_event|metadata.gene_level_mapping|metadata.identifiable_drug|provenance.raw_data_family|provenance.source_family|rights.source_and_raw_data|scope.drug_exposure
orcs:2.0.18:curation-queue:v2:2000	590	1	2.0.18	2	manual_scope_review	orcs:2.0.18:screen:2000	2000	36724073	pubmed	orcs:source-family:pubmed:36724073	Yang J (2023)	1-PMID36724073	Timecourse		MEC	1	5	False	curation.comparator_and_sample_map|data.count_level_signal|labels.adjudicated_validation_event|metadata.gene_level_mapping|metadata.identifiable_drug|provenance.raw_data_family|provenance.source_family|rights.source_and_raw_data|scope.drug_exposure
orcs:2.0.18:curation-queue:v2:2457	591	1	2.0.18	2	manual_scope_review	orcs:2.0.18:screen:2457	2457	36725334	pubmed	orcs:source-family:pubmed:36725334	Essletzbichler P (2023)	1-PMID36725334	Timecourse		THP-1	1	5	False	curation.comparator_and_sample_map|data.count_level_signal|labels.adjudicated_validation_event|metadata.gene_level_mapping|metadata.identifiable_drug|provenance.raw_data_family|provenance.source_family|rights.source_and_raw_data|scope.drug_exposure
orcs:2.0.18:curation-queue:v2:2015	592	1	2.0.18	2	manual_scope_review	orcs:2.0.18:screen:2015	2015	36848233	pubmed	orcs:source-family:pubmed:36848233	Wang L (2023)	1-PMID36848233	Timecourse		HEK293T	1	5	False	curation.comparator_and_sample_map|data.count_level_signal|labels.adjudicated_validation_event|metadata.gene_level_mapping|metadata.identifiable_drug|provenance.raw_data_family|provenance.source_family|rights.source_and_raw_data|scope.drug_exposure
orcs:2.0.18:curation-queue:v2:2368	593	1	2.0.18	2	manual_scope_review	orcs:2.0.18:screen:2368	2368	37167561	pubmed	orcs:source-family:pubmed:37167561	Ishii Y (2023)	1-PMID37167561	Other	Infection with HPV18PsV-BE2	HeLa	1	5	False	curation.comparator_and_sample_map|data.count_level_signal|labels.adjudicated_validation_event|metadata.gene_level_mapping|metadata.identifiable_drug|provenance.raw_data_family|provenance.source_family|rights.source_and_raw_data|scope.drug_exposure
orcs:2.0.18:curation-queue:v2:2483	594	1	2.0.18	2	manual_scope_review	orcs:2.0.18:screen:2483	2483	37758944	pubmed	orcs:source-family:pubmed:37758944	Meng X (2023)	1-PMID37758944	Timecourse		Organoid: CAG::Cas9;Dlxi1/2b::eGFP hiPS cell line	1	5	False	curation.comparator_and_sample_map|data.count_level_signal|labels.adjudicated_validation_event|metadata.gene_level_mapping|metadata.identifiable_drug|provenance.raw_data_family|provenance.source_family|rights.source_and_raw_data|scope.drug_exposure
orcs:2.0.18:curation-queue:v2:175	595	2	2.0.18	2	manual_scope_review	orcs:2.0.18:screen:175	175	28215525	pubmed	orcs:source-family:pubmed:28215525	Riba A (2017)	4-PMID28215525	Ligand Exposure	Interleukin-1 β	HEK-293	1	7	True	curation.comparator_and_sample_map|data.count_level_signal|labels.adjudicated_validation_event|metadata.gene_level_mapping|metadata.identifiable_drug|provenance.raw_data_family|provenance.source_family|rights.source_and_raw_data|scope.drug_exposure
orcs:2.0.18:curation-queue:v2:1229	596	2	2.0.18	2	manual_scope_review	orcs:2.0.18:screen:1229	1229	29507424	pubmed	orcs:source-family:pubmed:29507424	Kramer NJ (2018)	2-PMID29507424	Toxin Exposure	proline–arginine (PR) dipeptide-repeat (DPR) protein	K-562	1	7	True	curation.comparator_and_sample_map|data.count_level_signal|labels.adjudicated_validation_event|metadata.gene_level_mapping|metadata.identifiable_drug|provenance.raw_data_family|provenance.source_family|rights.source_and_raw_data|scope.drug_exposure
orcs:2.0.18:curation-queue:v2:1053	597	2	2.0.18	2	manual_scope_review	orcs:2.0.18:screen:1053	1053	29987050	pubmed	orcs:source-family:pubmed:29987050	Xiao T (2018)	4-PMID29987050	Timecourse	E2 (17β-estradiol)	MCF-7	1	7	True	curation.comparator_and_sample_map|data.count_level_signal|labels.adjudicated_validation_event|metadata.gene_level_mapping|metadata.identifiable_drug|provenance.raw_data_family|provenance.source_family|rights.source_and_raw_data|scope.drug_exposure
orcs:2.0.18:curation-queue:v2:1019	598	2	2.0.18	2	manual_scope_review	orcs:2.0.18:screen:1019	1019	30951565	pubmed	orcs:source-family:pubmed:30951565	Chang SJ (2019)	2-PMID30951565	Toxin Exposure	Typhoid Toxin	HEK293T	1	7	True	curation.comparator_and_sample_map|data.count_level_signal|labels.adjudicated_validation_event|metadata.gene_level_mapping|metadata.identifiable_drug|provenance.raw_data_family|provenance.source_family|rights.source_and_raw_data|scope.drug_exposure
orcs:2.0.18:curation-queue:v2:1160	599	2	2.0.18	2	manual_scope_review	orcs:2.0.18:screen:1160	1160	31452512	pubmed	orcs:source-family:pubmed:31452512	Pech MF (2019)	2-PMID31452512	NK cell exposure	NK (activated natural killer) cells	K-562	1	7	True	curation.comparator_and_sample_map|data.count_level_signal|labels.adjudicated_validation_event|metadata.gene_level_mapping|metadata.identifiable_drug|provenance.raw_data_family|provenance.source_family|rights.source_and_raw_data|scope.drug_exposure
orcs:2.0.18:curation-queue:v2:1082	600	2	2.0.18	2	manual_scope_review	orcs:2.0.18:screen:1082	1082	31921143	pubmed	orcs:source-family:pubmed:31921143	Zhuang X (2019)	2-PMID31921143	NK cell exposure	IL-2-activated NK cells	K-562	1	7	True	curation.comparator_and_sample_map|data.count_level_signal|labels.adjudicated_validation_event|metadata.gene_level_mapping|metadata.identifiable_drug|provenance.raw_data_family|provenance.source_family|rights.source_and_raw_data|scope.drug_exposure
orcs:2.0.18:curation-queue:v2:1146	601	2	2.0.18	2	manual_scope_review	orcs:2.0.18:screen:1146	1146	32259488	pubmed	orcs:source-family:pubmed:32259488	Jain IH (2020)	2-PMID32259488	Oxygen Exposure	Low oxygen	K-562	1	7	True	curation.comparator_and_sample_map|data.count_level_signal|labels.adjudicated_validation_event|metadata.gene_level_mapping|metadata.identifiable_drug|provenance.raw_data_family|provenance.source_family|rights.source_and_raw_data|scope.drug_exposure
orcs:2.0.18:curation-queue:v2:1480	602	2	2.0.18	2	manual_scope_review	orcs:2.0.18:screen:1480	1480	33172989	pubmed	orcs:source-family:pubmed:33172989	Zhang H (2020)	2-PMID33172989	Bacteria Exposure	Salmonella enterica serovar Typhimurium	HT-29	1	7	True	curation.comparator_and_sample_map|data.count_level_signal|labels.adjudicated_validation_event|metadata.gene_level_mapping|metadata.identifiable_drug|provenance.raw_data_family|provenance.source_family|rights.source_and_raw_data|scope.drug_exposure
orcs:2.0.18:curation-queue:v2:1912	603	2	2.0.18	2	manual_scope_review	orcs:2.0.18:screen:1912	1912	33649592	pubmed	orcs:source-family:pubmed:33649592	Frangieh CJ (2021)	3-PMID33649592	T cell exposure	TIL (Tumor Infiltrating Lymphocyte) co-culture	primary melanoma cell line	1	7	True	curation.comparator_and_sample_map|data.count_level_signal|labels.adjudicated_validation_event|metadata.gene_level_mapping|metadata.identifiable_drug|provenance.raw_data_family|provenance.source_family|rights.source_and_raw_data|scope.drug_exposure
orcs:2.0.18:curation-queue:v2:1733	604	2	2.0.18	2	manual_scope_review	orcs:2.0.18:screen:1733	1733	35050652	pubmed	orcs:source-family:pubmed:35050652	Schraivogel D (2022)	2-PMID35050652	Cytokine exposure	IFN-β (Interferon beta)	HeLa RelA-mNeonGreen	1	7	True	curation.comparator_and_sample_map|data.count_level_signal|labels.adjudicated_validation_event|metadata.gene_level_mapping|metadata.identifiable_drug|provenance.raw_data_family|provenance.source_family|rights.source_and_raw_data|scope.drug_exposure
orcs:2.0.18:curation-queue:v2:2140	605	2	2.0.18	2	manual_scope_review	orcs:2.0.18:screen:2140	2140	35688159	pubmed	orcs:source-family:pubmed:35688159	Zhang Z (2022)	2-PMID35688159	NK cell exposure	NK (activated natural killer) cells	D10	1	7	True	curation.comparator_and_sample_map|data.count_level_signal|labels.adjudicated_validation_event|metadata.gene_level_mapping|metadata.identifiable_drug|provenance.raw_data_family|provenance.source_family|rights.source_and_raw_data|scope.drug_exposure
orcs:2.0.18:curation-queue:v2:1954	606	2	2.0.18	2	manual_scope_review	orcs:2.0.18:screen:1954	1954	36548402	pubmed	orcs:source-family:pubmed:36548402	Hagel KR (2022)	2-PMID36548402	T cell exposure	CAR T cells	KP-4	1	7	True	curation.comparator_and_sample_map|data.count_level_signal|labels.adjudicated_validation_event|metadata.gene_level_mapping|metadata.identifiable_drug|provenance.raw_data_family|provenance.source_family|rights.source_and_raw_data|scope.drug_exposure
orcs:2.0.18:curation-queue:v2:150	607	2	2.0.18	2	manual_scope_review	orcs:2.0.18:screen:150	150	26472758	pubmed	orcs:source-family:pubmed:26472758	Wang T (2015)	2-PMID26472758	Timecourse		K-562	1	6	True	curation.comparator_and_sample_map|data.count_level_signal|labels.adjudicated_validation_event|metadata.gene_level_mapping|metadata.identifiable_drug|provenance.raw_data_family|provenance.source_family|rights.source_and_raw_data|scope.drug_exposure
orcs:2.0.18:curation-queue:v2:17	608	2	2.0.18	2	manual_scope_review	orcs:2.0.18:screen:17	17	26627737	pubmed	orcs:source-family:pubmed:26627737	Hart T (2015)	2-PMID26627737	Timecourse		HeLa	1	6	True	curation.comparator_and_sample_map|data.count_level_signal|labels.adjudicated_validation_event|metadata.gene_level_mapping|metadata.identifiable_drug|provenance.raw_data_family|provenance.source_family|rights.source_and_raw_data|scope.drug_exposure
orcs:2.0.18:curation-queue:v2:571	609	2	2.0.18	2	manual_scope_review	orcs:2.0.18:screen:571	571	26673326	pubmed	orcs:source-family:pubmed:26673326	Toledo CM (2015)	2-PMID26673326	Timecourse		GSC-0827	1	6	True	curation.comparator_and_sample_map|data.count_level_signal|labels.adjudicated_validation_event|metadata.gene_level_mapping|metadata.identifiable_drug|provenance.raw_data_family|provenance.source_family|rights.source_and_raw_data|scope.drug_exposure
orcs:2.0.18:curation-queue:v2:538	610	2	2.0.18	2	manual_scope_review	orcs:2.0.18:screen:538	538	27260156	pubmed	orcs:source-family:pubmed:27260156	Aguirre AJ (2016)	2-PMID27260156	Timecourse		A-673	1	6	True	curation.comparator_and_sample_map|data.count_level_signal|labels.adjudicated_validation_event|metadata.gene_level_mapping|metadata.identifiable_drug|provenance.raw_data_family|provenance.source_family|rights.source_and_raw_data|scope.drug_exposure
orcs:2.0.18:curation-queue:v2:1225	611	2	2.0.18	2	manual_scope_review	orcs:2.0.18:screen:1225	1225	27351204	pubmed	orcs:source-family:pubmed:27351204	DeJesus R (2016)	2-PMID27351204	Timecourse		H4	1	6	True	curation.comparator_and_sample_map|data.count_level_signal|labels.adjudicated_validation_event|metadata.gene_level_mapping|metadata.identifiable_drug|provenance.raw_data_family|provenance.source_family|rights.source_and_raw_data|scope.drug_exposure
orcs:2.0.18:curation-queue:v2:1204	612	2	2.0.18	2	manual_scope_review	orcs:2.0.18:screen:1204	1204	27667664	pubmed	orcs:source-family:pubmed:27667664	Arroyo JD (2016)	2-PMID27667664	Timecourse		K-562	1	6	True	curation.comparator_and_sample_map|data.count_level_signal|labels.adjudicated_validation_event|metadata.gene_level_mapping|metadata.identifiable_drug|provenance.raw_data_family|provenance.source_family|rights.source_and_raw_data|scope.drug_exposure
orcs:2.0.18:curation-queue:v2:155	613	2	2.0.18	2	manual_scope_review	orcs:2.0.18:screen:155	155	27760321	pubmed	orcs:source-family:pubmed:27760321	Tzelepis K (2016)	2-PMID27760321	Timecourse		HL-60	1	6	True	curation.comparator_and_sample_map|data.count_level_signal|labels.adjudicated_validation_event|metadata.gene_level_mapping|metadata.identifiable_drug|provenance.raw_data_family|provenance.source_family|rights.source_and_raw_data|scope.drug_exposure
orcs:2.0.18:curation-queue:v2:142	614	2	2.0.18	2	manual_scope_review	orcs:2.0.18:screen:142	142	27869803	pubmed	orcs:source-family:pubmed:27869803	Steinhart Z (2017)	2-PMID27869803	Timecourse		PaTu 8988s	1	6	True	curation.comparator_and_sample_map|data.count_level_signal|labels.adjudicated_validation_event|metadata.gene_level_mapping|metadata.identifiable_drug|provenance.raw_data_family|provenance.source_family|rights.source_and_raw_data|scope.drug_exposure
orcs:2.0.18:curation-queue:v2:67	615	2	2.0.18	2	manual_scope_review	orcs:2.0.18:screen:67	67	28162770	pubmed	orcs:source-family:pubmed:28162770	Wang T (2017)	2-PMID28162770	Timecourse		HEL	1	6	True	curation.comparator_and_sample_map|data.count_level_signal|labels.adjudicated_validation_event|metadata.gene_level_mapping|metadata.identifiable_drug|provenance.raw_data_family|provenance.source_family|rights.source_and_raw_data|scope.drug_exposure
orcs:2.0.18:curation-queue:v2:157	616	2	2.0.18	2	manual_scope_review	orcs:2.0.18:screen:157	157	28474669	pubmed	orcs:source-family:pubmed:28474669	Morgens DW (2017)	2-PMID28474669	Timecourse		Ramos	1	6	True	curation.comparator_and_sample_map|data.count_level_signal|labels.adjudicated_validation_event|metadata.gene_level_mapping|metadata.identifiable_drug|provenance.raw_data_family|provenance.source_family|rights.source_and_raw_data|scope.drug_exposure
orcs:2.0.18:curation-queue:v2:1075	617	2	2.0.18	2	manual_scope_review	orcs:2.0.18:screen:1075	1075	28700943	pubmed	orcs:source-family:pubmed:28700943	Martin TD (2017)	2-PMID28700943	Timecourse		HCT 116	1	6	True	curation.comparator_and_sample_map|data.count_level_signal|labels.adjudicated_validation_event|metadata.gene_level_mapping|metadata.identifiable_drug|provenance.raw_data_family|provenance.source_family|rights.source_and_raw_data|scope.drug_exposure
orcs:2.0.18:curation-queue:v2:586	618	2	2.0.18	2	manual_scope_review	orcs:2.0.18:screen:586	586	28877469	pubmed	orcs:source-family:pubmed:28877469	Goodwin JM (2017)	2-PMID28877469	Timecourse		H4	1	6	True	curation.comparator_and_sample_map|data.count_level_signal|labels.adjudicated_validation_event|metadata.gene_level_mapping|metadata.identifiable_drug|provenance.raw_data_family|provenance.source_family|rights.source_and_raw_data|scope.drug_exposure
orcs:2.0.18:curation-queue:v2:504	619	2	2.0.18	2	manual_scope_review	orcs:2.0.18:screen:504	504	28985567	pubmed	orcs:source-family:pubmed:28985567	Reddy A (2017)	2-PMID28985567	Timecourse		SU-DHL-4	1	6	True	curation.comparator_and_sample_map|data.count_level_signal|labels.adjudicated_validation_event|metadata.gene_level_mapping|metadata.identifiable_drug|provenance.raw_data_family|provenance.source_family|rights.source_and_raw_data|scope.drug_exposure
orcs:2.0.18:curation-queue:v2:180	620	2	2.0.18	2	manual_scope_review	orcs:2.0.18:screen:180	180	29083409	pubmed	orcs:source-family:pubmed:29083409	Meyers RM (2017)	2-PMID29083409	Timecourse		5637	1	6	True	curation.comparator_and_sample_map|data.count_level_signal|labels.adjudicated_validation_event|metadata.gene_level_mapping|metadata.identifiable_drug|provenance.raw_data_family|provenance.source_family|rights.source_and_raw_data|scope.drug_exposure
orcs:2.0.18:curation-queue:v2:1190	621	2	2.0.18	2	manual_scope_review	orcs:2.0.18:screen:1190	1190	29211708	pubmed	orcs:source-family:pubmed:29211708	Liu N (2018)	2-PMID29211708	Timecourse		HeLa	1	6	True	curation.comparator_and_sample_map|data.count_level_signal|labels.adjudicated_validation_event|metadata.gene_level_mapping|metadata.identifiable_drug|provenance.raw_data_family|provenance.source_family|rights.source_and_raw_data|scope.drug_exposure
orcs:2.0.18:curation-queue:v2:183	622	2	2.0.18	2	manual_scope_review	orcs:2.0.18:screen:183	183	29269392	pubmed	orcs:source-family:pubmed:29269392	Potting C (2018)	2-PMID29269392	Timecourse		HEK-293	1	6	True	curation.comparator_and_sample_map|data.count_level_signal|labels.adjudicated_validation_event|metadata.gene_level_mapping|metadata.identifiable_drug|provenance.raw_data_family|provenance.source_family|rights.source_and_raw_data|scope.drug_exposure
orcs:2.0.18:curation-queue:v2:640	623	2	2.0.18	2	manual_scope_review	orcs:2.0.18:screen:640	640	29526696	pubmed	orcs:source-family:pubmed:29526696	Tarumoto Y (2018)	2-PMID29526696	Timecourse		MV4-11	1	6	True	curation.comparator_and_sample_map|data.count_level_signal|labels.adjudicated_validation_event|metadata.gene_level_mapping|metadata.identifiable_drug|provenance.raw_data_family|provenance.source_family|rights.source_and_raw_data|scope.drug_exposure
orcs:2.0.18:curation-queue:v2:614	624	2	2.0.18	2	manual_scope_review	orcs:2.0.18:screen:614	614	29576454	pubmed	orcs:source-family:pubmed:29576454	Sack LM (2018)	2-PMID29576454	Timecourse		HMEC	1	6	True	curation.comparator_and_sample_map|data.count_level_signal|labels.adjudicated_validation_event|metadata.gene_level_mapping|metadata.identifiable_drug|provenance.raw_data_family|provenance.source_family|rights.source_and_raw_data|scope.drug_exposure
orcs:2.0.18:curation-queue:v2:2146	625	2	2.0.18	2	manual_scope_review	orcs:2.0.18:screen:2146	2146	29779948	pubmed	orcs:source-family:pubmed:29779948	Koren I (2018)	2-PMID29779948	Timecourse		HEK293T	1	6	True	curation.comparator_and_sample_map|data.count_level_signal|labels.adjudicated_validation_event|metadata.gene_level_mapping|metadata.identifiable_drug|provenance.raw_data_family|provenance.source_family|rights.source_and_raw_data|scope.drug_exposure
orcs:2.0.18:curation-queue:v2:2114	626	2	2.0.18	2	manual_scope_review	orcs:2.0.18:screen:2114	2114	30111820	pubmed	orcs:source-family:pubmed:30111820	Manzano M (2018)	2-PMID30111820	Timecourse		BC-2	1	6	True	curation.comparator_and_sample_map|data.count_level_signal|labels.adjudicated_validation_event|metadata.gene_level_mapping|metadata.identifiable_drug|provenance.raw_data_family|provenance.source_family|rights.source_and_raw_data|scope.drug_exposure
orcs:2.0.18:curation-queue:v2:1037	627	2	2.0.18	2	manual_scope_review	orcs:2.0.18:screen:1037	1037	30194290	pubmed	orcs:source-family:pubmed:30194290	Adhikari H (2018)	2-PMID30194290	Timecourse	KRASG12V isoform	HEK-HT	1	6	True	curation.comparator_and_sample_map|data.count_level_signal|labels.adjudicated_validation_event|metadata.gene_level_mapping|metadata.identifiable_drug|provenance.raw_data_family|provenance.source_family|rights.source_and_raw_data|scope.drug_exposure
orcs:2.0.18:curation-queue:v2:1121	628	2	2.0.18	2	manual_scope_review	orcs:2.0.18:screen:1121	1121	30397336	pubmed	orcs:source-family:pubmed:30397336	Haney MS (2018)	2-PMID30397336	Timecourse		U-937	1	6	True	curation.comparator_and_sample_map|data.count_level_signal|labels.adjudicated_validation_event|metadata.gene_level_mapping|metadata.identifiable_drug|provenance.raw_data_family|provenance.source_family|rights.source_and_raw_data|scope.drug_exposure
orcs:2.0.18:curation-queue:v2:1105	629	2	2.0.18	2	manual_scope_review	orcs:2.0.18:screen:1105	1105	30449619	pubmed	orcs:source-family:pubmed:30449619	Shifrut E (2018)	1-PMID30449619	Timecourse		CD8+ T s (primary-derived)	1	6	True	curation.comparator_and_sample_map|data.count_level_signal|labels.adjudicated_validation_event|metadata.gene_level_mapping|metadata.identifiable_drug|provenance.raw_data_family|provenance.source_family|rights.source_and_raw_data|scope.drug_exposure
orcs:2.0.18:curation-queue:v2:1389	630	2	2.0.18	2	manual_scope_review	orcs:2.0.18:screen:1389	1389	30556811	pubmed	orcs:source-family:pubmed:30556811	Lu A (2018)	2-PMID30556811	Timecourse		K-562	1	6	True	curation.comparator_and_sample_map|data.count_level_signal|labels.adjudicated_validation_event|metadata.gene_level_mapping|metadata.identifiable_drug|provenance.raw_data_family|provenance.source_family|rights.source_and_raw_data|scope.drug_exposure
orcs:2.0.18:curation-queue:v2:1112	631	2	2.0.18	2	manual_scope_review	orcs:2.0.18:screen:1112	1112	30581143	pubmed	orcs:source-family:pubmed:30581143	Leto DE (2019)	3-PMID30581143	Timecourse		K-562	1	6	True	curation.comparator_and_sample_map|data.count_level_signal|labels.adjudicated_validation_event|metadata.gene_level_mapping|metadata.identifiable_drug|provenance.raw_data_family|provenance.source_family|rights.source_and_raw_data|scope.drug_exposure
orcs:2.0.18:curation-queue:v2:2201	632	2	2.0.18	2	manual_scope_review	orcs:2.0.18:screen:2201	2201	30686591	pubmed	orcs:source-family:pubmed:30686591	Mengwasser KE (2019)	2-PMID30686591	Timecourse	Mutation: BRCA2 (ETG675) KO	PEO1	1	6	True	curation.comparator_and_sample_map|data.count_level_signal|labels.adjudicated_validation_event|metadata.gene_level_mapping|metadata.identifiable_drug|provenance.raw_data_family|provenance.source_family|rights.source_and_raw_data|scope.drug_exposure
orcs:2.0.18:curation-queue:v2:1488	633	2	2.0.18	2	manual_scope_review	orcs:2.0.18:screen:1488	1488	30838976	pubmed	orcs:source-family:pubmed:30838976	Wegner M (2019)	2-PMID30838976	Timecourse		hTERT-RPE1	1	6	True	curation.comparator_and_sample_map|data.count_level_signal|labels.adjudicated_validation_event|metadata.gene_level_mapping|metadata.identifiable_drug|provenance.raw_data_family|provenance.source_family|rights.source_and_raw_data|scope.drug_exposure
orcs:2.0.18:curation-queue:v2:692	634	2	2.0.18	2	manual_scope_review	orcs:2.0.18:screen:692	692	30971826	pubmed	orcs:source-family:pubmed:30971826	Behan FM (2019)	2-PMID30971826	Timecourse		23132/87	1	6	True	curation.comparator_and_sample_map|data.count_level_signal|labels.adjudicated_validation_event|metadata.gene_level_mapping|metadata.identifiable_drug|provenance.raw_data_family|provenance.source_family|rights.source_and_raw_data|scope.drug_exposure
orcs:2.0.18:curation-queue:v2:1812	635	2	2.0.18	2	manual_scope_review	orcs:2.0.18:screen:1812	1812	31160565	pubmed	orcs:source-family:pubmed:31160565	Bandopadhayay P (2019)	2-PMID31160565	Timecourse		D458 Med	1	6	True	curation.comparator_and_sample_map|data.count_level_signal|labels.adjudicated_validation_event|metadata.gene_level_mapping|metadata.identifiable_drug|provenance.raw_data_family|provenance.source_family|rights.source_and_raw_data|scope.drug_exposure
orcs:2.0.18:curation-queue:v2:1688	636	2	2.0.18	2	manual_scope_review	orcs:2.0.18:screen:1688	1688	31406271	pubmed	orcs:source-family:pubmed:31406271	Ehrenhöfer-Wölfer K (2019)	2-PMID31406271	Timecourse		T.T	1	6	True	curation.comparator_and_sample_map|data.count_level_signal|labels.adjudicated_validation_event|metadata.gene_level_mapping|metadata.identifiable_drug|provenance.raw_data_family|provenance.source_family|rights.source_and_raw_data|scope.drug_exposure
orcs:2.0.18:curation-queue:v2:1206	637	2	2.0.18	2	manual_scope_review	orcs:2.0.18:screen:1206	1206	31551363	pubmed	orcs:source-family:pubmed:31551363	Liang J (2020)	2-PMID31551363	Timecourse	Mutation: ATRX (ETG546) KO	PLC/PRF/5	1	6	True	curation.comparator_and_sample_map|data.count_level_signal|labels.adjudicated_validation_event|metadata.gene_level_mapping|metadata.identifiable_drug|provenance.raw_data_family|provenance.source_family|rights.source_and_raw_data|scope.drug_exposure
orcs:2.0.18:curation-queue:v2:1574	638	2	2.0.18	2	manual_scope_review	orcs:2.0.18:screen:1574	1574	31692446	pubmed	orcs:source-family:pubmed:31692446	Jia R (2019)	2-PMID31692446	Timecourse		H4	1	6	True	curation.comparator_and_sample_map|data.count_level_signal|labels.adjudicated_validation_event|metadata.gene_level_mapping|metadata.identifiable_drug|provenance.raw_data_family|provenance.source_family|rights.source_and_raw_data|scope.drug_exposure
orcs:2.0.18:curation-queue:v2:1193	639	2	2.0.18	2	manual_scope_review	orcs:2.0.18:screen:1193	1193	31727847	pubmed	orcs:source-family:pubmed:31727847	Fei T (2019)	2-PMID31727847	Timecourse		LNCaP	1	6	True	curation.comparator_and_sample_map|data.count_level_signal|labels.adjudicated_validation_event|metadata.gene_level_mapping|metadata.identifiable_drug|provenance.raw_data_family|provenance.source_family|rights.source_and_raw_data|scope.drug_exposure
orcs:2.0.18:curation-queue:v2:1577	640	2	2.0.18	2	manual_scope_review	orcs:2.0.18:screen:1577	1577	31868589	pubmed	orcs:source-family:pubmed:31868589	Hill S (2019)	2-PMID31868589	Timecourse	Mutation: UBE2R2 (ETG54926) KO	NALM-6	1	6	True	curation.comparator_and_sample_map|data.count_level_signal|labels.adjudicated_validation_event|metadata.gene_level_mapping|metadata.identifiable_drug|provenance.raw_data_family|provenance.source_family|rights.source_and_raw_data|scope.drug_exposure
orcs:2.0.18:curation-queue:v2:1933	641	2	2.0.18	2	manual_scope_review	orcs:2.0.18:screen:1933	1933	32268084	pubmed	orcs:source-family:pubmed:32268084	Drainas AP (2020)	2-PMID32268084	Timecourse	Mutation: TP53 (ETG:7157) KO	hTERT-RPE1	1	6	True	curation.comparator_and_sample_map|data.count_level_signal|labels.adjudicated_validation_event|metadata.gene_level_mapping|metadata.identifiable_drug|provenance.raw_data_family|provenance.source_family|rights.source_and_raw_data|scope.drug_exposure
orcs:2.0.18:curation-queue:v2:1698	642	2	2.0.18	2	manual_scope_review	orcs:2.0.18:screen:1698	1698	32579974	pubmed	orcs:source-family:pubmed:32579974	Ji AL (2020)	2-PMID32579974	Timecourse		CAL-27	1	6	True	curation.comparator_and_sample_map|data.count_level_signal|labels.adjudicated_validation_event|metadata.gene_level_mapping|metadata.identifiable_drug|provenance.raw_data_family|provenance.source_family|rights.source_and_raw_data|scope.drug_exposure
orcs:2.0.18:curation-queue:v2:1293	643	2	2.0.18	2	manual_scope_review	orcs:2.0.18:screen:1293	1293	32990596	pubmed	orcs:source-family:pubmed:32990596	Chai AWY (2020)	2-PMID32990596	Timecourse		ORL-115	1	6	True	curation.comparator_and_sample_map|data.count_level_signal|labels.adjudicated_validation_event|metadata.gene_level_mapping|metadata.identifiable_drug|provenance.raw_data_family|provenance.source_family|rights.source_and_raw_data|scope.drug_exposure
orcs:2.0.18:curation-queue:v2:1426	644	2	2.0.18	2	manual_scope_review	orcs:2.0.18:screen:1426	1426	33144569	pubmed	orcs:source-family:pubmed:33144569	van den Boomen DJH (2020)	2-PMID33144569	Timecourse		HeLa	1	6	True	curation.comparator_and_sample_map|data.count_level_signal|labels.adjudicated_validation_event|metadata.gene_level_mapping|metadata.identifiable_drug|provenance.raw_data_family|provenance.source_family|rights.source_and_raw_data|scope.drug_exposure
orcs:2.0.18:curation-queue:v2:2444	645	2	2.0.18	2	manual_scope_review	orcs:2.0.18:screen:2444	2444	33156908	pubmed	orcs:source-family:pubmed:33156908	Xu P (2021)	1-PMID33156908	Timecourse		HUDEP-2	1	6	True	curation.comparator_and_sample_map|data.count_level_signal|labels.adjudicated_validation_event|metadata.gene_level_mapping|metadata.identifiable_drug|provenance.raw_data_family|provenance.source_family|rights.source_and_raw_data|scope.drug_exposure
orcs:2.0.18:curation-queue:v2:1619	646	2	2.0.18	2	manual_scope_review	orcs:2.0.18:screen:1619	1619	33208877	pubmed	orcs:source-family:pubmed:33208877	Schukur L (2020)	2-PMID33208877	Timecourse		HEK293-A	1	6	True	curation.comparator_and_sample_map|data.count_level_signal|labels.adjudicated_validation_event|metadata.gene_level_mapping|metadata.identifiable_drug|provenance.raw_data_family|provenance.source_family|rights.source_and_raw_data|scope.drug_exposure
orcs:2.0.18:curation-queue:v2:1592	647	2	2.0.18	2	manual_scope_review	orcs:2.0.18:screen:1592	1592	33226137	pubmed	orcs:source-family:pubmed:33226137	Ohnstad AE (2020)	2-PMID33226137	Timecourse	Mutation: ATG3 (ETG64422) KO	K-562	1	6	True	curation.comparator_and_sample_map|data.count_level_signal|labels.adjudicated_validation_event|metadata.gene_level_mapping|metadata.identifiable_drug|provenance.raw_data_family|provenance.source_family|rights.source_and_raw_data|scope.drug_exposure
orcs:2.0.18:curation-queue:v2:1459	648	2	2.0.18	2	manual_scope_review	orcs:2.0.18:screen:1459	1459	33228647	pubmed	orcs:source-family:pubmed:33228647	Henkel L (2020)	2-PMID33228647	Timecourse		HAP-1	1	6	True	curation.comparator_and_sample_map|data.count_level_signal|labels.adjudicated_validation_event|metadata.gene_level_mapping|metadata.identifiable_drug|provenance.raw_data_family|provenance.source_family|rights.source_and_raw_data|scope.drug_exposure
orcs:2.0.18:curation-queue:v2:1769	649	2	2.0.18	2	manual_scope_review	orcs:2.0.18:screen:1769	1769	33513160	pubmed	orcs:source-family:pubmed:33513160	Emmer BT (2021)	2-PMID33513160	Timecourse	lipoprotein-depleted culture conditions	HuH-7	1	6	True	curation.comparator_and_sample_map|data.count_level_signal|labels.adjudicated_validation_event|metadata.gene_level_mapping|metadata.identifiable_drug|provenance.raw_data_family|provenance.source_family|rights.source_and_raw_data|scope.drug_exposure
orcs:2.0.18:curation-queue:v2:1996	650	2	2.0.18	2	manual_scope_review	orcs:2.0.18:screen:1996	1996	33660365	pubmed	orcs:source-family:pubmed:33660365	Benslimane Y (2021)	2-PMID33660365	Timecourse	Mutation: HAPSTR1 (TAPR1) (ETG29035) KO	NALM-6	1	6	True	curation.comparator_and_sample_map|data.count_level_signal|labels.adjudicated_validation_event|metadata.gene_level_mapping|metadata.identifiable_drug|provenance.raw_data_family|provenance.source_family|rights.source_and_raw_data|scope.drug_exposure
orcs:2.0.18:curation-queue:v2:1657	651	2	2.0.18	2	manual_scope_review	orcs:2.0.18:screen:1657	1657	34253920	pubmed	orcs:source-family:pubmed:34253920	Sheffer M (2021)	2-PMID34253920	NK cell exposure	NK (activated natural killer) cells	HCT 15	1	6	True	curation.comparator_and_sample_map|data.count_level_signal|labels.adjudicated_validation_event|metadata.gene_level_mapping|metadata.identifiable_drug|provenance.raw_data_family|provenance.source_family|rights.source_and_raw_data|scope.drug_exposure
orcs:2.0.18:curation-queue:v2:1750	652	2	2.0.18	2	manual_scope_review	orcs:2.0.18:screen:1750	1750	34686207	pubmed	orcs:source-family:pubmed:34686207	Mei H (2021)	2-PMID34686207	Timecourse		H1HeLa	1	6	True	curation.comparator_and_sample_map|data.count_level_signal|labels.adjudicated_validation_event|metadata.gene_level_mapping|metadata.identifiable_drug|provenance.raw_data_family|provenance.source_family|rights.source_and_raw_data|scope.drug_exposure
orcs:2.0.18:curation-queue:v2:1754	653	2	2.0.18	2	manual_scope_review	orcs:2.0.18:screen:1754	1754	35021089	pubmed	orcs:source-family:pubmed:35021089	Polyanskaya SA (2022)	2-PMID35021089	Timecourse		SEM	1	6	True	curation.comparator_and_sample_map|data.count_level_signal|labels.adjudicated_validation_event|metadata.gene_level_mapping|metadata.identifiable_drug|provenance.raw_data_family|provenance.source_family|rights.source_and_raw_data|scope.drug_exposure
orcs:2.0.18:curation-queue:v2:1897	654	2	2.0.18	2	manual_scope_review	orcs:2.0.18:screen:1897	1897	35149558	pubmed	orcs:source-family:pubmed:35149558	Oreskovic E (2022)	1-PMID35149558	Timecourse		HMEC	1	6	True	curation.comparator_and_sample_map|data.count_level_signal|labels.adjudicated_validation_event|metadata.gene_level_mapping|metadata.identifiable_drug|provenance.raw_data_family|provenance.source_family|rights.source_and_raw_data|scope.drug_exposure
orcs:2.0.18:curation-queue:v2:1806	655	2	2.0.18	2	manual_scope_review	orcs:2.0.18:screen:1806	1806	35231079	pubmed	orcs:source-family:pubmed:35231079	Sherman EJ (2022)	2-PMID35231079	Timecourse		HuH-7	1	6	True	curation.comparator_and_sample_map|data.count_level_signal|labels.adjudicated_validation_event|metadata.gene_level_mapping|metadata.identifiable_drug|provenance.raw_data_family|provenance.source_family|rights.source_and_raw_data|scope.drug_exposure
orcs:2.0.18:curation-queue:v2:1846	656	2	2.0.18	2	manual_scope_review	orcs:2.0.18:screen:1846	1846	35559673	pubmed	orcs:source-family:pubmed:35559673	Feng X (2022)	2-PMID35559673	Timecourse	Mutation: BAP1 (ETG8314) KO	HEK293-A	1	6	True	curation.comparator_and_sample_map|data.count_level_signal|labels.adjudicated_validation_event|metadata.gene_level_mapping|metadata.identifiable_drug|provenance.raw_data_family|provenance.source_family|rights.source_and_raw_data|scope.drug_exposure
orcs:2.0.18:curation-queue:v2:2051	657	2	2.0.18	2	manual_scope_review	orcs:2.0.18:screen:2051	2051	35723366	pubmed	orcs:source-family:pubmed:35723366	Kawabata A (2022)	2-PMID35723366	Timecourse		JHOC-5	1	6	True	curation.comparator_and_sample_map|data.count_level_signal|labels.adjudicated_validation_event|metadata.gene_level_mapping|metadata.identifiable_drug|provenance.raw_data_family|provenance.source_family|rights.source_and_raw_data|scope.drug_exposure
orcs:2.0.18:curation-queue:v2:2062	658	2	2.0.18	2	manual_scope_review	orcs:2.0.18:screen:2062	2062	36597481	pubmed	orcs:source-family:pubmed:36597481	Chan K (2022)	2-PMID36597481	Timecourse		HEK293-ACE2-TMPRSS2	1	6	True	curation.comparator_and_sample_map|data.count_level_signal|labels.adjudicated_validation_event|metadata.gene_level_mapping|metadata.identifiable_drug|provenance.raw_data_family|provenance.source_family|rights.source_and_raw_data|scope.drug_exposure
orcs:2.0.18:curation-queue:v2:2057	659	2	2.0.18	2	manual_scope_review	orcs:2.0.18:screen:2057	2057	37435859	pubmed	orcs:source-family:pubmed:37435859	Alborzinia H (2023)	4-PMID37435859	Timecourse	LRP8-Knockout (LRP8-KO)	HT-1080	1	6	True	curation.comparator_and_sample_map|data.count_level_signal|labels.adjudicated_validation_event|metadata.gene_level_mapping|metadata.identifiable_drug|provenance.raw_data_family|provenance.source_family|rights.source_and_raw_data|scope.drug_exposure
orcs:2.0.18:curation-queue:v2:2085	660	2	2.0.18	2	manual_scope_review	orcs:2.0.18:screen:2085	2085	37616343	pubmed	orcs:source-family:pubmed:37616343	Gu X (2023)	2-PMID37616343	Timecourse		HEK293T	1	6	True	curation.comparator_and_sample_map|data.count_level_signal|labels.adjudicated_validation_event|metadata.gene_level_mapping|metadata.identifiable_drug|provenance.raw_data_family|provenance.source_family|rights.source_and_raw_data|scope.drug_exposure
orcs:2.0.18:curation-queue:v2:2087	661	2	2.0.18	2	manual_scope_review	orcs:2.0.18:screen:2087	2087	37866880	pubmed	orcs:source-family:pubmed:37866880	Baxter JS (2023)	2-PMID37866880	Timecourse	Mutation: FBXW7 (ETG55294) del	MCF-10A	1	6	True	curation.comparator_and_sample_map|data.count_level_signal|labels.adjudicated_validation_event|metadata.gene_level_mapping|metadata.identifiable_drug|provenance.raw_data_family|provenance.source_family|rights.source_and_raw_data|scope.drug_exposure
orcs:2.0.18:curation-queue:v2:2486	662	2	2.0.18	2	manual_scope_review	orcs:2.0.18:screen:2486	2486	37883554	pubmed	orcs:source-family:pubmed:37883554	Lin L (2023)	2-PMID37883554	Timecourse		Organoid: primary cell derived small intestinal organoid line	1	6	True	curation.comparator_and_sample_map|data.count_level_signal|labels.adjudicated_validation_event|metadata.gene_level_mapping|metadata.identifiable_drug|provenance.raw_data_family|provenance.source_family|rights.source_and_raw_data|scope.drug_exposure
orcs:2.0.18:curation-queue:v2:1988	663	2	2.0.18	2	manual_scope_review	orcs:2.0.18:screen:1988	1988	10.1101/2023.01.23.525275	prepub	orcs:source-family:prepub:10.1101/2023.01.23.525275	Wei LH (2023)	2-CUSTOM00000022	Timecourse		HEK293T	1	6	True	curation.comparator_and_sample_map|data.count_level_signal|labels.adjudicated_validation_event|metadata.gene_level_mapping|metadata.identifiable_drug|provenance.raw_data_family|provenance.source_family|rights.source_and_raw_data|scope.drug_exposure
orcs:2.0.18:curation-queue:v2:1042	664	2	2.0.18	2	manual_scope_review	orcs:2.0.18:screen:1042	1042	31365872	pubmed	orcs:source-family:pubmed:31365872	Jiang C (2019)	2-PMID31365872	Ligand Exposure	Mega CD40L	Daudi	1	6	False	curation.comparator_and_sample_map|data.count_level_signal|labels.adjudicated_validation_event|metadata.gene_level_mapping|metadata.identifiable_drug|provenance.raw_data_family|provenance.source_family|rights.source_and_raw_data|scope.drug_exposure
orcs:2.0.18:curation-queue:v2:169	665	2	2.0.18	2	manual_scope_review	orcs:2.0.18:screen:169	169	27453484	pubmed	orcs:source-family:pubmed:27453484	Blondel CJ (2016)	2-PMID27453484	Toxin Exposure	V. parahaemolyticus with active T3SS1	HT-29	1	5	False	curation.comparator_and_sample_map|data.count_level_signal|labels.adjudicated_validation_event|metadata.gene_level_mapping|metadata.identifiable_drug|provenance.raw_data_family|provenance.source_family|rights.source_and_raw_data|scope.drug_exposure
orcs:2.0.18:curation-queue:v2:65	666	2	2.0.18	2	manual_scope_review	orcs:2.0.18:screen:65	65	28494239	pubmed	orcs:source-family:pubmed:28494239	Ma Y (2017)	1-PMID28494239	Timecourse		P3HR-1	1	5	False	curation.comparator_and_sample_map|data.count_level_signal|labels.adjudicated_validation_event|metadata.gene_level_mapping|metadata.identifiable_drug|provenance.raw_data_family|provenance.source_family|rights.source_and_raw_data|scope.drug_exposure
orcs:2.0.18:curation-queue:v2:627	667	2	2.0.18	2	manual_scope_review	orcs:2.0.18:screen:627	627	28783722	pubmed	orcs:source-family:pubmed:28783722	Patel SJ (2017)	2-PMID28783722	Timecourse		624-mel	1	5	False	curation.comparator_and_sample_map|data.count_level_signal|labels.adjudicated_validation_event|metadata.gene_level_mapping|metadata.identifiable_drug|provenance.raw_data_family|provenance.source_family|rights.source_and_raw_data|scope.drug_exposure
orcs:2.0.18:curation-queue:v2:1217	668	2	2.0.18	2	manual_scope_review	orcs:2.0.18:screen:1217	1217	30860482	pubmed	orcs:source-family:pubmed:30860482	Hong AL (2019)	2-PMID30860482	Timecourse		CLF_PEDS0005_T2A	1	5	False	curation.comparator_and_sample_map|data.count_level_signal|labels.adjudicated_validation_event|metadata.gene_level_mapping|metadata.identifiable_drug|provenance.raw_data_family|provenance.source_family|rights.source_and_raw_data|scope.drug_exposure
orcs:2.0.18:curation-queue:v2:1033	669	2	2.0.18	2	manual_scope_review	orcs:2.0.18:screen:1033	1033	31316073	pubmed	orcs:source-family:pubmed:31316073	Liu J (2019)	2-PMID31316073	Timecourse		K-562	1	5	False	curation.comparator_and_sample_map|data.count_level_signal|labels.adjudicated_validation_event|metadata.gene_level_mapping|metadata.identifiable_drug|provenance.raw_data_family|provenance.source_family|rights.source_and_raw_data|scope.drug_exposure
orcs:2.0.18:curation-queue:v2:2363	670	2	2.0.18	2	manual_scope_review	orcs:2.0.18:screen:2363	2363	31558468	pubmed	orcs:source-family:pubmed:31558468	Panea RI (2019)	2-PMID31558468	Timecourse		BL-41	1	5	False	curation.comparator_and_sample_map|data.count_level_signal|labels.adjudicated_validation_event|metadata.gene_level_mapping|metadata.identifiable_drug|provenance.raw_data_family|provenance.source_family|rights.source_and_raw_data|scope.drug_exposure
orcs:2.0.18:curation-queue:v2:1467	671	2	2.0.18	2	manual_scope_review	orcs:2.0.18:screen:1467	1467	31564637	pubmed	orcs:source-family:pubmed:31564637	Burr ML (2019)	2-PMID31564637	Timecourse		K-562	1	5	False	curation.comparator_and_sample_map|data.count_level_signal|labels.adjudicated_validation_event|metadata.gene_level_mapping|metadata.identifiable_drug|provenance.raw_data_family|provenance.source_family|rights.source_and_raw_data|scope.drug_exposure
orcs:2.0.18:curation-queue:v2:1374	672	2	2.0.18	2	manual_scope_review	orcs:2.0.18:screen:1374	1374	31587919	pubmed	orcs:source-family:pubmed:31587919	Cheng W (2019)	2-PMID31587919	Timecourse		hTERT-RPE1	1	5	False	curation.comparator_and_sample_map|data.count_level_signal|labels.adjudicated_validation_event|metadata.gene_level_mapping|metadata.identifiable_drug|provenance.raw_data_family|provenance.source_family|rights.source_and_raw_data|scope.drug_exposure
orcs:2.0.18:curation-queue:v2:1428	673	2	2.0.18	2	manual_scope_review	orcs:2.0.18:screen:1428	1428	32315601	pubmed	orcs:source-family:pubmed:32315601	Guo R (2020)	2-PMID32315601	Timecourse		P3HR-1	1	5	False	curation.comparator_and_sample_map|data.count_level_signal|labels.adjudicated_validation_event|metadata.gene_level_mapping|metadata.identifiable_drug|provenance.raw_data_family|provenance.source_family|rights.source_and_raw_data|scope.drug_exposure
orcs:2.0.18:curation-queue:v2:2371	674	2	2.0.18	2	manual_scope_review	orcs:2.0.18:screen:2371	2371	32424339	pubmed	orcs:source-family:pubmed:32424339	Guo R (2020)	2-PMID32424339	Timecourse		Mutu-1	1	5	False	curation.comparator_and_sample_map|data.count_level_signal|labels.adjudicated_validation_event|metadata.gene_level_mapping|metadata.identifiable_drug|provenance.raw_data_family|provenance.source_family|rights.source_and_raw_data|scope.drug_exposure
orcs:2.0.18:curation-queue:v2:1589	675	2	2.0.18	2	manual_scope_review	orcs:2.0.18:screen:1589	1589	33547076	pubmed	orcs:source-family:pubmed:33547076	Koduri V (2021)	2-PMID33547076	Timecourse		Jurkat	1	5	False	curation.comparator_and_sample_map|data.count_level_signal|labels.adjudicated_validation_event|metadata.gene_level_mapping|metadata.identifiable_drug|provenance.raw_data_family|provenance.source_family|rights.source_and_raw_data|scope.drug_exposure
orcs:2.0.18:curation-queue:v2:1564	676	2	2.0.18	2	manual_scope_review	orcs:2.0.18:screen:1564	1564	33854235	pubmed	orcs:source-family:pubmed:33854235	Simoneschi D (2021)	1-PMID33854235	Timecourse		HCT 116	1	5	False	curation.comparator_and_sample_map|data.count_level_signal|labels.adjudicated_validation_event|metadata.gene_level_mapping|metadata.identifiable_drug|provenance.raw_data_family|provenance.source_family|rights.source_and_raw_data|scope.drug_exposure
orcs:2.0.18:curation-queue:v2:1907	677	2	2.0.18	2	manual_scope_review	orcs:2.0.18:screen:1907	1907	33864166	pubmed	orcs:source-family:pubmed:33864166	Chen M (2021)	2-PMID33864166	Implantation to Mouse Model		MDA-MB-231	2	5	False	curation.comparator_and_sample_map|data.count_level_signal|labels.adjudicated_validation_event|metadata.gene_level_mapping|metadata.identifiable_drug|provenance.raw_data_family|provenance.source_family|rights.source_and_raw_data|scope.drug_exposure|scope.pooled_format
orcs:2.0.18:curation-queue:v2:1661	678	2	2.0.18	2	manual_scope_review	orcs:2.0.18:screen:1661	1661	34621019	pubmed	orcs:source-family:pubmed:34621019	Gao S (2021)	2-PMID34621019	Timecourse		POP92	1	5	False	curation.comparator_and_sample_map|data.count_level_signal|labels.adjudicated_validation_event|metadata.gene_level_mapping|metadata.identifiable_drug|provenance.raw_data_family|provenance.source_family|rights.source_and_raw_data|scope.drug_exposure
orcs:2.0.18:curation-queue:v2:1958	679	2	2.0.18	2	manual_scope_review	orcs:2.0.18:screen:1958	1958	36134452	pubmed	orcs:source-family:pubmed:36134452	Lalonde ME (2023)	2-PMID36134452	Timecourse		NALM-6	1	5	False	curation.comparator_and_sample_map|data.count_level_signal|labels.adjudicated_validation_event|metadata.gene_level_mapping|metadata.identifiable_drug|provenance.raw_data_family|provenance.source_family|rights.source_and_raw_data|scope.drug_exposure
orcs:2.0.18:curation-queue:v2:2001	680	2	2.0.18	2	manual_scope_review	orcs:2.0.18:screen:2001	2001	36724073	pubmed	orcs:source-family:pubmed:36724073	Yang J (2023)	2-PMID36724073	Timecourse	Mutation: SPPL3 (ETG121665) KO	MEC	1	5	False	curation.comparator_and_sample_map|data.count_level_signal|labels.adjudicated_validation_event|metadata.gene_level_mapping|metadata.identifiable_drug|provenance.raw_data_family|provenance.source_family|rights.source_and_raw_data|scope.drug_exposure
orcs:2.0.18:curation-queue:v2:2458	681	2	2.0.18	2	manual_scope_review	orcs:2.0.18:screen:2458	2458	36725334	pubmed	orcs:source-family:pubmed:36725334	Essletzbichler P (2023)	2-PMID36725334	Timecourse		THP-1	1	5	False	curation.comparator_and_sample_map|data.count_level_signal|labels.adjudicated_validation_event|metadata.gene_level_mapping|metadata.identifiable_drug|provenance.raw_data_family|provenance.source_family|rights.source_and_raw_data|scope.drug_exposure
orcs:2.0.18:curation-queue:v2:2484	682	2	2.0.18	2	manual_scope_review	orcs:2.0.18:screen:2484	2484	37758944	pubmed	orcs:source-family:pubmed:37758944	Meng X (2023)	2-PMID37758944	Timecourse		Organoid: CAG::Cas9;Dlxi1/2b::eGFP hiPS cell line	1	5	False	curation.comparator_and_sample_map|data.count_level_signal|labels.adjudicated_validation_event|metadata.gene_level_mapping|metadata.identifiable_drug|provenance.raw_data_family|provenance.source_family|rights.source_and_raw_data|scope.drug_exposure
orcs:2.0.18:curation-queue:v2:176	683	3	2.0.18	2	manual_scope_review	orcs:2.0.18:screen:176	176	28215525	pubmed	orcs:source-family:pubmed:28215525	Riba A (2017)	5-PMID28215525	Ligand Exposure	Interleukin-1 β	HEK-293	1	7	True	curation.comparator_and_sample_map|data.count_level_signal|labels.adjudicated_validation_event|metadata.gene_level_mapping|metadata.identifiable_drug|provenance.raw_data_family|provenance.source_family|rights.source_and_raw_data|scope.drug_exposure
orcs:2.0.18:curation-queue:v2:1083	684	3	2.0.18	2	manual_scope_review	orcs:2.0.18:screen:1083	1083	31921143	pubmed	orcs:source-family:pubmed:31921143	Zhuang X (2019)	3-PMID31921143	NK cell exposure	IL-2-activated NK cells	K-562	1	7	True	curation.comparator_and_sample_map|data.count_level_signal|labels.adjudicated_validation_event|metadata.gene_level_mapping|metadata.identifiable_drug|provenance.raw_data_family|provenance.source_family|rights.source_and_raw_data|scope.drug_exposure
orcs:2.0.18:curation-queue:v2:1913	685	3	2.0.18	2	manual_scope_review	orcs:2.0.18:screen:1913	1913	33649592	pubmed	orcs:source-family:pubmed:33649592	Frangieh CJ (2021)	4-PMID33649592	T cell exposure	TIL (Tumor Infiltrating Lymphocyte) co-culture	primary melanoma cell line	1	7	True	curation.comparator_and_sample_map|data.count_level_signal|labels.adjudicated_validation_event|metadata.gene_level_mapping|metadata.identifiable_drug|provenance.raw_data_family|provenance.source_family|rights.source_and_raw_data|scope.drug_exposure
orcs:2.0.18:curation-queue:v2:103	686	3	2.0.18	2	manual_scope_review	orcs:2.0.18:screen:103	103	24336569	pubmed	orcs:source-family:pubmed:24336569	Wang T (2014)	3-PMID24336569	Timecourse		KBM-7	1	6	True	curation.comparator_and_sample_map|data.count_level_signal|labels.adjudicated_validation_event|metadata.gene_level_mapping|metadata.identifiable_drug|provenance.raw_data_family|provenance.source_family|rights.source_and_raw_data|scope.drug_exposure
orcs:2.0.18:curation-queue:v2:151	687	3	2.0.18	2	manual_scope_review	orcs:2.0.18:screen:151	151	26472758	pubmed	orcs:source-family:pubmed:26472758	Wang T (2015)	3-PMID26472758	Timecourse		Jiyoye	1	6	True	curation.comparator_and_sample_map|data.count_level_signal|labels.adjudicated_validation_event|metadata.gene_level_mapping|metadata.identifiable_drug|provenance.raw_data_family|provenance.source_family|rights.source_and_raw_data|scope.drug_exposure
orcs:2.0.18:curation-queue:v2:27	688	3	2.0.18	2	manual_scope_review	orcs:2.0.18:screen:27	27	26627737	pubmed	orcs:source-family:pubmed:26627737	Hart T (2015)	3-PMID26627737	Timecourse		143B	1	6	True	curation.comparator_and_sample_map|data.count_level_signal|labels.adjudicated_validation_event|metadata.gene_level_mapping|metadata.identifiable_drug|provenance.raw_data_family|provenance.source_family|rights.source_and_raw_data|scope.drug_exposure
orcs:2.0.18:curation-queue:v2:572	689	3	2.0.18	2	manual_scope_review	orcs:2.0.18:screen:572	572	26673326	pubmed	orcs:source-family:pubmed:26673326	Toledo CM (2015)	3-PMID26673326	Timecourse		NSC-CB660	1	6	True	curation.comparator_and_sample_map|data.count_level_signal|labels.adjudicated_validation_event|metadata.gene_level_mapping|metadata.identifiable_drug|provenance.raw_data_family|provenance.source_family|rights.source_and_raw_data|scope.drug_exposure
orcs:2.0.18:curation-queue:v2:539	690	3	2.0.18	2	manual_scope_review	orcs:2.0.18:screen:539	539	27260156	pubmed	orcs:source-family:pubmed:27260156	Aguirre AJ (2016)	3-PMID27260156	Timecourse		BxPC-3	1	6	True	curation.comparator_and_sample_map|data.count_level_signal|labels.adjudicated_validation_event|metadata.gene_level_mapping|metadata.identifiable_drug|provenance.raw_data_family|provenance.source_family|rights.source_and_raw_data|scope.drug_exposure
orcs:2.0.18:curation-queue:v2:156	691	3	2.0.18	2	manual_scope_review	orcs:2.0.18:screen:156	156	27760321	pubmed	orcs:source-family:pubmed:27760321	Tzelepis K (2016)	3-PMID27760321	Timecourse		HT-1080	1	6	True	curation.comparator_and_sample_map|data.count_level_signal|labels.adjudicated_validation_event|metadata.gene_level_mapping|metadata.identifiable_drug|provenance.raw_data_family|provenance.source_family|rights.source_and_raw_data|scope.drug_exposure
orcs:2.0.18:curation-queue:v2:143	692	3	2.0.18	2	manual_scope_review	orcs:2.0.18:screen:143	143	27869803	pubmed	orcs:source-family:pubmed:27869803	Steinhart Z (2017)	3-PMID27869803	Timecourse		AsPC-1	1	6	True	curation.comparator_and_sample_map|data.count_level_signal|labels.adjudicated_validation_event|metadata.gene_level_mapping|metadata.identifiable_drug|provenance.raw_data_family|provenance.source_family|rights.source_and_raw_data|scope.drug_exposure
orcs:2.0.18:curation-queue:v2:68	693	3	2.0.18	2	manual_scope_review	orcs:2.0.18:screen:68	68	28162770	pubmed	orcs:source-family:pubmed:28162770	Wang T (2017)	3-PMID28162770	Timecourse		MOLM-13	1	6	True	curation.comparator_and_sample_map|data.count_level_signal|labels.adjudicated_validation_event|metadata.gene_level_mapping|metadata.identifiable_drug|provenance.raw_data_family|provenance.source_family|rights.source_and_raw_data|scope.drug_exposure
orcs:2.0.18:curation-queue:v2:158	694	3	2.0.18	2	manual_scope_review	orcs:2.0.18:screen:158	158	28474669	pubmed	orcs:source-family:pubmed:28474669	Morgens DW (2017)	3-PMID28474669	Timecourse		K-562	1	6	True	curation.comparator_and_sample_map|data.count_level_signal|labels.adjudicated_validation_event|metadata.gene_level_mapping|metadata.identifiable_drug|provenance.raw_data_family|provenance.source_family|rights.source_and_raw_data|scope.drug_exposure
orcs:2.0.18:curation-queue:v2:1076	695	3	2.0.18	2	manual_scope_review	orcs:2.0.18:screen:1076	1076	28700943	pubmed	orcs:source-family:pubmed:28700943	Martin TD (2017)	3-PMID28700943	Timecourse		LS513	1	6	True	curation.comparator_and_sample_map|data.count_level_signal|labels.adjudicated_validation_event|metadata.gene_level_mapping|metadata.identifiable_drug|provenance.raw_data_family|provenance.source_family|rights.source_and_raw_data|scope.drug_exposure
orcs:2.0.18:curation-queue:v2:587	696	3	2.0.18	2	manual_scope_review	orcs:2.0.18:screen:587	587	28877469	pubmed	orcs:source-family:pubmed:28877469	Goodwin JM (2017)	3-PMID28877469	Timecourse		H4	1	6	True	curation.comparator_and_sample_map|data.count_level_signal|labels.adjudicated_validation_event|metadata.gene_level_mapping|metadata.identifiable_drug|provenance.raw_data_family|provenance.source_family|rights.source_and_raw_data|scope.drug_exposure
orcs:2.0.18:curation-queue:v2:505	697	3	2.0.18	2	manual_scope_review	orcs:2.0.18:screen:505	505	28985567	pubmed	orcs:source-family:pubmed:28985567	Reddy A (2017)	3-PMID28985567	Timecourse		Pfeiffer	1	6	True	curation.comparator_and_sample_map|data.count_level_signal|labels.adjudicated_validation_event|metadata.gene_level_mapping|metadata.identifiable_drug|provenance.raw_data_family|provenance.source_family|rights.source_and_raw_data|scope.drug_exposure
orcs:2.0.18:curation-queue:v2:181	698	3	2.0.18	2	manual_scope_review	orcs:2.0.18:screen:181	181	29083409	pubmed	orcs:source-family:pubmed:29083409	Meyers RM (2017)	3-PMID29083409	Timecourse		8305C	1	6	True	curation.comparator_and_sample_map|data.count_level_signal|labels.adjudicated_validation_event|metadata.gene_level_mapping|metadata.identifiable_drug|provenance.raw_data_family|provenance.source_family|rights.source_and_raw_data|scope.drug_exposure
orcs:2.0.18:curation-queue:v2:641	699	3	2.0.18	2	manual_scope_review	orcs:2.0.18:screen:641	641	29526696	pubmed	orcs:source-family:pubmed:29526696	Tarumoto Y (2018)	3-PMID29526696	Timecourse		NOMO-1	1	6	True	curation.comparator_and_sample_map|data.count_level_signal|labels.adjudicated_validation_event|metadata.gene_level_mapping|metadata.identifiable_drug|provenance.raw_data_family|provenance.source_family|rights.source_and_raw_data|scope.drug_exposure
orcs:2.0.18:curation-queue:v2:2147	700	3	2.0.18	2	manual_scope_review	orcs:2.0.18:screen:2147	2147	29779948	pubmed	orcs:source-family:pubmed:29779948	Koren I (2018)	3-PMID29779948	Timecourse		HEK293T	1	6	True	curation.comparator_and_sample_map|data.count_level_signal|labels.adjudicated_validation_event|metadata.gene_level_mapping|metadata.identifiable_drug|provenance.raw_data_family|provenance.source_family|rights.source_and_raw_data|scope.drug_exposure
orcs:2.0.18:curation-queue:v2:1048	701	3	2.0.18	2	manual_scope_review	orcs:2.0.18:screen:1048	1048	29987050	pubmed	orcs:source-family:pubmed:29987050	Xiao T (2018)	1-PMID29987050	Timecourse		T-47D	1	6	True	curation.comparator_and_sample_map|data.count_level_signal|labels.adjudicated_validation_event|metadata.gene_level_mapping|metadata.identifiable_drug|provenance.raw_data_family|provenance.source_family|rights.source_and_raw_data|scope.drug_exposure
orcs:2.0.18:curation-queue:v2:2115	702	3	2.0.18	2	manual_scope_review	orcs:2.0.18:screen:2115	2115	30111820	pubmed	orcs:source-family:pubmed:30111820	Manzano M (2018)	3-PMID30111820	Timecourse		BC-3	1	6	True	curation.comparator_and_sample_map|data.count_level_signal|labels.adjudicated_validation_event|metadata.gene_level_mapping|metadata.identifiable_drug|provenance.raw_data_family|provenance.source_family|rights.source_and_raw_data|scope.drug_exposure
orcs:2.0.18:curation-queue:v2:1039	703	3	2.0.18	2	manual_scope_review	orcs:2.0.18:screen:1039	1039	30194290	pubmed	orcs:source-family:pubmed:30194290	Adhikari H (2018)	3-PMID30194290	Timecourse	NRASG12V isoform	HEK-HT	1	6	True	curation.comparator_and_sample_map|data.count_level_signal|labels.adjudicated_validation_event|metadata.gene_level_mapping|metadata.identifiable_drug|provenance.raw_data_family|provenance.source_family|rights.source_and_raw_data|scope.drug_exposure
orcs:2.0.18:curation-queue:v2:1123	704	3	2.0.18	2	manual_scope_review	orcs:2.0.18:screen:1123	1123	30397336	pubmed	orcs:source-family:pubmed:30397336	Haney MS (2018)	5-PMID30397336	Timecourse		U-937	1	6	True	curation.comparator_and_sample_map|data.count_level_signal|labels.adjudicated_validation_event|metadata.gene_level_mapping|metadata.identifiable_drug|provenance.raw_data_family|provenance.source_family|rights.source_and_raw_data|scope.drug_exposure
orcs:2.0.18:curation-queue:v2:1107	705	3	2.0.18	2	manual_scope_review	orcs:2.0.18:screen:1107	1107	30449619	pubmed	orcs:source-family:pubmed:30449619	Shifrut E (2018)	2-PMID30449619	Timecourse		CD8+ T s (primary-derived)	1	6	True	curation.comparator_and_sample_map|data.count_level_signal|labels.adjudicated_validation_event|metadata.gene_level_mapping|metadata.identifiable_drug|provenance.raw_data_family|provenance.source_family|rights.source_and_raw_data|scope.drug_exposure
orcs:2.0.18:curation-queue:v2:1113	706	3	2.0.18	2	manual_scope_review	orcs:2.0.18:screen:1113	1113	30581143	pubmed	orcs:source-family:pubmed:30581143	Leto DE (2019)	4-PMID30581143	Timecourse		K-562	1	6	True	curation.comparator_and_sample_map|data.count_level_signal|labels.adjudicated_validation_event|metadata.gene_level_mapping|metadata.identifiable_drug|provenance.raw_data_family|provenance.source_family|rights.source_and_raw_data|scope.drug_exposure
orcs:2.0.18:curation-queue:v2:693	707	3	2.0.18	2	manual_scope_review	orcs:2.0.18:screen:693	693	30971826	pubmed	orcs:source-family:pubmed:30971826	Behan FM (2019)	3-PMID30971826	Timecourse		42-MG-BA	1	6	True	curation.comparator_and_sample_map|data.count_level_signal|labels.adjudicated_validation_event|metadata.gene_level_mapping|metadata.identifiable_drug|provenance.raw_data_family|provenance.source_family|rights.source_and_raw_data|scope.drug_exposure
orcs:2.0.18:curation-queue:v2:1813	708	3	2.0.18	2	manual_scope_review	orcs:2.0.18:screen:1813	1813	31160565	pubmed	orcs:source-family:pubmed:31160565	Bandopadhayay P (2019)	3-PMID31160565	Timecourse		D341 Med	1	6	True	curation.comparator_and_sample_map|data.count_level_signal|labels.adjudicated_validation_event|metadata.gene_level_mapping|metadata.identifiable_drug|provenance.raw_data_family|provenance.source_family|rights.source_and_raw_data|scope.drug_exposure
orcs:2.0.18:curation-queue:v2:1689	709	3	2.0.18	2	manual_scope_review	orcs:2.0.18:screen:1689	1689	31406271	pubmed	orcs:source-family:pubmed:31406271	Ehrenhöfer-Wölfer K (2019)	3-PMID31406271	Timecourse		KYSE-30	1	6	True	curation.comparator_and_sample_map|data.count_level_signal|labels.adjudicated_validation_event|metadata.gene_level_mapping|metadata.identifiable_drug|provenance.raw_data_family|provenance.source_family|rights.source_and_raw_data|scope.drug_exposure
orcs:2.0.18:curation-queue:v2:1575	710	3	2.0.18	2	manual_scope_review	orcs:2.0.18:screen:1575	1575	31692446	pubmed	orcs:source-family:pubmed:31692446	Jia R (2019)	3-PMID31692446	Timecourse		H4	1	6	True	curation.comparator_and_sample_map|data.count_level_signal|labels.adjudicated_validation_event|metadata.gene_level_mapping|metadata.identifiable_drug|provenance.raw_data_family|provenance.source_family|rights.source_and_raw_data|scope.drug_exposure
orcs:2.0.18:curation-queue:v2:1163	711	3	2.0.18	2	manual_scope_review	orcs:2.0.18:screen:1163	1163	31801065	pubmed	orcs:source-family:pubmed:31801065	Hyrina A (2019)	1-PMID31801065	Timecourse		HepG2-NTCP1 HBV Cas9	1	6	True	curation.comparator_and_sample_map|data.count_level_signal|labels.adjudicated_validation_event|metadata.gene_level_mapping|metadata.identifiable_drug|provenance.raw_data_family|provenance.source_family|rights.source_and_raw_data|scope.drug_exposure
orcs:2.0.18:curation-queue:v2:1578	712	3	2.0.18	2	manual_scope_review	orcs:2.0.18:screen:1578	1578	31868589	pubmed	orcs:source-family:pubmed:31868589	Hill S (2019)	3-PMID31868589	Timecourse	Mutation: UBE2R2 (ETG54926) KO	NALM-6	1	6	True	curation.comparator_and_sample_map|data.count_level_signal|labels.adjudicated_validation_event|metadata.gene_level_mapping|metadata.identifiable_drug|provenance.raw_data_family|provenance.source_family|rights.source_and_raw_data|scope.drug_exposure
orcs:2.0.18:curation-queue:v2:1238	713	3	2.0.18	2	manual_scope_review	orcs:2.0.18:screen:1238	1238	32238925	pubmed	orcs:source-family:pubmed:32238925	Han K (2020)	1-PMID32238925	Timecourse		NCI-H23	1	6	True	curation.comparator_and_sample_map|data.count_level_signal|labels.adjudicated_validation_event|metadata.gene_level_mapping|metadata.identifiable_drug|provenance.raw_data_family|provenance.source_family|rights.source_and_raw_data|scope.drug_exposure
orcs:2.0.18:curation-queue:v2:1934	714	3	2.0.18	2	manual_scope_review	orcs:2.0.18:screen:1934	1934	32268084	pubmed	orcs:source-family:pubmed:32268084	Drainas AP (2020)	3-PMID32268084	Timecourse	3D spheroid growth	hTERT-RPE1	1	6	True	curation.comparator_and_sample_map|data.count_level_signal|labels.adjudicated_validation_event|metadata.gene_level_mapping|metadata.identifiable_drug|provenance.raw_data_family|provenance.source_family|rights.source_and_raw_data|scope.drug_exposure
orcs:2.0.18:curation-queue:v2:1699	715	3	2.0.18	2	manual_scope_review	orcs:2.0.18:screen:1699	1699	32579974	pubmed	orcs:source-family:pubmed:32579974	Ji AL (2020)	3-PMID32579974	Implantation to Mouse Model		A-431	2	6	True	curation.comparator_and_sample_map|data.count_level_signal|labels.adjudicated_validation_event|metadata.gene_level_mapping|metadata.identifiable_drug|provenance.raw_data_family|provenance.source_family|rights.source_and_raw_data|scope.drug_exposure|scope.pooled_format
orcs:2.0.18:curation-queue:v2:1294	716	3	2.0.18	2	manual_scope_review	orcs:2.0.18:screen:1294	1294	32990596	pubmed	orcs:source-family:pubmed:32990596	Chai AWY (2020)	3-PMID32990596	Timecourse		ORL-136	1	6	True	curation.comparator_and_sample_map|data.count_level_signal|labels.adjudicated_validation_event|metadata.gene_level_mapping|metadata.identifiable_drug|provenance.raw_data_family|provenance.source_family|rights.source_and_raw_data|scope.drug_exposure
orcs:2.0.18:curation-queue:v2:1593	717	3	2.0.18	2	manual_scope_review	orcs:2.0.18:screen:1593	1593	33226137	pubmed	orcs:source-family:pubmed:33226137	Ohnstad AE (2020)	3-PMID33226137	Timecourse	Mutation: ATG10 (ETG83734) KO	K-562	1	6	True	curation.comparator_and_sample_map|data.count_level_signal|labels.adjudicated_validation_event|metadata.gene_level_mapping|metadata.identifiable_drug|provenance.raw_data_family|provenance.source_family|rights.source_and_raw_data|scope.drug_exposure
orcs:2.0.18:curation-queue:v2:1770	718	3	2.0.18	2	manual_scope_review	orcs:2.0.18:screen:1770	1770	33513160	pubmed	orcs:source-family:pubmed:33513160	Emmer BT (2021)	3-PMID33513160	Timecourse	lipoprotein-rich culture conditions	HuH-7	1	6	True	curation.comparator_and_sample_map|data.count_level_signal|labels.adjudicated_validation_event|metadata.gene_level_mapping|metadata.identifiable_drug|provenance.raw_data_family|provenance.source_family|rights.source_and_raw_data|scope.drug_exposure
orcs:2.0.18:curation-queue:v2:1658	719	3	2.0.18	2	manual_scope_review	orcs:2.0.18:screen:1658	1658	34253920	pubmed	orcs:source-family:pubmed:34253920	Sheffer M (2021)	3-PMID34253920	NK cell exposure	NK (activated natural killer) cells	SW620	1	6	True	curation.comparator_and_sample_map|data.count_level_signal|labels.adjudicated_validation_event|metadata.gene_level_mapping|metadata.identifiable_drug|provenance.raw_data_family|provenance.source_family|rights.source_and_raw_data|scope.drug_exposure
orcs:2.0.18:curation-queue:v2:1755	720	3	2.0.18	2	manual_scope_review	orcs:2.0.18:screen:1755	1755	35021089	pubmed	orcs:source-family:pubmed:35021089	Polyanskaya SA (2022)	3-PMID35021089	Timecourse		NOMO-1	1	6	True	curation.comparator_and_sample_map|data.count_level_signal|labels.adjudicated_validation_event|metadata.gene_level_mapping|metadata.identifiable_drug|provenance.raw_data_family|provenance.source_family|rights.source_and_raw_data|scope.drug_exposure
orcs:2.0.18:curation-queue:v2:1807	721	3	2.0.18	2	manual_scope_review	orcs:2.0.18:screen:1807	1807	35231079	pubmed	orcs:source-family:pubmed:35231079	Sherman EJ (2022)	3-PMID35231079	Timecourse		HuH-7	1	6	True	curation.comparator_and_sample_map|data.count_level_signal|labels.adjudicated_validation_event|metadata.gene_level_mapping|metadata.identifiable_drug|provenance.raw_data_family|provenance.source_family|rights.source_and_raw_data|scope.drug_exposure
orcs:2.0.18:curation-queue:v2:1847	722	3	2.0.18	2	manual_scope_review	orcs:2.0.18:screen:1847	1847	35559673	pubmed	orcs:source-family:pubmed:35559673	Feng X (2022)	3-PMID35559673	Timecourse	Mutation: CDH1 (ETG999) KO	HEK293-A	1	6	True	curation.comparator_and_sample_map|data.count_level_signal|labels.adjudicated_validation_event|metadata.gene_level_mapping|metadata.identifiable_drug|provenance.raw_data_family|provenance.source_family|rights.source_and_raw_data|scope.drug_exposure
orcs:2.0.18:curation-queue:v2:2052	723	3	2.0.18	2	manual_scope_review	orcs:2.0.18:screen:2052	2052	35723366	pubmed	orcs:source-family:pubmed:35723366	Kawabata A (2022)	3-PMID35723366	Timecourse		ES-2	1	6	True	curation.comparator_and_sample_map|data.count_level_signal|labels.adjudicated_validation_event|metadata.gene_level_mapping|metadata.identifiable_drug|provenance.raw_data_family|provenance.source_family|rights.source_and_raw_data|scope.drug_exposure
orcs:2.0.18:curation-queue:v2:2063	724	3	2.0.18	2	manual_scope_review	orcs:2.0.18:screen:2063	2063	36597481	pubmed	orcs:source-family:pubmed:36597481	Chan K (2022)	3-PMID36597481	Timecourse		HuH-7	1	6	True	curation.comparator_and_sample_map|data.count_level_signal|labels.adjudicated_validation_event|metadata.gene_level_mapping|metadata.identifiable_drug|provenance.raw_data_family|provenance.source_family|rights.source_and_raw_data|scope.drug_exposure
orcs:2.0.18:curation-queue:v2:2487	725	3	2.0.18	2	manual_scope_review	orcs:2.0.18:screen:2487	2487	37883554	pubmed	orcs:source-family:pubmed:37883554	Lin L (2023)	3-PMID37883554	Timecourse		Organoid: primary cell derived small intestinal organoid line	1	6	True	curation.comparator_and_sample_map|data.count_level_signal|labels.adjudicated_validation_event|metadata.gene_level_mapping|metadata.identifiable_drug|provenance.raw_data_family|provenance.source_family|rights.source_and_raw_data|scope.drug_exposure
orcs:2.0.18:curation-queue:v2:93	726	3	2.0.18	2	manual_scope_review	orcs:2.0.18:screen:93	93	24336571	pubmed	orcs:source-family:pubmed:24336571	Shalem O (2014)	1-PMID24336571	Timecourse		A-375	1	5	False	curation.comparator_and_sample_map|data.count_level_signal|labels.adjudicated_validation_event|metadata.gene_level_mapping|metadata.identifiable_drug|provenance.raw_data_family|provenance.source_family|rights.source_and_raw_data|scope.drug_exposure
orcs:2.0.18:curation-queue:v2:170	727	3	2.0.18	2	manual_scope_review	orcs:2.0.18:screen:170	170	27453484	pubmed	orcs:source-family:pubmed:27453484	Blondel CJ (2016)	3-PMID27453484	Toxin Exposure	V. parahaemolyticus with active T3SS2	HT-29	1	5	False	curation.comparator_and_sample_map|data.count_level_signal|labels.adjudicated_validation_event|metadata.gene_level_mapping|metadata.identifiable_drug|provenance.raw_data_family|provenance.source_family|rights.source_and_raw_data|scope.drug_exposure
orcs:2.0.18:curation-queue:v2:628	728	3	2.0.18	2	manual_scope_review	orcs:2.0.18:screen:628	628	28783722	pubmed	orcs:source-family:pubmed:28783722	Patel SJ (2017)	3-PMID28783722	T cell exposure	CD8+ T cells	624-mel	1	5	False	curation.comparator_and_sample_map|data.count_level_signal|labels.adjudicated_validation_event|metadata.gene_level_mapping|metadata.identifiable_drug|provenance.raw_data_family|provenance.source_family|rights.source_and_raw_data|scope.drug_exposure
orcs:2.0.18:curation-queue:v2:1214	729	3	2.0.18	2	manual_scope_review	orcs:2.0.18:screen:1214	1214	30844312	pubmed	orcs:source-family:pubmed:30844312	Ko T (2019)	3-PMID30844312	Timecourse		A-375	1	5	False	curation.comparator_and_sample_map|data.count_level_signal|labels.adjudicated_validation_event|metadata.gene_level_mapping|metadata.identifiable_drug|provenance.raw_data_family|provenance.source_family|rights.source_and_raw_data|scope.drug_exposure
orcs:2.0.18:curation-queue:v2:1034	730	3	2.0.18	2	manual_scope_review	orcs:2.0.18:screen:1034	1034	31316073	pubmed	orcs:source-family:pubmed:31316073	Liu J (2019)	3-PMID31316073	Timecourse		K-562	1	5	False	curation.comparator_and_sample_map|data.count_level_signal|labels.adjudicated_validation_event|metadata.gene_level_mapping|metadata.identifiable_drug|provenance.raw_data_family|provenance.source_family|rights.source_and_raw_data|scope.drug_exposure
orcs:2.0.18:curation-queue:v2:2364	731	3	2.0.18	2	manual_scope_review	orcs:2.0.18:screen:2364	2364	31558468	pubmed	orcs:source-family:pubmed:31558468	Panea RI (2019)	3-PMID31558468	Timecourse		Jiyoye	1	5	False	curation.comparator_and_sample_map|data.count_level_signal|labels.adjudicated_validation_event|metadata.gene_level_mapping|metadata.identifiable_drug|provenance.raw_data_family|provenance.source_family|rights.source_and_raw_data|scope.drug_exposure
orcs:2.0.18:curation-queue:v2:1942	732	3	2.0.18	2	manual_scope_review	orcs:2.0.18:screen:1942	1942	35657206	pubmed	orcs:source-family:pubmed:35657206	Cai W (2022)	3-PMID35657206	Timecourse		WM1361A	1	5	False	curation.comparator_and_sample_map|data.count_level_signal|labels.adjudicated_validation_event|metadata.gene_level_mapping|metadata.identifiable_drug|provenance.raw_data_family|provenance.source_family|rights.source_and_raw_data|scope.drug_exposure
orcs:2.0.18:curation-queue:v2:1959	733	3	2.0.18	2	manual_scope_review	orcs:2.0.18:screen:1959	1959	36134452	pubmed	orcs:source-family:pubmed:36134452	Lalonde ME (2023)	3-PMID36134452	Timecourse		RCH-ACV	1	5	False	curation.comparator_and_sample_map|data.count_level_signal|labels.adjudicated_validation_event|metadata.gene_level_mapping|metadata.identifiable_drug|provenance.raw_data_family|provenance.source_family|rights.source_and_raw_data|scope.drug_exposure
orcs:2.0.18:curation-queue:v2:177	734	4	2.0.18	2	manual_scope_review	orcs:2.0.18:screen:177	177	28215525	pubmed	orcs:source-family:pubmed:28215525	Riba A (2017)	6-PMID28215525	Ligand Exposure	Interleukin-1 β	HEK-293	1	7	True	curation.comparator_and_sample_map|data.count_level_signal|labels.adjudicated_validation_event|metadata.gene_level_mapping|metadata.identifiable_drug|provenance.raw_data_family|provenance.source_family|rights.source_and_raw_data|scope.drug_exposure
orcs:2.0.18:curation-queue:v2:1914	735	4	2.0.18	2	manual_scope_review	orcs:2.0.18:screen:1914	1914	33649592	pubmed	orcs:source-family:pubmed:33649592	Frangieh CJ (2021)	5-PMID33649592	T cell exposure	TIL (Tumor Infiltrating Lymphocyte) co-culture	primary melanoma cell line	1	7	True	curation.comparator_and_sample_map|data.count_level_signal|labels.adjudicated_validation_event|metadata.gene_level_mapping|metadata.identifiable_drug|provenance.raw_data_family|provenance.source_family|rights.source_and_raw_data|scope.drug_exposure
orcs:2.0.18:curation-queue:v2:1903	736	4	2.0.18	2	manual_scope_review	orcs:2.0.18:screen:1903	1903	36002574	pubmed	orcs:source-family:pubmed:36002574	Carnevale J (2022)	4-PMID36002574	Cytokine exposure	TGFβ1	Primary T-cells	1	7	True	curation.comparator_and_sample_map|data.count_level_signal|labels.adjudicated_validation_event|metadata.gene_level_mapping|metadata.identifiable_drug|provenance.raw_data_family|provenance.source_family|rights.source_and_raw_data|scope.drug_exposure
orcs:2.0.18:curation-queue:v2:104	737	4	2.0.18	2	manual_scope_review	orcs:2.0.18:screen:104	104	24336569	pubmed	orcs:source-family:pubmed:24336569	Wang T (2014)	4-PMID24336569	Timecourse		HL-60	1	6	True	curation.comparator_and_sample_map|data.count_level_signal|labels.adjudicated_validation_event|metadata.gene_level_mapping|metadata.identifiable_drug|provenance.raw_data_family|provenance.source_family|rights.source_and_raw_data|scope.drug_exposure
orcs:2.0.18:curation-queue:v2:152	738	4	2.0.18	2	manual_scope_review	orcs:2.0.18:screen:152	152	26472758	pubmed	orcs:source-family:pubmed:26472758	Wang T (2015)	4-PMID26472758	Timecourse		Raji	1	6	True	curation.comparator_and_sample_map|data.count_level_signal|labels.adjudicated_validation_event|metadata.gene_level_mapping|metadata.identifiable_drug|provenance.raw_data_family|provenance.source_family|rights.source_and_raw_data|scope.drug_exposure
orcs:2.0.18:curation-queue:v2:28	739	4	2.0.18	2	manual_scope_review	orcs:2.0.18:screen:28	28	26627737	pubmed	orcs:source-family:pubmed:26627737	Hart T (2015)	4-PMID26627737	Timecourse		hTERT-RPE1	1	6	True	curation.comparator_and_sample_map|data.count_level_signal|labels.adjudicated_validation_event|metadata.gene_level_mapping|metadata.identifiable_drug|provenance.raw_data_family|provenance.source_family|rights.source_and_raw_data|scope.drug_exposure
orcs:2.0.18:curation-queue:v2:573	740	4	2.0.18	2	manual_scope_review	orcs:2.0.18:screen:573	573	26673326	pubmed	orcs:source-family:pubmed:26673326	Toledo CM (2015)	4-PMID26673326	Timecourse		NSC-U5	1	6	True	curation.comparator_and_sample_map|data.count_level_signal|labels.adjudicated_validation_event|metadata.gene_level_mapping|metadata.identifiable_drug|provenance.raw_data_family|provenance.source_family|rights.source_and_raw_data|scope.drug_exposure
orcs:2.0.18:curation-queue:v2:540	741	4	2.0.18	2	manual_scope_review	orcs:2.0.18:screen:540	540	27260156	pubmed	orcs:source-family:pubmed:27260156	Aguirre AJ (2016)	4-PMID27260156	Timecourse		CADO-ES1	1	6	True	curation.comparator_and_sample_map|data.count_level_signal|labels.adjudicated_validation_event|metadata.gene_level_mapping|metadata.identifiable_drug|provenance.raw_data_family|provenance.source_family|rights.source_and_raw_data|scope.drug_exposure
orcs:2.0.18:curation-queue:v2:574	742	4	2.0.18	2	manual_scope_review	orcs:2.0.18:screen:574	574	27760321	pubmed	orcs:source-family:pubmed:27760321	Tzelepis K (2016)	4-PMID27760321	Timecourse		MOLM-13	1	6	True	curation.comparator_and_sample_map|data.count_level_signal|labels.adjudicated_validation_event|metadata.gene_level_mapping|metadata.identifiable_drug|provenance.raw_data_family|provenance.source_family|rights.source_and_raw_data|scope.drug_exposure
orcs:2.0.18:curation-queue:v2:69	743	4	2.0.18	2	manual_scope_review	orcs:2.0.18:screen:69	69	28162770	pubmed	orcs:source-family:pubmed:28162770	Wang T (2017)	4-PMID28162770	Timecourse		Mono-Mac-1	1	6	True	curation.comparator_and_sample_map|data.count_level_signal|labels.adjudicated_validation_event|metadata.gene_level_mapping|metadata.identifiable_drug|provenance.raw_data_family|provenance.source_family|rights.source_and_raw_data|scope.drug_exposure
orcs:2.0.18:curation-queue:v2:159	744	4	2.0.18	2	manual_scope_review	orcs:2.0.18:screen:159	159	28474669	pubmed	orcs:source-family:pubmed:28474669	Morgens DW (2017)	1-PMID28474669	Timecourse		U-937	1	6	True	curation.comparator_and_sample_map|data.count_level_signal|labels.adjudicated_validation_event|metadata.gene_level_mapping|metadata.identifiable_drug|provenance.raw_data_family|provenance.source_family|rights.source_and_raw_data|scope.drug_exposure
orcs:2.0.18:curation-queue:v2:588	745	4	2.0.18	2	manual_scope_review	orcs:2.0.18:screen:588	588	28877469	pubmed	orcs:source-family:pubmed:28877469	Goodwin JM (2017)	4-PMID28877469	Timecourse		H4	1	6	True	curation.comparator_and_sample_map|data.count_level_signal|labels.adjudicated_validation_event|metadata.gene_level_mapping|metadata.identifiable_drug|provenance.raw_data_family|provenance.source_family|rights.source_and_raw_data|scope.drug_exposure
orcs:2.0.18:curation-queue:v2:506	746	4	2.0.18	2	manual_scope_review	orcs:2.0.18:screen:506	506	28985567	pubmed	orcs:source-family:pubmed:28985567	Reddy A (2017)	4-PMID28985567	Timecourse		OCI-Ly3	1	6	True	curation.comparator_and_sample_map|data.count_level_signal|labels.adjudicated_validation_event|metadata.gene_level_mapping|metadata.identifiable_drug|provenance.raw_data_family|provenance.source_family|rights.source_and_raw_data|scope.drug_exposure
orcs:2.0.18:curation-queue:v2:184	747	4	2.0.18	2	manual_scope_review	orcs:2.0.18:screen:184	184	29083409	pubmed	orcs:source-family:pubmed:29083409	Meyers RM (2017)	4-PMID29083409	Timecourse		A2058	1	6	True	curation.comparator_and_sample_map|data.count_level_signal|labels.adjudicated_validation_event|metadata.gene_level_mapping|metadata.identifiable_drug|provenance.raw_data_family|provenance.source_family|rights.source_and_raw_data|scope.drug_exposure
orcs:2.0.18:curation-queue:v2:642	748	4	2.0.18	2	manual_scope_review	orcs:2.0.18:screen:642	642	29526696	pubmed	orcs:source-family:pubmed:29526696	Tarumoto Y (2018)	4-PMID29526696	Timecourse		THP-1	1	6	True	curation.comparator_and_sample_map|data.count_level_signal|labels.adjudicated_validation_event|metadata.gene_level_mapping|metadata.identifiable_drug|provenance.raw_data_family|provenance.source_family|rights.source_and_raw_data|scope.drug_exposure
orcs:2.0.18:curation-queue:v2:2148	749	4	2.0.18	2	manual_scope_review	orcs:2.0.18:screen:2148	2148	29779948	pubmed	orcs:source-family:pubmed:29779948	Koren I (2018)	4-PMID29779948	Timecourse		HEK293T	1	6	True	curation.comparator_and_sample_map|data.count_level_signal|labels.adjudicated_validation_event|metadata.gene_level_mapping|metadata.identifiable_drug|provenance.raw_data_family|provenance.source_family|rights.source_and_raw_data|scope.drug_exposure
orcs:2.0.18:curation-queue:v2:1052	750	4	2.0.18	2	manual_scope_review	orcs:2.0.18:screen:1052	1052	29987050	pubmed	orcs:source-family:pubmed:29987050	Xiao T (2018)	3-PMID29987050	Timecourse		MCF-7	1	6	True	curation.comparator_and_sample_map|data.count_level_signal|labels.adjudicated_validation_event|metadata.gene_level_mapping|metadata.identifiable_drug|provenance.raw_data_family|provenance.source_family|rights.source_and_raw_data|scope.drug_exposure
orcs:2.0.18:curation-queue:v2:2116	751	4	2.0.18	2	manual_scope_review	orcs:2.0.18:screen:2116	2116	30111820	pubmed	orcs:source-family:pubmed:30111820	Manzano M (2018)	4-PMID30111820	Timecourse		BC-5	1	6	True	curation.comparator_and_sample_map|data.count_level_signal|labels.adjudicated_validation_event|metadata.gene_level_mapping|metadata.identifiable_drug|provenance.raw_data_family|provenance.source_family|rights.source_and_raw_data|scope.drug_exposure
orcs:2.0.18:curation-queue:v2:1125	752	4	2.0.18	2	manual_scope_review	orcs:2.0.18:screen:1125	1125	30397336	pubmed	orcs:source-family:pubmed:30397336	Haney MS (2018)	3-PMID30397336	Timecourse		U-937	1	6	True	curation.comparator_and_sample_map|data.count_level_signal|labels.adjudicated_validation_event|metadata.gene_level_mapping|metadata.identifiable_drug|provenance.raw_data_family|provenance.source_family|rights.source_and_raw_data|scope.drug_exposure
orcs:2.0.18:curation-queue:v2:1109	753	4	2.0.18	2	manual_scope_review	orcs:2.0.18:screen:1109	1109	30449619	pubmed	orcs:source-family:pubmed:30449619	Shifrut E (2018)	3-PMID30449619	Timecourse		CD8+ T s (primary-derived)	1	6	True	curation.comparator_and_sample_map|data.count_level_signal|labels.adjudicated_validation_event|metadata.gene_level_mapping|metadata.identifiable_drug|provenance.raw_data_family|provenance.source_family|rights.source_and_raw_data|scope.drug_exposure
orcs:2.0.18:curation-queue:v2:1114	754	4	2.0.18	2	manual_scope_review	orcs:2.0.18:screen:1114	1114	30581143	pubmed	orcs:source-family:pubmed:30581143	Leto DE (2019)	2-PMID30581143	Timecourse		K-562	1	6	True	curation.comparator_and_sample_map|data.count_level_signal|labels.adjudicated_validation_event|metadata.gene_level_mapping|metadata.identifiable_drug|provenance.raw_data_family|provenance.source_family|rights.source_and_raw_data|scope.drug_exposure
orcs:2.0.18:curation-queue:v2:694	755	4	2.0.18	2	manual_scope_review	orcs:2.0.18:screen:694	694	30971826	pubmed	orcs:source-family:pubmed:30971826	Behan FM (2019)	4-PMID30971826	Timecourse		769-P	1	6	True	curation.comparator_and_sample_map|data.count_level_signal|labels.adjudicated_validation_event|metadata.gene_level_mapping|metadata.identifiable_drug|provenance.raw_data_family|provenance.source_family|rights.source_and_raw_data|scope.drug_exposure
orcs:2.0.18:curation-queue:v2:1814	756	4	2.0.18	2	manual_scope_review	orcs:2.0.18:screen:1814	1814	31160565	pubmed	orcs:source-family:pubmed:31160565	Bandopadhayay P (2019)	4-PMID31160565	Timecourse		D425 Med	1	6	True	curation.comparator_and_sample_map|data.count_level_signal|labels.adjudicated_validation_event|metadata.gene_level_mapping|metadata.identifiable_drug|provenance.raw_data_family|provenance.source_family|rights.source_and_raw_data|scope.drug_exposure
orcs:2.0.18:curation-queue:v2:1690	757	4	2.0.18	2	manual_scope_review	orcs:2.0.18:screen:1690	1690	31406271	pubmed	orcs:source-family:pubmed:31406271	Ehrenhöfer-Wölfer K (2019)	4-PMID31406271	Timecourse		KYSE-410	1	6	True	curation.comparator_and_sample_map|data.count_level_signal|labels.adjudicated_validation_event|metadata.gene_level_mapping|metadata.identifiable_drug|provenance.raw_data_family|provenance.source_family|rights.source_and_raw_data|scope.drug_exposure
orcs:2.0.18:curation-queue:v2:1164	758	4	2.0.18	2	manual_scope_review	orcs:2.0.18:screen:1164	1164	31801065	pubmed	orcs:source-family:pubmed:31801065	Hyrina A (2019)	2-PMID31801065	Timecourse		HepG2-NTCP1 HBV Cas9	1	6	True	curation.comparator_and_sample_map|data.count_level_signal|labels.adjudicated_validation_event|metadata.gene_level_mapping|metadata.identifiable_drug|provenance.raw_data_family|provenance.source_family|rights.source_and_raw_data|scope.drug_exposure
orcs:2.0.18:curation-queue:v2:1579	759	4	2.0.18	2	manual_scope_review	orcs:2.0.18:screen:1579	1579	31868589	pubmed	orcs:source-family:pubmed:31868589	Hill S (2019)	4-PMID31868589	Timecourse	Mutation: CDC34 (ETG997)/UBE2R2 (ETG54926) Double KO	NALM-6	1	6	True	curation.comparator_and_sample_map|data.count_level_signal|labels.adjudicated_validation_event|metadata.gene_level_mapping|metadata.identifiable_drug|provenance.raw_data_family|provenance.source_family|rights.source_and_raw_data|scope.drug_exposure
orcs:2.0.18:curation-queue:v2:1240	760	4	2.0.18	2	manual_scope_review	orcs:2.0.18:screen:1240	1240	32238925	pubmed	orcs:source-family:pubmed:32238925	Han K (2020)	3-PMID32238925	Timecourse	3D spheroid growth	NCI-H23	1	6	True	curation.comparator_and_sample_map|data.count_level_signal|labels.adjudicated_validation_event|metadata.gene_level_mapping|metadata.identifiable_drug|provenance.raw_data_family|provenance.source_family|rights.source_and_raw_data|scope.drug_exposure
orcs:2.0.18:curation-queue:v2:1935	761	4	2.0.18	2	manual_scope_review	orcs:2.0.18:screen:1935	1935	32268084	pubmed	orcs:source-family:pubmed:32268084	Drainas AP (2020)	4-PMID32268084	Timecourse	3D spheroid growth | Mutation:TP53 (ETG:7157) KO	hTERT-RPE1	1	6	True	curation.comparator_and_sample_map|data.count_level_signal|labels.adjudicated_validation_event|metadata.gene_level_mapping|metadata.identifiable_drug|provenance.raw_data_family|provenance.source_family|rights.source_and_raw_data|scope.drug_exposure
orcs:2.0.18:curation-queue:v2:1700	762	4	2.0.18	2	manual_scope_review	orcs:2.0.18:screen:1700	1700	32579974	pubmed	orcs:source-family:pubmed:32579974	Ji AL (2020)	4-PMID32579974	Implantation to Mouse Model		CAL-27	2	6	True	curation.comparator_and_sample_map|data.count_level_signal|labels.adjudicated_validation_event|metadata.gene_level_mapping|metadata.identifiable_drug|provenance.raw_data_family|provenance.source_family|rights.source_and_raw_data|scope.drug_exposure|scope.pooled_format
orcs:2.0.18:curation-queue:v2:1295	763	4	2.0.18	2	manual_scope_review	orcs:2.0.18:screen:1295	1295	32990596	pubmed	orcs:source-family:pubmed:32990596	Chai AWY (2020)	4-PMID32990596	Timecourse		ORL-150	1	6	True	curation.comparator_and_sample_map|data.count_level_signal|labels.adjudicated_validation_event|metadata.gene_level_mapping|metadata.identifiable_drug|provenance.raw_data_family|provenance.source_family|rights.source_and_raw_data|scope.drug_exposure
orcs:2.0.18:curation-queue:v2:1771	764	4	2.0.18	2	manual_scope_review	orcs:2.0.18:screen:1771	1771	33513160	pubmed	orcs:source-family:pubmed:33513160	Emmer BT (2021)	4-PMID33513160	Timecourse	lipoprotein-depleted culture conditions	HuH-7	1	6	True	curation.comparator_and_sample_map|data.count_level_signal|labels.adjudicated_validation_event|metadata.gene_level_mapping|metadata.identifiable_drug|provenance.raw_data_family|provenance.source_family|rights.source_and_raw_data|scope.drug_exposure
orcs:2.0.18:curation-queue:v2:2089	765	4	2.0.18	2	manual_scope_review	orcs:2.0.18:screen:2089	2089	34108663	pubmed	orcs:source-family:pubmed:34108663	van der Weegen Y (2021)	2-PMID34108663	Timecourse	Mutation: ELOF1 (ETG84337) KO	HUES 62	1	6	True	curation.comparator_and_sample_map|data.count_level_signal|labels.adjudicated_validation_event|metadata.gene_level_mapping|metadata.identifiable_drug|provenance.raw_data_family|provenance.source_family|rights.source_and_raw_data|scope.drug_exposure
orcs:2.0.18:curation-queue:v2:1756	766	4	2.0.18	2	manual_scope_review	orcs:2.0.18:screen:1756	1756	35021089	pubmed	orcs:source-family:pubmed:35021089	Polyanskaya SA (2022)	4-PMID35021089	Timecourse		HEL	1	6	True	curation.comparator_and_sample_map|data.count_level_signal|labels.adjudicated_validation_event|metadata.gene_level_mapping|metadata.identifiable_drug|provenance.raw_data_family|provenance.source_family|rights.source_and_raw_data|scope.drug_exposure
orcs:2.0.18:curation-queue:v2:1808	767	4	2.0.18	2	manual_scope_review	orcs:2.0.18:screen:1808	1808	35231079	pubmed	orcs:source-family:pubmed:35231079	Sherman EJ (2022)	4-PMID35231079	Timecourse		HuH-7	1	6	True	curation.comparator_and_sample_map|data.count_level_signal|labels.adjudicated_validation_event|metadata.gene_level_mapping|metadata.identifiable_drug|provenance.raw_data_family|provenance.source_family|rights.source_and_raw_data|scope.drug_exposure
orcs:2.0.18:curation-queue:v2:1848	768	4	2.0.18	2	manual_scope_review	orcs:2.0.18:screen:1848	1848	35559673	pubmed	orcs:source-family:pubmed:35559673	Feng X (2022)	4-PMID35559673	Timecourse	Mutation: KEAP1 (ETG9817) KO	HEK293-A	1	6	True	curation.comparator_and_sample_map|data.count_level_signal|labels.adjudicated_validation_event|metadata.gene_level_mapping|metadata.identifiable_drug|provenance.raw_data_family|provenance.source_family|rights.source_and_raw_data|scope.drug_exposure
orcs:2.0.18:curation-queue:v2:2053	769	4	2.0.18	2	manual_scope_review	orcs:2.0.18:screen:2053	2053	35723366	pubmed	orcs:source-family:pubmed:35723366	Kawabata A (2022)	4-PMID35723366	Timecourse		TOV-21G	1	6	True	curation.comparator_and_sample_map|data.count_level_signal|labels.adjudicated_validation_event|metadata.gene_level_mapping|metadata.identifiable_drug|provenance.raw_data_family|provenance.source_family|rights.source_and_raw_data|scope.drug_exposure
orcs:2.0.18:curation-queue:v2:2064	770	4	2.0.18	2	manual_scope_review	orcs:2.0.18:screen:2064	2064	36597481	pubmed	orcs:source-family:pubmed:36597481	Chan K (2022)	4-PMID36597481	Timecourse		UM-UC-4	1	6	True	curation.comparator_and_sample_map|data.count_level_signal|labels.adjudicated_validation_event|metadata.gene_level_mapping|metadata.identifiable_drug|provenance.raw_data_family|provenance.source_family|rights.source_and_raw_data|scope.drug_exposure
orcs:2.0.18:curation-queue:v2:94	771	4	2.0.18	2	manual_scope_review	orcs:2.0.18:screen:94	94	24336571	pubmed	orcs:source-family:pubmed:24336571	Shalem O (2014)	2-PMID24336571	Timecourse		HUES 62	1	5	False	curation.comparator_and_sample_map|data.count_level_signal|labels.adjudicated_validation_event|metadata.gene_level_mapping|metadata.identifiable_drug|provenance.raw_data_family|provenance.source_family|rights.source_and_raw_data|scope.drug_exposure
orcs:2.0.18:curation-queue:v2:171	772	4	2.0.18	2	manual_scope_review	orcs:2.0.18:screen:171	171	27453484	pubmed	orcs:source-family:pubmed:27453484	Blondel CJ (2016)	4-PMID27453484	Toxin Exposure	V. parahaemolyticus with active T3SS2	HT-29	1	5	False	curation.comparator_and_sample_map|data.count_level_signal|labels.adjudicated_validation_event|metadata.gene_level_mapping|metadata.identifiable_drug|provenance.raw_data_family|provenance.source_family|rights.source_and_raw_data|scope.drug_exposure
orcs:2.0.18:curation-queue:v2:1634	773	4	2.0.18	2	manual_scope_review	orcs:2.0.18:screen:1634	1634	31406246	pubmed	orcs:source-family:pubmed:31406246	Gobbi G (2019)	4-PMID31406246	Timecourse		A-549	1	5	False	curation.comparator_and_sample_map|data.count_level_signal|labels.adjudicated_validation_event|metadata.gene_level_mapping|metadata.identifiable_drug|provenance.raw_data_family|provenance.source_family|rights.source_and_raw_data|scope.drug_exposure
orcs:2.0.18:curation-queue:v2:2365	774	4	2.0.18	2	manual_scope_review	orcs:2.0.18:screen:2365	2365	31558468	pubmed	orcs:source-family:pubmed:31558468	Panea RI (2019)	4-PMID31558468	Timecourse		OCI-Ly3	1	5	False	curation.comparator_and_sample_map|data.count_level_signal|labels.adjudicated_validation_event|metadata.gene_level_mapping|metadata.identifiable_drug|provenance.raw_data_family|provenance.source_family|rights.source_and_raw_data|scope.drug_exposure
orcs:2.0.18:curation-queue:v2:1960	775	4	2.0.18	2	manual_scope_review	orcs:2.0.18:screen:1960	1960	36134452	pubmed	orcs:source-family:pubmed:36134452	Lalonde ME (2023)	4-PMID36134452	Timecourse		Reh	1	5	False	curation.comparator_and_sample_map|data.count_level_signal|labels.adjudicated_validation_event|metadata.gene_level_mapping|metadata.identifiable_drug|provenance.raw_data_family|provenance.source_family|rights.source_and_raw_data|scope.drug_exposure
orcs:2.0.18:curation-queue:v2:1915	776	5	2.0.18	2	manual_scope_review	orcs:2.0.18:screen:1915	1915	33649592	pubmed	orcs:source-family:pubmed:33649592	Frangieh CJ (2021)	6-PMID33649592	T cell exposure	TIL (Tumor Infiltrating Lymphocyte) co-culture	primary melanoma cell line	1	7	True	curation.comparator_and_sample_map|data.count_level_signal|labels.adjudicated_validation_event|metadata.gene_level_mapping|metadata.identifiable_drug|provenance.raw_data_family|provenance.source_family|rights.source_and_raw_data|scope.drug_exposure
orcs:2.0.18:curation-queue:v2:1904	777	5	2.0.18	2	manual_scope_review	orcs:2.0.18:screen:1904	1904	36002574	pubmed	orcs:source-family:pubmed:36002574	Carnevale J (2022)	5-PMID36002574	T cell exposure	CD4+CD127lowCD25+ Treg cells	Primary T-cells	1	7	True	curation.comparator_and_sample_map|data.count_level_signal|labels.adjudicated_validation_event|metadata.gene_level_mapping|metadata.identifiable_drug|provenance.raw_data_family|provenance.source_family|rights.source_and_raw_data|scope.drug_exposure
orcs:2.0.18:curation-queue:v2:29	778	5	2.0.18	2	manual_scope_review	orcs:2.0.18:screen:29	29	26627737	pubmed	orcs:source-family:pubmed:26627737	Hart T (2015)	5-PMID26627737	Timecourse		DLD-1	1	6	True	curation.comparator_and_sample_map|data.count_level_signal|labels.adjudicated_validation_event|metadata.gene_level_mapping|metadata.identifiable_drug|provenance.raw_data_family|provenance.source_family|rights.source_and_raw_data|scope.drug_exposure
orcs:2.0.18:curation-queue:v2:541	779	5	2.0.18	2	manual_scope_review	orcs:2.0.18:screen:541	541	27260156	pubmed	orcs:source-family:pubmed:27260156	Aguirre AJ (2016)	5-PMID27260156	Timecourse		CAL-120	1	6	True	curation.comparator_and_sample_map|data.count_level_signal|labels.adjudicated_validation_event|metadata.gene_level_mapping|metadata.identifiable_drug|provenance.raw_data_family|provenance.source_family|rights.source_and_raw_data|scope.drug_exposure
orcs:2.0.18:curation-queue:v2:575	780	5	2.0.18	2	manual_scope_review	orcs:2.0.18:screen:575	575	27760321	pubmed	orcs:source-family:pubmed:27760321	Tzelepis K (2016)	5-PMID27760321	Timecourse		MV4-11	1	6	True	curation.comparator_and_sample_map|data.count_level_signal|labels.adjudicated_validation_event|metadata.gene_level_mapping|metadata.identifiable_drug|provenance.raw_data_family|provenance.source_family|rights.source_and_raw_data|scope.drug_exposure
orcs:2.0.18:curation-queue:v2:70	781	5	2.0.18	2	manual_scope_review	orcs:2.0.18:screen:70	70	28162770	pubmed	orcs:source-family:pubmed:28162770	Wang T (2017)	5-PMID28162770	Timecourse		MV4-11	1	6	True	curation.comparator_and_sample_map|data.count_level_signal|labels.adjudicated_validation_event|metadata.gene_level_mapping|metadata.identifiable_drug|provenance.raw_data_family|provenance.source_family|rights.source_and_raw_data|scope.drug_exposure
orcs:2.0.18:curation-queue:v2:172	782	5	2.0.18	2	manual_scope_review	orcs:2.0.18:screen:172	172	28215525	pubmed	orcs:source-family:pubmed:28215525	Riba A (2017)	1-PMID28215525	Ligand Exposure	Bone morphogenetic protein 2 (BMP-2)	HEK-293	1	6	True	curation.comparator_and_sample_map|data.count_level_signal|labels.adjudicated_validation_event|metadata.gene_level_mapping|metadata.identifiable_drug|provenance.raw_data_family|provenance.source_family|rights.source_and_raw_data|scope.drug_exposure
orcs:2.0.18:curation-queue:v2:589	783	5	2.0.18	2	manual_scope_review	orcs:2.0.18:screen:589	589	28877469	pubmed	orcs:source-family:pubmed:28877469	Goodwin JM (2017)	5-PMID28877469	Timecourse		H4	1	6	True	curation.comparator_and_sample_map|data.count_level_signal|labels.adjudicated_validation_event|metadata.gene_level_mapping|metadata.identifiable_drug|provenance.raw_data_family|provenance.source_family|rights.source_and_raw_data|scope.drug_exposure
orcs:2.0.18:curation-queue:v2:507	784	5	2.0.18	2	manual_scope_review	orcs:2.0.18:screen:507	507	28985567	pubmed	orcs:source-family:pubmed:28985567	Reddy A (2017)	5-PMID28985567	Timecourse		HBL-1	1	6	True	curation.comparator_and_sample_map|data.count_level_signal|labels.adjudicated_validation_event|metadata.gene_level_mapping|metadata.identifiable_drug|provenance.raw_data_family|provenance.source_family|rights.source_and_raw_data|scope.drug_exposure
orcs:2.0.18:curation-queue:v2:185	785	5	2.0.18	2	manual_scope_review	orcs:2.0.18:screen:185	185	29083409	pubmed	orcs:source-family:pubmed:29083409	Meyers RM (2017)	5-PMID29083409	Timecourse		A2780	1	6	True	curation.comparator_and_sample_map|data.count_level_signal|labels.adjudicated_validation_event|metadata.gene_level_mapping|metadata.identifiable_drug|provenance.raw_data_family|provenance.source_family|rights.source_and_raw_data|scope.drug_exposure
orcs:2.0.18:curation-queue:v2:643	786	5	2.0.18	2	manual_scope_review	orcs:2.0.18:screen:643	643	29526696	pubmed	orcs:source-family:pubmed:29526696	Tarumoto Y (2018)	5-PMID29526696	Timecourse		HEL	1	6	True	curation.comparator_and_sample_map|data.count_level_signal|labels.adjudicated_validation_event|metadata.gene_level_mapping|metadata.identifiable_drug|provenance.raw_data_family|provenance.source_family|rights.source_and_raw_data|scope.drug_exposure
orcs:2.0.18:curation-queue:v2:2149	787	5	2.0.18	2	manual_scope_review	orcs:2.0.18:screen:2149	2149	29779948	pubmed	orcs:source-family:pubmed:29779948	Koren I (2018)	5-PMID29779948	Timecourse		HEK293T	1	6	True	curation.comparator_and_sample_map|data.count_level_signal|labels.adjudicated_validation_event|metadata.gene_level_mapping|metadata.identifiable_drug|provenance.raw_data_family|provenance.source_family|rights.source_and_raw_data|scope.drug_exposure
orcs:2.0.18:curation-queue:v2:2117	788	5	2.0.18	2	manual_scope_review	orcs:2.0.18:screen:2117	2117	30111820	pubmed	orcs:source-family:pubmed:30111820	Manzano M (2018)	5-PMID30111820	Timecourse		JSC-1	1	6	True	curation.comparator_and_sample_map|data.count_level_signal|labels.adjudicated_validation_event|metadata.gene_level_mapping|metadata.identifiable_drug|provenance.raw_data_family|provenance.source_family|rights.source_and_raw_data|scope.drug_exposure
orcs:2.0.18:curation-queue:v2:1135	789	5	2.0.18	2	manual_scope_review	orcs:2.0.18:screen:1135	1135	30397336	pubmed	orcs:source-family:pubmed:30397336	Haney MS (2018)	7-PMID30397336	Timecourse		U-937	1	6	True	curation.comparator_and_sample_map|data.count_level_signal|labels.adjudicated_validation_event|metadata.gene_level_mapping|metadata.identifiable_drug|provenance.raw_data_family|provenance.source_family|rights.source_and_raw_data|scope.drug_exposure
orcs:2.0.18:curation-queue:v2:695	790	5	2.0.18	2	manual_scope_review	orcs:2.0.18:screen:695	695	30971826	pubmed	orcs:source-family:pubmed:30971826	Behan FM (2019)	5-PMID30971826	Timecourse		8-MG-BA	1	6	True	curation.comparator_and_sample_map|data.count_level_signal|labels.adjudicated_validation_event|metadata.gene_level_mapping|metadata.identifiable_drug|provenance.raw_data_family|provenance.source_family|rights.source_and_raw_data|scope.drug_exposure
orcs:2.0.18:curation-queue:v2:1691	791	5	2.0.18	2	manual_scope_review	orcs:2.0.18:screen:1691	1691	31406271	pubmed	orcs:source-family:pubmed:31406271	Ehrenhöfer-Wölfer K (2019)	5-PMID31406271	Timecourse		KYSE-510	1	6	True	curation.comparator_and_sample_map|data.count_level_signal|labels.adjudicated_validation_event|metadata.gene_level_mapping|metadata.identifiable_drug|provenance.raw_data_family|provenance.source_family|rights.source_and_raw_data|scope.drug_exposure
orcs:2.0.18:curation-queue:v2:1580	792	5	2.0.18	2	manual_scope_review	orcs:2.0.18:screen:1580	1580	31868589	pubmed	orcs:source-family:pubmed:31868589	Hill S (2019)	5-PMID31868589	Timecourse	Mutation: CDC34 (ETG997)/UBE2R2 (ETG54926) Double KO	NALM-6	1	6	True	curation.comparator_and_sample_map|data.count_level_signal|labels.adjudicated_validation_event|metadata.gene_level_mapping|metadata.identifiable_drug|provenance.raw_data_family|provenance.source_family|rights.source_and_raw_data|scope.drug_exposure
orcs:2.0.18:curation-queue:v2:1242	793	5	2.0.18	2	manual_scope_review	orcs:2.0.18:screen:1242	1242	32238925	pubmed	orcs:source-family:pubmed:32238925	Han K (2020)	5-PMID32238925	Timecourse	3D spheroid growth	NCI-H23	1	6	True	curation.comparator_and_sample_map|data.count_level_signal|labels.adjudicated_validation_event|metadata.gene_level_mapping|metadata.identifiable_drug|provenance.raw_data_family|provenance.source_family|rights.source_and_raw_data|scope.drug_exposure
orcs:2.0.18:curation-queue:v2:1441	794	5	2.0.18	2	manual_scope_review	orcs:2.0.18:screen:1441	1441	32416067	pubmed	orcs:source-family:pubmed:32416067	Shu S (2020)	1-PMID32416067	Timecourse		SUM149PT	1	6	True	curation.comparator_and_sample_map|data.count_level_signal|labels.adjudicated_validation_event|metadata.gene_level_mapping|metadata.identifiable_drug|provenance.raw_data_family|provenance.source_family|rights.source_and_raw_data|scope.drug_exposure
orcs:2.0.18:curation-queue:v2:1701	795	5	2.0.18	2	manual_scope_review	orcs:2.0.18:screen:1701	1701	32579974	pubmed	orcs:source-family:pubmed:32579974	Ji AL (2020)	5-PMID32579974	Implantation to Mouse Model		SCC-13	2	6	True	curation.comparator_and_sample_map|data.count_level_signal|labels.adjudicated_validation_event|metadata.gene_level_mapping|metadata.identifiable_drug|provenance.raw_data_family|provenance.source_family|rights.source_and_raw_data|scope.drug_exposure|scope.pooled_format
orcs:2.0.18:curation-queue:v2:1296	796	5	2.0.18	2	manual_scope_review	orcs:2.0.18:screen:1296	1296	32990596	pubmed	orcs:source-family:pubmed:32990596	Chai AWY (2020)	5-PMID32990596	Timecourse		ORL-153	1	6	True	curation.comparator_and_sample_map|data.count_level_signal|labels.adjudicated_validation_event|metadata.gene_level_mapping|metadata.identifiable_drug|provenance.raw_data_family|provenance.source_family|rights.source_and_raw_data|scope.drug_exposure
orcs:2.0.18:curation-queue:v2:1772	797	5	2.0.18	2	manual_scope_review	orcs:2.0.18:screen:1772	1772	33513160	pubmed	orcs:source-family:pubmed:33513160	Emmer BT (2021)	5-PMID33513160	Timecourse		HuH-7	1	6	True	curation.comparator_and_sample_map|data.count_level_signal|labels.adjudicated_validation_event|metadata.gene_level_mapping|metadata.identifiable_drug|provenance.raw_data_family|provenance.source_family|rights.source_and_raw_data|scope.drug_exposure
orcs:2.0.18:curation-queue:v2:1793	798	5	2.0.18	2	manual_scope_review	orcs:2.0.18:screen:1793	1793	34373451	pubmed	orcs:source-family:pubmed:34373451	Vichas A (2021)	1-PMID34373451	Timecourse	Mutation: EGFR (ETG1956) T790M/L858R	PC-9	1	6	True	curation.comparator_and_sample_map|data.count_level_signal|labels.adjudicated_validation_event|metadata.gene_level_mapping|metadata.identifiable_drug|provenance.raw_data_family|provenance.source_family|rights.source_and_raw_data|scope.drug_exposure
orcs:2.0.18:curation-queue:v2:1757	799	5	2.0.18	2	manual_scope_review	orcs:2.0.18:screen:1757	1757	35021089	pubmed	orcs:source-family:pubmed:35021089	Polyanskaya SA (2022)	5-PMID35021089	Timecourse		OCI-AML-3	1	6	True	curation.comparator_and_sample_map|data.count_level_signal|labels.adjudicated_validation_event|metadata.gene_level_mapping|metadata.identifiable_drug|provenance.raw_data_family|provenance.source_family|rights.source_and_raw_data|scope.drug_exposure
orcs:2.0.18:curation-queue:v2:1810	800	5	2.0.18	2	manual_scope_review	orcs:2.0.18:screen:1810	1810	35231079	pubmed	orcs:source-family:pubmed:35231079	Sherman EJ (2022)	5-PMID35231079	Timecourse		Calu-3	1	6	True	curation.comparator_and_sample_map|data.count_level_signal|labels.adjudicated_validation_event|metadata.gene_level_mapping|metadata.identifiable_drug|provenance.raw_data_family|provenance.source_family|rights.source_and_raw_data|scope.drug_exposure
orcs:2.0.18:curation-queue:v2:1849	801	5	2.0.18	2	manual_scope_review	orcs:2.0.18:screen:1849	1849	35559673	pubmed	orcs:source-family:pubmed:35559673	Feng X (2022)	5-PMID35559673	Timecourse	Mutation: STK11/LKB1 (ETG:6794) KO	HEK293-A	1	6	True	curation.comparator_and_sample_map|data.count_level_signal|labels.adjudicated_validation_event|metadata.gene_level_mapping|metadata.identifiable_drug|provenance.raw_data_family|provenance.source_family|rights.source_and_raw_data|scope.drug_exposure
orcs:2.0.18:curation-queue:v2:1635	802	5	2.0.18	2	manual_scope_review	orcs:2.0.18:screen:1635	1635	31406246	pubmed	orcs:source-family:pubmed:31406246	Gobbi G (2019)	5-PMID31406246	Timecourse		A-549	1	5	False	curation.comparator_and_sample_map|data.count_level_signal|labels.adjudicated_validation_event|metadata.gene_level_mapping|metadata.identifiable_drug|provenance.raw_data_family|provenance.source_family|rights.source_and_raw_data|scope.drug_exposure
orcs:2.0.18:curation-queue:v2:2366	803	5	2.0.18	2	manual_scope_review	orcs:2.0.18:screen:2366	2366	31558468	pubmed	orcs:source-family:pubmed:31558468	Panea RI (2019)	5-PMID31558468	Timecourse		SU-DHL-4	1	5	False	curation.comparator_and_sample_map|data.count_level_signal|labels.adjudicated_validation_event|metadata.gene_level_mapping|metadata.identifiable_drug|provenance.raw_data_family|provenance.source_family|rights.source_and_raw_data|scope.drug_exposure
orcs:2.0.18:curation-queue:v2:1961	804	5	2.0.18	2	manual_scope_review	orcs:2.0.18:screen:1961	1961	36134452	pubmed	orcs:source-family:pubmed:36134452	Lalonde ME (2023)	5-PMID36134452	Timecourse		RS4;11	1	5	False	curation.comparator_and_sample_map|data.count_level_signal|labels.adjudicated_validation_event|metadata.gene_level_mapping|metadata.identifiable_drug|provenance.raw_data_family|provenance.source_family|rights.source_and_raw_data|scope.drug_exposure
orcs:2.0.18:curation-queue:v2:1916	805	6	2.0.18	2	manual_scope_review	orcs:2.0.18:screen:1916	1916	33649592	pubmed	orcs:source-family:pubmed:33649592	Frangieh CJ (2021)	7-PMID33649592	T cell exposure	TIL (Tumor Infiltrating Lymphocyte) co-culture	primary melanoma cell line	1	7	True	curation.comparator_and_sample_map|data.count_level_signal|labels.adjudicated_validation_event|metadata.gene_level_mapping|metadata.identifiable_drug|provenance.raw_data_family|provenance.source_family|rights.source_and_raw_data|scope.drug_exposure
orcs:2.0.18:curation-queue:v2:542	806	6	2.0.18	2	manual_scope_review	orcs:2.0.18:screen:542	542	27260156	pubmed	orcs:source-family:pubmed:27260156	Aguirre AJ (2016)	6-PMID27260156	Timecourse		COR-L105	1	6	True	curation.comparator_and_sample_map|data.count_level_signal|labels.adjudicated_validation_event|metadata.gene_level_mapping|metadata.identifiable_drug|provenance.raw_data_family|provenance.source_family|rights.source_and_raw_data|scope.drug_exposure
orcs:2.0.18:curation-queue:v2:576	807	6	2.0.18	2	manual_scope_review	orcs:2.0.18:screen:576	576	27760321	pubmed	orcs:source-family:pubmed:27760321	Tzelepis K (2016)	6-PMID27760321	Timecourse		OCI-AML-2	1	6	True	curation.comparator_and_sample_map|data.count_level_signal|labels.adjudicated_validation_event|metadata.gene_level_mapping|metadata.identifiable_drug|provenance.raw_data_family|provenance.source_family|rights.source_and_raw_data|scope.drug_exposure
orcs:2.0.18:curation-queue:v2:71	808	6	2.0.18	2	manual_scope_review	orcs:2.0.18:screen:71	71	28162770	pubmed	orcs:source-family:pubmed:28162770	Wang T (2017)	6-PMID28162770	Timecourse		NB4	1	6	True	curation.comparator_and_sample_map|data.count_level_signal|labels.adjudicated_validation_event|metadata.gene_level_mapping|metadata.identifiable_drug|provenance.raw_data_family|provenance.source_family|rights.source_and_raw_data|scope.drug_exposure
orcs:2.0.18:curation-queue:v2:173	809	6	2.0.18	2	manual_scope_review	orcs:2.0.18:screen:173	173	28215525	pubmed	orcs:source-family:pubmed:28215525	Riba A (2017)	2-PMID28215525	Ligand Exposure	Bone morphogenetic protein 2 (BMP-2)	HEK-293	1	6	True	curation.comparator_and_sample_map|data.count_level_signal|labels.adjudicated_validation_event|metadata.gene_level_mapping|metadata.identifiable_drug|provenance.raw_data_family|provenance.source_family|rights.source_and_raw_data|scope.drug_exposure
orcs:2.0.18:curation-queue:v2:590	810	6	2.0.18	2	manual_scope_review	orcs:2.0.18:screen:590	590	28877469	pubmed	orcs:source-family:pubmed:28877469	Goodwin JM (2017)	6-PMID28877469	Timecourse		H4	1	6	True	curation.comparator_and_sample_map|data.count_level_signal|labels.adjudicated_validation_event|metadata.gene_level_mapping|metadata.identifiable_drug|provenance.raw_data_family|provenance.source_family|rights.source_and_raw_data|scope.drug_exposure
orcs:2.0.18:curation-queue:v2:508	811	6	2.0.18	2	manual_scope_review	orcs:2.0.18:screen:508	508	28985567	pubmed	orcs:source-family:pubmed:28985567	Reddy A (2017)	6-PMID28985567	Timecourse		TMD8	1	6	True	curation.comparator_and_sample_map|data.count_level_signal|labels.adjudicated_validation_event|metadata.gene_level_mapping|metadata.identifiable_drug|provenance.raw_data_family|provenance.source_family|rights.source_and_raw_data|scope.drug_exposure
orcs:2.0.18:curation-queue:v2:186	812	6	2.0.18	2	manual_scope_review	orcs:2.0.18:screen:186	186	29083409	pubmed	orcs:source-family:pubmed:29083409	Meyers RM (2017)	6-PMID29083409	Timecourse		A-549	1	6	True	curation.comparator_and_sample_map|data.count_level_signal|labels.adjudicated_validation_event|metadata.gene_level_mapping|metadata.identifiable_drug|provenance.raw_data_family|provenance.source_family|rights.source_and_raw_data|scope.drug_exposure
orcs:2.0.18:curation-queue:v2:644	813	6	2.0.18	2	manual_scope_review	orcs:2.0.18:screen:644	644	29526696	pubmed	orcs:source-family:pubmed:29526696	Tarumoto Y (2018)	6-PMID29526696	Timecourse		SET-2	1	6	True	curation.comparator_and_sample_map|data.count_level_signal|labels.adjudicated_validation_event|metadata.gene_level_mapping|metadata.identifiable_drug|provenance.raw_data_family|provenance.source_family|rights.source_and_raw_data|scope.drug_exposure
orcs:2.0.18:curation-queue:v2:2150	814	6	2.0.18	2	manual_scope_review	orcs:2.0.18:screen:2150	2150	29779948	pubmed	orcs:source-family:pubmed:29779948	Koren I (2018)	6-PMID29779948	Timecourse		HEK293T	1	6	True	curation.comparator_and_sample_map|data.count_level_signal|labels.adjudicated_validation_event|metadata.gene_level_mapping|metadata.identifiable_drug|provenance.raw_data_family|provenance.source_family|rights.source_and_raw_data|scope.drug_exposure
orcs:2.0.18:curation-queue:v2:2118	815	6	2.0.18	2	manual_scope_review	orcs:2.0.18:screen:2118	2118	30111820	pubmed	orcs:source-family:pubmed:30111820	Manzano M (2018)	6-PMID30111820	Timecourse		APK-1	1	6	True	curation.comparator_and_sample_map|data.count_level_signal|labels.adjudicated_validation_event|metadata.gene_level_mapping|metadata.identifiable_drug|provenance.raw_data_family|provenance.source_family|rights.source_and_raw_data|scope.drug_exposure
orcs:2.0.18:curation-queue:v2:1137	816	6	2.0.18	2	manual_scope_review	orcs:2.0.18:screen:1137	1137	30397336	pubmed	orcs:source-family:pubmed:30397336	Haney MS (2018)	8-PMID30397336	Timecourse		U-937	1	6	True	curation.comparator_and_sample_map|data.count_level_signal|labels.adjudicated_validation_event|metadata.gene_level_mapping|metadata.identifiable_drug|provenance.raw_data_family|provenance.source_family|rights.source_and_raw_data|scope.drug_exposure
orcs:2.0.18:curation-queue:v2:696	817	6	2.0.18	2	manual_scope_review	orcs:2.0.18:screen:696	696	30971826	pubmed	orcs:source-family:pubmed:30971826	Behan FM (2019)	6-PMID30971826	Timecourse		A172	1	6	True	curation.comparator_and_sample_map|data.count_level_signal|labels.adjudicated_validation_event|metadata.gene_level_mapping|metadata.identifiable_drug|provenance.raw_data_family|provenance.source_family|rights.source_and_raw_data|scope.drug_exposure
orcs:2.0.18:curation-queue:v2:1692	818	6	2.0.18	2	manual_scope_review	orcs:2.0.18:screen:1692	1692	31406271	pubmed	orcs:source-family:pubmed:31406271	Ehrenhöfer-Wölfer K (2019)	6-PMID31406271	Timecourse		COLO 680N	1	6	True	curation.comparator_and_sample_map|data.count_level_signal|labels.adjudicated_validation_event|metadata.gene_level_mapping|metadata.identifiable_drug|provenance.raw_data_family|provenance.source_family|rights.source_and_raw_data|scope.drug_exposure
orcs:2.0.18:curation-queue:v2:1243	819	6	2.0.18	2	manual_scope_review	orcs:2.0.18:screen:1243	1243	32238925	pubmed	orcs:source-family:pubmed:32238925	Han K (2020)	6-PMID32238925	Timecourse		NCI-H2009	1	6	True	curation.comparator_and_sample_map|data.count_level_signal|labels.adjudicated_validation_event|metadata.gene_level_mapping|metadata.identifiable_drug|provenance.raw_data_family|provenance.source_family|rights.source_and_raw_data|scope.drug_exposure
orcs:2.0.18:curation-queue:v2:1442	820	6	2.0.18	2	manual_scope_review	orcs:2.0.18:screen:1442	1442	32416067	pubmed	orcs:source-family:pubmed:32416067	Shu S (2020)	2-PMID32416067	Timecourse		SUM159PT	1	6	True	curation.comparator_and_sample_map|data.count_level_signal|labels.adjudicated_validation_event|metadata.gene_level_mapping|metadata.identifiable_drug|provenance.raw_data_family|provenance.source_family|rights.source_and_raw_data|scope.drug_exposure
orcs:2.0.18:curation-queue:v2:1297	821	6	2.0.18	2	manual_scope_review	orcs:2.0.18:screen:1297	1297	32990596	pubmed	orcs:source-family:pubmed:32990596	Chai AWY (2020)	6-PMID32990596	Timecourse		ORL-166	1	6	True	curation.comparator_and_sample_map|data.count_level_signal|labels.adjudicated_validation_event|metadata.gene_level_mapping|metadata.identifiable_drug|provenance.raw_data_family|provenance.source_family|rights.source_and_raw_data|scope.drug_exposure
orcs:2.0.18:curation-queue:v2:1773	822	6	2.0.18	2	manual_scope_review	orcs:2.0.18:screen:1773	1773	33513160	pubmed	orcs:source-family:pubmed:33513160	Emmer BT (2021)	6-PMID33513160	Timecourse	Mutation: LDLR (ETG3949) KO | lipoprotein-rich culture conditions	HuH-7	1	6	True	curation.comparator_and_sample_map|data.count_level_signal|labels.adjudicated_validation_event|metadata.gene_level_mapping|metadata.identifiable_drug|provenance.raw_data_family|provenance.source_family|rights.source_and_raw_data|scope.drug_exposure
orcs:2.0.18:curation-queue:v2:1795	823	6	2.0.18	2	manual_scope_review	orcs:2.0.18:screen:1795	1795	34373451	pubmed	orcs:source-family:pubmed:34373451	Vichas A (2021)	3-PMID34373451	Timecourse	Mutation: KRAS (ETG3845) G12V	PC-9	1	6	True	curation.comparator_and_sample_map|data.count_level_signal|labels.adjudicated_validation_event|metadata.gene_level_mapping|metadata.identifiable_drug|provenance.raw_data_family|provenance.source_family|rights.source_and_raw_data|scope.drug_exposure
orcs:2.0.18:curation-queue:v2:1758	824	6	2.0.18	2	manual_scope_review	orcs:2.0.18:screen:1758	1758	35021089	pubmed	orcs:source-family:pubmed:35021089	Polyanskaya SA (2022)	6-PMID35021089	Timecourse		U-937	1	6	True	curation.comparator_and_sample_map|data.count_level_signal|labels.adjudicated_validation_event|metadata.gene_level_mapping|metadata.identifiable_drug|provenance.raw_data_family|provenance.source_family|rights.source_and_raw_data|scope.drug_exposure
orcs:2.0.18:curation-queue:v2:1850	825	6	2.0.18	2	manual_scope_review	orcs:2.0.18:screen:1850	1850	35559673	pubmed	orcs:source-family:pubmed:35559673	Feng X (2022)	6-PMID35559673	Timecourse	Mutation: NF1 (ETG4763) KO	HEK293-A	1	6	True	curation.comparator_and_sample_map|data.count_level_signal|labels.adjudicated_validation_event|metadata.gene_level_mapping|metadata.identifiable_drug|provenance.raw_data_family|provenance.source_family|rights.source_and_raw_data|scope.drug_exposure
orcs:2.0.18:curation-queue:v2:1905	826	6	2.0.18	2	manual_scope_review	orcs:2.0.18:screen:1905	1905	36002574	pubmed	orcs:source-family:pubmed:36002574	Carnevale J (2022)	6-PMID36002574	Timecourse		Primary T-cells	1	6	True	curation.comparator_and_sample_map|data.count_level_signal|labels.adjudicated_validation_event|metadata.gene_level_mapping|metadata.identifiable_drug|provenance.raw_data_family|provenance.source_family|rights.source_and_raw_data|scope.drug_exposure
orcs:2.0.18:curation-queue:v2:2254	827	6	2.0.18	2	manual_scope_review	orcs:2.0.18:screen:2254	2254	36991492	pubmed	orcs:source-family:pubmed:36991492	Tuano NK (2023)	7-PMID36991492	Timecourse		HMEC	1	6	True	curation.comparator_and_sample_map|data.count_level_signal|labels.adjudicated_validation_event|metadata.gene_level_mapping|metadata.identifiable_drug|provenance.raw_data_family|provenance.source_family|rights.source_and_raw_data|scope.drug_exposure
orcs:2.0.18:curation-queue:v2:1636	828	6	2.0.18	2	manual_scope_review	orcs:2.0.18:screen:1636	1636	31406246	pubmed	orcs:source-family:pubmed:31406246	Gobbi G (2019)	6-PMID31406246	Timecourse		A-549	1	5	False	curation.comparator_and_sample_map|data.count_level_signal|labels.adjudicated_validation_event|metadata.gene_level_mapping|metadata.identifiable_drug|provenance.raw_data_family|provenance.source_family|rights.source_and_raw_data|scope.drug_exposure
orcs:2.0.18:curation-queue:v2:2367	829	6	2.0.18	2	manual_scope_review	orcs:2.0.18:screen:2367	2367	31558468	pubmed	orcs:source-family:pubmed:31558468	Panea RI (2019)	6-PMID31558468	Timecourse		HBL-1	1	5	False	curation.comparator_and_sample_map|data.count_level_signal|labels.adjudicated_validation_event|metadata.gene_level_mapping|metadata.identifiable_drug|provenance.raw_data_family|provenance.source_family|rights.source_and_raw_data|scope.drug_exposure
orcs:2.0.18:curation-queue:v2:1962	830	6	2.0.18	2	manual_scope_review	orcs:2.0.18:screen:1962	1962	36134452	pubmed	orcs:source-family:pubmed:36134452	Lalonde ME (2023)	6-PMID36134452	Timecourse		SEM	1	5	False	curation.comparator_and_sample_map|data.count_level_signal|labels.adjudicated_validation_event|metadata.gene_level_mapping|metadata.identifiable_drug|provenance.raw_data_family|provenance.source_family|rights.source_and_raw_data|scope.drug_exposure
orcs:2.0.18:curation-queue:v2:1917	831	7	2.0.18	2	manual_scope_review	orcs:2.0.18:screen:1917	1917	33649592	pubmed	orcs:source-family:pubmed:33649592	Frangieh CJ (2021)	8-PMID33649592	T cell exposure	TIL (Tumor Infiltrating Lymphocyte) co-culture	primary melanoma cell line	1	7	True	curation.comparator_and_sample_map|data.count_level_signal|labels.adjudicated_validation_event|metadata.gene_level_mapping|metadata.identifiable_drug|provenance.raw_data_family|provenance.source_family|rights.source_and_raw_data|scope.drug_exposure
orcs:2.0.18:curation-queue:v2:543	832	7	2.0.18	2	manual_scope_review	orcs:2.0.18:screen:543	543	27260156	pubmed	orcs:source-family:pubmed:27260156	Aguirre AJ (2016)	7-PMID27260156	Timecourse		EW-8	1	6	True	curation.comparator_and_sample_map|data.count_level_signal|labels.adjudicated_validation_event|metadata.gene_level_mapping|metadata.identifiable_drug|provenance.raw_data_family|provenance.source_family|rights.source_and_raw_data|scope.drug_exposure
orcs:2.0.18:curation-queue:v2:577	833	7	2.0.18	2	manual_scope_review	orcs:2.0.18:screen:577	577	27760321	pubmed	orcs:source-family:pubmed:27760321	Tzelepis K (2016)	7-PMID27760321	Timecourse		OCI-AML-3	1	6	True	curation.comparator_and_sample_map|data.count_level_signal|labels.adjudicated_validation_event|metadata.gene_level_mapping|metadata.identifiable_drug|provenance.raw_data_family|provenance.source_family|rights.source_and_raw_data|scope.drug_exposure
orcs:2.0.18:curation-queue:v2:72	834	7	2.0.18	2	manual_scope_review	orcs:2.0.18:screen:72	72	28162770	pubmed	orcs:source-family:pubmed:28162770	Wang T (2017)	7-PMID28162770	Timecourse		NB4	1	6	True	curation.comparator_and_sample_map|data.count_level_signal|labels.adjudicated_validation_event|metadata.gene_level_mapping|metadata.identifiable_drug|provenance.raw_data_family|provenance.source_family|rights.source_and_raw_data|scope.drug_exposure
orcs:2.0.18:curation-queue:v2:591	835	7	2.0.18	2	manual_scope_review	orcs:2.0.18:screen:591	591	28877469	pubmed	orcs:source-family:pubmed:28877469	Goodwin JM (2017)	7-PMID28877469	Timecourse		H4	1	6	True	curation.comparator_and_sample_map|data.count_level_signal|labels.adjudicated_validation_event|metadata.gene_level_mapping|metadata.identifiable_drug|provenance.raw_data_family|provenance.source_family|rights.source_and_raw_data|scope.drug_exposure
orcs:2.0.18:curation-queue:v2:187	836	7	2.0.18	2	manual_scope_review	orcs:2.0.18:screen:187	187	29083409	pubmed	orcs:source-family:pubmed:29083409	Meyers RM (2017)	7-PMID29083409	Timecourse		AGS	1	6	True	curation.comparator_and_sample_map|data.count_level_signal|labels.adjudicated_validation_event|metadata.gene_level_mapping|metadata.identifiable_drug|provenance.raw_data_family|provenance.source_family|rights.source_and_raw_data|scope.drug_exposure
orcs:2.0.18:curation-queue:v2:645	837	7	2.0.18	2	manual_scope_review	orcs:2.0.18:screen:645	645	29526696	pubmed	orcs:source-family:pubmed:29526696	Tarumoto Y (2018)	7-PMID29526696	Timecourse		OCI-AML-3	1	6	True	curation.comparator_and_sample_map|data.count_level_signal|labels.adjudicated_validation_event|metadata.gene_level_mapping|metadata.identifiable_drug|provenance.raw_data_family|provenance.source_family|rights.source_and_raw_data|scope.drug_exposure
orcs:2.0.18:curation-queue:v2:2151	838	7	2.0.18	2	manual_scope_review	orcs:2.0.18:screen:2151	2151	29779948	pubmed	orcs:source-family:pubmed:29779948	Koren I (2018)	7-PMID29779948	Timecourse		HEK293T	1	6	True	curation.comparator_and_sample_map|data.count_level_signal|labels.adjudicated_validation_event|metadata.gene_level_mapping|metadata.identifiable_drug|provenance.raw_data_family|provenance.source_family|rights.source_and_raw_data|scope.drug_exposure
orcs:2.0.18:curation-queue:v2:2119	839	7	2.0.18	2	manual_scope_review	orcs:2.0.18:screen:2119	2119	30111820	pubmed	orcs:source-family:pubmed:30111820	Manzano M (2018)	7-PMID30111820	Timecourse		BCBL-1 (clone)	1	6	True	curation.comparator_and_sample_map|data.count_level_signal|labels.adjudicated_validation_event|metadata.gene_level_mapping|metadata.identifiable_drug|provenance.raw_data_family|provenance.source_family|rights.source_and_raw_data|scope.drug_exposure
orcs:2.0.18:curation-queue:v2:1140	840	7	2.0.18	2	manual_scope_review	orcs:2.0.18:screen:1140	1140	30397336	pubmed	orcs:source-family:pubmed:30397336	Haney MS (2018)	6-PMID30397336	Timecourse		U-937	1	6	True	curation.comparator_and_sample_map|data.count_level_signal|labels.adjudicated_validation_event|metadata.gene_level_mapping|metadata.identifiable_drug|provenance.raw_data_family|provenance.source_family|rights.source_and_raw_data|scope.drug_exposure
orcs:2.0.18:curation-queue:v2:697	841	7	2.0.18	2	manual_scope_review	orcs:2.0.18:screen:697	697	30971826	pubmed	orcs:source-family:pubmed:30971826	Behan FM (2019)	7-PMID30971826	Timecourse		A2058	1	6	True	curation.comparator_and_sample_map|data.count_level_signal|labels.adjudicated_validation_event|metadata.gene_level_mapping|metadata.identifiable_drug|provenance.raw_data_family|provenance.source_family|rights.source_and_raw_data|scope.drug_exposure
orcs:2.0.18:curation-queue:v2:1020	842	7	2.0.18	2	manual_scope_review	orcs:2.0.18:screen:1020	1020	30995489	pubmed	orcs:source-family:pubmed:30995489	MacLeod G (2019)	1-PMID30995489	Timecourse		G549NS-Cas9	1	6	True	curation.comparator_and_sample_map|data.count_level_signal|labels.adjudicated_validation_event|metadata.gene_level_mapping|metadata.identifiable_drug|provenance.raw_data_family|provenance.source_family|rights.source_and_raw_data|scope.drug_exposure
orcs:2.0.18:curation-queue:v2:1693	843	7	2.0.18	2	manual_scope_review	orcs:2.0.18:screen:1693	1693	31406271	pubmed	orcs:source-family:pubmed:31406271	Ehrenhöfer-Wölfer K (2019)	7-PMID31406271	Timecourse		KYSE-150	1	6	True	curation.comparator_and_sample_map|data.count_level_signal|labels.adjudicated_validation_event|metadata.gene_level_mapping|metadata.identifiable_drug|provenance.raw_data_family|provenance.source_family|rights.source_and_raw_data|scope.drug_exposure
orcs:2.0.18:curation-queue:v2:1244	844	7	2.0.18	2	manual_scope_review	orcs:2.0.18:screen:1244	1244	32238925	pubmed	orcs:source-family:pubmed:32238925	Han K (2020)	7-PMID32238925	Timecourse	3D spheroid growth	NCI-H2009	1	6	True	curation.comparator_and_sample_map|data.count_level_signal|labels.adjudicated_validation_event|metadata.gene_level_mapping|metadata.identifiable_drug|provenance.raw_data_family|provenance.source_family|rights.source_and_raw_data|scope.drug_exposure
orcs:2.0.18:curation-queue:v2:1443	845	7	2.0.18	2	manual_scope_review	orcs:2.0.18:screen:1443	1443	32416067	pubmed	orcs:source-family:pubmed:32416067	Shu S (2020)	4-PMID32416067	Timecourse		SUM159R	1	6	True	curation.comparator_and_sample_map|data.count_level_signal|labels.adjudicated_validation_event|metadata.gene_level_mapping|metadata.identifiable_drug|provenance.raw_data_family|provenance.source_family|rights.source_and_raw_data|scope.drug_exposure
orcs:2.0.18:curation-queue:v2:1298	846	7	2.0.18	2	manual_scope_review	orcs:2.0.18:screen:1298	1298	32990596	pubmed	orcs:source-family:pubmed:32990596	Chai AWY (2020)	7-PMID32990596	Timecourse		ORL-156	1	6	True	curation.comparator_and_sample_map|data.count_level_signal|labels.adjudicated_validation_event|metadata.gene_level_mapping|metadata.identifiable_drug|provenance.raw_data_family|provenance.source_family|rights.source_and_raw_data|scope.drug_exposure
orcs:2.0.18:curation-queue:v2:1774	847	7	2.0.18	2	manual_scope_review	orcs:2.0.18:screen:1774	1774	33513160	pubmed	orcs:source-family:pubmed:33513160	Emmer BT (2021)	7-PMID33513160	Timecourse	Mutation: LDLR (ETG3949) KO | lipoprotein-depleted culture conditions	HuH-7	1	6	True	curation.comparator_and_sample_map|data.count_level_signal|labels.adjudicated_validation_event|metadata.gene_level_mapping|metadata.identifiable_drug|provenance.raw_data_family|provenance.source_family|rights.source_and_raw_data|scope.drug_exposure
orcs:2.0.18:curation-queue:v2:1797	848	7	2.0.18	2	manual_scope_review	orcs:2.0.18:screen:1797	1797	34373451	pubmed	orcs:source-family:pubmed:34373451	Vichas A (2021)	5-PMID34373451	Timecourse	Mutation: RIT1 (ETG6016) M90I	PC-9	1	6	True	curation.comparator_and_sample_map|data.count_level_signal|labels.adjudicated_validation_event|metadata.gene_level_mapping|metadata.identifiable_drug|provenance.raw_data_family|provenance.source_family|rights.source_and_raw_data|scope.drug_exposure
orcs:2.0.18:curation-queue:v2:1759	849	7	2.0.18	2	manual_scope_review	orcs:2.0.18:screen:1759	1759	35021089	pubmed	orcs:source-family:pubmed:35021089	Polyanskaya SA (2022)	7-PMID35021089	Timecourse		Kasumi-1	1	6	True	curation.comparator_and_sample_map|data.count_level_signal|labels.adjudicated_validation_event|metadata.gene_level_mapping|metadata.identifiable_drug|provenance.raw_data_family|provenance.source_family|rights.source_and_raw_data|scope.drug_exposure
orcs:2.0.18:curation-queue:v2:1851	850	7	2.0.18	2	manual_scope_review	orcs:2.0.18:screen:1851	1851	35559673	pubmed	orcs:source-family:pubmed:35559673	Feng X (2022)	7-PMID35559673	Timecourse	Mutation: NF2 (ETG4771) KO	HEK293-A	1	6	True	curation.comparator_and_sample_map|data.count_level_signal|labels.adjudicated_validation_event|metadata.gene_level_mapping|metadata.identifiable_drug|provenance.raw_data_family|provenance.source_family|rights.source_and_raw_data|scope.drug_exposure
orcs:2.0.18:curation-queue:v2:2255	851	7	2.0.18	2	manual_scope_review	orcs:2.0.18:screen:2255	2255	36991492	pubmed	orcs:source-family:pubmed:36991492	Tuano NK (2023)	8-PMID36991492	Timecourse		HMEC	1	6	True	curation.comparator_and_sample_map|data.count_level_signal|labels.adjudicated_validation_event|metadata.gene_level_mapping|metadata.identifiable_drug|provenance.raw_data_family|provenance.source_family|rights.source_and_raw_data|scope.drug_exposure
orcs:2.0.18:curation-queue:v2:1963	852	7	2.0.18	2	manual_scope_review	orcs:2.0.18:screen:1963	1963	36134452	pubmed	orcs:source-family:pubmed:36134452	Lalonde ME (2023)	7-PMID36134452	Timecourse		Tanoue	1	5	False	curation.comparator_and_sample_map|data.count_level_signal|labels.adjudicated_validation_event|metadata.gene_level_mapping|metadata.identifiable_drug|provenance.raw_data_family|provenance.source_family|rights.source_and_raw_data|scope.drug_exposure
orcs:2.0.18:curation-queue:v2:544	853	8	2.0.18	2	manual_scope_review	orcs:2.0.18:screen:544	544	27260156	pubmed	orcs:source-family:pubmed:27260156	Aguirre AJ (2016)	8-PMID27260156	Timecourse		EWS-502	1	6	True	curation.comparator_and_sample_map|data.count_level_signal|labels.adjudicated_validation_event|metadata.gene_level_mapping|metadata.identifiable_drug|provenance.raw_data_family|provenance.source_family|rights.source_and_raw_data|scope.drug_exposure
orcs:2.0.18:curation-queue:v2:73	854	8	2.0.18	2	manual_scope_review	orcs:2.0.18:screen:73	73	28162770	pubmed	orcs:source-family:pubmed:28162770	Wang T (2017)	8-PMID28162770	Timecourse		OCI-AML-2	1	6	True	curation.comparator_and_sample_map|data.count_level_signal|labels.adjudicated_validation_event|metadata.gene_level_mapping|metadata.identifiable_drug|provenance.raw_data_family|provenance.source_family|rights.source_and_raw_data|scope.drug_exposure
orcs:2.0.18:curation-queue:v2:592	855	8	2.0.18	2	manual_scope_review	orcs:2.0.18:screen:592	592	28877469	pubmed	orcs:source-family:pubmed:28877469	Goodwin JM (2017)	8-PMID28877469	Timecourse		H4	1	6	True	curation.comparator_and_sample_map|data.count_level_signal|labels.adjudicated_validation_event|metadata.gene_level_mapping|metadata.identifiable_drug|provenance.raw_data_family|provenance.source_family|rights.source_and_raw_data|scope.drug_exposure
orcs:2.0.18:curation-queue:v2:188	856	8	2.0.18	2	manual_scope_review	orcs:2.0.18:screen:188	188	29083409	pubmed	orcs:source-family:pubmed:29083409	Meyers RM (2017)	8-PMID29083409	Timecourse		AU565	1	6	True	curation.comparator_and_sample_map|data.count_level_signal|labels.adjudicated_validation_event|metadata.gene_level_mapping|metadata.identifiable_drug|provenance.raw_data_family|provenance.source_family|rights.source_and_raw_data|scope.drug_exposure
orcs:2.0.18:curation-queue:v2:646	857	8	2.0.18	2	manual_scope_review	orcs:2.0.18:screen:646	646	29526696	pubmed	orcs:source-family:pubmed:29526696	Tarumoto Y (2018)	8-PMID29526696	Timecourse		U-937	1	6	True	curation.comparator_and_sample_map|data.count_level_signal|labels.adjudicated_validation_event|metadata.gene_level_mapping|metadata.identifiable_drug|provenance.raw_data_family|provenance.source_family|rights.source_and_raw_data|scope.drug_exposure
orcs:2.0.18:curation-queue:v2:2152	858	8	2.0.18	2	manual_scope_review	orcs:2.0.18:screen:2152	2152	29779948	pubmed	orcs:source-family:pubmed:29779948	Koren I (2018)	8-PMID29779948	Timecourse		HEK293T	1	6	True	curation.comparator_and_sample_map|data.count_level_signal|labels.adjudicated_validation_event|metadata.gene_level_mapping|metadata.identifiable_drug|provenance.raw_data_family|provenance.source_family|rights.source_and_raw_data|scope.drug_exposure
orcs:2.0.18:curation-queue:v2:2120	859	8	2.0.18	2	manual_scope_review	orcs:2.0.18:screen:2120	2120	30111820	pubmed	orcs:source-family:pubmed:30111820	Manzano M (2018)	8-PMID30111820	Timecourse		BCBL-1	1	6	True	curation.comparator_and_sample_map|data.count_level_signal|labels.adjudicated_validation_event|metadata.gene_level_mapping|metadata.identifiable_drug|provenance.raw_data_family|provenance.source_family|rights.source_and_raw_data|scope.drug_exposure
orcs:2.0.18:curation-queue:v2:1142	860	8	2.0.18	2	manual_scope_review	orcs:2.0.18:screen:1142	1142	30397336	pubmed	orcs:source-family:pubmed:30397336	Haney MS (2018)	4-PMID30397336	Timecourse		U-937	1	6	True	curation.comparator_and_sample_map|data.count_level_signal|labels.adjudicated_validation_event|metadata.gene_level_mapping|metadata.identifiable_drug|provenance.raw_data_family|provenance.source_family|rights.source_and_raw_data|scope.drug_exposure
orcs:2.0.18:curation-queue:v2:698	861	8	2.0.18	2	manual_scope_review	orcs:2.0.18:screen:698	698	30971826	pubmed	orcs:source-family:pubmed:30971826	Behan FM (2019)	8-PMID30971826	Timecourse		A253	1	6	True	curation.comparator_and_sample_map|data.count_level_signal|labels.adjudicated_validation_event|metadata.gene_level_mapping|metadata.identifiable_drug|provenance.raw_data_family|provenance.source_family|rights.source_and_raw_data|scope.drug_exposure
orcs:2.0.18:curation-queue:v2:1021	862	8	2.0.18	2	manual_scope_review	orcs:2.0.18:screen:1021	1021	30995489	pubmed	orcs:source-family:pubmed:30995489	MacLeod G (2019)	2-PMID30995489	Timecourse		G583NS-Cas9	1	6	True	curation.comparator_and_sample_map|data.count_level_signal|labels.adjudicated_validation_event|metadata.gene_level_mapping|metadata.identifiable_drug|provenance.raw_data_family|provenance.source_family|rights.source_and_raw_data|scope.drug_exposure
orcs:2.0.18:curation-queue:v2:1694	863	8	2.0.18	2	manual_scope_review	orcs:2.0.18:screen:1694	1694	31406271	pubmed	orcs:source-family:pubmed:31406271	Ehrenhöfer-Wölfer K (2019)	8-PMID31406271	Timecourse		KYSE-70	1	6	True	curation.comparator_and_sample_map|data.count_level_signal|labels.adjudicated_validation_event|metadata.gene_level_mapping|metadata.identifiable_drug|provenance.raw_data_family|provenance.source_family|rights.source_and_raw_data|scope.drug_exposure
orcs:2.0.18:curation-queue:v2:1245	864	8	2.0.18	2	manual_scope_review	orcs:2.0.18:screen:1245	1245	32238925	pubmed	orcs:source-family:pubmed:32238925	Han K (2020)	8-PMID32238925	Timecourse	3D spheroid growth	NCI-H2009	1	6	True	curation.comparator_and_sample_map|data.count_level_signal|labels.adjudicated_validation_event|metadata.gene_level_mapping|metadata.identifiable_drug|provenance.raw_data_family|provenance.source_family|rights.source_and_raw_data|scope.drug_exposure
orcs:2.0.18:curation-queue:v2:1444	865	8	2.0.18	2	manual_scope_review	orcs:2.0.18:screen:1444	1444	32416067	pubmed	orcs:source-family:pubmed:32416067	Shu S (2020)	3-PMID32416067	Timecourse		SUM149PT	1	6	True	curation.comparator_and_sample_map|data.count_level_signal|labels.adjudicated_validation_event|metadata.gene_level_mapping|metadata.identifiable_drug|provenance.raw_data_family|provenance.source_family|rights.source_and_raw_data|scope.drug_exposure
orcs:2.0.18:curation-queue:v2:1299	866	8	2.0.18	2	manual_scope_review	orcs:2.0.18:screen:1299	1299	32990596	pubmed	orcs:source-family:pubmed:32990596	Chai AWY (2020)	8-PMID32990596	Timecourse		ORL-174	1	6	True	curation.comparator_and_sample_map|data.count_level_signal|labels.adjudicated_validation_event|metadata.gene_level_mapping|metadata.identifiable_drug|provenance.raw_data_family|provenance.source_family|rights.source_and_raw_data|scope.drug_exposure
orcs:2.0.18:curation-queue:v2:1775	867	8	2.0.18	2	manual_scope_review	orcs:2.0.18:screen:1775	1775	33513160	pubmed	orcs:source-family:pubmed:33513160	Emmer BT (2021)	8-PMID33513160	Timecourse		HuH-7	1	6	True	curation.comparator_and_sample_map|data.count_level_signal|labels.adjudicated_validation_event|metadata.gene_level_mapping|metadata.identifiable_drug|provenance.raw_data_family|provenance.source_family|rights.source_and_raw_data|scope.drug_exposure
orcs:2.0.18:curation-queue:v2:1910	868	8	2.0.18	2	manual_scope_review	orcs:2.0.18:screen:1910	1910	33649592	pubmed	orcs:source-family:pubmed:33649592	Frangieh CJ (2021)	1-PMID33649592	Timecourse		primary melanoma cell line	1	6	True	curation.comparator_and_sample_map|data.count_level_signal|labels.adjudicated_validation_event|metadata.gene_level_mapping|metadata.identifiable_drug|provenance.raw_data_family|provenance.source_family|rights.source_and_raw_data|scope.drug_exposure
orcs:2.0.18:curation-queue:v2:1799	869	8	2.0.18	2	manual_scope_review	orcs:2.0.18:screen:1799	1799	34373451	pubmed	orcs:source-family:pubmed:34373451	Vichas A (2021)	7-PMID34373451	Timecourse	Mutation: RIT1 (ETG6016) M90I	PC-9	1	6	True	curation.comparator_and_sample_map|data.count_level_signal|labels.adjudicated_validation_event|metadata.gene_level_mapping|metadata.identifiable_drug|provenance.raw_data_family|provenance.source_family|rights.source_and_raw_data|scope.drug_exposure
orcs:2.0.18:curation-queue:v2:1760	870	8	2.0.18	2	manual_scope_review	orcs:2.0.18:screen:1760	1760	35021089	pubmed	orcs:source-family:pubmed:35021089	Polyanskaya SA (2022)	8-PMID35021089	Timecourse		K-562	1	6	True	curation.comparator_and_sample_map|data.count_level_signal|labels.adjudicated_validation_event|metadata.gene_level_mapping|metadata.identifiable_drug|provenance.raw_data_family|provenance.source_family|rights.source_and_raw_data|scope.drug_exposure
orcs:2.0.18:curation-queue:v2:1852	871	8	2.0.18	2	manual_scope_review	orcs:2.0.18:screen:1852	1852	35559673	pubmed	orcs:source-family:pubmed:35559673	Feng X (2022)	8-PMID35559673	Timecourse	Mutation: PBRM1 (ETG55193) KO	HEK293-A	1	6	True	curation.comparator_and_sample_map|data.count_level_signal|labels.adjudicated_validation_event|metadata.gene_level_mapping|metadata.identifiable_drug|provenance.raw_data_family|provenance.source_family|rights.source_and_raw_data|scope.drug_exposure
orcs:2.0.18:curation-queue:v2:2256	872	8	2.0.18	2	manual_scope_review	orcs:2.0.18:screen:2256	2256	36991492	pubmed	orcs:source-family:pubmed:36991492	Tuano NK (2023)	9-PMID36991492	Timecourse		HMEC	1	6	True	curation.comparator_and_sample_map|data.count_level_signal|labels.adjudicated_validation_event|metadata.gene_level_mapping|metadata.identifiable_drug|provenance.raw_data_family|provenance.source_family|rights.source_and_raw_data|scope.drug_exposure
orcs:2.0.18:curation-queue:v2:611	873	8	2.0.18	2	manual_scope_review	orcs:2.0.18:screen:611	611	26780180	pubmed	orcs:source-family:pubmed:26780180	Doench JG (2016)	11-PMID26780180	Ligand Exposure	Interferon gamma	BV-2	1	6	False	curation.comparator_and_sample_map|data.count_level_signal|labels.adjudicated_validation_event|metadata.gene_level_mapping|metadata.identifiable_drug|provenance.raw_data_family|provenance.source_family|rights.source_and_raw_data|scope.drug_exposure
orcs:2.0.18:curation-queue:v2:545	874	9	2.0.18	2	manual_scope_review	orcs:2.0.18:screen:545	545	27260156	pubmed	orcs:source-family:pubmed:27260156	Aguirre AJ (2016)	9-PMID27260156	Timecourse		G-402	1	6	True	curation.comparator_and_sample_map|data.count_level_signal|labels.adjudicated_validation_event|metadata.gene_level_mapping|metadata.identifiable_drug|provenance.raw_data_family|provenance.source_family|rights.source_and_raw_data|scope.drug_exposure
orcs:2.0.18:curation-queue:v2:74	875	9	2.0.18	2	manual_scope_review	orcs:2.0.18:screen:74	74	28162770	pubmed	orcs:source-family:pubmed:28162770	Wang T (2017)	9-PMID28162770	Timecourse		OCI-AML-3	1	6	True	curation.comparator_and_sample_map|data.count_level_signal|labels.adjudicated_validation_event|metadata.gene_level_mapping|metadata.identifiable_drug|provenance.raw_data_family|provenance.source_family|rights.source_and_raw_data|scope.drug_exposure
orcs:2.0.18:curation-queue:v2:593	876	9	2.0.18	2	manual_scope_review	orcs:2.0.18:screen:593	593	28877469	pubmed	orcs:source-family:pubmed:28877469	Goodwin JM (2017)	9-PMID28877469	Timecourse		H4	1	6	True	curation.comparator_and_sample_map|data.count_level_signal|labels.adjudicated_validation_event|metadata.gene_level_mapping|metadata.identifiable_drug|provenance.raw_data_family|provenance.source_family|rights.source_and_raw_data|scope.drug_exposure
orcs:2.0.18:curation-queue:v2:189	877	9	2.0.18	2	manual_scope_review	orcs:2.0.18:screen:189	189	29083409	pubmed	orcs:source-family:pubmed:29083409	Meyers RM (2017)	9-PMID29083409	Timecourse		BHY	1	6	True	curation.comparator_and_sample_map|data.count_level_signal|labels.adjudicated_validation_event|metadata.gene_level_mapping|metadata.identifiable_drug|provenance.raw_data_family|provenance.source_family|rights.source_and_raw_data|scope.drug_exposure
orcs:2.0.18:curation-queue:v2:647	878	9	2.0.18	2	manual_scope_review	orcs:2.0.18:screen:647	647	29526696	pubmed	orcs:source-family:pubmed:29526696	Tarumoto Y (2018)	9-PMID29526696	Timecourse		K-562	1	6	True	curation.comparator_and_sample_map|data.count_level_signal|labels.adjudicated_validation_event|metadata.gene_level_mapping|metadata.identifiable_drug|provenance.raw_data_family|provenance.source_family|rights.source_and_raw_data|scope.drug_exposure
orcs:2.0.18:curation-queue:v2:2153	879	9	2.0.18	2	manual_scope_review	orcs:2.0.18:screen:2153	2153	29779948	pubmed	orcs:source-family:pubmed:29779948	Koren I (2018)	9-PMID29779948	Timecourse		HEK293T	1	6	True	curation.comparator_and_sample_map|data.count_level_signal|labels.adjudicated_validation_event|metadata.gene_level_mapping|metadata.identifiable_drug|provenance.raw_data_family|provenance.source_family|rights.source_and_raw_data|scope.drug_exposure
orcs:2.0.18:curation-queue:v2:2121	880	9	2.0.18	2	manual_scope_review	orcs:2.0.18:screen:2121	2121	30111820	pubmed	orcs:source-family:pubmed:30111820	Manzano M (2018)	9-PMID30111820	Timecourse		BCBL-1	1	6	True	curation.comparator_and_sample_map|data.count_level_signal|labels.adjudicated_validation_event|metadata.gene_level_mapping|metadata.identifiable_drug|provenance.raw_data_family|provenance.source_family|rights.source_and_raw_data|scope.drug_exposure
orcs:2.0.18:curation-queue:v2:699	881	9	2.0.18	2	manual_scope_review	orcs:2.0.18:screen:699	699	30971826	pubmed	orcs:source-family:pubmed:30971826	Behan FM (2019)	9-PMID30971826	Timecourse		A2780	1	6	True	curation.comparator_and_sample_map|data.count_level_signal|labels.adjudicated_validation_event|metadata.gene_level_mapping|metadata.identifiable_drug|provenance.raw_data_family|provenance.source_family|rights.source_and_raw_data|scope.drug_exposure
orcs:2.0.18:curation-queue:v2:1022	882	9	2.0.18	2	manual_scope_review	orcs:2.0.18:screen:1022	1022	30995489	pubmed	orcs:source-family:pubmed:30995489	MacLeod G (2019)	3-PMID30995489	Timecourse		G523NS-Cas9	1	6	True	curation.comparator_and_sample_map|data.count_level_signal|labels.adjudicated_validation_event|metadata.gene_level_mapping|metadata.identifiable_drug|provenance.raw_data_family|provenance.source_family|rights.source_and_raw_data|scope.drug_exposure
orcs:2.0.18:curation-queue:v2:1695	883	9	2.0.18	2	manual_scope_review	orcs:2.0.18:screen:1695	1695	31406271	pubmed	orcs:source-family:pubmed:31406271	Ehrenhöfer-Wölfer K (2019)	9-PMID31406271	Timecourse		KYSE-140	1	6	True	curation.comparator_and_sample_map|data.count_level_signal|labels.adjudicated_validation_event|metadata.gene_level_mapping|metadata.identifiable_drug|provenance.raw_data_family|provenance.source_family|rights.source_and_raw_data|scope.drug_exposure
orcs:2.0.18:curation-queue:v2:1246	884	9	2.0.18	2	manual_scope_review	orcs:2.0.18:screen:1246	1246	32238925	pubmed	orcs:source-family:pubmed:32238925	Han K (2020)	9-PMID32238925	Timecourse		NCI-H1975	1	6	True	curation.comparator_and_sample_map|data.count_level_signal|labels.adjudicated_validation_event|metadata.gene_level_mapping|metadata.identifiable_drug|provenance.raw_data_family|provenance.source_family|rights.source_and_raw_data|scope.drug_exposure
orcs:2.0.18:curation-queue:v2:1300	885	9	2.0.18	2	manual_scope_review	orcs:2.0.18:screen:1300	1300	32990596	pubmed	orcs:source-family:pubmed:32990596	Chai AWY (2020)	9-PMID32990596	Timecourse		ORL-188	1	6	True	curation.comparator_and_sample_map|data.count_level_signal|labels.adjudicated_validation_event|metadata.gene_level_mapping|metadata.identifiable_drug|provenance.raw_data_family|provenance.source_family|rights.source_and_raw_data|scope.drug_exposure
orcs:2.0.18:curation-queue:v2:1776	886	9	2.0.18	2	manual_scope_review	orcs:2.0.18:screen:1776	1776	33513160	pubmed	orcs:source-family:pubmed:33513160	Emmer BT (2021)	9-PMID33513160	Timecourse		HuH-7	1	6	True	curation.comparator_and_sample_map|data.count_level_signal|labels.adjudicated_validation_event|metadata.gene_level_mapping|metadata.identifiable_drug|provenance.raw_data_family|provenance.source_family|rights.source_and_raw_data|scope.drug_exposure
orcs:2.0.18:curation-queue:v2:1761	887	9	2.0.18	2	manual_scope_review	orcs:2.0.18:screen:1761	1761	35021089	pubmed	orcs:source-family:pubmed:35021089	Polyanskaya SA (2022)	9-PMID35021089	Timecourse		NCI-H1048	1	6	True	curation.comparator_and_sample_map|data.count_level_signal|labels.adjudicated_validation_event|metadata.gene_level_mapping|metadata.identifiable_drug|provenance.raw_data_family|provenance.source_family|rights.source_and_raw_data|scope.drug_exposure
orcs:2.0.18:curation-queue:v2:1853	888	9	2.0.18	2	manual_scope_review	orcs:2.0.18:screen:1853	1853	35559673	pubmed	orcs:source-family:pubmed:35559673	Feng X (2022)	9-PMID35559673	Timecourse	Mutation: PTEN (ETG5728) KO	HEK293-A	1	6	True	curation.comparator_and_sample_map|data.count_level_signal|labels.adjudicated_validation_event|metadata.gene_level_mapping|metadata.identifiable_drug|provenance.raw_data_family|provenance.source_family|rights.source_and_raw_data|scope.drug_exposure
orcs:2.0.18:curation-queue:v2:2257	889	9	2.0.18	2	manual_scope_review	orcs:2.0.18:screen:2257	2257	36991492	pubmed	orcs:source-family:pubmed:36991492	Tuano NK (2023)	10-PMID36991492	Timecourse		HMEC	1	6	True	curation.comparator_and_sample_map|data.count_level_signal|labels.adjudicated_validation_event|metadata.gene_level_mapping|metadata.identifiable_drug|provenance.raw_data_family|provenance.source_family|rights.source_and_raw_data|scope.drug_exposure
orcs:2.0.18:curation-queue:v2:600	890	9	2.0.18	2	manual_scope_review	orcs:2.0.18:screen:600	600	26780180	pubmed	orcs:source-family:pubmed:26780180	Doench JG (2016)	6-PMID26780180	Timecourse		A-375	1	5	False	curation.comparator_and_sample_map|data.count_level_signal|labels.adjudicated_validation_event|metadata.gene_level_mapping|metadata.identifiable_drug|provenance.raw_data_family|provenance.source_family|rights.source_and_raw_data|scope.drug_exposure
orcs:2.0.18:curation-queue:v2:546	891	10	2.0.18	2	manual_scope_review	orcs:2.0.18:screen:546	546	27260156	pubmed	orcs:source-family:pubmed:27260156	Aguirre AJ (2016)	10-PMID27260156	Timecourse		HCC44	1	6	True	curation.comparator_and_sample_map|data.count_level_signal|labels.adjudicated_validation_event|metadata.gene_level_mapping|metadata.identifiable_drug|provenance.raw_data_family|provenance.source_family|rights.source_and_raw_data|scope.drug_exposure
orcs:2.0.18:curation-queue:v2:75	892	10	2.0.18	2	manual_scope_review	orcs:2.0.18:screen:75	75	28162770	pubmed	orcs:source-family:pubmed:28162770	Wang T (2017)	10-PMID28162770	Timecourse		OCI-AML-5	1	6	True	curation.comparator_and_sample_map|data.count_level_signal|labels.adjudicated_validation_event|metadata.gene_level_mapping|metadata.identifiable_drug|provenance.raw_data_family|provenance.source_family|rights.source_and_raw_data|scope.drug_exposure
orcs:2.0.18:curation-queue:v2:190	893	10	2.0.18	2	manual_scope_review	orcs:2.0.18:screen:190	190	29083409	pubmed	orcs:source-family:pubmed:29083409	Meyers RM (2017)	10-PMID29083409	Timecourse		CAL-27	1	6	True	curation.comparator_and_sample_map|data.count_level_signal|labels.adjudicated_validation_event|metadata.gene_level_mapping|metadata.identifiable_drug|provenance.raw_data_family|provenance.source_family|rights.source_and_raw_data|scope.drug_exposure
orcs:2.0.18:curation-queue:v2:648	894	10	2.0.18	2	manual_scope_review	orcs:2.0.18:screen:648	648	29526696	pubmed	orcs:source-family:pubmed:29526696	Tarumoto Y (2018)	10-PMID29526696	Timecourse		DMS 114	1	6	True	curation.comparator_and_sample_map|data.count_level_signal|labels.adjudicated_validation_event|metadata.gene_level_mapping|metadata.identifiable_drug|provenance.raw_data_family|provenance.source_family|rights.source_and_raw_data|scope.drug_exposure
orcs:2.0.18:curation-queue:v2:2154	895	10	2.0.18	2	manual_scope_review	orcs:2.0.18:screen:2154	2154	29779948	pubmed	orcs:source-family:pubmed:29779948	Koren I (2018)	10-PMID29779948	Timecourse		HEK293T	1	6	True	curation.comparator_and_sample_map|data.count_level_signal|labels.adjudicated_validation_event|metadata.gene_level_mapping|metadata.identifiable_drug|provenance.raw_data_family|provenance.source_family|rights.source_and_raw_data|scope.drug_exposure
orcs:2.0.18:curation-queue:v2:2122	896	10	2.0.18	2	manual_scope_review	orcs:2.0.18:screen:2122	2122	30111820	pubmed	orcs:source-family:pubmed:30111820	Manzano M (2018)	10-PMID30111820	Timecourse		VG-1	1	6	True	curation.comparator_and_sample_map|data.count_level_signal|labels.adjudicated_validation_event|metadata.gene_level_mapping|metadata.identifiable_drug|provenance.raw_data_family|provenance.source_family|rights.source_and_raw_data|scope.drug_exposure
orcs:2.0.18:curation-queue:v2:700	897	10	2.0.18	2	manual_scope_review	orcs:2.0.18:screen:700	700	30971826	pubmed	orcs:source-family:pubmed:30971826	Behan FM (2019)	10-PMID30971826	Timecourse		A2780ADR	1	6	True	curation.comparator_and_sample_map|data.count_level_signal|labels.adjudicated_validation_event|metadata.gene_level_mapping|metadata.identifiable_drug|provenance.raw_data_family|provenance.source_family|rights.source_and_raw_data|scope.drug_exposure
orcs:2.0.18:curation-queue:v2:1023	898	10	2.0.18	2	manual_scope_review	orcs:2.0.18:screen:1023	1023	30995489	pubmed	orcs:source-family:pubmed:30995489	MacLeod G (2019)	4-PMID30995489	Timecourse		G564NS-Cas9	1	6	True	curation.comparator_and_sample_map|data.count_level_signal|labels.adjudicated_validation_event|metadata.gene_level_mapping|metadata.identifiable_drug|provenance.raw_data_family|provenance.source_family|rights.source_and_raw_data|scope.drug_exposure
orcs:2.0.18:curation-queue:v2:1696	899	10	2.0.18	2	manual_scope_review	orcs:2.0.18:screen:1696	1696	31406271	pubmed	orcs:source-family:pubmed:31406271	Ehrenhöfer-Wölfer K (2019)	10-PMID31406271	Timecourse		KYSE-450	1	6	True	curation.comparator_and_sample_map|data.count_level_signal|labels.adjudicated_validation_event|metadata.gene_level_mapping|metadata.identifiable_drug|provenance.raw_data_family|provenance.source_family|rights.source_and_raw_data|scope.drug_exposure
orcs:2.0.18:curation-queue:v2:1247	900	10	2.0.18	2	manual_scope_review	orcs:2.0.18:screen:1247	1247	32238925	pubmed	orcs:source-family:pubmed:32238925	Han K (2020)	10-PMID32238925	Timecourse	3D spheroid growth	NCI-H1975	1	6	True	curation.comparator_and_sample_map|data.count_level_signal|labels.adjudicated_validation_event|metadata.gene_level_mapping|metadata.identifiable_drug|provenance.raw_data_family|provenance.source_family|rights.source_and_raw_data|scope.drug_exposure
orcs:2.0.18:curation-queue:v2:1301	901	10	2.0.18	2	manual_scope_review	orcs:2.0.18:screen:1301	1301	32990596	pubmed	orcs:source-family:pubmed:32990596	Chai AWY (2020)	10-PMID32990596	Timecourse		ORL-195	1	6	True	curation.comparator_and_sample_map|data.count_level_signal|labels.adjudicated_validation_event|metadata.gene_level_mapping|metadata.identifiable_drug|provenance.raw_data_family|provenance.source_family|rights.source_and_raw_data|scope.drug_exposure
orcs:2.0.18:curation-queue:v2:1777	902	10	2.0.18	2	manual_scope_review	orcs:2.0.18:screen:1777	1777	33513160	pubmed	orcs:source-family:pubmed:33513160	Emmer BT (2021)	10-PMID33513160	Timecourse	lipoprotein-rich culture conditions	Hep-G2	1	6	True	curation.comparator_and_sample_map|data.count_level_signal|labels.adjudicated_validation_event|metadata.gene_level_mapping|metadata.identifiable_drug|provenance.raw_data_family|provenance.source_family|rights.source_and_raw_data|scope.drug_exposure
orcs:2.0.18:curation-queue:v2:1762	903	10	2.0.18	2	manual_scope_review	orcs:2.0.18:screen:1762	1762	35021089	pubmed	orcs:source-family:pubmed:35021089	Polyanskaya SA (2022)	10-PMID35021089	Timecourse		AsPC-1	1	6	True	curation.comparator_and_sample_map|data.count_level_signal|labels.adjudicated_validation_event|metadata.gene_level_mapping|metadata.identifiable_drug|provenance.raw_data_family|provenance.source_family|rights.source_and_raw_data|scope.drug_exposure
orcs:2.0.18:curation-queue:v2:1854	904	10	2.0.18	2	manual_scope_review	orcs:2.0.18:screen:1854	1854	35559673	pubmed	orcs:source-family:pubmed:35559673	Feng X (2022)	10-PMID35559673	Timecourse	Mutation: RB1 (ETG5925) KO	HEK293-A	1	6	True	curation.comparator_and_sample_map|data.count_level_signal|labels.adjudicated_validation_event|metadata.gene_level_mapping|metadata.identifiable_drug|provenance.raw_data_family|provenance.source_family|rights.source_and_raw_data|scope.drug_exposure
orcs:2.0.18:curation-queue:v2:2258	905	10	2.0.18	2	manual_scope_review	orcs:2.0.18:screen:2258	2258	36991492	pubmed	orcs:source-family:pubmed:36991492	Tuano NK (2023)	11-PMID36991492	Timecourse		HMEC	1	6	True	curation.comparator_and_sample_map|data.count_level_signal|labels.adjudicated_validation_event|metadata.gene_level_mapping|metadata.identifiable_drug|provenance.raw_data_family|provenance.source_family|rights.source_and_raw_data|scope.drug_exposure
orcs:2.0.18:curation-queue:v2:601	906	10	2.0.18	2	manual_scope_review	orcs:2.0.18:screen:601	601	26780180	pubmed	orcs:source-family:pubmed:26780180	Doench JG (2016)	7-PMID26780180	Timecourse		A-375	1	5	False	curation.comparator_and_sample_map|data.count_level_signal|labels.adjudicated_validation_event|metadata.gene_level_mapping|metadata.identifiable_drug|provenance.raw_data_family|provenance.source_family|rights.source_and_raw_data|scope.drug_exposure
orcs:2.0.18:curation-queue:v2:547	907	11	2.0.18	2	manual_scope_review	orcs:2.0.18:screen:547	547	27260156	pubmed	orcs:source-family:pubmed:27260156	Aguirre AJ (2016)	11-PMID27260156	Timecourse		Hs 294T	1	6	True	curation.comparator_and_sample_map|data.count_level_signal|labels.adjudicated_validation_event|metadata.gene_level_mapping|metadata.identifiable_drug|provenance.raw_data_family|provenance.source_family|rights.source_and_raw_data|scope.drug_exposure
orcs:2.0.18:curation-queue:v2:76	908	11	2.0.18	2	manual_scope_review	orcs:2.0.18:screen:76	76	28162770	pubmed	orcs:source-family:pubmed:28162770	Wang T (2017)	11-PMID28162770	Timecourse		P31/FUJ	1	6	True	curation.comparator_and_sample_map|data.count_level_signal|labels.adjudicated_validation_event|metadata.gene_level_mapping|metadata.identifiable_drug|provenance.raw_data_family|provenance.source_family|rights.source_and_raw_data|scope.drug_exposure
orcs:2.0.18:curation-queue:v2:191	909	11	2.0.18	2	manual_scope_review	orcs:2.0.18:screen:191	191	29083409	pubmed	orcs:source-family:pubmed:29083409	Meyers RM (2017)	11-PMID29083409	Timecourse		Caov-3	1	6	True	curation.comparator_and_sample_map|data.count_level_signal|labels.adjudicated_validation_event|metadata.gene_level_mapping|metadata.identifiable_drug|provenance.raw_data_family|provenance.source_family|rights.source_and_raw_data|scope.drug_exposure
orcs:2.0.18:curation-queue:v2:649	910	11	2.0.18	2	manual_scope_review	orcs:2.0.18:screen:649	649	29526696	pubmed	orcs:source-family:pubmed:29526696	Tarumoto Y (2018)	11-PMID29526696	Timecourse		NCI-H446	1	6	True	curation.comparator_and_sample_map|data.count_level_signal|labels.adjudicated_validation_event|metadata.gene_level_mapping|metadata.identifiable_drug|provenance.raw_data_family|provenance.source_family|rights.source_and_raw_data|scope.drug_exposure
orcs:2.0.18:curation-queue:v2:2155	911	11	2.0.18	2	manual_scope_review	orcs:2.0.18:screen:2155	2155	29779948	pubmed	orcs:source-family:pubmed:29779948	Koren I (2018)	11-PMID29779948	Timecourse		HEK293T	1	6	True	curation.comparator_and_sample_map|data.count_level_signal|labels.adjudicated_validation_event|metadata.gene_level_mapping|metadata.identifiable_drug|provenance.raw_data_family|provenance.source_family|rights.source_and_raw_data|scope.drug_exposure
orcs:2.0.18:curation-queue:v2:2123	912	11	2.0.18	2	manual_scope_review	orcs:2.0.18:screen:2123	2123	30111820	pubmed	orcs:source-family:pubmed:30111820	Manzano M (2018)	11-PMID30111820	Timecourse		KMS-12-BM	1	6	True	curation.comparator_and_sample_map|data.count_level_signal|labels.adjudicated_validation_event|metadata.gene_level_mapping|metadata.identifiable_drug|provenance.raw_data_family|provenance.source_family|rights.source_and_raw_data|scope.drug_exposure
orcs:2.0.18:curation-queue:v2:701	913	11	2.0.18	2	manual_scope_review	orcs:2.0.18:screen:701	701	30971826	pubmed	orcs:source-family:pubmed:30971826	Behan FM (2019)	11-PMID30971826	Timecourse		A2780cis	1	6	True	curation.comparator_and_sample_map|data.count_level_signal|labels.adjudicated_validation_event|metadata.gene_level_mapping|metadata.identifiable_drug|provenance.raw_data_family|provenance.source_family|rights.source_and_raw_data|scope.drug_exposure
orcs:2.0.18:curation-queue:v2:1024	914	11	2.0.18	2	manual_scope_review	orcs:2.0.18:screen:1024	1024	30995489	pubmed	orcs:source-family:pubmed:30995489	MacLeod G (2019)	5-PMID30995489	Timecourse		G477NS-Cas9	1	6	True	curation.comparator_and_sample_map|data.count_level_signal|labels.adjudicated_validation_event|metadata.gene_level_mapping|metadata.identifiable_drug|provenance.raw_data_family|provenance.source_family|rights.source_and_raw_data|scope.drug_exposure
orcs:2.0.18:curation-queue:v2:1248	915	11	2.0.18	2	manual_scope_review	orcs:2.0.18:screen:1248	1248	32238925	pubmed	orcs:source-family:pubmed:32238925	Han K (2020)	11-PMID32238925	Timecourse	3D spheroid growth	NCI-H1975	1	6	True	curation.comparator_and_sample_map|data.count_level_signal|labels.adjudicated_validation_event|metadata.gene_level_mapping|metadata.identifiable_drug|provenance.raw_data_family|provenance.source_family|rights.source_and_raw_data|scope.drug_exposure
orcs:2.0.18:curation-queue:v2:1302	916	11	2.0.18	2	manual_scope_review	orcs:2.0.18:screen:1302	1302	32990596	pubmed	orcs:source-family:pubmed:32990596	Chai AWY (2020)	11-PMID32990596	Timecourse		ORL-204	1	6	True	curation.comparator_and_sample_map|data.count_level_signal|labels.adjudicated_validation_event|metadata.gene_level_mapping|metadata.identifiable_drug|provenance.raw_data_family|provenance.source_family|rights.source_and_raw_data|scope.drug_exposure
orcs:2.0.18:curation-queue:v2:1778	917	11	2.0.18	2	manual_scope_review	orcs:2.0.18:screen:1778	1778	33513160	pubmed	orcs:source-family:pubmed:33513160	Emmer BT (2021)	11-PMID33513160	Timecourse	lipoprotein-depleted culture conditions	Hep 3B2.1-7	1	6	True	curation.comparator_and_sample_map|data.count_level_signal|labels.adjudicated_validation_event|metadata.gene_level_mapping|metadata.identifiable_drug|provenance.raw_data_family|provenance.source_family|rights.source_and_raw_data|scope.drug_exposure
orcs:2.0.18:curation-queue:v2:1763	918	11	2.0.18	2	manual_scope_review	orcs:2.0.18:screen:1763	1763	35021089	pubmed	orcs:source-family:pubmed:35021089	Polyanskaya SA (2022)	11-PMID35021089	Timecourse		Rh30	1	6	True	curation.comparator_and_sample_map|data.count_level_signal|labels.adjudicated_validation_event|metadata.gene_level_mapping|metadata.identifiable_drug|provenance.raw_data_family|provenance.source_family|rights.source_and_raw_data|scope.drug_exposure
orcs:2.0.18:curation-queue:v2:1855	919	11	2.0.18	2	manual_scope_review	orcs:2.0.18:screen:1855	1855	35559673	pubmed	orcs:source-family:pubmed:35559673	Feng X (2022)	11-PMID35559673	Timecourse	Mutation: TP53 (ETG:7157) KO	HEK293-A	1	6	True	curation.comparator_and_sample_map|data.count_level_signal|labels.adjudicated_validation_event|metadata.gene_level_mapping|metadata.identifiable_drug|provenance.raw_data_family|provenance.source_family|rights.source_and_raw_data|scope.drug_exposure
orcs:2.0.18:curation-queue:v2:2259	920	11	2.0.18	2	manual_scope_review	orcs:2.0.18:screen:2259	2259	36991492	pubmed	orcs:source-family:pubmed:36991492	Tuano NK (2023)	12-PMID36991492	Timecourse		HMEC	1	6	True	curation.comparator_and_sample_map|data.count_level_signal|labels.adjudicated_validation_event|metadata.gene_level_mapping|metadata.identifiable_drug|provenance.raw_data_family|provenance.source_family|rights.source_and_raw_data|scope.drug_exposure
orcs:2.0.18:curation-queue:v2:602	921	11	2.0.18	2	manual_scope_review	orcs:2.0.18:screen:602	602	26780180	pubmed	orcs:source-family:pubmed:26780180	Doench JG (2016)	8-PMID26780180	Timecourse		HT-29	1	5	False	curation.comparator_and_sample_map|data.count_level_signal|labels.adjudicated_validation_event|metadata.gene_level_mapping|metadata.identifiable_drug|provenance.raw_data_family|provenance.source_family|rights.source_and_raw_data|scope.drug_exposure
orcs:2.0.18:curation-queue:v2:548	922	12	2.0.18	2	manual_scope_review	orcs:2.0.18:screen:548	548	27260156	pubmed	orcs:source-family:pubmed:27260156	Aguirre AJ (2016)	12-PMID27260156	Timecourse		HT-29	1	6	True	curation.comparator_and_sample_map|data.count_level_signal|labels.adjudicated_validation_event|metadata.gene_level_mapping|metadata.identifiable_drug|provenance.raw_data_family|provenance.source_family|rights.source_and_raw_data|scope.drug_exposure
orcs:2.0.18:curation-queue:v2:77	923	12	2.0.18	2	manual_scope_review	orcs:2.0.18:screen:77	77	28162770	pubmed	orcs:source-family:pubmed:28162770	Wang T (2017)	20-PMID28162770	Timecourse		PL-21	1	6	True	curation.comparator_and_sample_map|data.count_level_signal|labels.adjudicated_validation_event|metadata.gene_level_mapping|metadata.identifiable_drug|provenance.raw_data_family|provenance.source_family|rights.source_and_raw_data|scope.drug_exposure
orcs:2.0.18:curation-queue:v2:192	924	12	2.0.18	2	manual_scope_review	orcs:2.0.18:screen:192	192	29083409	pubmed	orcs:source-family:pubmed:29083409	Meyers RM (2017)	12-PMID29083409	Timecourse		YKG-1	1	6	True	curation.comparator_and_sample_map|data.count_level_signal|labels.adjudicated_validation_event|metadata.gene_level_mapping|metadata.identifiable_drug|provenance.raw_data_family|provenance.source_family|rights.source_and_raw_data|scope.drug_exposure
orcs:2.0.18:curation-queue:v2:650	925	12	2.0.18	2	manual_scope_review	orcs:2.0.18:screen:650	650	29526696	pubmed	orcs:source-family:pubmed:29526696	Tarumoto Y (2018)	12-PMID29526696	Timecourse		NCI-H526	1	6	True	curation.comparator_and_sample_map|data.count_level_signal|labels.adjudicated_validation_event|metadata.gene_level_mapping|metadata.identifiable_drug|provenance.raw_data_family|provenance.source_family|rights.source_and_raw_data|scope.drug_exposure
orcs:2.0.18:curation-queue:v2:2156	926	12	2.0.18	2	manual_scope_review	orcs:2.0.18:screen:2156	2156	29779948	pubmed	orcs:source-family:pubmed:29779948	Koren I (2018)	12-PMID29779948	Timecourse		HEK293T	1	6	True	curation.comparator_and_sample_map|data.count_level_signal|labels.adjudicated_validation_event|metadata.gene_level_mapping|metadata.identifiable_drug|provenance.raw_data_family|provenance.source_family|rights.source_and_raw_data|scope.drug_exposure
orcs:2.0.18:curation-queue:v2:2124	927	12	2.0.18	2	manual_scope_review	orcs:2.0.18:screen:2124	2124	30111820	pubmed	orcs:source-family:pubmed:30111820	Manzano M (2018)	12-PMID30111820	Timecourse		BJAB	1	6	True	curation.comparator_and_sample_map|data.count_level_signal|labels.adjudicated_validation_event|metadata.gene_level_mapping|metadata.identifiable_drug|provenance.raw_data_family|provenance.source_family|rights.source_and_raw_data|scope.drug_exposure
orcs:2.0.18:curation-queue:v2:702	928	12	2.0.18	2	manual_scope_review	orcs:2.0.18:screen:702	702	30971826	pubmed	orcs:source-family:pubmed:30971826	Behan FM (2019)	12-PMID30971826	Timecourse		A-375	1	6	True	curation.comparator_and_sample_map|data.count_level_signal|labels.adjudicated_validation_event|metadata.gene_level_mapping|metadata.identifiable_drug|provenance.raw_data_family|provenance.source_family|rights.source_and_raw_data|scope.drug_exposure
orcs:2.0.18:curation-queue:v2:1025	929	12	2.0.18	2	manual_scope_review	orcs:2.0.18:screen:1025	1025	30995489	pubmed	orcs:source-family:pubmed:30995489	MacLeod G (2019)	6-PMID30995489	Timecourse		G432NS-Cas9	1	6	True	curation.comparator_and_sample_map|data.count_level_signal|labels.adjudicated_validation_event|metadata.gene_level_mapping|metadata.identifiable_drug|provenance.raw_data_family|provenance.source_family|rights.source_and_raw_data|scope.drug_exposure
orcs:2.0.18:curation-queue:v2:1303	930	12	2.0.18	2	manual_scope_review	orcs:2.0.18:screen:1303	1303	32990596	pubmed	orcs:source-family:pubmed:32990596	Chai AWY (2020)	12-PMID32990596	Timecourse		ORL-207	1	6	True	curation.comparator_and_sample_map|data.count_level_signal|labels.adjudicated_validation_event|metadata.gene_level_mapping|metadata.identifiable_drug|provenance.raw_data_family|provenance.source_family|rights.source_and_raw_data|scope.drug_exposure
orcs:2.0.18:curation-queue:v2:1764	931	12	2.0.18	2	manual_scope_review	orcs:2.0.18:screen:1764	1764	35021089	pubmed	orcs:source-family:pubmed:35021089	Polyanskaya SA (2022)	12-PMID35021089	Timecourse		RD	1	6	True	curation.comparator_and_sample_map|data.count_level_signal|labels.adjudicated_validation_event|metadata.gene_level_mapping|metadata.identifiable_drug|provenance.raw_data_family|provenance.source_family|rights.source_and_raw_data|scope.drug_exposure
orcs:2.0.18:curation-queue:v2:1856	932	12	2.0.18	2	manual_scope_review	orcs:2.0.18:screen:1856	1856	35559673	pubmed	orcs:source-family:pubmed:35559673	Feng X (2022)	12-PMID35559673	Timecourse	Mutation: VHL (ETG7428) KO	HEK293-A	1	6	True	curation.comparator_and_sample_map|data.count_level_signal|labels.adjudicated_validation_event|metadata.gene_level_mapping|metadata.identifiable_drug|provenance.raw_data_family|provenance.source_family|rights.source_and_raw_data|scope.drug_exposure
orcs:2.0.18:curation-queue:v2:2266	933	12	2.0.18	2	manual_scope_review	orcs:2.0.18:screen:2266	2266	36991492	pubmed	orcs:source-family:pubmed:36991492	Tuano NK (2023)	19-PMID36991492	Timecourse	3D spheroid growth	HMEC	1	6	True	curation.comparator_and_sample_map|data.count_level_signal|labels.adjudicated_validation_event|metadata.gene_level_mapping|metadata.identifiable_drug|provenance.raw_data_family|provenance.source_family|rights.source_and_raw_data|scope.drug_exposure
orcs:2.0.18:curation-queue:v2:603	934	12	2.0.18	2	manual_scope_review	orcs:2.0.18:screen:603	603	26780180	pubmed	orcs:source-family:pubmed:26780180	Doench JG (2016)	9-PMID26780180	Timecourse		A-375	1	5	False	curation.comparator_and_sample_map|data.count_level_signal|labels.adjudicated_validation_event|metadata.gene_level_mapping|metadata.identifiable_drug|provenance.raw_data_family|provenance.source_family|rights.source_and_raw_data|scope.drug_exposure
orcs:2.0.18:curation-queue:v2:549	935	13	2.0.18	2	manual_scope_review	orcs:2.0.18:screen:549	549	27260156	pubmed	orcs:source-family:pubmed:27260156	Aguirre AJ (2016)	13-PMID27260156	Timecourse		K-562	1	6	True	curation.comparator_and_sample_map|data.count_level_signal|labels.adjudicated_validation_event|metadata.gene_level_mapping|metadata.identifiable_drug|provenance.raw_data_family|provenance.source_family|rights.source_and_raw_data|scope.drug_exposure
orcs:2.0.18:curation-queue:v2:78	936	13	2.0.18	2	manual_scope_review	orcs:2.0.18:screen:78	78	28162770	pubmed	orcs:source-family:pubmed:28162770	Wang T (2017)	12-PMID28162770	Timecourse		SKM-1	1	6	True	curation.comparator_and_sample_map|data.count_level_signal|labels.adjudicated_validation_event|metadata.gene_level_mapping|metadata.identifiable_drug|provenance.raw_data_family|provenance.source_family|rights.source_and_raw_data|scope.drug_exposure
orcs:2.0.18:curation-queue:v2:193	937	13	2.0.18	2	manual_scope_review	orcs:2.0.18:screen:193	193	29083409	pubmed	orcs:source-family:pubmed:29083409	Meyers RM (2017)	13-PMID29083409	Timecourse		YAPC	1	6	True	curation.comparator_and_sample_map|data.count_level_signal|labels.adjudicated_validation_event|metadata.gene_level_mapping|metadata.identifiable_drug|provenance.raw_data_family|provenance.source_family|rights.source_and_raw_data|scope.drug_exposure
orcs:2.0.18:curation-queue:v2:651	938	13	2.0.18	2	manual_scope_review	orcs:2.0.18:screen:651	651	29526696	pubmed	orcs:source-family:pubmed:29526696	Tarumoto Y (2018)	13-PMID29526696	Timecourse		NCI-H82	1	6	True	curation.comparator_and_sample_map|data.count_level_signal|labels.adjudicated_validation_event|metadata.gene_level_mapping|metadata.identifiable_drug|provenance.raw_data_family|provenance.source_family|rights.source_and_raw_data|scope.drug_exposure
orcs:2.0.18:curation-queue:v2:2157	939	13	2.0.18	2	manual_scope_review	orcs:2.0.18:screen:2157	2157	29779948	pubmed	orcs:source-family:pubmed:29779948	Koren I (2018)	13-PMID29779948	Timecourse		HEK293T	1	6	True	curation.comparator_and_sample_map|data.count_level_signal|labels.adjudicated_validation_event|metadata.gene_level_mapping|metadata.identifiable_drug|provenance.raw_data_family|provenance.source_family|rights.source_and_raw_data|scope.drug_exposure
orcs:2.0.18:curation-queue:v2:703	940	13	2.0.18	2	manual_scope_review	orcs:2.0.18:screen:703	703	30971826	pubmed	orcs:source-family:pubmed:30971826	Behan FM (2019)	13-PMID30971826	Timecourse		A-549	1	6	True	curation.comparator_and_sample_map|data.count_level_signal|labels.adjudicated_validation_event|metadata.gene_level_mapping|metadata.identifiable_drug|provenance.raw_data_family|provenance.source_family|rights.source_and_raw_data|scope.drug_exposure
orcs:2.0.18:curation-queue:v2:1026	941	13	2.0.18	2	manual_scope_review	orcs:2.0.18:screen:1026	1026	30995489	pubmed	orcs:source-family:pubmed:30995489	MacLeod G (2019)	7-PMID30995489	Timecourse		G440NS-Cas9	1	6	True	curation.comparator_and_sample_map|data.count_level_signal|labels.adjudicated_validation_event|metadata.gene_level_mapping|metadata.identifiable_drug|provenance.raw_data_family|provenance.source_family|rights.source_and_raw_data|scope.drug_exposure
orcs:2.0.18:curation-queue:v2:1304	942	13	2.0.18	2	manual_scope_review	orcs:2.0.18:screen:1304	1304	32990596	pubmed	orcs:source-family:pubmed:32990596	Chai AWY (2020)	13-PMID32990596	Timecourse		ORL-214	1	6	True	curation.comparator_and_sample_map|data.count_level_signal|labels.adjudicated_validation_event|metadata.gene_level_mapping|metadata.identifiable_drug|provenance.raw_data_family|provenance.source_family|rights.source_and_raw_data|scope.drug_exposure
orcs:2.0.18:curation-queue:v2:1857	943	13	2.0.18	2	manual_scope_review	orcs:2.0.18:screen:1857	1857	35559673	pubmed	orcs:source-family:pubmed:35559673	Feng X (2022)	13-PMID35559673	Timecourse		HEK293-A	1	6	True	curation.comparator_and_sample_map|data.count_level_signal|labels.adjudicated_validation_event|metadata.gene_level_mapping|metadata.identifiable_drug|provenance.raw_data_family|provenance.source_family|rights.source_and_raw_data|scope.drug_exposure
orcs:2.0.18:curation-queue:v2:2267	944	13	2.0.18	2	manual_scope_review	orcs:2.0.18:screen:2267	2267	36991492	pubmed	orcs:source-family:pubmed:36991492	Tuano NK (2023)	20-PMID36991492	Timecourse	3D spheroid growth	HMEC	1	6	True	curation.comparator_and_sample_map|data.count_level_signal|labels.adjudicated_validation_event|metadata.gene_level_mapping|metadata.identifiable_drug|provenance.raw_data_family|provenance.source_family|rights.source_and_raw_data|scope.drug_exposure
orcs:2.0.18:curation-queue:v2:604	945	13	2.0.18	2	manual_scope_review	orcs:2.0.18:screen:604	604	26780180	pubmed	orcs:source-family:pubmed:26780180	Doench JG (2016)	10-PMID26780180	Timecourse		HT-29	1	5	False	curation.comparator_and_sample_map|data.count_level_signal|labels.adjudicated_validation_event|metadata.gene_level_mapping|metadata.identifiable_drug|provenance.raw_data_family|provenance.source_family|rights.source_and_raw_data|scope.drug_exposure
orcs:2.0.18:curation-queue:v2:550	946	14	2.0.18	2	manual_scope_review	orcs:2.0.18:screen:550	550	27260156	pubmed	orcs:source-family:pubmed:27260156	Aguirre AJ (2016)	14-PMID27260156	Timecourse		L3.3	1	6	True	curation.comparator_and_sample_map|data.count_level_signal|labels.adjudicated_validation_event|metadata.gene_level_mapping|metadata.identifiable_drug|provenance.raw_data_family|provenance.source_family|rights.source_and_raw_data|scope.drug_exposure
orcs:2.0.18:curation-queue:v2:79	947	14	2.0.18	2	manual_scope_review	orcs:2.0.18:screen:79	79	28162770	pubmed	orcs:source-family:pubmed:28162770	Wang T (2017)	13-PMID28162770	Timecourse		TF-1	1	6	True	curation.comparator_and_sample_map|data.count_level_signal|labels.adjudicated_validation_event|metadata.gene_level_mapping|metadata.identifiable_drug|provenance.raw_data_family|provenance.source_family|rights.source_and_raw_data|scope.drug_exposure
orcs:2.0.18:curation-queue:v2:194	948	14	2.0.18	2	manual_scope_review	orcs:2.0.18:screen:194	194	29083409	pubmed	orcs:source-family:pubmed:29083409	Meyers RM (2017)	14-PMID29083409	Timecourse		WM793	1	6	True	curation.comparator_and_sample_map|data.count_level_signal|labels.adjudicated_validation_event|metadata.gene_level_mapping|metadata.identifiable_drug|provenance.raw_data_family|provenance.source_family|rights.source_and_raw_data|scope.drug_exposure
orcs:2.0.18:curation-queue:v2:652	949	14	2.0.18	2	manual_scope_review	orcs:2.0.18:screen:652	652	29526696	pubmed	orcs:source-family:pubmed:29526696	Tarumoto Y (2018)	14-PMID29526696	Timecourse		A-549	1	6	True	curation.comparator_and_sample_map|data.count_level_signal|labels.adjudicated_validation_event|metadata.gene_level_mapping|metadata.identifiable_drug|provenance.raw_data_family|provenance.source_family|rights.source_and_raw_data|scope.drug_exposure
orcs:2.0.18:curation-queue:v2:2158	950	14	2.0.18	2	manual_scope_review	orcs:2.0.18:screen:2158	2158	29779948	pubmed	orcs:source-family:pubmed:29779948	Koren I (2018)	14-PMID29779948	Timecourse		HEK293T	1	6	True	curation.comparator_and_sample_map|data.count_level_signal|labels.adjudicated_validation_event|metadata.gene_level_mapping|metadata.identifiable_drug|provenance.raw_data_family|provenance.source_family|rights.source_and_raw_data|scope.drug_exposure
orcs:2.0.18:curation-queue:v2:704	951	14	2.0.18	2	manual_scope_review	orcs:2.0.18:screen:704	704	30971826	pubmed	orcs:source-family:pubmed:30971826	Behan FM (2019)	14-PMID30971826	Timecourse		AGS	1	6	True	curation.comparator_and_sample_map|data.count_level_signal|labels.adjudicated_validation_event|metadata.gene_level_mapping|metadata.identifiable_drug|provenance.raw_data_family|provenance.source_family|rights.source_and_raw_data|scope.drug_exposure
orcs:2.0.18:curation-queue:v2:1027	952	14	2.0.18	2	manual_scope_review	orcs:2.0.18:screen:1027	1027	30995489	pubmed	orcs:source-family:pubmed:30995489	MacLeod G (2019)	8-PMID30995489	Timecourse		G472NS-Cas9	1	6	True	curation.comparator_and_sample_map|data.count_level_signal|labels.adjudicated_validation_event|metadata.gene_level_mapping|metadata.identifiable_drug|provenance.raw_data_family|provenance.source_family|rights.source_and_raw_data|scope.drug_exposure
orcs:2.0.18:curation-queue:v2:1305	953	14	2.0.18	2	manual_scope_review	orcs:2.0.18:screen:1305	1305	32990596	pubmed	orcs:source-family:pubmed:32990596	Chai AWY (2020)	14-PMID32990596	Timecourse		ORL-215	1	6	True	curation.comparator_and_sample_map|data.count_level_signal|labels.adjudicated_validation_event|metadata.gene_level_mapping|metadata.identifiable_drug|provenance.raw_data_family|provenance.source_family|rights.source_and_raw_data|scope.drug_exposure
orcs:2.0.18:curation-queue:v2:1858	954	14	2.0.18	2	manual_scope_review	orcs:2.0.18:screen:1858	1858	35559673	pubmed	orcs:source-family:pubmed:35559673	Feng X (2022)	14-PMID35559673	Timecourse		HEK293-A	1	6	True	curation.comparator_and_sample_map|data.count_level_signal|labels.adjudicated_validation_event|metadata.gene_level_mapping|metadata.identifiable_drug|provenance.raw_data_family|provenance.source_family|rights.source_and_raw_data|scope.drug_exposure
orcs:2.0.18:curation-queue:v2:2268	955	14	2.0.18	2	manual_scope_review	orcs:2.0.18:screen:2268	2268	36991492	pubmed	orcs:source-family:pubmed:36991492	Tuano NK (2023)	21-PMID36991492	Timecourse	3D spheroid growth	HMEC	1	6	True	curation.comparator_and_sample_map|data.count_level_signal|labels.adjudicated_validation_event|metadata.gene_level_mapping|metadata.identifiable_drug|provenance.raw_data_family|provenance.source_family|rights.source_and_raw_data|scope.drug_exposure
orcs:2.0.18:curation-queue:v2:551	956	15	2.0.18	2	manual_scope_review	orcs:2.0.18:screen:551	551	27260156	pubmed	orcs:source-family:pubmed:27260156	Aguirre AJ (2016)	15-PMID27260156	Timecourse		LNCaP	1	6	True	curation.comparator_and_sample_map|data.count_level_signal|labels.adjudicated_validation_event|metadata.gene_level_mapping|metadata.identifiable_drug|provenance.raw_data_family|provenance.source_family|rights.source_and_raw_data|scope.drug_exposure
orcs:2.0.18:curation-queue:v2:80	957	15	2.0.18	2	manual_scope_review	orcs:2.0.18:screen:80	80	28162770	pubmed	orcs:source-family:pubmed:28162770	Wang T (2017)	14-PMID28162770	Timecourse		THP-1	1	6	True	curation.comparator_and_sample_map|data.count_level_signal|labels.adjudicated_validation_event|metadata.gene_level_mapping|metadata.identifiable_drug|provenance.raw_data_family|provenance.source_family|rights.source_and_raw_data|scope.drug_exposure
orcs:2.0.18:curation-queue:v2:195	958	15	2.0.18	2	manual_scope_review	orcs:2.0.18:screen:195	195	29083409	pubmed	orcs:source-family:pubmed:29083409	Meyers RM (2017)	15-PMID29083409	Timecourse		WM266-4	1	6	True	curation.comparator_and_sample_map|data.count_level_signal|labels.adjudicated_validation_event|metadata.gene_level_mapping|metadata.identifiable_drug|provenance.raw_data_family|provenance.source_family|rights.source_and_raw_data|scope.drug_exposure
orcs:2.0.18:curation-queue:v2:653	959	15	2.0.18	2	manual_scope_review	orcs:2.0.18:screen:653	653	29526696	pubmed	orcs:source-family:pubmed:29526696	Tarumoto Y (2018)	15-PMID29526696	Timecourse		AsPC-1	1	6	True	curation.comparator_and_sample_map|data.count_level_signal|labels.adjudicated_validation_event|metadata.gene_level_mapping|metadata.identifiable_drug|provenance.raw_data_family|provenance.source_family|rights.source_and_raw_data|scope.drug_exposure
orcs:2.0.18:curation-queue:v2:2159	960	15	2.0.18	2	manual_scope_review	orcs:2.0.18:screen:2159	2159	29779948	pubmed	orcs:source-family:pubmed:29779948	Koren I (2018)	15-PMID29779948	Timecourse		HEK293T	1	6	True	curation.comparator_and_sample_map|data.count_level_signal|labels.adjudicated_validation_event|metadata.gene_level_mapping|metadata.identifiable_drug|provenance.raw_data_family|provenance.source_family|rights.source_and_raw_data|scope.drug_exposure
orcs:2.0.18:curation-queue:v2:705	961	15	2.0.18	2	manual_scope_review	orcs:2.0.18:screen:705	705	30971826	pubmed	orcs:source-family:pubmed:30971826	Behan FM (2019)	15-PMID30971826	Timecourse		AM-38	1	6	True	curation.comparator_and_sample_map|data.count_level_signal|labels.adjudicated_validation_event|metadata.gene_level_mapping|metadata.identifiable_drug|provenance.raw_data_family|provenance.source_family|rights.source_and_raw_data|scope.drug_exposure
orcs:2.0.18:curation-queue:v2:1028	962	15	2.0.18	2	manual_scope_review	orcs:2.0.18:screen:1028	1028	30995489	pubmed	orcs:source-family:pubmed:30995489	MacLeod G (2019)	9-PMID30995489	Timecourse		G510NS-Cas9	1	6	True	curation.comparator_and_sample_map|data.count_level_signal|labels.adjudicated_validation_event|metadata.gene_level_mapping|metadata.identifiable_drug|provenance.raw_data_family|provenance.source_family|rights.source_and_raw_data|scope.drug_exposure
orcs:2.0.18:curation-queue:v2:1306	963	15	2.0.18	2	manual_scope_review	orcs:2.0.18:screen:1306	1306	32990596	pubmed	orcs:source-family:pubmed:32990596	Chai AWY (2020)	15-PMID32990596	Timecourse		PE/CA-PJ15	1	6	True	curation.comparator_and_sample_map|data.count_level_signal|labels.adjudicated_validation_event|metadata.gene_level_mapping|metadata.identifiable_drug|provenance.raw_data_family|provenance.source_family|rights.source_and_raw_data|scope.drug_exposure
orcs:2.0.18:curation-queue:v2:1859	964	15	2.0.18	2	manual_scope_review	orcs:2.0.18:screen:1859	1859	35559673	pubmed	orcs:source-family:pubmed:35559673	Feng X (2022)	15-PMID35559673	Timecourse		HEK293-A	1	6	True	curation.comparator_and_sample_map|data.count_level_signal|labels.adjudicated_validation_event|metadata.gene_level_mapping|metadata.identifiable_drug|provenance.raw_data_family|provenance.source_family|rights.source_and_raw_data|scope.drug_exposure
orcs:2.0.18:curation-queue:v2:2269	965	15	2.0.18	2	manual_scope_review	orcs:2.0.18:screen:2269	2269	36991492	pubmed	orcs:source-family:pubmed:36991492	Tuano NK (2023)	22-PMID36991492	Timecourse	3D spheroid growth	HMEC	1	6	True	curation.comparator_and_sample_map|data.count_level_signal|labels.adjudicated_validation_event|metadata.gene_level_mapping|metadata.identifiable_drug|provenance.raw_data_family|provenance.source_family|rights.source_and_raw_data|scope.drug_exposure
orcs:2.0.18:curation-queue:v2:552	966	16	2.0.18	2	manual_scope_review	orcs:2.0.18:screen:552	552	27260156	pubmed	orcs:source-family:pubmed:27260156	Aguirre AJ (2016)	16-PMID27260156	Timecourse		MeWo	1	6	True	curation.comparator_and_sample_map|data.count_level_signal|labels.adjudicated_validation_event|metadata.gene_level_mapping|metadata.identifiable_drug|provenance.raw_data_family|provenance.source_family|rights.source_and_raw_data|scope.drug_exposure
orcs:2.0.18:curation-queue:v2:196	967	16	2.0.18	2	manual_scope_review	orcs:2.0.18:screen:196	196	29083409	pubmed	orcs:source-family:pubmed:29083409	Meyers RM (2017)	16-PMID29083409	Timecourse		WM115	1	6	True	curation.comparator_and_sample_map|data.count_level_signal|labels.adjudicated_validation_event|metadata.gene_level_mapping|metadata.identifiable_drug|provenance.raw_data_family|provenance.source_family|rights.source_and_raw_data|scope.drug_exposure
orcs:2.0.18:curation-queue:v2:654	968	16	2.0.18	2	manual_scope_review	orcs:2.0.18:screen:654	654	29526696	pubmed	orcs:source-family:pubmed:29526696	Tarumoto Y (2018)	16-PMID29526696	Timecourse		CFPAC-1	1	6	True	curation.comparator_and_sample_map|data.count_level_signal|labels.adjudicated_validation_event|metadata.gene_level_mapping|metadata.identifiable_drug|provenance.raw_data_family|provenance.source_family|rights.source_and_raw_data|scope.drug_exposure
orcs:2.0.18:curation-queue:v2:2160	969	16	2.0.18	2	manual_scope_review	orcs:2.0.18:screen:2160	2160	29779948	pubmed	orcs:source-family:pubmed:29779948	Koren I (2018)	16-PMID29779948	Timecourse		HEK293T	1	6	True	curation.comparator_and_sample_map|data.count_level_signal|labels.adjudicated_validation_event|metadata.gene_level_mapping|metadata.identifiable_drug|provenance.raw_data_family|provenance.source_family|rights.source_and_raw_data|scope.drug_exposure
orcs:2.0.18:curation-queue:v2:706	970	16	2.0.18	2	manual_scope_review	orcs:2.0.18:screen:706	706	30971826	pubmed	orcs:source-family:pubmed:30971826	Behan FM (2019)	16-PMID30971826	Timecourse		ARH-77	1	6	True	curation.comparator_and_sample_map|data.count_level_signal|labels.adjudicated_validation_event|metadata.gene_level_mapping|metadata.identifiable_drug|provenance.raw_data_family|provenance.source_family|rights.source_and_raw_data|scope.drug_exposure
orcs:2.0.18:curation-queue:v2:1029	971	16	2.0.18	2	manual_scope_review	orcs:2.0.18:screen:1029	1029	30995489	pubmed	orcs:source-family:pubmed:30995489	MacLeod G (2019)	10-PMID30995489	Timecourse		G361NS-Cas9	1	6	True	curation.comparator_and_sample_map|data.count_level_signal|labels.adjudicated_validation_event|metadata.gene_level_mapping|metadata.identifiable_drug|provenance.raw_data_family|provenance.source_family|rights.source_and_raw_data|scope.drug_exposure
orcs:2.0.18:curation-queue:v2:1307	972	16	2.0.18	2	manual_scope_review	orcs:2.0.18:screen:1307	1307	32990596	pubmed	orcs:source-family:pubmed:32990596	Chai AWY (2020)	16-PMID32990596	Timecourse		SAS	1	6	True	curation.comparator_and_sample_map|data.count_level_signal|labels.adjudicated_validation_event|metadata.gene_level_mapping|metadata.identifiable_drug|provenance.raw_data_family|provenance.source_family|rights.source_and_raw_data|scope.drug_exposure
orcs:2.0.18:curation-queue:v2:1860	973	16	2.0.18	2	manual_scope_review	orcs:2.0.18:screen:1860	1860	35559673	pubmed	orcs:source-family:pubmed:35559673	Feng X (2022)	16-PMID35559673	Timecourse		HEK293-A	1	6	True	curation.comparator_and_sample_map|data.count_level_signal|labels.adjudicated_validation_event|metadata.gene_level_mapping|metadata.identifiable_drug|provenance.raw_data_family|provenance.source_family|rights.source_and_raw_data|scope.drug_exposure
orcs:2.0.18:curation-queue:v2:2270	974	16	2.0.18	2	manual_scope_review	orcs:2.0.18:screen:2270	2270	36991492	pubmed	orcs:source-family:pubmed:36991492	Tuano NK (2023)	23-PMID36991492	Timecourse	3D spheroid growth	HMEC	1	6	True	curation.comparator_and_sample_map|data.count_level_signal|labels.adjudicated_validation_event|metadata.gene_level_mapping|metadata.identifiable_drug|provenance.raw_data_family|provenance.source_family|rights.source_and_raw_data|scope.drug_exposure
orcs:2.0.18:curation-queue:v2:553	975	17	2.0.18	2	manual_scope_review	orcs:2.0.18:screen:553	553	27260156	pubmed	orcs:source-family:pubmed:27260156	Aguirre AJ (2016)	17-PMID27260156	Timecourse		MHH-ES-1	1	6	True	curation.comparator_and_sample_map|data.count_level_signal|labels.adjudicated_validation_event|metadata.gene_level_mapping|metadata.identifiable_drug|provenance.raw_data_family|provenance.source_family|rights.source_and_raw_data|scope.drug_exposure
orcs:2.0.18:curation-queue:v2:197	976	17	2.0.18	2	manual_scope_review	orcs:2.0.18:screen:197	197	29083409	pubmed	orcs:source-family:pubmed:29083409	Meyers RM (2017)	17-PMID29083409	Timecourse		UACC-62	1	6	True	curation.comparator_and_sample_map|data.count_level_signal|labels.adjudicated_validation_event|metadata.gene_level_mapping|metadata.identifiable_drug|provenance.raw_data_family|provenance.source_family|rights.source_and_raw_data|scope.drug_exposure
orcs:2.0.18:curation-queue:v2:655	977	17	2.0.18	2	manual_scope_review	orcs:2.0.18:screen:655	655	29526696	pubmed	orcs:source-family:pubmed:29526696	Tarumoto Y (2018)	17-PMID29526696	Timecourse		BxPC-3	1	6	True	curation.comparator_and_sample_map|data.count_level_signal|labels.adjudicated_validation_event|metadata.gene_level_mapping|metadata.identifiable_drug|provenance.raw_data_family|provenance.source_family|rights.source_and_raw_data|scope.drug_exposure
orcs:2.0.18:curation-queue:v2:2161	978	17	2.0.18	2	manual_scope_review	orcs:2.0.18:screen:2161	2161	29779948	pubmed	orcs:source-family:pubmed:29779948	Koren I (2018)	17-PMID29779948	Timecourse		HEK293T	1	6	True	curation.comparator_and_sample_map|data.count_level_signal|labels.adjudicated_validation_event|metadata.gene_level_mapping|metadata.identifiable_drug|provenance.raw_data_family|provenance.source_family|rights.source_and_raw_data|scope.drug_exposure
orcs:2.0.18:curation-queue:v2:707	979	17	2.0.18	2	manual_scope_review	orcs:2.0.18:screen:707	707	30971826	pubmed	orcs:source-family:pubmed:30971826	Behan FM (2019)	17-PMID30971826	Timecourse		AsPC-1	1	6	True	curation.comparator_and_sample_map|data.count_level_signal|labels.adjudicated_validation_event|metadata.gene_level_mapping|metadata.identifiable_drug|provenance.raw_data_family|provenance.source_family|rights.source_and_raw_data|scope.drug_exposure
orcs:2.0.18:curation-queue:v2:1030	980	17	2.0.18	2	manual_scope_review	orcs:2.0.18:screen:1030	1030	30995489	pubmed	orcs:source-family:pubmed:30995489	MacLeod G (2019)	11-PMID30995489	Timecourse		HF7450-Cas9	1	6	True	curation.comparator_and_sample_map|data.count_level_signal|labels.adjudicated_validation_event|metadata.gene_level_mapping|metadata.identifiable_drug|provenance.raw_data_family|provenance.source_family|rights.source_and_raw_data|scope.drug_exposure
orcs:2.0.18:curation-queue:v2:1308	981	17	2.0.18	2	manual_scope_review	orcs:2.0.18:screen:1308	1308	32990596	pubmed	orcs:source-family:pubmed:32990596	Chai AWY (2020)	17-PMID32990596	Timecourse		SCC-9	1	6	True	curation.comparator_and_sample_map|data.count_level_signal|labels.adjudicated_validation_event|metadata.gene_level_mapping|metadata.identifiable_drug|provenance.raw_data_family|provenance.source_family|rights.source_and_raw_data|scope.drug_exposure
orcs:2.0.18:curation-queue:v2:1861	982	17	2.0.18	2	manual_scope_review	orcs:2.0.18:screen:1861	1861	35559673	pubmed	orcs:source-family:pubmed:35559673	Feng X (2022)	17-PMID35559673	Timecourse	Mutation: TP53BP1 (ETG7158) KO	HEK293-A	1	6	True	curation.comparator_and_sample_map|data.count_level_signal|labels.adjudicated_validation_event|metadata.gene_level_mapping|metadata.identifiable_drug|provenance.raw_data_family|provenance.source_family|rights.source_and_raw_data|scope.drug_exposure
orcs:2.0.18:curation-queue:v2:2271	983	17	2.0.18	2	manual_scope_review	orcs:2.0.18:screen:2271	2271	36991492	pubmed	orcs:source-family:pubmed:36991492	Tuano NK (2023)	24-PMID36991492	Timecourse	3D spheroid growth	HMEC	1	6	True	curation.comparator_and_sample_map|data.count_level_signal|labels.adjudicated_validation_event|metadata.gene_level_mapping|metadata.identifiable_drug|provenance.raw_data_family|provenance.source_family|rights.source_and_raw_data|scope.drug_exposure
orcs:2.0.18:curation-queue:v2:554	984	18	2.0.18	2	manual_scope_review	orcs:2.0.18:screen:554	554	27260156	pubmed	orcs:source-family:pubmed:27260156	Aguirre AJ (2016)	18-PMID27260156	Timecourse		NCI-H1373	1	6	True	curation.comparator_and_sample_map|data.count_level_signal|labels.adjudicated_validation_event|metadata.gene_level_mapping|metadata.identifiable_drug|provenance.raw_data_family|provenance.source_family|rights.source_and_raw_data|scope.drug_exposure
orcs:2.0.18:curation-queue:v2:198	985	18	2.0.18	2	manual_scope_review	orcs:2.0.18:screen:198	198	29083409	pubmed	orcs:source-family:pubmed:29083409	Meyers RM (2017)	18-PMID29083409	Timecourse		UACC-257	1	6	True	curation.comparator_and_sample_map|data.count_level_signal|labels.adjudicated_validation_event|metadata.gene_level_mapping|metadata.identifiable_drug|provenance.raw_data_family|provenance.source_family|rights.source_and_raw_data|scope.drug_exposure
orcs:2.0.18:curation-queue:v2:656	986	18	2.0.18	2	manual_scope_review	orcs:2.0.18:screen:656	656	29526696	pubmed	orcs:source-family:pubmed:29526696	Tarumoto Y (2018)	18-PMID29526696	Timecourse		MIA PaCa-2	1	6	True	curation.comparator_and_sample_map|data.count_level_signal|labels.adjudicated_validation_event|metadata.gene_level_mapping|metadata.identifiable_drug|provenance.raw_data_family|provenance.source_family|rights.source_and_raw_data|scope.drug_exposure
orcs:2.0.18:curation-queue:v2:2162	987	18	2.0.18	2	manual_scope_review	orcs:2.0.18:screen:2162	2162	29779948	pubmed	orcs:source-family:pubmed:29779948	Koren I (2018)	18-PMID29779948	Timecourse		HEK293T	1	6	True	curation.comparator_and_sample_map|data.count_level_signal|labels.adjudicated_validation_event|metadata.gene_level_mapping|metadata.identifiable_drug|provenance.raw_data_family|provenance.source_family|rights.source_and_raw_data|scope.drug_exposure
orcs:2.0.18:curation-queue:v2:708	988	18	2.0.18	2	manual_scope_review	orcs:2.0.18:screen:708	708	30971826	pubmed	orcs:source-family:pubmed:30971826	Behan FM (2019)	18-PMID30971826	Timecourse		AU565	1	6	True	curation.comparator_and_sample_map|data.count_level_signal|labels.adjudicated_validation_event|metadata.gene_level_mapping|metadata.identifiable_drug|provenance.raw_data_family|provenance.source_family|rights.source_and_raw_data|scope.drug_exposure
orcs:2.0.18:curation-queue:v2:1031	989	18	2.0.18	2	manual_scope_review	orcs:2.0.18:screen:1031	1031	30995489	pubmed	orcs:source-family:pubmed:30995489	MacLeod G (2019)	12-PMID30995489	Timecourse		HF6562-Cas9	1	6	True	curation.comparator_and_sample_map|data.count_level_signal|labels.adjudicated_validation_event|metadata.gene_level_mapping|metadata.identifiable_drug|provenance.raw_data_family|provenance.source_family|rights.source_and_raw_data|scope.drug_exposure
orcs:2.0.18:curation-queue:v2:1309	990	18	2.0.18	2	manual_scope_review	orcs:2.0.18:screen:1309	1309	32990596	pubmed	orcs:source-family:pubmed:32990596	Chai AWY (2020)	18-PMID32990596	Timecourse		BICR 10	1	6	True	curation.comparator_and_sample_map|data.count_level_signal|labels.adjudicated_validation_event|metadata.gene_level_mapping|metadata.identifiable_drug|provenance.raw_data_family|provenance.source_family|rights.source_and_raw_data|scope.drug_exposure
orcs:2.0.18:curation-queue:v2:2286	991	18	2.0.18	2	manual_scope_review	orcs:2.0.18:screen:2286	2286	36991492	pubmed	orcs:source-family:pubmed:36991492	Tuano NK (2023)	37-PMID36991492	Implantation to Mouse Model	Mutation: MAP2K1 (ETG5604) constitutively active form of MEK1 (MEKDD)	HMEC	2	6	True	curation.comparator_and_sample_map|data.count_level_signal|labels.adjudicated_validation_event|metadata.gene_level_mapping|metadata.identifiable_drug|provenance.raw_data_family|provenance.source_family|rights.source_and_raw_data|scope.drug_exposure|scope.pooled_format
orcs:2.0.18:curation-queue:v2:555	992	19	2.0.18	2	manual_scope_review	orcs:2.0.18:screen:555	555	27260156	pubmed	orcs:source-family:pubmed:27260156	Aguirre AJ (2016)	19-PMID27260156	Timecourse		NCI-H2009	1	6	True	curation.comparator_and_sample_map|data.count_level_signal|labels.adjudicated_validation_event|metadata.gene_level_mapping|metadata.identifiable_drug|provenance.raw_data_family|provenance.source_family|rights.source_and_raw_data|scope.drug_exposure
orcs:2.0.18:curation-queue:v2:199	993	19	2.0.18	2	manual_scope_review	orcs:2.0.18:screen:199	199	29083409	pubmed	orcs:source-family:pubmed:29083409	Meyers RM (2017)	19-PMID29083409	Timecourse		U-937	1	6	True	curation.comparator_and_sample_map|data.count_level_signal|labels.adjudicated_validation_event|metadata.gene_level_mapping|metadata.identifiable_drug|provenance.raw_data_family|provenance.source_family|rights.source_and_raw_data|scope.drug_exposure
orcs:2.0.18:curation-queue:v2:657	994	19	2.0.18	2	manual_scope_review	orcs:2.0.18:screen:657	657	29526696	pubmed	orcs:source-family:pubmed:29526696	Tarumoto Y (2018)	19-PMID29526696	Timecourse		SUIT-2	1	6	True	curation.comparator_and_sample_map|data.count_level_signal|labels.adjudicated_validation_event|metadata.gene_level_mapping|metadata.identifiable_drug|provenance.raw_data_family|provenance.source_family|rights.source_and_raw_data|scope.drug_exposure
orcs:2.0.18:curation-queue:v2:2163	995	19	2.0.18	2	manual_scope_review	orcs:2.0.18:screen:2163	2163	29779948	pubmed	orcs:source-family:pubmed:29779948	Koren I (2018)	19-PMID29779948	Timecourse		HEK293T	1	6	True	curation.comparator_and_sample_map|data.count_level_signal|labels.adjudicated_validation_event|metadata.gene_level_mapping|metadata.identifiable_drug|provenance.raw_data_family|provenance.source_family|rights.source_and_raw_data|scope.drug_exposure
orcs:2.0.18:curation-queue:v2:709	996	19	2.0.18	2	manual_scope_review	orcs:2.0.18:screen:709	709	30971826	pubmed	orcs:source-family:pubmed:30971826	Behan FM (2019)	19-PMID30971826	Timecourse		BB30-HNC	1	6	True	curation.comparator_and_sample_map|data.count_level_signal|labels.adjudicated_validation_event|metadata.gene_level_mapping|metadata.identifiable_drug|provenance.raw_data_family|provenance.source_family|rights.source_and_raw_data|scope.drug_exposure
orcs:2.0.18:curation-queue:v2:1310	997	19	2.0.18	2	manual_scope_review	orcs:2.0.18:screen:1310	1310	32990596	pubmed	orcs:source-family:pubmed:32990596	Chai AWY (2020)	19-PMID32990596	Timecourse		HO-1-u-1	1	6	True	curation.comparator_and_sample_map|data.count_level_signal|labels.adjudicated_validation_event|metadata.gene_level_mapping|metadata.identifiable_drug|provenance.raw_data_family|provenance.source_family|rights.source_and_raw_data|scope.drug_exposure
orcs:2.0.18:curation-queue:v2:2287	998	19	2.0.18	2	manual_scope_review	orcs:2.0.18:screen:2287	2287	36991492	pubmed	orcs:source-family:pubmed:36991492	Tuano NK (2023)	38-PMID36991492	Implantation to Mouse Model	Mutation: MAP2K1 (ETG5604) constitutively active form of MEK1 (MEKDD)	HMEC	2	6	True	curation.comparator_and_sample_map|data.count_level_signal|labels.adjudicated_validation_event|metadata.gene_level_mapping|metadata.identifiable_drug|provenance.raw_data_family|provenance.source_family|rights.source_and_raw_data|scope.drug_exposure|scope.pooled_format
orcs:2.0.18:curation-queue:v2:556	999	20	2.0.18	2	manual_scope_review	orcs:2.0.18:screen:556	556	27260156	pubmed	orcs:source-family:pubmed:27260156	Aguirre AJ (2016)	20-PMID27260156	Timecourse		PANC-1	1	6	True	curation.comparator_and_sample_map|data.count_level_signal|labels.adjudicated_validation_event|metadata.gene_level_mapping|metadata.identifiable_drug|provenance.raw_data_family|provenance.source_family|rights.source_and_raw_data|scope.drug_exposure
orcs:2.0.18:curation-queue:v2:200	1000	20	2.0.18	2	manual_scope_review	orcs:2.0.18:screen:200	200	29083409	pubmed	orcs:source-family:pubmed:29083409	Meyers RM (2017)	20-PMID29083409	Timecourse		U-87MG ATCC	1	6	True	curation.comparator_and_sample_map|data.count_level_signal|labels.adjudicated_validation_event|metadata.gene_level_mapping|metadata.identifiable_drug|provenance.raw_data_family|provenance.source_family|rights.source_and_raw_data|scope.drug_exposure
orcs:2.0.18:curation-queue:v2:658	1001	20	2.0.18	2	manual_scope_review	orcs:2.0.18:screen:658	658	29526696	pubmed	orcs:source-family:pubmed:29526696	Tarumoto Y (2018)	20-PMID29526696	Timecourse		Hep-G2	1	6	True	curation.comparator_and_sample_map|data.count_level_signal|labels.adjudicated_validation_event|metadata.gene_level_mapping|metadata.identifiable_drug|provenance.raw_data_family|provenance.source_family|rights.source_and_raw_data|scope.drug_exposure
orcs:2.0.18:curation-queue:v2:2164	1002	20	2.0.18	2	manual_scope_review	orcs:2.0.18:screen:2164	2164	29779948	pubmed	orcs:source-family:pubmed:29779948	Koren I (2018)	20-PMID29779948	Timecourse		HEK293T	1	6	True	curation.comparator_and_sample_map|data.count_level_signal|labels.adjudicated_validation_event|metadata.gene_level_mapping|metadata.identifiable_drug|provenance.raw_data_family|provenance.source_family|rights.source_and_raw_data|scope.drug_exposure
orcs:2.0.18:curation-queue:v2:710	1003	20	2.0.18	2	manual_scope_review	orcs:2.0.18:screen:710	710	30971826	pubmed	orcs:source-family:pubmed:30971826	Behan FM (2019)	20-PMID30971826	Timecourse		SK-N-BE(2)-M17	1	6	True	curation.comparator_and_sample_map|data.count_level_signal|labels.adjudicated_validation_event|metadata.gene_level_mapping|metadata.identifiable_drug|provenance.raw_data_family|provenance.source_family|rights.source_and_raw_data|scope.drug_exposure
orcs:2.0.18:curation-queue:v2:1311	1004	20	2.0.18	2	manual_scope_review	orcs:2.0.18:screen:1311	1311	32990596	pubmed	orcs:source-family:pubmed:32990596	Chai AWY (2020)	20-PMID32990596	Timecourse		HSC-2	1	6	True	curation.comparator_and_sample_map|data.count_level_signal|labels.adjudicated_validation_event|metadata.gene_level_mapping|metadata.identifiable_drug|provenance.raw_data_family|provenance.source_family|rights.source_and_raw_data|scope.drug_exposure
orcs:2.0.18:curation-queue:v2:2288	1005	20	2.0.18	2	manual_scope_review	orcs:2.0.18:screen:2288	2288	36991492	pubmed	orcs:source-family:pubmed:36991492	Tuano NK (2023)	39-PMID36991492	Implantation to Mouse Model	Mutation: MAP2K1 (ETG5604) constitutively active form of MEK1 (MEKDD)	HMEC	2	6	True	curation.comparator_and_sample_map|data.count_level_signal|labels.adjudicated_validation_event|metadata.gene_level_mapping|metadata.identifiable_drug|provenance.raw_data_family|provenance.source_family|rights.source_and_raw_data|scope.drug_exposure|scope.pooled_format
orcs:2.0.18:curation-queue:v2:557	1006	21	2.0.18	2	manual_scope_review	orcs:2.0.18:screen:557	557	27260156	pubmed	orcs:source-family:pubmed:27260156	Aguirre AJ (2016)	21-PMID27260156	Timecourse		Panc 03.27	1	6	True	curation.comparator_and_sample_map|data.count_level_signal|labels.adjudicated_validation_event|metadata.gene_level_mapping|metadata.identifiable_drug|provenance.raw_data_family|provenance.source_family|rights.source_and_raw_data|scope.drug_exposure
orcs:2.0.18:curation-queue:v2:201	1007	21	2.0.18	2	manual_scope_review	orcs:2.0.18:screen:201	201	29083409	pubmed	orcs:source-family:pubmed:29083409	Meyers RM (2017)	21-PMID29083409	Timecourse		U-343MGa	1	6	True	curation.comparator_and_sample_map|data.count_level_signal|labels.adjudicated_validation_event|metadata.gene_level_mapping|metadata.identifiable_drug|provenance.raw_data_family|provenance.source_family|rights.source_and_raw_data|scope.drug_exposure
orcs:2.0.18:curation-queue:v2:659	1008	21	2.0.18	2	manual_scope_review	orcs:2.0.18:screen:659	659	29526696	pubmed	orcs:source-family:pubmed:29526696	Tarumoto Y (2018)	21-PMID29526696	Timecourse		HuH-1	1	6	True	curation.comparator_and_sample_map|data.count_level_signal|labels.adjudicated_validation_event|metadata.gene_level_mapping|metadata.identifiable_drug|provenance.raw_data_family|provenance.source_family|rights.source_and_raw_data|scope.drug_exposure
orcs:2.0.18:curation-queue:v2:2165	1009	21	2.0.18	2	manual_scope_review	orcs:2.0.18:screen:2165	2165	29779948	pubmed	orcs:source-family:pubmed:29779948	Koren I (2018)	21-PMID29779948	Timecourse		HEK293T	1	6	True	curation.comparator_and_sample_map|data.count_level_signal|labels.adjudicated_validation_event|metadata.gene_level_mapping|metadata.identifiable_drug|provenance.raw_data_family|provenance.source_family|rights.source_and_raw_data|scope.drug_exposure
orcs:2.0.18:curation-queue:v2:711	1010	21	2.0.18	2	manual_scope_review	orcs:2.0.18:screen:711	711	30971826	pubmed	orcs:source-family:pubmed:30971826	Behan FM (2019)	21-PMID30971826	Timecourse		Becker	1	6	True	curation.comparator_and_sample_map|data.count_level_signal|labels.adjudicated_validation_event|metadata.gene_level_mapping|metadata.identifiable_drug|provenance.raw_data_family|provenance.source_family|rights.source_and_raw_data|scope.drug_exposure
orcs:2.0.18:curation-queue:v2:1312	1011	21	2.0.18	2	manual_scope_review	orcs:2.0.18:screen:1312	1312	32990596	pubmed	orcs:source-family:pubmed:32990596	Chai AWY (2020)	21-PMID32990596	Timecourse		HSC-4	1	6	True	curation.comparator_and_sample_map|data.count_level_signal|labels.adjudicated_validation_event|metadata.gene_level_mapping|metadata.identifiable_drug|provenance.raw_data_family|provenance.source_family|rights.source_and_raw_data|scope.drug_exposure
orcs:2.0.18:curation-queue:v2:558	1012	22	2.0.18	2	manual_scope_review	orcs:2.0.18:screen:558	558	27260156	pubmed	orcs:source-family:pubmed:27260156	Aguirre AJ (2016)	22-PMID27260156	Timecourse		Panc 08.13	1	6	True	curation.comparator_and_sample_map|data.count_level_signal|labels.adjudicated_validation_event|metadata.gene_level_mapping|metadata.identifiable_drug|provenance.raw_data_family|provenance.source_family|rights.source_and_raw_data|scope.drug_exposure
orcs:2.0.18:curation-queue:v2:202	1013	22	2.0.18	2	manual_scope_review	orcs:2.0.18:screen:202	202	29083409	pubmed	orcs:source-family:pubmed:29083409	Meyers RM (2017)	22-PMID29083409	Timecourse		U2OS	1	6	True	curation.comparator_and_sample_map|data.count_level_signal|labels.adjudicated_validation_event|metadata.gene_level_mapping|metadata.identifiable_drug|provenance.raw_data_family|provenance.source_family|rights.source_and_raw_data|scope.drug_exposure
orcs:2.0.18:curation-queue:v2:660	1014	22	2.0.18	2	manual_scope_review	orcs:2.0.18:screen:660	660	29526696	pubmed	orcs:source-family:pubmed:29526696	Tarumoto Y (2018)	22-PMID29526696	Timecourse		Hep 3B2.1-7	1	6	True	curation.comparator_and_sample_map|data.count_level_signal|labels.adjudicated_validation_event|metadata.gene_level_mapping|metadata.identifiable_drug|provenance.raw_data_family|provenance.source_family|rights.source_and_raw_data|scope.drug_exposure
orcs:2.0.18:curation-queue:v2:2166	1015	22	2.0.18	2	manual_scope_review	orcs:2.0.18:screen:2166	2166	29779948	pubmed	orcs:source-family:pubmed:29779948	Koren I (2018)	22-PMID29779948	Timecourse		HEK293T	1	6	True	curation.comparator_and_sample_map|data.count_level_signal|labels.adjudicated_validation_event|metadata.gene_level_mapping|metadata.identifiable_drug|provenance.raw_data_family|provenance.source_family|rights.source_and_raw_data|scope.drug_exposure
orcs:2.0.18:curation-queue:v2:712	1016	22	2.0.18	2	manual_scope_review	orcs:2.0.18:screen:712	712	30971826	pubmed	orcs:source-family:pubmed:30971826	Behan FM (2019)	22-PMID30971826	Timecourse		BHY	1	6	True	curation.comparator_and_sample_map|data.count_level_signal|labels.adjudicated_validation_event|metadata.gene_level_mapping|metadata.identifiable_drug|provenance.raw_data_family|provenance.source_family|rights.source_and_raw_data|scope.drug_exposure
orcs:2.0.18:curation-queue:v2:559	1017	23	2.0.18	2	manual_scope_review	orcs:2.0.18:screen:559	559	27260156	pubmed	orcs:source-family:pubmed:27260156	Aguirre AJ (2016)	23-PMID27260156	Timecourse		PaTu 8902	1	6	True	curation.comparator_and_sample_map|data.count_level_signal|labels.adjudicated_validation_event|metadata.gene_level_mapping|metadata.identifiable_drug|provenance.raw_data_family|provenance.source_family|rights.source_and_raw_data|scope.drug_exposure
orcs:2.0.18:curation-queue:v2:203	1018	23	2.0.18	2	manual_scope_review	orcs:2.0.18:screen:203	203	29083409	pubmed	orcs:source-family:pubmed:29083409	Meyers RM (2017)	23-PMID29083409	Timecourse		U-251MG	1	6	True	curation.comparator_and_sample_map|data.count_level_signal|labels.adjudicated_validation_event|metadata.gene_level_mapping|metadata.identifiable_drug|provenance.raw_data_family|provenance.source_family|rights.source_and_raw_data|scope.drug_exposure
orcs:2.0.18:curation-queue:v2:661	1019	23	2.0.18	2	manual_scope_review	orcs:2.0.18:screen:661	661	29526696	pubmed	orcs:source-family:pubmed:29526696	Tarumoto Y (2018)	23-PMID29526696	Timecourse		SNU-449	1	6	True	curation.comparator_and_sample_map|data.count_level_signal|labels.adjudicated_validation_event|metadata.gene_level_mapping|metadata.identifiable_drug|provenance.raw_data_family|provenance.source_family|rights.source_and_raw_data|scope.drug_exposure
orcs:2.0.18:curation-queue:v2:2167	1020	23	2.0.18	2	manual_scope_review	orcs:2.0.18:screen:2167	2167	29779948	pubmed	orcs:source-family:pubmed:29779948	Koren I (2018)	23-PMID29779948	Timecourse		HEK293T	1	6	True	curation.comparator_and_sample_map|data.count_level_signal|labels.adjudicated_validation_event|metadata.gene_level_mapping|metadata.identifiable_drug|provenance.raw_data_family|provenance.source_family|rights.source_and_raw_data|scope.drug_exposure
orcs:2.0.18:curation-queue:v2:713	1021	23	2.0.18	2	manual_scope_review	orcs:2.0.18:screen:713	713	30971826	pubmed	orcs:source-family:pubmed:30971826	Behan FM (2019)	23-PMID30971826	Timecourse		BICR 10	1	6	True	curation.comparator_and_sample_map|data.count_level_signal|labels.adjudicated_validation_event|metadata.gene_level_mapping|metadata.identifiable_drug|provenance.raw_data_family|provenance.source_family|rights.source_and_raw_data|scope.drug_exposure
orcs:2.0.18:curation-queue:v2:560	1022	24	2.0.18	2	manual_scope_review	orcs:2.0.18:screen:560	560	27260156	pubmed	orcs:source-family:pubmed:27260156	Aguirre AJ (2016)	24-PMID27260156	Timecourse		PaTu 8988s	1	6	True	curation.comparator_and_sample_map|data.count_level_signal|labels.adjudicated_validation_event|metadata.gene_level_mapping|metadata.identifiable_drug|provenance.raw_data_family|provenance.source_family|rights.source_and_raw_data|scope.drug_exposure
orcs:2.0.18:curation-queue:v2:204	1023	24	2.0.18	2	manual_scope_review	orcs:2.0.18:screen:204	204	29083409	pubmed	orcs:source-family:pubmed:29083409	Meyers RM (2017)	24-PMID29083409	Timecourse		TUHR4TKB	1	6	True	curation.comparator_and_sample_map|data.count_level_signal|labels.adjudicated_validation_event|metadata.gene_level_mapping|metadata.identifiable_drug|provenance.raw_data_family|provenance.source_family|rights.source_and_raw_data|scope.drug_exposure
orcs:2.0.18:curation-queue:v2:662	1024	24	2.0.18	2	manual_scope_review	orcs:2.0.18:screen:662	662	29526696	pubmed	orcs:source-family:pubmed:29526696	Tarumoto Y (2018)	24-PMID29526696	Timecourse		SNU-475	1	6	True	curation.comparator_and_sample_map|data.count_level_signal|labels.adjudicated_validation_event|metadata.gene_level_mapping|metadata.identifiable_drug|provenance.raw_data_family|provenance.source_family|rights.source_and_raw_data|scope.drug_exposure
orcs:2.0.18:curation-queue:v2:2168	1025	24	2.0.18	2	manual_scope_review	orcs:2.0.18:screen:2168	2168	29779948	pubmed	orcs:source-family:pubmed:29779948	Koren I (2018)	24-PMID29779948	Timecourse		HEK293T	1	6	True	curation.comparator_and_sample_map|data.count_level_signal|labels.adjudicated_validation_event|metadata.gene_level_mapping|metadata.identifiable_drug|provenance.raw_data_family|provenance.source_family|rights.source_and_raw_data|scope.drug_exposure
orcs:2.0.18:curation-queue:v2:714	1026	24	2.0.18	2	manual_scope_review	orcs:2.0.18:screen:714	714	30971826	pubmed	orcs:source-family:pubmed:30971826	Behan FM (2019)	24-PMID30971826	Timecourse		BICR 22	1	6	True	curation.comparator_and_sample_map|data.count_level_signal|labels.adjudicated_validation_event|metadata.gene_level_mapping|metadata.identifiable_drug|provenance.raw_data_family|provenance.source_family|rights.source_and_raw_data|scope.drug_exposure
orcs:2.0.18:curation-queue:v2:561	1027	25	2.0.18	2	manual_scope_review	orcs:2.0.18:screen:561	561	27260156	pubmed	orcs:source-family:pubmed:27260156	Aguirre AJ (2016)	25-PMID27260156	Timecourse		PC-3	1	6	True	curation.comparator_and_sample_map|data.count_level_signal|labels.adjudicated_validation_event|metadata.gene_level_mapping|metadata.identifiable_drug|provenance.raw_data_family|provenance.source_family|rights.source_and_raw_data|scope.drug_exposure
orcs:2.0.18:curation-queue:v2:205	1028	25	2.0.18	2	manual_scope_review	orcs:2.0.18:screen:205	205	29083409	pubmed	orcs:source-family:pubmed:29083409	Meyers RM (2017)	25-PMID29083409	Timecourse		TUHR10TKB	1	6	True	curation.comparator_and_sample_map|data.count_level_signal|labels.adjudicated_validation_event|metadata.gene_level_mapping|metadata.identifiable_drug|provenance.raw_data_family|provenance.source_family|rights.source_and_raw_data|scope.drug_exposure
orcs:2.0.18:curation-queue:v2:663	1029	25	2.0.18	2	manual_scope_review	orcs:2.0.18:screen:663	663	29526696	pubmed	orcs:source-family:pubmed:29526696	Tarumoto Y (2018)	25-PMID29526696	Timecourse		SNU-387	1	6	True	curation.comparator_and_sample_map|data.count_level_signal|labels.adjudicated_validation_event|metadata.gene_level_mapping|metadata.identifiable_drug|provenance.raw_data_family|provenance.source_family|rights.source_and_raw_data|scope.drug_exposure
orcs:2.0.18:curation-queue:v2:715	1030	25	2.0.18	2	manual_scope_review	orcs:2.0.18:screen:715	715	30971826	pubmed	orcs:source-family:pubmed:30971826	Behan FM (2019)	25-PMID30971826	Timecourse		BICR 78	1	6	True	curation.comparator_and_sample_map|data.count_level_signal|labels.adjudicated_validation_event|metadata.gene_level_mapping|metadata.identifiable_drug|provenance.raw_data_family|provenance.source_family|rights.source_and_raw_data|scope.drug_exposure
orcs:2.0.18:curation-queue:v2:562	1031	26	2.0.18	2	manual_scope_review	orcs:2.0.18:screen:562	562	27260156	pubmed	orcs:source-family:pubmed:27260156	Aguirre AJ (2016)	26-PMID27260156	Timecourse		RD-ES	1	6	True	curation.comparator_and_sample_map|data.count_level_signal|labels.adjudicated_validation_event|metadata.gene_level_mapping|metadata.identifiable_drug|provenance.raw_data_family|provenance.source_family|rights.source_and_raw_data|scope.drug_exposure
orcs:2.0.18:curation-queue:v2:206	1032	26	2.0.18	2	manual_scope_review	orcs:2.0.18:screen:206	206	29083409	pubmed	orcs:source-family:pubmed:29083409	Meyers RM (2017)	26-PMID29083409	Timecourse		THP-1	1	6	True	curation.comparator_and_sample_map|data.count_level_signal|labels.adjudicated_validation_event|metadata.gene_level_mapping|metadata.identifiable_drug|provenance.raw_data_family|provenance.source_family|rights.source_and_raw_data|scope.drug_exposure
orcs:2.0.18:curation-queue:v2:664	1033	26	2.0.18	2	manual_scope_review	orcs:2.0.18:screen:664	664	29526696	pubmed	orcs:source-family:pubmed:29526696	Tarumoto Y (2018)	26-PMID29526696	Timecourse		SNU-423	1	6	True	curation.comparator_and_sample_map|data.count_level_signal|labels.adjudicated_validation_event|metadata.gene_level_mapping|metadata.identifiable_drug|provenance.raw_data_family|provenance.source_family|rights.source_and_raw_data|scope.drug_exposure
orcs:2.0.18:curation-queue:v2:716	1034	26	2.0.18	2	manual_scope_review	orcs:2.0.18:screen:716	716	30971826	pubmed	orcs:source-family:pubmed:30971826	Behan FM (2019)	26-PMID30971826	Timecourse		BxPC-3	1	6	True	curation.comparator_and_sample_map|data.count_level_signal|labels.adjudicated_validation_event|metadata.gene_level_mapping|metadata.identifiable_drug|provenance.raw_data_family|provenance.source_family|rights.source_and_raw_data|scope.drug_exposure
orcs:2.0.18:curation-queue:v2:563	1035	27	2.0.18	2	manual_scope_review	orcs:2.0.18:screen:563	563	27260156	pubmed	orcs:source-family:pubmed:27260156	Aguirre AJ (2016)	27-PMID27260156	Timecourse		SK-ES-1	1	6	True	curation.comparator_and_sample_map|data.count_level_signal|labels.adjudicated_validation_event|metadata.gene_level_mapping|metadata.identifiable_drug|provenance.raw_data_family|provenance.source_family|rights.source_and_raw_data|scope.drug_exposure
orcs:2.0.18:curation-queue:v2:207	1036	27	2.0.18	2	manual_scope_review	orcs:2.0.18:screen:207	207	29083409	pubmed	orcs:source-family:pubmed:29083409	Meyers RM (2017)	27-PMID29083409	Timecourse		8-MG-BA	1	6	True	curation.comparator_and_sample_map|data.count_level_signal|labels.adjudicated_validation_event|metadata.gene_level_mapping|metadata.identifiable_drug|provenance.raw_data_family|provenance.source_family|rights.source_and_raw_data|scope.drug_exposure
orcs:2.0.18:curation-queue:v2:665	1037	27	2.0.18	2	manual_scope_review	orcs:2.0.18:screen:665	665	29526696	pubmed	orcs:source-family:pubmed:29526696	Tarumoto Y (2018)	27-PMID29526696	Timecourse		MOLM-13	1	6	True	curation.comparator_and_sample_map|data.count_level_signal|labels.adjudicated_validation_event|metadata.gene_level_mapping|metadata.identifiable_drug|provenance.raw_data_family|provenance.source_family|rights.source_and_raw_data|scope.drug_exposure
orcs:2.0.18:curation-queue:v2:717	1038	27	2.0.18	2	manual_scope_review	orcs:2.0.18:screen:717	717	30971826	pubmed	orcs:source-family:pubmed:30971826	Behan FM (2019)	27-PMID30971826	Timecourse		C2BBe1	1	6	True	curation.comparator_and_sample_map|data.count_level_signal|labels.adjudicated_validation_event|metadata.gene_level_mapping|metadata.identifiable_drug|provenance.raw_data_family|provenance.source_family|rights.source_and_raw_data|scope.drug_exposure
orcs:2.0.18:curation-queue:v2:564	1039	28	2.0.18	2	manual_scope_review	orcs:2.0.18:screen:564	564	27260156	pubmed	orcs:source-family:pubmed:27260156	Aguirre AJ (2016)	28-PMID27260156	Timecourse		SU.86.86	1	6	True	curation.comparator_and_sample_map|data.count_level_signal|labels.adjudicated_validation_event|metadata.gene_level_mapping|metadata.identifiable_drug|provenance.raw_data_family|provenance.source_family|rights.source_and_raw_data|scope.drug_exposure
orcs:2.0.18:curation-queue:v2:208	1040	28	2.0.18	2	manual_scope_review	orcs:2.0.18:screen:208	208	29083409	pubmed	orcs:source-family:pubmed:29083409	Meyers RM (2017)	28-PMID29083409	Timecourse		42-MG-BA	1	6	True	curation.comparator_and_sample_map|data.count_level_signal|labels.adjudicated_validation_event|metadata.gene_level_mapping|metadata.identifiable_drug|provenance.raw_data_family|provenance.source_family|rights.source_and_raw_data|scope.drug_exposure
orcs:2.0.18:curation-queue:v2:666	1041	28	2.0.18	2	manual_scope_review	orcs:2.0.18:screen:666	666	29526696	pubmed	orcs:source-family:pubmed:29526696	Tarumoto Y (2018)	28-PMID29526696	Timecourse		MV4-11	1	6	True	curation.comparator_and_sample_map|data.count_level_signal|labels.adjudicated_validation_event|metadata.gene_level_mapping|metadata.identifiable_drug|provenance.raw_data_family|provenance.source_family|rights.source_and_raw_data|scope.drug_exposure
orcs:2.0.18:curation-queue:v2:718	1042	28	2.0.18	2	manual_scope_review	orcs:2.0.18:screen:718	718	30971826	pubmed	orcs:source-family:pubmed:30971826	Behan FM (2019)	28-PMID30971826	Timecourse		Ca9-22	1	6	True	curation.comparator_and_sample_map|data.count_level_signal|labels.adjudicated_validation_event|metadata.gene_level_mapping|metadata.identifiable_drug|provenance.raw_data_family|provenance.source_family|rights.source_and_raw_data|scope.drug_exposure
orcs:2.0.18:curation-queue:v2:2374	1043	28	2.0.18	2	manual_scope_review	orcs:2.0.18:screen:2374	2374	32028983	pubmed	orcs:source-family:pubmed:32028983	Lau MT (2020)	1-PMID32028983	Timecourse		HAP-1	1	6	True	curation.comparator_and_sample_map|data.count_level_signal|labels.adjudicated_validation_event|metadata.gene_level_mapping|metadata.identifiable_drug|provenance.raw_data_family|provenance.source_family|rights.source_and_raw_data|scope.drug_exposure
orcs:2.0.18:curation-queue:v2:565	1044	29	2.0.18	2	manual_scope_review	orcs:2.0.18:screen:565	565	27260156	pubmed	orcs:source-family:pubmed:27260156	Aguirre AJ (2016)	29-PMID27260156	Timecourse		T-47D	1	6	True	curation.comparator_and_sample_map|data.count_level_signal|labels.adjudicated_validation_event|metadata.gene_level_mapping|metadata.identifiable_drug|provenance.raw_data_family|provenance.source_family|rights.source_and_raw_data|scope.drug_exposure
orcs:2.0.18:curation-queue:v2:209	1045	29	2.0.18	2	manual_scope_review	orcs:2.0.18:screen:209	209	29083409	pubmed	orcs:source-family:pubmed:29083409	Meyers RM (2017)	29-PMID29083409	Timecourse		59M	1	6	True	curation.comparator_and_sample_map|data.count_level_signal|labels.adjudicated_validation_event|metadata.gene_level_mapping|metadata.identifiable_drug|provenance.raw_data_family|provenance.source_family|rights.source_and_raw_data|scope.drug_exposure
orcs:2.0.18:curation-queue:v2:667	1046	29	2.0.18	2	manual_scope_review	orcs:2.0.18:screen:667	667	29526696	pubmed	orcs:source-family:pubmed:29526696	Tarumoto Y (2018)	29-PMID29526696	Timecourse		NOMO-1	1	6	True	curation.comparator_and_sample_map|data.count_level_signal|labels.adjudicated_validation_event|metadata.gene_level_mapping|metadata.identifiable_drug|provenance.raw_data_family|provenance.source_family|rights.source_and_raw_data|scope.drug_exposure
orcs:2.0.18:curation-queue:v2:719	1047	29	2.0.18	2	manual_scope_review	orcs:2.0.18:screen:719	719	30971826	pubmed	orcs:source-family:pubmed:30971826	Behan FM (2019)	29-PMID30971826	Timecourse		CAL-27	1	6	True	curation.comparator_and_sample_map|data.count_level_signal|labels.adjudicated_validation_event|metadata.gene_level_mapping|metadata.identifiable_drug|provenance.raw_data_family|provenance.source_family|rights.source_and_raw_data|scope.drug_exposure
orcs:2.0.18:curation-queue:v2:566	1048	30	2.0.18	2	manual_scope_review	orcs:2.0.18:screen:566	566	27260156	pubmed	orcs:source-family:pubmed:27260156	Aguirre AJ (2016)	30-PMID27260156	Timecourse		TC-32	1	6	True	curation.comparator_and_sample_map|data.count_level_signal|labels.adjudicated_validation_event|metadata.gene_level_mapping|metadata.identifiable_drug|provenance.raw_data_family|provenance.source_family|rights.source_and_raw_data|scope.drug_exposure
orcs:2.0.18:curation-queue:v2:210	1049	30	2.0.18	2	manual_scope_review	orcs:2.0.18:screen:210	210	29083409	pubmed	orcs:source-family:pubmed:29083409	Meyers RM (2017)	30-PMID29083409	Timecourse		639V	1	6	True	curation.comparator_and_sample_map|data.count_level_signal|labels.adjudicated_validation_event|metadata.gene_level_mapping|metadata.identifiable_drug|provenance.raw_data_family|provenance.source_family|rights.source_and_raw_data|scope.drug_exposure
orcs:2.0.18:curation-queue:v2:668	1050	30	2.0.18	2	manual_scope_review	orcs:2.0.18:screen:668	668	29526696	pubmed	orcs:source-family:pubmed:29526696	Tarumoto Y (2018)	30-PMID29526696	Timecourse		THP-1	1	6	True	curation.comparator_and_sample_map|data.count_level_signal|labels.adjudicated_validation_event|metadata.gene_level_mapping|metadata.identifiable_drug|provenance.raw_data_family|provenance.source_family|rights.source_and_raw_data|scope.drug_exposure
orcs:2.0.18:curation-queue:v2:720	1051	30	2.0.18	2	manual_scope_review	orcs:2.0.18:screen:720	720	30971826	pubmed	orcs:source-family:pubmed:30971826	Behan FM (2019)	30-PMID30971826	Timecourse		CAL-33	1	6	True	curation.comparator_and_sample_map|data.count_level_signal|labels.adjudicated_validation_event|metadata.gene_level_mapping|metadata.identifiable_drug|provenance.raw_data_family|provenance.source_family|rights.source_and_raw_data|scope.drug_exposure
orcs:2.0.18:curation-queue:v2:567	1052	31	2.0.18	2	manual_scope_review	orcs:2.0.18:screen:567	567	27260156	pubmed	orcs:source-family:pubmed:27260156	Aguirre AJ (2016)	31-PMID27260156	Timecourse		TC-71	1	6	True	curation.comparator_and_sample_map|data.count_level_signal|labels.adjudicated_validation_event|metadata.gene_level_mapping|metadata.identifiable_drug|provenance.raw_data_family|provenance.source_family|rights.source_and_raw_data|scope.drug_exposure
orcs:2.0.18:curation-queue:v2:211	1053	31	2.0.18	2	manual_scope_review	orcs:2.0.18:screen:211	211	29083409	pubmed	orcs:source-family:pubmed:29083409	Meyers RM (2017)	31-PMID29083409	Timecourse		647V	1	6	True	curation.comparator_and_sample_map|data.count_level_signal|labels.adjudicated_validation_event|metadata.gene_level_mapping|metadata.identifiable_drug|provenance.raw_data_family|provenance.source_family|rights.source_and_raw_data|scope.drug_exposure
orcs:2.0.18:curation-queue:v2:669	1054	31	2.0.18	2	manual_scope_review	orcs:2.0.18:screen:669	669	29526696	pubmed	orcs:source-family:pubmed:29526696	Tarumoto Y (2018)	31-PMID29526696	Timecourse		HEL	1	6	True	curation.comparator_and_sample_map|data.count_level_signal|labels.adjudicated_validation_event|metadata.gene_level_mapping|metadata.identifiable_drug|provenance.raw_data_family|provenance.source_family|rights.source_and_raw_data|scope.drug_exposure
orcs:2.0.18:curation-queue:v2:721	1055	31	2.0.18	2	manual_scope_review	orcs:2.0.18:screen:721	721	30971826	pubmed	orcs:source-family:pubmed:30971826	Behan FM (2019)	31-PMID30971826	Timecourse		CAL-51	1	6	True	curation.comparator_and_sample_map|data.count_level_signal|labels.adjudicated_validation_event|metadata.gene_level_mapping|metadata.identifiable_drug|provenance.raw_data_family|provenance.source_family|rights.source_and_raw_data|scope.drug_exposure
orcs:2.0.18:curation-queue:v2:568	1056	32	2.0.18	2	manual_scope_review	orcs:2.0.18:screen:568	568	27260156	pubmed	orcs:source-family:pubmed:27260156	Aguirre AJ (2016)	32-PMID27260156	Timecourse		TOV-112D	1	6	True	curation.comparator_and_sample_map|data.count_level_signal|labels.adjudicated_validation_event|metadata.gene_level_mapping|metadata.identifiable_drug|provenance.raw_data_family|provenance.source_family|rights.source_and_raw_data|scope.drug_exposure
orcs:2.0.18:curation-queue:v2:212	1057	32	2.0.18	2	manual_scope_review	orcs:2.0.18:screen:212	212	29083409	pubmed	orcs:source-family:pubmed:29083409	Meyers RM (2017)	32-PMID29083409	Timecourse		769-P	1	6	True	curation.comparator_and_sample_map|data.count_level_signal|labels.adjudicated_validation_event|metadata.gene_level_mapping|metadata.identifiable_drug|provenance.raw_data_family|provenance.source_family|rights.source_and_raw_data|scope.drug_exposure
orcs:2.0.18:curation-queue:v2:670	1058	32	2.0.18	2	manual_scope_review	orcs:2.0.18:screen:670	670	29526696	pubmed	orcs:source-family:pubmed:29526696	Tarumoto Y (2018)	32-PMID29526696	Timecourse		SET-2	1	6	True	curation.comparator_and_sample_map|data.count_level_signal|labels.adjudicated_validation_event|metadata.gene_level_mapping|metadata.identifiable_drug|provenance.raw_data_family|provenance.source_family|rights.source_and_raw_data|scope.drug_exposure
orcs:2.0.18:curation-queue:v2:722	1059	32	2.0.18	2	manual_scope_review	orcs:2.0.18:screen:722	722	30971826	pubmed	orcs:source-family:pubmed:30971826	Behan FM (2019)	32-PMID30971826	Timecourse		CAL-72	1	6	True	curation.comparator_and_sample_map|data.count_level_signal|labels.adjudicated_validation_event|metadata.gene_level_mapping|metadata.identifiable_drug|provenance.raw_data_family|provenance.source_family|rights.source_and_raw_data|scope.drug_exposure
orcs:2.0.18:curation-queue:v2:569	1060	33	2.0.18	2	manual_scope_review	orcs:2.0.18:screen:569	569	27260156	pubmed	orcs:source-family:pubmed:27260156	Aguirre AJ (2016)	33-PMID27260156	Timecourse		COLO 741	1	6	True	curation.comparator_and_sample_map|data.count_level_signal|labels.adjudicated_validation_event|metadata.gene_level_mapping|metadata.identifiable_drug|provenance.raw_data_family|provenance.source_family|rights.source_and_raw_data|scope.drug_exposure
orcs:2.0.18:curation-queue:v2:213	1061	33	2.0.18	2	manual_scope_review	orcs:2.0.18:screen:213	213	29083409	pubmed	orcs:source-family:pubmed:29083409	Meyers RM (2017)	33-PMID29083409	Timecourse		786-O	1	6	True	curation.comparator_and_sample_map|data.count_level_signal|labels.adjudicated_validation_event|metadata.gene_level_mapping|metadata.identifiable_drug|provenance.raw_data_family|provenance.source_family|rights.source_and_raw_data|scope.drug_exposure
orcs:2.0.18:curation-queue:v2:671	1062	33	2.0.18	2	manual_scope_review	orcs:2.0.18:screen:671	671	29526696	pubmed	orcs:source-family:pubmed:29526696	Tarumoto Y (2018)	33-PMID29526696	Timecourse		OCI-AML-3	1	6	True	curation.comparator_and_sample_map|data.count_level_signal|labels.adjudicated_validation_event|metadata.gene_level_mapping|metadata.identifiable_drug|provenance.raw_data_family|provenance.source_family|rights.source_and_raw_data|scope.drug_exposure
orcs:2.0.18:curation-queue:v2:723	1063	33	2.0.18	2	manual_scope_review	orcs:2.0.18:screen:723	723	30971826	pubmed	orcs:source-family:pubmed:30971826	Behan FM (2019)	33-PMID30971826	Timecourse		Caov-4	1	6	True	curation.comparator_and_sample_map|data.count_level_signal|labels.adjudicated_validation_event|metadata.gene_level_mapping|metadata.identifiable_drug|provenance.raw_data_family|provenance.source_family|rights.source_and_raw_data|scope.drug_exposure
orcs:2.0.18:curation-queue:v2:214	1064	34	2.0.18	2	manual_scope_review	orcs:2.0.18:screen:214	214	29083409	pubmed	orcs:source-family:pubmed:29083409	Meyers RM (2017)	34-PMID29083409	Timecourse		ABC-1	1	6	True	curation.comparator_and_sample_map|data.count_level_signal|labels.adjudicated_validation_event|metadata.gene_level_mapping|metadata.identifiable_drug|provenance.raw_data_family|provenance.source_family|rights.source_and_raw_data|scope.drug_exposure
orcs:2.0.18:curation-queue:v2:672	1065	34	2.0.18	2	manual_scope_review	orcs:2.0.18:screen:672	672	29526696	pubmed	orcs:source-family:pubmed:29526696	Tarumoto Y (2018)	34-PMID29526696	Timecourse		U-937	1	6	True	curation.comparator_and_sample_map|data.count_level_signal|labels.adjudicated_validation_event|metadata.gene_level_mapping|metadata.identifiable_drug|provenance.raw_data_family|provenance.source_family|rights.source_and_raw_data|scope.drug_exposure
orcs:2.0.18:curation-queue:v2:724	1066	34	2.0.18	2	manual_scope_review	orcs:2.0.18:screen:724	724	30971826	pubmed	orcs:source-family:pubmed:30971826	Behan FM (2019)	34-PMID30971826	Timecourse		Capan-1	1	6	True	curation.comparator_and_sample_map|data.count_level_signal|labels.adjudicated_validation_event|metadata.gene_level_mapping|metadata.identifiable_drug|provenance.raw_data_family|provenance.source_family|rights.source_and_raw_data|scope.drug_exposure
orcs:2.0.18:curation-queue:v2:215	1067	35	2.0.18	2	manual_scope_review	orcs:2.0.18:screen:215	215	29083409	pubmed	orcs:source-family:pubmed:29083409	Meyers RM (2017)	35-PMID29083409	Timecourse		AsPC-1	1	6	True	curation.comparator_and_sample_map|data.count_level_signal|labels.adjudicated_validation_event|metadata.gene_level_mapping|metadata.identifiable_drug|provenance.raw_data_family|provenance.source_family|rights.source_and_raw_data|scope.drug_exposure
orcs:2.0.18:curation-queue:v2:673	1068	35	2.0.18	2	manual_scope_review	orcs:2.0.18:screen:673	673	29526696	pubmed	orcs:source-family:pubmed:29526696	Tarumoto Y (2018)	35-PMID29526696	Timecourse		K-562	1	6	True	curation.comparator_and_sample_map|data.count_level_signal|labels.adjudicated_validation_event|metadata.gene_level_mapping|metadata.identifiable_drug|provenance.raw_data_family|provenance.source_family|rights.source_and_raw_data|scope.drug_exposure
orcs:2.0.18:curation-queue:v2:725	1069	35	2.0.18	2	manual_scope_review	orcs:2.0.18:screen:725	725	30971826	pubmed	orcs:source-family:pubmed:30971826	Behan FM (2019)	35-PMID30971826	Timecourse		CAS-1	1	6	True	curation.comparator_and_sample_map|data.count_level_signal|labels.adjudicated_validation_event|metadata.gene_level_mapping|metadata.identifiable_drug|provenance.raw_data_family|provenance.source_family|rights.source_and_raw_data|scope.drug_exposure
orcs:2.0.18:curation-queue:v2:216	1070	36	2.0.18	2	manual_scope_review	orcs:2.0.18:screen:216	216	29083409	pubmed	orcs:source-family:pubmed:29083409	Meyers RM (2017)	36-PMID29083409	Timecourse		BC-3C	1	6	True	curation.comparator_and_sample_map|data.count_level_signal|labels.adjudicated_validation_event|metadata.gene_level_mapping|metadata.identifiable_drug|provenance.raw_data_family|provenance.source_family|rights.source_and_raw_data|scope.drug_exposure
orcs:2.0.18:curation-queue:v2:674	1071	36	2.0.18	2	manual_scope_review	orcs:2.0.18:screen:674	674	29526696	pubmed	orcs:source-family:pubmed:29526696	Tarumoto Y (2018)	36-PMID29526696	Timecourse		DMS 114	1	6	True	curation.comparator_and_sample_map|data.count_level_signal|labels.adjudicated_validation_event|metadata.gene_level_mapping|metadata.identifiable_drug|provenance.raw_data_family|provenance.source_family|rights.source_and_raw_data|scope.drug_exposure
orcs:2.0.18:curation-queue:v2:726	1072	36	2.0.18	2	manual_scope_review	orcs:2.0.18:screen:726	726	30971826	pubmed	orcs:source-family:pubmed:30971826	Behan FM (2019)	36-PMID30971826	Timecourse		CHP-212	1	6	True	curation.comparator_and_sample_map|data.count_level_signal|labels.adjudicated_validation_event|metadata.gene_level_mapping|metadata.identifiable_drug|provenance.raw_data_family|provenance.source_family|rights.source_and_raw_data|scope.drug_exposure
orcs:2.0.18:curation-queue:v2:217	1073	37	2.0.18	2	manual_scope_review	orcs:2.0.18:screen:217	217	29083409	pubmed	orcs:source-family:pubmed:29083409	Meyers RM (2017)	37-PMID29083409	Timecourse		BFTC-905	1	6	True	curation.comparator_and_sample_map|data.count_level_signal|labels.adjudicated_validation_event|metadata.gene_level_mapping|metadata.identifiable_drug|provenance.raw_data_family|provenance.source_family|rights.source_and_raw_data|scope.drug_exposure
orcs:2.0.18:curation-queue:v2:675	1074	37	2.0.18	2	manual_scope_review	orcs:2.0.18:screen:675	675	29526696	pubmed	orcs:source-family:pubmed:29526696	Tarumoto Y (2018)	37-PMID29526696	Timecourse		NCI-H446	1	6	True	curation.comparator_and_sample_map|data.count_level_signal|labels.adjudicated_validation_event|metadata.gene_level_mapping|metadata.identifiable_drug|provenance.raw_data_family|provenance.source_family|rights.source_and_raw_data|scope.drug_exposure
orcs:2.0.18:curation-queue:v2:727	1075	37	2.0.18	2	manual_scope_review	orcs:2.0.18:screen:727	727	30971826	pubmed	orcs:source-family:pubmed:30971826	Behan FM (2019)	37-PMID30971826	Timecourse		CL-11	1	6	True	curation.comparator_and_sample_map|data.count_level_signal|labels.adjudicated_validation_event|metadata.gene_level_mapping|metadata.identifiable_drug|provenance.raw_data_family|provenance.source_family|rights.source_and_raw_data|scope.drug_exposure
orcs:2.0.18:curation-queue:v2:218	1076	38	2.0.18	2	manual_scope_review	orcs:2.0.18:screen:218	218	29083409	pubmed	orcs:source-family:pubmed:29083409	Meyers RM (2017)	38-PMID29083409	Timecourse		BFTC-909	1	6	True	curation.comparator_and_sample_map|data.count_level_signal|labels.adjudicated_validation_event|metadata.gene_level_mapping|metadata.identifiable_drug|provenance.raw_data_family|provenance.source_family|rights.source_and_raw_data|scope.drug_exposure
orcs:2.0.18:curation-queue:v2:676	1077	38	2.0.18	2	manual_scope_review	orcs:2.0.18:screen:676	676	29526696	pubmed	orcs:source-family:pubmed:29526696	Tarumoto Y (2018)	38-PMID29526696	Timecourse		NCI-H526	1	6	True	curation.comparator_and_sample_map|data.count_level_signal|labels.adjudicated_validation_event|metadata.gene_level_mapping|metadata.identifiable_drug|provenance.raw_data_family|provenance.source_family|rights.source_and_raw_data|scope.drug_exposure
orcs:2.0.18:curation-queue:v2:728	1078	38	2.0.18	2	manual_scope_review	orcs:2.0.18:screen:728	728	30971826	pubmed	orcs:source-family:pubmed:30971826	Behan FM (2019)	38-PMID30971826	Timecourse		COLO 205	1	6	True	curation.comparator_and_sample_map|data.count_level_signal|labels.adjudicated_validation_event|metadata.gene_level_mapping|metadata.identifiable_drug|provenance.raw_data_family|provenance.source_family|rights.source_and_raw_data|scope.drug_exposure
orcs:2.0.18:curation-queue:v2:219	1079	39	2.0.18	2	manual_scope_review	orcs:2.0.18:screen:219	219	29083409	pubmed	orcs:source-family:pubmed:29083409	Meyers RM (2017)	39-PMID29083409	Timecourse		BICR 22	1	6	True	curation.comparator_and_sample_map|data.count_level_signal|labels.adjudicated_validation_event|metadata.gene_level_mapping|metadata.identifiable_drug|provenance.raw_data_family|provenance.source_family|rights.source_and_raw_data|scope.drug_exposure
orcs:2.0.18:curation-queue:v2:677	1080	39	2.0.18	2	manual_scope_review	orcs:2.0.18:screen:677	677	29526696	pubmed	orcs:source-family:pubmed:29526696	Tarumoto Y (2018)	39-PMID29526696	Timecourse		NCI-H82	1	6	True	curation.comparator_and_sample_map|data.count_level_signal|labels.adjudicated_validation_event|metadata.gene_level_mapping|metadata.identifiable_drug|provenance.raw_data_family|provenance.source_family|rights.source_and_raw_data|scope.drug_exposure
orcs:2.0.18:curation-queue:v2:729	1081	39	2.0.18	2	manual_scope_review	orcs:2.0.18:screen:729	729	30971826	pubmed	orcs:source-family:pubmed:30971826	Behan FM (2019)	39-PMID30971826	Timecourse		COLO 320HSR	1	6	True	curation.comparator_and_sample_map|data.count_level_signal|labels.adjudicated_validation_event|metadata.gene_level_mapping|metadata.identifiable_drug|provenance.raw_data_family|provenance.source_family|rights.source_and_raw_data|scope.drug_exposure
orcs:2.0.18:curation-queue:v2:220	1082	40	2.0.18	2	manual_scope_review	orcs:2.0.18:screen:220	220	29083409	pubmed	orcs:source-family:pubmed:29083409	Meyers RM (2017)	40-PMID29083409	Timecourse		BT-549	1	6	True	curation.comparator_and_sample_map|data.count_level_signal|labels.adjudicated_validation_event|metadata.gene_level_mapping|metadata.identifiable_drug|provenance.raw_data_family|provenance.source_family|rights.source_and_raw_data|scope.drug_exposure
orcs:2.0.18:curation-queue:v2:678	1083	40	2.0.18	2	manual_scope_review	orcs:2.0.18:screen:678	678	29526696	pubmed	orcs:source-family:pubmed:29526696	Tarumoto Y (2018)	40-PMID29526696	Timecourse		A-549	1	6	True	curation.comparator_and_sample_map|data.count_level_signal|labels.adjudicated_validation_event|metadata.gene_level_mapping|metadata.identifiable_drug|provenance.raw_data_family|provenance.source_family|rights.source_and_raw_data|scope.drug_exposure
orcs:2.0.18:curation-queue:v2:730	1084	40	2.0.18	2	manual_scope_review	orcs:2.0.18:screen:730	730	30971826	pubmed	orcs:source-family:pubmed:30971826	Behan FM (2019)	40-PMID30971826	Timecourse		COLO 678	1	6	True	curation.comparator_and_sample_map|data.count_level_signal|labels.adjudicated_validation_event|metadata.gene_level_mapping|metadata.identifiable_drug|provenance.raw_data_family|provenance.source_family|rights.source_and_raw_data|scope.drug_exposure
orcs:2.0.18:curation-queue:v2:221	1085	41	2.0.18	2	manual_scope_review	orcs:2.0.18:screen:221	221	29083409	pubmed	orcs:source-family:pubmed:29083409	Meyers RM (2017)	41-PMID29083409	Timecourse		CFPAC-1	1	6	True	curation.comparator_and_sample_map|data.count_level_signal|labels.adjudicated_validation_event|metadata.gene_level_mapping|metadata.identifiable_drug|provenance.raw_data_family|provenance.source_family|rights.source_and_raw_data|scope.drug_exposure
orcs:2.0.18:curation-queue:v2:679	1086	41	2.0.18	2	manual_scope_review	orcs:2.0.18:screen:679	679	29526696	pubmed	orcs:source-family:pubmed:29526696	Tarumoto Y (2018)	41-PMID29526696	Timecourse		AsPC-1	1	6	True	curation.comparator_and_sample_map|data.count_level_signal|labels.adjudicated_validation_event|metadata.gene_level_mapping|metadata.identifiable_drug|provenance.raw_data_family|provenance.source_family|rights.source_and_raw_data|scope.drug_exposure
orcs:2.0.18:curation-queue:v2:731	1087	41	2.0.18	2	manual_scope_review	orcs:2.0.18:screen:731	731	30971826	pubmed	orcs:source-family:pubmed:30971826	Behan FM (2019)	41-PMID30971826	Timecourse		COLO 680N	1	6	True	curation.comparator_and_sample_map|data.count_level_signal|labels.adjudicated_validation_event|metadata.gene_level_mapping|metadata.identifiable_drug|provenance.raw_data_family|provenance.source_family|rights.source_and_raw_data|scope.drug_exposure
orcs:2.0.18:curation-queue:v2:222	1088	42	2.0.18	2	manual_scope_review	orcs:2.0.18:screen:222	222	29083409	pubmed	orcs:source-family:pubmed:29083409	Meyers RM (2017)	42-PMID29083409	Timecourse		ZR-75-1	1	6	True	curation.comparator_and_sample_map|data.count_level_signal|labels.adjudicated_validation_event|metadata.gene_level_mapping|metadata.identifiable_drug|provenance.raw_data_family|provenance.source_family|rights.source_and_raw_data|scope.drug_exposure
orcs:2.0.18:curation-queue:v2:680	1089	42	2.0.18	2	manual_scope_review	orcs:2.0.18:screen:680	680	29526696	pubmed	orcs:source-family:pubmed:29526696	Tarumoto Y (2018)	42-PMID29526696	Timecourse		CFPAC-1	1	6	True	curation.comparator_and_sample_map|data.count_level_signal|labels.adjudicated_validation_event|metadata.gene_level_mapping|metadata.identifiable_drug|provenance.raw_data_family|provenance.source_family|rights.source_and_raw_data|scope.drug_exposure
orcs:2.0.18:curation-queue:v2:732	1090	42	2.0.18	2	manual_scope_review	orcs:2.0.18:screen:732	732	30971826	pubmed	orcs:source-family:pubmed:30971826	Behan FM (2019)	42-PMID30971826	Timecourse		COLO 684	1	6	True	curation.comparator_and_sample_map|data.count_level_signal|labels.adjudicated_validation_event|metadata.gene_level_mapping|metadata.identifiable_drug|provenance.raw_data_family|provenance.source_family|rights.source_and_raw_data|scope.drug_exposure
orcs:2.0.18:curation-queue:v2:223	1091	43	2.0.18	2	manual_scope_review	orcs:2.0.18:screen:223	223	29083409	pubmed	orcs:source-family:pubmed:29083409	Meyers RM (2017)	43-PMID29083409	Timecourse		WM983B	1	6	True	curation.comparator_and_sample_map|data.count_level_signal|labels.adjudicated_validation_event|metadata.gene_level_mapping|metadata.identifiable_drug|provenance.raw_data_family|provenance.source_family|rights.source_and_raw_data|scope.drug_exposure
orcs:2.0.18:curation-queue:v2:681	1092	43	2.0.18	2	manual_scope_review	orcs:2.0.18:screen:681	681	29526696	pubmed	orcs:source-family:pubmed:29526696	Tarumoto Y (2018)	43-PMID29526696	Timecourse		BxPC-3	1	6	True	curation.comparator_and_sample_map|data.count_level_signal|labels.adjudicated_validation_event|metadata.gene_level_mapping|metadata.identifiable_drug|provenance.raw_data_family|provenance.source_family|rights.source_and_raw_data|scope.drug_exposure
orcs:2.0.18:curation-queue:v2:733	1093	43	2.0.18	2	manual_scope_review	orcs:2.0.18:screen:733	733	30971826	pubmed	orcs:source-family:pubmed:30971826	Behan FM (2019)	43-PMID30971826	Timecourse		COLO 824	1	6	True	curation.comparator_and_sample_map|data.count_level_signal|labels.adjudicated_validation_event|metadata.gene_level_mapping|metadata.identifiable_drug|provenance.raw_data_family|provenance.source_family|rights.source_and_raw_data|scope.drug_exposure
orcs:2.0.18:curation-queue:v2:224	1094	44	2.0.18	2	manual_scope_review	orcs:2.0.18:screen:224	224	29083409	pubmed	orcs:source-family:pubmed:29083409	Meyers RM (2017)	44-PMID29083409	Timecourse		VM-CUB-1	1	6	True	curation.comparator_and_sample_map|data.count_level_signal|labels.adjudicated_validation_event|metadata.gene_level_mapping|metadata.identifiable_drug|provenance.raw_data_family|provenance.source_family|rights.source_and_raw_data|scope.drug_exposure
orcs:2.0.18:curation-queue:v2:682	1095	44	2.0.18	2	manual_scope_review	orcs:2.0.18:screen:682	682	29526696	pubmed	orcs:source-family:pubmed:29526696	Tarumoto Y (2018)	44-PMID29526696	Timecourse		MIA PaCa-2	1	6	True	curation.comparator_and_sample_map|data.count_level_signal|labels.adjudicated_validation_event|metadata.gene_level_mapping|metadata.identifiable_drug|provenance.raw_data_family|provenance.source_family|rights.source_and_raw_data|scope.drug_exposure
orcs:2.0.18:curation-queue:v2:734	1096	44	2.0.18	2	manual_scope_review	orcs:2.0.18:screen:734	734	30971826	pubmed	orcs:source-family:pubmed:30971826	Behan FM (2019)	44-PMID30971826	Timecourse		COR-L23	1	6	True	curation.comparator_and_sample_map|data.count_level_signal|labels.adjudicated_validation_event|metadata.gene_level_mapping|metadata.identifiable_drug|provenance.raw_data_family|provenance.source_family|rights.source_and_raw_data|scope.drug_exposure
orcs:2.0.18:curation-queue:v2:225	1097	45	2.0.18	2	manual_scope_review	orcs:2.0.18:screen:225	225	29083409	pubmed	orcs:source-family:pubmed:29083409	Meyers RM (2017)	45-PMID29083409	Timecourse		UM-UC-3	1	6	True	curation.comparator_and_sample_map|data.count_level_signal|labels.adjudicated_validation_event|metadata.gene_level_mapping|metadata.identifiable_drug|provenance.raw_data_family|provenance.source_family|rights.source_and_raw_data|scope.drug_exposure
orcs:2.0.18:curation-queue:v2:683	1098	45	2.0.18	2	manual_scope_review	orcs:2.0.18:screen:683	683	29526696	pubmed	orcs:source-family:pubmed:29526696	Tarumoto Y (2018)	45-PMID29526696	Timecourse		SUIT-2	1	6	True	curation.comparator_and_sample_map|data.count_level_signal|labels.adjudicated_validation_event|metadata.gene_level_mapping|metadata.identifiable_drug|provenance.raw_data_family|provenance.source_family|rights.source_and_raw_data|scope.drug_exposure
orcs:2.0.18:curation-queue:v2:735	1099	45	2.0.18	2	manual_scope_review	orcs:2.0.18:screen:735	735	30971826	pubmed	orcs:source-family:pubmed:30971826	Behan FM (2019)	45-PMID30971826	Timecourse		D-423MG	1	6	True	curation.comparator_and_sample_map|data.count_level_signal|labels.adjudicated_validation_event|metadata.gene_level_mapping|metadata.identifiable_drug|provenance.raw_data_family|provenance.source_family|rights.source_and_raw_data|scope.drug_exposure
orcs:2.0.18:curation-queue:v2:226	1100	46	2.0.18	2	manual_scope_review	orcs:2.0.18:screen:226	226	29083409	pubmed	orcs:source-family:pubmed:29083409	Meyers RM (2017)	46-PMID29083409	Timecourse		D283 Med	1	6	True	curation.comparator_and_sample_map|data.count_level_signal|labels.adjudicated_validation_event|metadata.gene_level_mapping|metadata.identifiable_drug|provenance.raw_data_family|provenance.source_family|rights.source_and_raw_data|scope.drug_exposure
orcs:2.0.18:curation-queue:v2:736	1101	46	2.0.18	2	manual_scope_review	orcs:2.0.18:screen:736	736	30971826	pubmed	orcs:source-family:pubmed:30971826	Behan FM (2019)	46-PMID30971826	Timecourse		D-502MG	1	6	True	curation.comparator_and_sample_map|data.count_level_signal|labels.adjudicated_validation_event|metadata.gene_level_mapping|metadata.identifiable_drug|provenance.raw_data_family|provenance.source_family|rights.source_and_raw_data|scope.drug_exposure
orcs:2.0.18:curation-queue:v2:227	1102	47	2.0.18	2	manual_scope_review	orcs:2.0.18:screen:227	227	29083409	pubmed	orcs:source-family:pubmed:29083409	Meyers RM (2017)	47-PMID29083409	Timecourse		EFO-27	1	6	True	curation.comparator_and_sample_map|data.count_level_signal|labels.adjudicated_validation_event|metadata.gene_level_mapping|metadata.identifiable_drug|provenance.raw_data_family|provenance.source_family|rights.source_and_raw_data|scope.drug_exposure
orcs:2.0.18:curation-queue:v2:737	1103	47	2.0.18	2	manual_scope_review	orcs:2.0.18:screen:737	737	30971826	pubmed	orcs:source-family:pubmed:30971826	Behan FM (2019)	47-PMID30971826	Timecourse		D-542MG	1	6	True	curation.comparator_and_sample_map|data.count_level_signal|labels.adjudicated_validation_event|metadata.gene_level_mapping|metadata.identifiable_drug|provenance.raw_data_family|provenance.source_family|rights.source_and_raw_data|scope.drug_exposure
orcs:2.0.18:curation-queue:v2:228	1104	48	2.0.18	2	manual_scope_review	orcs:2.0.18:screen:228	228	29083409	pubmed	orcs:source-family:pubmed:29083409	Meyers RM (2017)	48-PMID29083409	Timecourse		ES-2	1	6	True	curation.comparator_and_sample_map|data.count_level_signal|labels.adjudicated_validation_event|metadata.gene_level_mapping|metadata.identifiable_drug|provenance.raw_data_family|provenance.source_family|rights.source_and_raw_data|scope.drug_exposure
orcs:2.0.18:curation-queue:v2:738	1105	48	2.0.18	2	manual_scope_review	orcs:2.0.18:screen:738	738	30971826	pubmed	orcs:source-family:pubmed:30971826	Behan FM (2019)	48-PMID30971826	Timecourse		DAN-G	1	6	True	curation.comparator_and_sample_map|data.count_level_signal|labels.adjudicated_validation_event|metadata.gene_level_mapping|metadata.identifiable_drug|provenance.raw_data_family|provenance.source_family|rights.source_and_raw_data|scope.drug_exposure
orcs:2.0.18:curation-queue:v2:229	1106	49	2.0.18	2	manual_scope_review	orcs:2.0.18:screen:229	229	29083409	pubmed	orcs:source-family:pubmed:29083409	Meyers RM (2017)	49-PMID29083409	Timecourse		F5	1	6	True	curation.comparator_and_sample_map|data.count_level_signal|labels.adjudicated_validation_event|metadata.gene_level_mapping|metadata.identifiable_drug|provenance.raw_data_family|provenance.source_family|rights.source_and_raw_data|scope.drug_exposure
orcs:2.0.18:curation-queue:v2:739	1107	49	2.0.18	2	manual_scope_review	orcs:2.0.18:screen:739	739	30971826	pubmed	orcs:source-family:pubmed:30971826	Behan FM (2019)	49-PMID30971826	Timecourse		DBTRG-05MG	1	6	True	curation.comparator_and_sample_map|data.count_level_signal|labels.adjudicated_validation_event|metadata.gene_level_mapping|metadata.identifiable_drug|provenance.raw_data_family|provenance.source_family|rights.source_and_raw_data|scope.drug_exposure
orcs:2.0.18:curation-queue:v2:230	1108	50	2.0.18	2	manual_scope_review	orcs:2.0.18:screen:230	230	29083409	pubmed	orcs:source-family:pubmed:29083409	Meyers RM (2017)	50-PMID29083409	Timecourse		Fu97	1	6	True	curation.comparator_and_sample_map|data.count_level_signal|labels.adjudicated_validation_event|metadata.gene_level_mapping|metadata.identifiable_drug|provenance.raw_data_family|provenance.source_family|rights.source_and_raw_data|scope.drug_exposure
orcs:2.0.18:curation-queue:v2:740	1109	50	2.0.18	2	manual_scope_review	orcs:2.0.18:screen:740	740	30971826	pubmed	orcs:source-family:pubmed:30971826	Behan FM (2019)	50-PMID30971826	Timecourse		Detroit 562	1	6	True	curation.comparator_and_sample_map|data.count_level_signal|labels.adjudicated_validation_event|metadata.gene_level_mapping|metadata.identifiable_drug|provenance.raw_data_family|provenance.source_family|rights.source_and_raw_data|scope.drug_exposure
orcs:2.0.18:curation-queue:v2:232	1110	51	2.0.18	2	manual_scope_review	orcs:2.0.18:screen:232	232	29083409	pubmed	orcs:source-family:pubmed:29083409	Meyers RM (2017)	52-PMID29083409	Timecourse		H4	1	6	True	curation.comparator_and_sample_map|data.count_level_signal|labels.adjudicated_validation_event|metadata.gene_level_mapping|metadata.identifiable_drug|provenance.raw_data_family|provenance.source_family|rights.source_and_raw_data|scope.drug_exposure
orcs:2.0.18:curation-queue:v2:741	1111	51	2.0.18	2	manual_scope_review	orcs:2.0.18:screen:741	741	30971826	pubmed	orcs:source-family:pubmed:30971826	Behan FM (2019)	51-PMID30971826	Timecourse		DiFi	1	6	True	curation.comparator_and_sample_map|data.count_level_signal|labels.adjudicated_validation_event|metadata.gene_level_mapping|metadata.identifiable_drug|provenance.raw_data_family|provenance.source_family|rights.source_and_raw_data|scope.drug_exposure
orcs:2.0.18:curation-queue:v2:233	1112	52	2.0.18	2	manual_scope_review	orcs:2.0.18:screen:233	233	29083409	pubmed	orcs:source-family:pubmed:29083409	Meyers RM (2017)	53-PMID29083409	Timecourse		HCC1395	1	6	True	curation.comparator_and_sample_map|data.count_level_signal|labels.adjudicated_validation_event|metadata.gene_level_mapping|metadata.identifiable_drug|provenance.raw_data_family|provenance.source_family|rights.source_and_raw_data|scope.drug_exposure
orcs:2.0.18:curation-queue:v2:742	1113	52	2.0.18	2	manual_scope_review	orcs:2.0.18:screen:742	742	30971826	pubmed	orcs:source-family:pubmed:30971826	Behan FM (2019)	52-PMID30971826	Timecourse		DK-MG	1	6	True	curation.comparator_and_sample_map|data.count_level_signal|labels.adjudicated_validation_event|metadata.gene_level_mapping|metadata.identifiable_drug|provenance.raw_data_family|provenance.source_family|rights.source_and_raw_data|scope.drug_exposure
orcs:2.0.18:curation-queue:v2:234	1114	53	2.0.18	2	manual_scope_review	orcs:2.0.18:screen:234	234	29083409	pubmed	orcs:source-family:pubmed:29083409	Meyers RM (2017)	54-PMID29083409	Timecourse		HCC1937	1	6	True	curation.comparator_and_sample_map|data.count_level_signal|labels.adjudicated_validation_event|metadata.gene_level_mapping|metadata.identifiable_drug|provenance.raw_data_family|provenance.source_family|rights.source_and_raw_data|scope.drug_exposure
orcs:2.0.18:curation-queue:v2:743	1115	53	2.0.18	2	manual_scope_review	orcs:2.0.18:screen:743	743	30971826	pubmed	orcs:source-family:pubmed:30971826	Behan FM (2019)	53-PMID30971826	Timecourse		DOK	1	6	True	curation.comparator_and_sample_map|data.count_level_signal|labels.adjudicated_validation_event|metadata.gene_level_mapping|metadata.identifiable_drug|provenance.raw_data_family|provenance.source_family|rights.source_and_raw_data|scope.drug_exposure
orcs:2.0.18:curation-queue:v2:235	1116	54	2.0.18	2	manual_scope_review	orcs:2.0.18:screen:235	235	29083409	pubmed	orcs:source-family:pubmed:29083409	Meyers RM (2017)	55-PMID29083409	Timecourse		HCC1954	1	6	True	curation.comparator_and_sample_map|data.count_level_signal|labels.adjudicated_validation_event|metadata.gene_level_mapping|metadata.identifiable_drug|provenance.raw_data_family|provenance.source_family|rights.source_and_raw_data|scope.drug_exposure
orcs:2.0.18:curation-queue:v2:744	1117	54	2.0.18	2	manual_scope_review	orcs:2.0.18:screen:744	744	30971826	pubmed	orcs:source-family:pubmed:30971826	Behan FM (2019)	54-PMID30971826	Timecourse		DOV13	1	6	True	curation.comparator_and_sample_map|data.count_level_signal|labels.adjudicated_validation_event|metadata.gene_level_mapping|metadata.identifiable_drug|provenance.raw_data_family|provenance.source_family|rights.source_and_raw_data|scope.drug_exposure
orcs:2.0.18:curation-queue:v2:236	1118	55	2.0.18	2	manual_scope_review	orcs:2.0.18:screen:236	236	29083409	pubmed	orcs:source-family:pubmed:29083409	Meyers RM (2017)	56-PMID29083409	Timecourse		HCC827	1	6	True	curation.comparator_and_sample_map|data.count_level_signal|labels.adjudicated_validation_event|metadata.gene_level_mapping|metadata.identifiable_drug|provenance.raw_data_family|provenance.source_family|rights.source_and_raw_data|scope.drug_exposure
orcs:2.0.18:curation-queue:v2:745	1119	55	2.0.18	2	manual_scope_review	orcs:2.0.18:screen:745	745	30971826	pubmed	orcs:source-family:pubmed:30971826	Behan FM (2019)	55-PMID30971826	Timecourse		DU145	1	6	True	curation.comparator_and_sample_map|data.count_level_signal|labels.adjudicated_validation_event|metadata.gene_level_mapping|metadata.identifiable_drug|provenance.raw_data_family|provenance.source_family|rights.source_and_raw_data|scope.drug_exposure
orcs:2.0.18:curation-queue:v2:237	1120	56	2.0.18	2	manual_scope_review	orcs:2.0.18:screen:237	237	29083409	pubmed	orcs:source-family:pubmed:29083409	Meyers RM (2017)	57-PMID29083409	Timecourse		HCC95	1	6	True	curation.comparator_and_sample_map|data.count_level_signal|labels.adjudicated_validation_event|metadata.gene_level_mapping|metadata.identifiable_drug|provenance.raw_data_family|provenance.source_family|rights.source_and_raw_data|scope.drug_exposure
orcs:2.0.18:curation-queue:v2:746	1121	56	2.0.18	2	manual_scope_review	orcs:2.0.18:screen:746	746	30971826	pubmed	orcs:source-family:pubmed:30971826	Behan FM (2019)	56-PMID30971826	Timecourse		EBC-1	1	6	True	curation.comparator_and_sample_map|data.count_level_signal|labels.adjudicated_validation_event|metadata.gene_level_mapping|metadata.identifiable_drug|provenance.raw_data_family|provenance.source_family|rights.source_and_raw_data|scope.drug_exposure
orcs:2.0.18:curation-queue:v2:238	1122	57	2.0.18	2	manual_scope_review	orcs:2.0.18:screen:238	238	29083409	pubmed	orcs:source-family:pubmed:29083409	Meyers RM (2017)	58-PMID29083409	Timecourse		HEC-1-A	1	6	True	curation.comparator_and_sample_map|data.count_level_signal|labels.adjudicated_validation_event|metadata.gene_level_mapping|metadata.identifiable_drug|provenance.raw_data_family|provenance.source_family|rights.source_and_raw_data|scope.drug_exposure
orcs:2.0.18:curation-queue:v2:747	1123	57	2.0.18	2	manual_scope_review	orcs:2.0.18:screen:747	747	30971826	pubmed	orcs:source-family:pubmed:30971826	Behan FM (2019)	57-PMID30971826	Timecourse		EC-GI-10	1	6	True	curation.comparator_and_sample_map|data.count_level_signal|labels.adjudicated_validation_event|metadata.gene_level_mapping|metadata.identifiable_drug|provenance.raw_data_family|provenance.source_family|rights.source_and_raw_data|scope.drug_exposure
orcs:2.0.18:curation-queue:v2:239	1124	58	2.0.18	2	manual_scope_review	orcs:2.0.18:screen:239	239	29083409	pubmed	orcs:source-family:pubmed:29083409	Meyers RM (2017)	59-PMID29083409	Timecourse		HEC-1-B	1	6	True	curation.comparator_and_sample_map|data.count_level_signal|labels.adjudicated_validation_event|metadata.gene_level_mapping|metadata.identifiable_drug|provenance.raw_data_family|provenance.source_family|rights.source_and_raw_data|scope.drug_exposure
orcs:2.0.18:curation-queue:v2:748	1125	58	2.0.18	2	manual_scope_review	orcs:2.0.18:screen:748	748	30971826	pubmed	orcs:source-family:pubmed:30971826	Behan FM (2019)	58-PMID30971826	Timecourse		EFO-21	1	6	True	curation.comparator_and_sample_map|data.count_level_signal|labels.adjudicated_validation_event|metadata.gene_level_mapping|metadata.identifiable_drug|provenance.raw_data_family|provenance.source_family|rights.source_and_raw_data|scope.drug_exposure
orcs:2.0.18:curation-queue:v2:240	1126	59	2.0.18	2	manual_scope_review	orcs:2.0.18:screen:240	240	29083409	pubmed	orcs:source-family:pubmed:29083409	Meyers RM (2017)	60-PMID29083409	Timecourse		HOP-62	1	6	True	curation.comparator_and_sample_map|data.count_level_signal|labels.adjudicated_validation_event|metadata.gene_level_mapping|metadata.identifiable_drug|provenance.raw_data_family|provenance.source_family|rights.source_and_raw_data|scope.drug_exposure
orcs:2.0.18:curation-queue:v2:749	1127	59	2.0.18	2	manual_scope_review	orcs:2.0.18:screen:749	749	30971826	pubmed	orcs:source-family:pubmed:30971826	Behan FM (2019)	59-PMID30971826	Timecourse		EFO-27	1	6	True	curation.comparator_and_sample_map|data.count_level_signal|labels.adjudicated_validation_event|metadata.gene_level_mapping|metadata.identifiable_drug|provenance.raw_data_family|provenance.source_family|rights.source_and_raw_data|scope.drug_exposure
orcs:2.0.18:curation-queue:v2:241	1128	60	2.0.18	2	manual_scope_review	orcs:2.0.18:screen:241	241	29083409	pubmed	orcs:source-family:pubmed:29083409	Meyers RM (2017)	61-PMID29083409	Timecourse		Hs 766T	1	6	True	curation.comparator_and_sample_map|data.count_level_signal|labels.adjudicated_validation_event|metadata.gene_level_mapping|metadata.identifiable_drug|provenance.raw_data_family|provenance.source_family|rights.source_and_raw_data|scope.drug_exposure
orcs:2.0.18:curation-queue:v2:750	1129	60	2.0.18	2	manual_scope_review	orcs:2.0.18:screen:750	750	30971826	pubmed	orcs:source-family:pubmed:30971826	Behan FM (2019)	60-PMID30971826	Timecourse		EGI-1	1	6	True	curation.comparator_and_sample_map|data.count_level_signal|labels.adjudicated_validation_event|metadata.gene_level_mapping|metadata.identifiable_drug|provenance.raw_data_family|provenance.source_family|rights.source_and_raw_data|scope.drug_exposure
orcs:2.0.18:curation-queue:v2:242	1130	61	2.0.18	2	manual_scope_review	orcs:2.0.18:screen:242	242	29083409	pubmed	orcs:source-family:pubmed:29083409	Meyers RM (2017)	62-PMID29083409	Timecourse		HT115	1	6	True	curation.comparator_and_sample_map|data.count_level_signal|labels.adjudicated_validation_event|metadata.gene_level_mapping|metadata.identifiable_drug|provenance.raw_data_family|provenance.source_family|rights.source_and_raw_data|scope.drug_exposure
orcs:2.0.18:curation-queue:v2:751	1131	61	2.0.18	2	manual_scope_review	orcs:2.0.18:screen:751	751	30971826	pubmed	orcs:source-family:pubmed:30971826	Behan FM (2019)	61-PMID30971826	Timecourse		EPLC-272H	1	6	True	curation.comparator_and_sample_map|data.count_level_signal|labels.adjudicated_validation_event|metadata.gene_level_mapping|metadata.identifiable_drug|provenance.raw_data_family|provenance.source_family|rights.source_and_raw_data|scope.drug_exposure
orcs:2.0.18:curation-queue:v2:243	1132	62	2.0.18	2	manual_scope_review	orcs:2.0.18:screen:243	243	29083409	pubmed	orcs:source-family:pubmed:29083409	Meyers RM (2017)	63-PMID29083409	Timecourse		HT-1197	1	6	True	curation.comparator_and_sample_map|data.count_level_signal|labels.adjudicated_validation_event|metadata.gene_level_mapping|metadata.identifiable_drug|provenance.raw_data_family|provenance.source_family|rights.source_and_raw_data|scope.drug_exposure
orcs:2.0.18:curation-queue:v2:752	1133	62	2.0.18	2	manual_scope_review	orcs:2.0.18:screen:752	752	30971826	pubmed	orcs:source-family:pubmed:30971826	Behan FM (2019)	62-PMID30971826	Timecourse		ES-2	1	6	True	curation.comparator_and_sample_map|data.count_level_signal|labels.adjudicated_validation_event|metadata.gene_level_mapping|metadata.identifiable_drug|provenance.raw_data_family|provenance.source_family|rights.source_and_raw_data|scope.drug_exposure
orcs:2.0.18:curation-queue:v2:244	1134	63	2.0.18	2	manual_scope_review	orcs:2.0.18:screen:244	244	29083409	pubmed	orcs:source-family:pubmed:29083409	Meyers RM (2017)	64-PMID29083409	Timecourse		HT-1376	1	6	True	curation.comparator_and_sample_map|data.count_level_signal|labels.adjudicated_validation_event|metadata.gene_level_mapping|metadata.identifiable_drug|provenance.raw_data_family|provenance.source_family|rights.source_and_raw_data|scope.drug_exposure
orcs:2.0.18:curation-queue:v2:753	1135	63	2.0.18	2	manual_scope_review	orcs:2.0.18:screen:753	753	30971826	pubmed	orcs:source-family:pubmed:30971826	Behan FM (2019)	63-PMID30971826	Timecourse		ES4	1	6	True	curation.comparator_and_sample_map|data.count_level_signal|labels.adjudicated_validation_event|metadata.gene_level_mapping|metadata.identifiable_drug|provenance.raw_data_family|provenance.source_family|rights.source_and_raw_data|scope.drug_exposure
orcs:2.0.18:curation-queue:v2:245	1136	64	2.0.18	2	manual_scope_review	orcs:2.0.18:screen:245	245	29083409	pubmed	orcs:source-family:pubmed:29083409	Meyers RM (2017)	65-PMID29083409	Timecourse		IPC-298	1	6	True	curation.comparator_and_sample_map|data.count_level_signal|labels.adjudicated_validation_event|metadata.gene_level_mapping|metadata.identifiable_drug|provenance.raw_data_family|provenance.source_family|rights.source_and_raw_data|scope.drug_exposure
orcs:2.0.18:curation-queue:v2:754	1137	64	2.0.18	2	manual_scope_review	orcs:2.0.18:screen:754	754	30971826	pubmed	orcs:source-family:pubmed:30971826	Behan FM (2019)	64-PMID30971826	Timecourse		ES5	1	6	True	curation.comparator_and_sample_map|data.count_level_signal|labels.adjudicated_validation_event|metadata.gene_level_mapping|metadata.identifiable_drug|provenance.raw_data_family|provenance.source_family|rights.source_and_raw_data|scope.drug_exposure
orcs:2.0.18:curation-queue:v2:246	1138	65	2.0.18	2	manual_scope_review	orcs:2.0.18:screen:246	246	29083409	pubmed	orcs:source-family:pubmed:29083409	Meyers RM (2017)	66-PMID29083409	Timecourse		KM12	1	6	True	curation.comparator_and_sample_map|data.count_level_signal|labels.adjudicated_validation_event|metadata.gene_level_mapping|metadata.identifiable_drug|provenance.raw_data_family|provenance.source_family|rights.source_and_raw_data|scope.drug_exposure
orcs:2.0.18:curation-queue:v2:755	1139	65	2.0.18	2	manual_scope_review	orcs:2.0.18:screen:755	755	30971826	pubmed	orcs:source-family:pubmed:30971826	Behan FM (2019)	65-PMID30971826	Timecourse		ES8	1	6	True	curation.comparator_and_sample_map|data.count_level_signal|labels.adjudicated_validation_event|metadata.gene_level_mapping|metadata.identifiable_drug|provenance.raw_data_family|provenance.source_family|rights.source_and_raw_data|scope.drug_exposure
orcs:2.0.18:curation-queue:v2:247	1140	66	2.0.18	2	manual_scope_review	orcs:2.0.18:screen:247	247	29083409	pubmed	orcs:source-family:pubmed:29083409	Meyers RM (2017)	67-PMID29083409	Timecourse		IGR-39	1	6	True	curation.comparator_and_sample_map|data.count_level_signal|labels.adjudicated_validation_event|metadata.gene_level_mapping|metadata.identifiable_drug|provenance.raw_data_family|provenance.source_family|rights.source_and_raw_data|scope.drug_exposure
orcs:2.0.18:curation-queue:v2:756	1141	66	2.0.18	2	manual_scope_review	orcs:2.0.18:screen:756	756	30971826	pubmed	orcs:source-family:pubmed:30971826	Behan FM (2019)	66-PMID30971826	Timecourse		ESO-26	1	6	True	curation.comparator_and_sample_map|data.count_level_signal|labels.adjudicated_validation_event|metadata.gene_level_mapping|metadata.identifiable_drug|provenance.raw_data_family|provenance.source_family|rights.source_and_raw_data|scope.drug_exposure
orcs:2.0.18:curation-queue:v2:248	1142	67	2.0.18	2	manual_scope_review	orcs:2.0.18:screen:248	248	29083409	pubmed	orcs:source-family:pubmed:29083409	Meyers RM (2017)	68-PMID29083409	Timecourse		HCC-56	1	6	True	curation.comparator_and_sample_map|data.count_level_signal|labels.adjudicated_validation_event|metadata.gene_level_mapping|metadata.identifiable_drug|provenance.raw_data_family|provenance.source_family|rights.source_and_raw_data|scope.drug_exposure
orcs:2.0.18:curation-queue:v2:757	1143	67	2.0.18	2	manual_scope_review	orcs:2.0.18:screen:757	757	30971826	pubmed	orcs:source-family:pubmed:30971826	Behan FM (2019)	67-PMID30971826	Timecourse		ESO-51	1	6	True	curation.comparator_and_sample_map|data.count_level_signal|labels.adjudicated_validation_event|metadata.gene_level_mapping|metadata.identifiable_drug|provenance.raw_data_family|provenance.source_family|rights.source_and_raw_data|scope.drug_exposure
orcs:2.0.18:curation-queue:v2:249	1144	68	2.0.18	2	manual_scope_review	orcs:2.0.18:screen:249	249	29083409	pubmed	orcs:source-family:pubmed:29083409	Meyers RM (2017)	69-PMID29083409	Timecourse		HCC202	1	6	True	curation.comparator_and_sample_map|data.count_level_signal|labels.adjudicated_validation_event|metadata.gene_level_mapping|metadata.identifiable_drug|provenance.raw_data_family|provenance.source_family|rights.source_and_raw_data|scope.drug_exposure
orcs:2.0.18:curation-queue:v2:758	1145	68	2.0.18	2	manual_scope_review	orcs:2.0.18:screen:758	758	30971826	pubmed	orcs:source-family:pubmed:30971826	Behan FM (2019)	68-PMID30971826	Timecourse		ESS-1	1	6	True	curation.comparator_and_sample_map|data.count_level_signal|labels.adjudicated_validation_event|metadata.gene_level_mapping|metadata.identifiable_drug|provenance.raw_data_family|provenance.source_family|rights.source_and_raw_data|scope.drug_exposure
orcs:2.0.18:curation-queue:v2:250	1146	69	2.0.18	2	manual_scope_review	orcs:2.0.18:screen:250	250	29083409	pubmed	orcs:source-family:pubmed:29083409	Meyers RM (2017)	70-PMID29083409	Timecourse		HCC1143	1	6	True	curation.comparator_and_sample_map|data.count_level_signal|labels.adjudicated_validation_event|metadata.gene_level_mapping|metadata.identifiable_drug|provenance.raw_data_family|provenance.source_family|rights.source_and_raw_data|scope.drug_exposure
orcs:2.0.18:curation-queue:v2:759	1147	69	2.0.18	2	manual_scope_review	orcs:2.0.18:screen:759	759	30971826	pubmed	orcs:source-family:pubmed:30971826	Behan FM (2019)	69-PMID30971826	Timecourse		Evsa-T	1	6	True	curation.comparator_and_sample_map|data.count_level_signal|labels.adjudicated_validation_event|metadata.gene_level_mapping|metadata.identifiable_drug|provenance.raw_data_family|provenance.source_family|rights.source_and_raw_data|scope.drug_exposure
orcs:2.0.18:curation-queue:v2:251	1148	70	2.0.18	2	manual_scope_review	orcs:2.0.18:screen:251	251	29083409	pubmed	orcs:source-family:pubmed:29083409	Meyers RM (2017)	71-PMID29083409	Timecourse		HCC1359	1	6	True	curation.comparator_and_sample_map|data.count_level_signal|labels.adjudicated_validation_event|metadata.gene_level_mapping|metadata.identifiable_drug|provenance.raw_data_family|provenance.source_family|rights.source_and_raw_data|scope.drug_exposure
orcs:2.0.18:curation-queue:v2:760	1149	70	2.0.18	2	manual_scope_review	orcs:2.0.18:screen:760	760	30971826	pubmed	orcs:source-family:pubmed:30971826	Behan FM (2019)	70-PMID30971826	Timecourse		EW-1	1	6	True	curation.comparator_and_sample_map|data.count_level_signal|labels.adjudicated_validation_event|metadata.gene_level_mapping|metadata.identifiable_drug|provenance.raw_data_family|provenance.source_family|rights.source_and_raw_data|scope.drug_exposure
orcs:2.0.18:curation-queue:v2:252	1150	71	2.0.18	2	manual_scope_review	orcs:2.0.18:screen:252	252	29083409	pubmed	orcs:source-family:pubmed:29083409	Meyers RM (2017)	72-PMID29083409	Timecourse		HCC1419	1	6	True	curation.comparator_and_sample_map|data.count_level_signal|labels.adjudicated_validation_event|metadata.gene_level_mapping|metadata.identifiable_drug|provenance.raw_data_family|provenance.source_family|rights.source_and_raw_data|scope.drug_exposure
orcs:2.0.18:curation-queue:v2:761	1151	71	2.0.18	2	manual_scope_review	orcs:2.0.18:screen:761	761	30971826	pubmed	orcs:source-family:pubmed:30971826	Behan FM (2019)	71-PMID30971826	Timecourse		EW-16	1	6	True	curation.comparator_and_sample_map|data.count_level_signal|labels.adjudicated_validation_event|metadata.gene_level_mapping|metadata.identifiable_drug|provenance.raw_data_family|provenance.source_family|rights.source_and_raw_data|scope.drug_exposure
orcs:2.0.18:curation-queue:v2:253	1152	72	2.0.18	2	manual_scope_review	orcs:2.0.18:screen:253	253	29083409	pubmed	orcs:source-family:pubmed:29083409	Meyers RM (2017)	73-PMID29083409	Timecourse		HCC1428	1	6	True	curation.comparator_and_sample_map|data.count_level_signal|labels.adjudicated_validation_event|metadata.gene_level_mapping|metadata.identifiable_drug|provenance.raw_data_family|provenance.source_family|rights.source_and_raw_data|scope.drug_exposure
orcs:2.0.18:curation-queue:v2:762	1153	72	2.0.18	2	manual_scope_review	orcs:2.0.18:screen:762	762	30971826	pubmed	orcs:source-family:pubmed:30971826	Behan FM (2019)	72-PMID30971826	Timecourse		EW-22	1	6	True	curation.comparator_and_sample_map|data.count_level_signal|labels.adjudicated_validation_event|metadata.gene_level_mapping|metadata.identifiable_drug|provenance.raw_data_family|provenance.source_family|rights.source_and_raw_data|scope.drug_exposure
orcs:2.0.18:curation-queue:v2:254	1154	73	2.0.18	2	manual_scope_review	orcs:2.0.18:screen:254	254	29083409	pubmed	orcs:source-family:pubmed:29083409	Meyers RM (2017)	74-PMID29083409	Timecourse		HCC15	1	6	True	curation.comparator_and_sample_map|data.count_level_signal|labels.adjudicated_validation_event|metadata.gene_level_mapping|metadata.identifiable_drug|provenance.raw_data_family|provenance.source_family|rights.source_and_raw_data|scope.drug_exposure
orcs:2.0.18:curation-queue:v2:763	1155	73	2.0.18	2	manual_scope_review	orcs:2.0.18:screen:763	763	30971826	pubmed	orcs:source-family:pubmed:30971826	Behan FM (2019)	73-PMID30971826	Timecourse		EW-7	1	6	True	curation.comparator_and_sample_map|data.count_level_signal|labels.adjudicated_validation_event|metadata.gene_level_mapping|metadata.identifiable_drug|provenance.raw_data_family|provenance.source_family|rights.source_and_raw_data|scope.drug_exposure
orcs:2.0.18:curation-queue:v2:255	1156	74	2.0.18	2	manual_scope_review	orcs:2.0.18:screen:255	255	29083409	pubmed	orcs:source-family:pubmed:29083409	Meyers RM (2017)	75-PMID29083409	Timecourse		HCC1806	1	6	True	curation.comparator_and_sample_map|data.count_level_signal|labels.adjudicated_validation_event|metadata.gene_level_mapping|metadata.identifiable_drug|provenance.raw_data_family|provenance.source_family|rights.source_and_raw_data|scope.drug_exposure
orcs:2.0.18:curation-queue:v2:764	1157	74	2.0.18	2	manual_scope_review	orcs:2.0.18:screen:764	764	30971826	pubmed	orcs:source-family:pubmed:30971826	Behan FM (2019)	74-PMID30971826	Timecourse		FaDu	1	6	True	curation.comparator_and_sample_map|data.count_level_signal|labels.adjudicated_validation_event|metadata.gene_level_mapping|metadata.identifiable_drug|provenance.raw_data_family|provenance.source_family|rights.source_and_raw_data|scope.drug_exposure
orcs:2.0.18:curation-queue:v2:256	1158	75	2.0.18	2	manual_scope_review	orcs:2.0.18:screen:256	256	29083409	pubmed	orcs:source-family:pubmed:29083409	Meyers RM (2017)	76-PMID29083409	Timecourse		HGC-27	1	6	True	curation.comparator_and_sample_map|data.count_level_signal|labels.adjudicated_validation_event|metadata.gene_level_mapping|metadata.identifiable_drug|provenance.raw_data_family|provenance.source_family|rights.source_and_raw_data|scope.drug_exposure
orcs:2.0.18:curation-queue:v2:765	1159	75	2.0.18	2	manual_scope_review	orcs:2.0.18:screen:765	765	30971826	pubmed	orcs:source-family:pubmed:30971826	Behan FM (2019)	75-PMID30971826	Timecourse		FLO-1	1	6	True	curation.comparator_and_sample_map|data.count_level_signal|labels.adjudicated_validation_event|metadata.gene_level_mapping|metadata.identifiable_drug|provenance.raw_data_family|provenance.source_family|rights.source_and_raw_data|scope.drug_exposure
orcs:2.0.18:curation-queue:v2:257	1160	76	2.0.18	2	manual_scope_review	orcs:2.0.18:screen:257	257	29083409	pubmed	orcs:source-family:pubmed:29083409	Meyers RM (2017)	77-PMID29083409	Timecourse		HLF	1	6	True	curation.comparator_and_sample_map|data.count_level_signal|labels.adjudicated_validation_event|metadata.gene_level_mapping|metadata.identifiable_drug|provenance.raw_data_family|provenance.source_family|rights.source_and_raw_data|scope.drug_exposure
orcs:2.0.18:curation-queue:v2:766	1161	76	2.0.18	2	manual_scope_review	orcs:2.0.18:screen:766	766	30971826	pubmed	orcs:source-family:pubmed:30971826	Behan FM (2019)	76-PMID30971826	Timecourse		GaMG	1	6	True	curation.comparator_and_sample_map|data.count_level_signal|labels.adjudicated_validation_event|metadata.gene_level_mapping|metadata.identifiable_drug|provenance.raw_data_family|provenance.source_family|rights.source_and_raw_data|scope.drug_exposure
orcs:2.0.18:curation-queue:v2:258	1162	77	2.0.18	2	manual_scope_review	orcs:2.0.18:screen:258	258	29083409	pubmed	orcs:source-family:pubmed:29083409	Meyers RM (2017)	78-PMID29083409	Timecourse		HMC-1-8	1	6	True	curation.comparator_and_sample_map|data.count_level_signal|labels.adjudicated_validation_event|metadata.gene_level_mapping|metadata.identifiable_drug|provenance.raw_data_family|provenance.source_family|rights.source_and_raw_data|scope.drug_exposure
orcs:2.0.18:curation-queue:v2:767	1163	77	2.0.18	2	manual_scope_review	orcs:2.0.18:screen:767	767	30971826	pubmed	orcs:source-family:pubmed:30971826	Behan FM (2019)	77-PMID30971826	Timecourse		GB-1	1	6	True	curation.comparator_and_sample_map|data.count_level_signal|labels.adjudicated_validation_event|metadata.gene_level_mapping|metadata.identifiable_drug|provenance.raw_data_family|provenance.source_family|rights.source_and_raw_data|scope.drug_exposure
orcs:2.0.18:curation-queue:v2:259	1164	78	2.0.18	2	manual_scope_review	orcs:2.0.18:screen:259	259	29083409	pubmed	orcs:source-family:pubmed:29083409	Meyers RM (2017)	79-PMID29083409	Timecourse		Hs 294T	1	6	True	curation.comparator_and_sample_map|data.count_level_signal|labels.adjudicated_validation_event|metadata.gene_level_mapping|metadata.identifiable_drug|provenance.raw_data_family|provenance.source_family|rights.source_and_raw_data|scope.drug_exposure
orcs:2.0.18:curation-queue:v2:768	1165	78	2.0.18	2	manual_scope_review	orcs:2.0.18:screen:768	768	30971826	pubmed	orcs:source-family:pubmed:30971826	Behan FM (2019)	78-PMID30971826	Timecourse		GI-1	1	6	True	curation.comparator_and_sample_map|data.count_level_signal|labels.adjudicated_validation_event|metadata.gene_level_mapping|metadata.identifiable_drug|provenance.raw_data_family|provenance.source_family|rights.source_and_raw_data|scope.drug_exposure
orcs:2.0.18:curation-queue:v2:260	1166	79	2.0.18	2	manual_scope_review	orcs:2.0.18:screen:260	260	29083409	pubmed	orcs:source-family:pubmed:29083409	Meyers RM (2017)	80-PMID29083409	Timecourse		Hs 578T	1	6	True	curation.comparator_and_sample_map|data.count_level_signal|labels.adjudicated_validation_event|metadata.gene_level_mapping|metadata.identifiable_drug|provenance.raw_data_family|provenance.source_family|rights.source_and_raw_data|scope.drug_exposure
orcs:2.0.18:curation-queue:v2:769	1167	79	2.0.18	2	manual_scope_review	orcs:2.0.18:screen:769	769	30971826	pubmed	orcs:source-family:pubmed:30971826	Behan FM (2019)	79-PMID30971826	Timecourse		GP5d	1	6	True	curation.comparator_and_sample_map|data.count_level_signal|labels.adjudicated_validation_event|metadata.gene_level_mapping|metadata.identifiable_drug|provenance.raw_data_family|provenance.source_family|rights.source_and_raw_data|scope.drug_exposure
orcs:2.0.18:curation-queue:v2:261	1168	80	2.0.18	2	manual_scope_review	orcs:2.0.18:screen:261	261	29083409	pubmed	orcs:source-family:pubmed:29083409	Meyers RM (2017)	81-PMID29083409	Timecourse		Hs 683	1	6	True	curation.comparator_and_sample_map|data.count_level_signal|labels.adjudicated_validation_event|metadata.gene_level_mapping|metadata.identifiable_drug|provenance.raw_data_family|provenance.source_family|rights.source_and_raw_data|scope.drug_exposure
orcs:2.0.18:curation-queue:v2:770	1169	80	2.0.18	2	manual_scope_review	orcs:2.0.18:screen:770	770	30971826	pubmed	orcs:source-family:pubmed:30971826	Behan FM (2019)	80-PMID30971826	Timecourse		HARA	1	6	True	curation.comparator_and_sample_map|data.count_level_signal|labels.adjudicated_validation_event|metadata.gene_level_mapping|metadata.identifiable_drug|provenance.raw_data_family|provenance.source_family|rights.source_and_raw_data|scope.drug_exposure
orcs:2.0.18:curation-queue:v2:262	1170	81	2.0.18	2	manual_scope_review	orcs:2.0.18:screen:262	262	29083409	pubmed	orcs:source-family:pubmed:29083409	Meyers RM (2017)	82-PMID29083409	Timecourse		Hs 695T	1	6	True	curation.comparator_and_sample_map|data.count_level_signal|labels.adjudicated_validation_event|metadata.gene_level_mapping|metadata.identifiable_drug|provenance.raw_data_family|provenance.source_family|rights.source_and_raw_data|scope.drug_exposure
orcs:2.0.18:curation-queue:v2:771	1171	81	2.0.18	2	manual_scope_review	orcs:2.0.18:screen:771	771	30971826	pubmed	orcs:source-family:pubmed:30971826	Behan FM (2019)	81-PMID30971826	Timecourse		HCC15	1	6	True	curation.comparator_and_sample_map|data.count_level_signal|labels.adjudicated_validation_event|metadata.gene_level_mapping|metadata.identifiable_drug|provenance.raw_data_family|provenance.source_family|rights.source_and_raw_data|scope.drug_exposure
orcs:2.0.18:curation-queue:v2:263	1172	82	2.0.18	2	manual_scope_review	orcs:2.0.18:screen:263	263	29083409	pubmed	orcs:source-family:pubmed:29083409	Meyers RM (2017)	83-PMID29083409	Timecourse		Hs 729.T	1	6	True	curation.comparator_and_sample_map|data.count_level_signal|labels.adjudicated_validation_event|metadata.gene_level_mapping|metadata.identifiable_drug|provenance.raw_data_family|provenance.source_family|rights.source_and_raw_data|scope.drug_exposure
orcs:2.0.18:curation-queue:v2:772	1173	82	2.0.18	2	manual_scope_review	orcs:2.0.18:screen:772	772	30971826	pubmed	orcs:source-family:pubmed:30971826	Behan FM (2019)	82-PMID30971826	Timecourse		HCC78	1	6	True	curation.comparator_and_sample_map|data.count_level_signal|labels.adjudicated_validation_event|metadata.gene_level_mapping|metadata.identifiable_drug|provenance.raw_data_family|provenance.source_family|rights.source_and_raw_data|scope.drug_exposure
orcs:2.0.18:curation-queue:v2:264	1174	83	2.0.18	2	manual_scope_review	orcs:2.0.18:screen:264	264	29083409	pubmed	orcs:source-family:pubmed:29083409	Meyers RM (2017)	84-PMID29083409	Timecourse		Hs 944.T	1	6	True	curation.comparator_and_sample_map|data.count_level_signal|labels.adjudicated_validation_event|metadata.gene_level_mapping|metadata.identifiable_drug|provenance.raw_data_family|provenance.source_family|rights.source_and_raw_data|scope.drug_exposure
orcs:2.0.18:curation-queue:v2:773	1175	83	2.0.18	2	manual_scope_review	orcs:2.0.18:screen:773	773	30971826	pubmed	orcs:source-family:pubmed:30971826	Behan FM (2019)	83-PMID30971826	Timecourse		HCC1143	1	6	True	curation.comparator_and_sample_map|data.count_level_signal|labels.adjudicated_validation_event|metadata.gene_level_mapping|metadata.identifiable_drug|provenance.raw_data_family|provenance.source_family|rights.source_and_raw_data|scope.drug_exposure
orcs:2.0.18:curation-queue:v2:265	1176	84	2.0.18	2	manual_scope_review	orcs:2.0.18:screen:265	265	29083409	pubmed	orcs:source-family:pubmed:29083409	Meyers RM (2017)	85-PMID29083409	Timecourse		HSC-3	1	6	True	curation.comparator_and_sample_map|data.count_level_signal|labels.adjudicated_validation_event|metadata.gene_level_mapping|metadata.identifiable_drug|provenance.raw_data_family|provenance.source_family|rights.source_and_raw_data|scope.drug_exposure
orcs:2.0.18:curation-queue:v2:774	1177	84	2.0.18	2	manual_scope_review	orcs:2.0.18:screen:774	774	30971826	pubmed	orcs:source-family:pubmed:30971826	Behan FM (2019)	84-PMID30971826	Timecourse		HCC1187	1	6	True	curation.comparator_and_sample_map|data.count_level_signal|labels.adjudicated_validation_event|metadata.gene_level_mapping|metadata.identifiable_drug|provenance.raw_data_family|provenance.source_family|rights.source_and_raw_data|scope.drug_exposure
orcs:2.0.18:curation-queue:v2:266	1178	85	2.0.18	2	manual_scope_review	orcs:2.0.18:screen:266	266	29083409	pubmed	orcs:source-family:pubmed:29083409	Meyers RM (2017)	86-PMID29083409	Timecourse		HT-1080	1	6	True	curation.comparator_and_sample_map|data.count_level_signal|labels.adjudicated_validation_event|metadata.gene_level_mapping|metadata.identifiable_drug|provenance.raw_data_family|provenance.source_family|rights.source_and_raw_data|scope.drug_exposure
orcs:2.0.18:curation-queue:v2:775	1179	85	2.0.18	2	manual_scope_review	orcs:2.0.18:screen:775	775	30971826	pubmed	orcs:source-family:pubmed:30971826	Behan FM (2019)	85-PMID30971826	Timecourse		HCC1395	1	6	True	curation.comparator_and_sample_map|data.count_level_signal|labels.adjudicated_validation_event|metadata.gene_level_mapping|metadata.identifiable_drug|provenance.raw_data_family|provenance.source_family|rights.source_and_raw_data|scope.drug_exposure
orcs:2.0.18:curation-queue:v2:267	1180	86	2.0.18	2	manual_scope_review	orcs:2.0.18:screen:267	267	29083409	pubmed	orcs:source-family:pubmed:29083409	Meyers RM (2017)	87-PMID29083409	Timecourse		HT-144	1	6	True	curation.comparator_and_sample_map|data.count_level_signal|labels.adjudicated_validation_event|metadata.gene_level_mapping|metadata.identifiable_drug|provenance.raw_data_family|provenance.source_family|rights.source_and_raw_data|scope.drug_exposure
orcs:2.0.18:curation-queue:v2:776	1181	86	2.0.18	2	manual_scope_review	orcs:2.0.18:screen:776	776	30971826	pubmed	orcs:source-family:pubmed:30971826	Behan FM (2019)	86-PMID30971826	Timecourse		HCC1806	1	6	True	curation.comparator_and_sample_map|data.count_level_signal|labels.adjudicated_validation_event|metadata.gene_level_mapping|metadata.identifiable_drug|provenance.raw_data_family|provenance.source_family|rights.source_and_raw_data|scope.drug_exposure
orcs:2.0.18:curation-queue:v2:268	1182	87	2.0.18	2	manual_scope_review	orcs:2.0.18:screen:268	268	29083409	pubmed	orcs:source-family:pubmed:29083409	Meyers RM (2017)	88-PMID29083409	Timecourse		HT-55	1	6	True	curation.comparator_and_sample_map|data.count_level_signal|labels.adjudicated_validation_event|metadata.gene_level_mapping|metadata.identifiable_drug|provenance.raw_data_family|provenance.source_family|rights.source_and_raw_data|scope.drug_exposure
orcs:2.0.18:curation-queue:v2:777	1183	87	2.0.18	2	manual_scope_review	orcs:2.0.18:screen:777	777	30971826	pubmed	orcs:source-family:pubmed:30971826	Behan FM (2019)	87-PMID30971826	Timecourse		HCC1937	1	6	True	curation.comparator_and_sample_map|data.count_level_signal|labels.adjudicated_validation_event|metadata.gene_level_mapping|metadata.identifiable_drug|provenance.raw_data_family|provenance.source_family|rights.source_and_raw_data|scope.drug_exposure
orcs:2.0.18:curation-queue:v2:269	1184	88	2.0.18	2	manual_scope_review	orcs:2.0.18:screen:269	269	29083409	pubmed	orcs:source-family:pubmed:29083409	Meyers RM (2017)	89-PMID29083409	Timecourse		HuH-1	1	6	True	curation.comparator_and_sample_map|data.count_level_signal|labels.adjudicated_validation_event|metadata.gene_level_mapping|metadata.identifiable_drug|provenance.raw_data_family|provenance.source_family|rights.source_and_raw_data|scope.drug_exposure
orcs:2.0.18:curation-queue:v2:778	1185	88	2.0.18	2	manual_scope_review	orcs:2.0.18:screen:778	778	30971826	pubmed	orcs:source-family:pubmed:30971826	Behan FM (2019)	88-PMID30971826	Timecourse		HCC1954	1	6	True	curation.comparator_and_sample_map|data.count_level_signal|labels.adjudicated_validation_event|metadata.gene_level_mapping|metadata.identifiable_drug|provenance.raw_data_family|provenance.source_family|rights.source_and_raw_data|scope.drug_exposure
orcs:2.0.18:curation-queue:v2:270	1186	89	2.0.18	2	manual_scope_review	orcs:2.0.18:screen:270	270	29083409	pubmed	orcs:source-family:pubmed:29083409	Meyers RM (2017)	90-PMID29083409	Timecourse		HuH-6	1	6	True	curation.comparator_and_sample_map|data.count_level_signal|labels.adjudicated_validation_event|metadata.gene_level_mapping|metadata.identifiable_drug|provenance.raw_data_family|provenance.source_family|rights.source_and_raw_data|scope.drug_exposure
orcs:2.0.18:curation-queue:v2:779	1187	89	2.0.18	2	manual_scope_review	orcs:2.0.18:screen:779	779	30971826	pubmed	orcs:source-family:pubmed:30971826	Behan FM (2019)	89-PMID30971826	Timecourse		HCC2998	1	6	True	curation.comparator_and_sample_map|data.count_level_signal|labels.adjudicated_validation_event|metadata.gene_level_mapping|metadata.identifiable_drug|provenance.raw_data_family|provenance.source_family|rights.source_and_raw_data|scope.drug_exposure
orcs:2.0.18:curation-queue:v2:271	1188	90	2.0.18	2	manual_scope_review	orcs:2.0.18:screen:271	271	29083409	pubmed	orcs:source-family:pubmed:29083409	Meyers RM (2017)	91-PMID29083409	Timecourse		HuH-7	1	6	True	curation.comparator_and_sample_map|data.count_level_signal|labels.adjudicated_validation_event|metadata.gene_level_mapping|metadata.identifiable_drug|provenance.raw_data_family|provenance.source_family|rights.source_and_raw_data|scope.drug_exposure
orcs:2.0.18:curation-queue:v2:780	1189	90	2.0.18	2	manual_scope_review	orcs:2.0.18:screen:780	780	30971826	pubmed	orcs:source-family:pubmed:30971826	Behan FM (2019)	90-PMID30971826	Timecourse		HCC38	1	6	True	curation.comparator_and_sample_map|data.count_level_signal|labels.adjudicated_validation_event|metadata.gene_level_mapping|metadata.identifiable_drug|provenance.raw_data_family|provenance.source_family|rights.source_and_raw_data|scope.drug_exposure
orcs:2.0.18:curation-queue:v2:272	1190	91	2.0.18	2	manual_scope_review	orcs:2.0.18:screen:272	272	29083409	pubmed	orcs:source-family:pubmed:29083409	Meyers RM (2017)	92-PMID29083409	Timecourse		HuP-T3	1	6	True	curation.comparator_and_sample_map|data.count_level_signal|labels.adjudicated_validation_event|metadata.gene_level_mapping|metadata.identifiable_drug|provenance.raw_data_family|provenance.source_family|rights.source_and_raw_data|scope.drug_exposure
orcs:2.0.18:curation-queue:v2:781	1191	91	2.0.18	2	manual_scope_review	orcs:2.0.18:screen:781	781	30971826	pubmed	orcs:source-family:pubmed:30971826	Behan FM (2019)	91-PMID30971826	Timecourse		HCC70	1	6	True	curation.comparator_and_sample_map|data.count_level_signal|labels.adjudicated_validation_event|metadata.gene_level_mapping|metadata.identifiable_drug|provenance.raw_data_family|provenance.source_family|rights.source_and_raw_data|scope.drug_exposure
orcs:2.0.18:curation-queue:v2:273	1192	92	2.0.18	2	manual_scope_review	orcs:2.0.18:screen:273	273	29083409	pubmed	orcs:source-family:pubmed:29083409	Meyers RM (2017)	93-PMID29083409	Timecourse		IGR-1	1	6	True	curation.comparator_and_sample_map|data.count_level_signal|labels.adjudicated_validation_event|metadata.gene_level_mapping|metadata.identifiable_drug|provenance.raw_data_family|provenance.source_family|rights.source_and_raw_data|scope.drug_exposure
orcs:2.0.18:curation-queue:v2:782	1193	92	2.0.18	2	manual_scope_review	orcs:2.0.18:screen:782	782	30971826	pubmed	orcs:source-family:pubmed:30971826	Behan FM (2019)	92-PMID30971826	Timecourse		HCE-4	1	6	True	curation.comparator_and_sample_map|data.count_level_signal|labels.adjudicated_validation_event|metadata.gene_level_mapping|metadata.identifiable_drug|provenance.raw_data_family|provenance.source_family|rights.source_and_raw_data|scope.drug_exposure
orcs:2.0.18:curation-queue:v2:274	1194	93	2.0.18	2	manual_scope_review	orcs:2.0.18:screen:274	274	29083409	pubmed	orcs:source-family:pubmed:29083409	Meyers RM (2017)	94-PMID29083409	Timecourse		IMR-32	1	6	True	curation.comparator_and_sample_map|data.count_level_signal|labels.adjudicated_validation_event|metadata.gene_level_mapping|metadata.identifiable_drug|provenance.raw_data_family|provenance.source_family|rights.source_and_raw_data|scope.drug_exposure
orcs:2.0.18:curation-queue:v2:783	1195	93	2.0.18	2	manual_scope_review	orcs:2.0.18:screen:783	783	30971826	pubmed	orcs:source-family:pubmed:30971826	Behan FM (2019)	93-PMID30971826	Timecourse		HCT 116	1	6	True	curation.comparator_and_sample_map|data.count_level_signal|labels.adjudicated_validation_event|metadata.gene_level_mapping|metadata.identifiable_drug|provenance.raw_data_family|provenance.source_family|rights.source_and_raw_data|scope.drug_exposure
orcs:2.0.18:curation-queue:v2:275	1196	94	2.0.18	2	manual_scope_review	orcs:2.0.18:screen:275	275	29083409	pubmed	orcs:source-family:pubmed:29083409	Meyers RM (2017)	95-PMID29083409	Timecourse		CJM	1	6	True	curation.comparator_and_sample_map|data.count_level_signal|labels.adjudicated_validation_event|metadata.gene_level_mapping|metadata.identifiable_drug|provenance.raw_data_family|provenance.source_family|rights.source_and_raw_data|scope.drug_exposure
orcs:2.0.18:curation-queue:v2:784	1197	94	2.0.18	2	manual_scope_review	orcs:2.0.18:screen:784	784	30971826	pubmed	orcs:source-family:pubmed:30971826	Behan FM (2019)	94-PMID30971826	Timecourse		HCT 15	1	6	True	curation.comparator_and_sample_map|data.count_level_signal|labels.adjudicated_validation_event|metadata.gene_level_mapping|metadata.identifiable_drug|provenance.raw_data_family|provenance.source_family|rights.source_and_raw_data|scope.drug_exposure
orcs:2.0.18:curation-queue:v2:276	1198	95	2.0.18	2	manual_scope_review	orcs:2.0.18:screen:276	276	29083409	pubmed	orcs:source-family:pubmed:29083409	Meyers RM (2017)	96-PMID29083409	Timecourse		D341 Med	1	6	True	curation.comparator_and_sample_map|data.count_level_signal|labels.adjudicated_validation_event|metadata.gene_level_mapping|metadata.identifiable_drug|provenance.raw_data_family|provenance.source_family|rights.source_and_raw_data|scope.drug_exposure
orcs:2.0.18:curation-queue:v2:785	1199	95	2.0.18	2	manual_scope_review	orcs:2.0.18:screen:785	785	30971826	pubmed	orcs:source-family:pubmed:30971826	Behan FM (2019)	95-PMID30971826	Timecourse		HEC-1	1	6	True	curation.comparator_and_sample_map|data.count_level_signal|labels.adjudicated_validation_event|metadata.gene_level_mapping|metadata.identifiable_drug|provenance.raw_data_family|provenance.source_family|rights.source_and_raw_data|scope.drug_exposure
orcs:2.0.18:curation-queue:v2:277	1200	96	2.0.18	2	manual_scope_review	orcs:2.0.18:screen:277	277	29083409	pubmed	orcs:source-family:pubmed:29083409	Meyers RM (2017)	97-PMID29083409	Timecourse		DAN-G	1	6	True	curation.comparator_and_sample_map|data.count_level_signal|labels.adjudicated_validation_event|metadata.gene_level_mapping|metadata.identifiable_drug|provenance.raw_data_family|provenance.source_family|rights.source_and_raw_data|scope.drug_exposure
orcs:2.0.18:curation-queue:v2:786	1201	96	2.0.18	2	manual_scope_review	orcs:2.0.18:screen:786	786	30971826	pubmed	orcs:source-family:pubmed:30971826	Behan FM (2019)	96-PMID30971826	Timecourse		HEY	1	6	True	curation.comparator_and_sample_map|data.count_level_signal|labels.adjudicated_validation_event|metadata.gene_level_mapping|metadata.identifiable_drug|provenance.raw_data_family|provenance.source_family|rights.source_and_raw_data|scope.drug_exposure
orcs:2.0.18:curation-queue:v2:278	1202	97	2.0.18	2	manual_scope_review	orcs:2.0.18:screen:278	278	29083409	pubmed	orcs:source-family:pubmed:29083409	Meyers RM (2017)	98-PMID29083409	Timecourse		Daoy	1	6	True	curation.comparator_and_sample_map|data.count_level_signal|labels.adjudicated_validation_event|metadata.gene_level_mapping|metadata.identifiable_drug|provenance.raw_data_family|provenance.source_family|rights.source_and_raw_data|scope.drug_exposure
orcs:2.0.18:curation-queue:v2:787	1203	97	2.0.18	2	manual_scope_review	orcs:2.0.18:screen:787	787	30971826	pubmed	orcs:source-family:pubmed:30971826	Behan FM (2019)	97-PMID30971826	Timecourse		HGC-27	1	6	True	curation.comparator_and_sample_map|data.count_level_signal|labels.adjudicated_validation_event|metadata.gene_level_mapping|metadata.identifiable_drug|provenance.raw_data_family|provenance.source_family|rights.source_and_raw_data|scope.drug_exposure
orcs:2.0.18:curation-queue:v2:279	1204	98	2.0.18	2	manual_scope_review	orcs:2.0.18:screen:279	279	29083409	pubmed	orcs:source-family:pubmed:29083409	Meyers RM (2017)	99-PMID29083409	Timecourse		Detroit 562	1	6	True	curation.comparator_and_sample_map|data.count_level_signal|labels.adjudicated_validation_event|metadata.gene_level_mapping|metadata.identifiable_drug|provenance.raw_data_family|provenance.source_family|rights.source_and_raw_data|scope.drug_exposure
orcs:2.0.18:curation-queue:v2:788	1205	98	2.0.18	2	manual_scope_review	orcs:2.0.18:screen:788	788	30971826	pubmed	orcs:source-family:pubmed:30971826	Behan FM (2019)	98-PMID30971826	Timecourse		HO-1-u-1	1	6	True	curation.comparator_and_sample_map|data.count_level_signal|labels.adjudicated_validation_event|metadata.gene_level_mapping|metadata.identifiable_drug|provenance.raw_data_family|provenance.source_family|rights.source_and_raw_data|scope.drug_exposure
orcs:2.0.18:curation-queue:v2:280	1206	99	2.0.18	2	manual_scope_review	orcs:2.0.18:screen:280	280	29083409	pubmed	orcs:source-family:pubmed:29083409	Meyers RM (2017)	100-PMID29083409	Timecourse		DK-MG	1	6	True	curation.comparator_and_sample_map|data.count_level_signal|labels.adjudicated_validation_event|metadata.gene_level_mapping|metadata.identifiable_drug|provenance.raw_data_family|provenance.source_family|rights.source_and_raw_data|scope.drug_exposure
orcs:2.0.18:curation-queue:v2:789	1207	99	2.0.18	2	manual_scope_review	orcs:2.0.18:screen:789	789	30971826	pubmed	orcs:source-family:pubmed:30971826	Behan FM (2019)	99-PMID30971826	Timecourse		HOP-62	1	6	True	curation.comparator_and_sample_map|data.count_level_signal|labels.adjudicated_validation_event|metadata.gene_level_mapping|metadata.identifiable_drug|provenance.raw_data_family|provenance.source_family|rights.source_and_raw_data|scope.drug_exposure
orcs:2.0.18:curation-queue:v2:281	1208	100	2.0.18	2	manual_scope_review	orcs:2.0.18:screen:281	281	29083409	pubmed	orcs:source-family:pubmed:29083409	Meyers RM (2017)	101-PMID29083409	Timecourse		DLD-1	1	6	True	curation.comparator_and_sample_map|data.count_level_signal|labels.adjudicated_validation_event|metadata.gene_level_mapping|metadata.identifiable_drug|provenance.raw_data_family|provenance.source_family|rights.source_and_raw_data|scope.drug_exposure
orcs:2.0.18:curation-queue:v2:790	1209	100	2.0.18	2	manual_scope_review	orcs:2.0.18:screen:790	790	30971826	pubmed	orcs:source-family:pubmed:30971826	Behan FM (2019)	100-PMID30971826	Timecourse		HPAF-II	1	6	True	curation.comparator_and_sample_map|data.count_level_signal|labels.adjudicated_validation_event|metadata.gene_level_mapping|metadata.identifiable_drug|provenance.raw_data_family|provenance.source_family|rights.source_and_raw_data|scope.drug_exposure
orcs:2.0.18:curation-queue:v2:282	1210	101	2.0.18	2	manual_scope_review	orcs:2.0.18:screen:282	282	29083409	pubmed	orcs:source-family:pubmed:29083409	Meyers RM (2017)	102-PMID29083409	Timecourse		DU4475	1	6	True	curation.comparator_and_sample_map|data.count_level_signal|labels.adjudicated_validation_event|metadata.gene_level_mapping|metadata.identifiable_drug|provenance.raw_data_family|provenance.source_family|rights.source_and_raw_data|scope.drug_exposure
orcs:2.0.18:curation-queue:v2:791	1211	101	2.0.18	2	manual_scope_review	orcs:2.0.18:screen:791	791	30971826	pubmed	orcs:source-family:pubmed:30971826	Behan FM (2019)	101-PMID30971826	Timecourse		Hs 578T	1	6	True	curation.comparator_and_sample_map|data.count_level_signal|labels.adjudicated_validation_event|metadata.gene_level_mapping|metadata.identifiable_drug|provenance.raw_data_family|provenance.source_family|rights.source_and_raw_data|scope.drug_exposure
orcs:2.0.18:curation-queue:v2:283	1212	102	2.0.18	2	manual_scope_review	orcs:2.0.18:screen:283	283	29083409	pubmed	orcs:source-family:pubmed:29083409	Meyers RM (2017)	103-PMID29083409	Timecourse		EFM-19	1	6	True	curation.comparator_and_sample_map|data.count_level_signal|labels.adjudicated_validation_event|metadata.gene_level_mapping|metadata.identifiable_drug|provenance.raw_data_family|provenance.source_family|rights.source_and_raw_data|scope.drug_exposure
orcs:2.0.18:curation-queue:v2:792	1213	102	2.0.18	2	manual_scope_review	orcs:2.0.18:screen:792	792	30971826	pubmed	orcs:source-family:pubmed:30971826	Behan FM (2019)	102-PMID30971826	Timecourse		Hs 683	1	6	True	curation.comparator_and_sample_map|data.count_level_signal|labels.adjudicated_validation_event|metadata.gene_level_mapping|metadata.identifiable_drug|provenance.raw_data_family|provenance.source_family|rights.source_and_raw_data|scope.drug_exposure
orcs:2.0.18:curation-queue:v2:284	1214	103	2.0.18	2	manual_scope_review	orcs:2.0.18:screen:284	284	29083409	pubmed	orcs:source-family:pubmed:29083409	Meyers RM (2017)	104-PMID29083409	Timecourse		EFO-21	1	6	True	curation.comparator_and_sample_map|data.count_level_signal|labels.adjudicated_validation_event|metadata.gene_level_mapping|metadata.identifiable_drug|provenance.raw_data_family|provenance.source_family|rights.source_and_raw_data|scope.drug_exposure
orcs:2.0.18:curation-queue:v2:793	1215	103	2.0.18	2	manual_scope_review	orcs:2.0.18:screen:793	793	30971826	pubmed	orcs:source-family:pubmed:30971826	Behan FM (2019)	103-PMID30971826	Timecourse		HSC-3	1	6	True	curation.comparator_and_sample_map|data.count_level_signal|labels.adjudicated_validation_event|metadata.gene_level_mapping|metadata.identifiable_drug|provenance.raw_data_family|provenance.source_family|rights.source_and_raw_data|scope.drug_exposure
orcs:2.0.18:curation-queue:v2:285	1216	104	2.0.18	2	manual_scope_review	orcs:2.0.18:screen:285	285	29083409	pubmed	orcs:source-family:pubmed:29083409	Meyers RM (2017)	105-PMID29083409	Timecourse		EKVX	1	6	True	curation.comparator_and_sample_map|data.count_level_signal|labels.adjudicated_validation_event|metadata.gene_level_mapping|metadata.identifiable_drug|provenance.raw_data_family|provenance.source_family|rights.source_and_raw_data|scope.drug_exposure
orcs:2.0.18:curation-queue:v2:794	1217	104	2.0.18	2	manual_scope_review	orcs:2.0.18:screen:794	794	30971826	pubmed	orcs:source-family:pubmed:30971826	Behan FM (2019)	104-PMID30971826	Timecourse		HSC-39	1	6	True	curation.comparator_and_sample_map|data.count_level_signal|labels.adjudicated_validation_event|metadata.gene_level_mapping|metadata.identifiable_drug|provenance.raw_data_family|provenance.source_family|rights.source_and_raw_data|scope.drug_exposure
orcs:2.0.18:curation-queue:v2:286	1218	105	2.0.18	2	manual_scope_review	orcs:2.0.18:screen:286	286	29083409	pubmed	orcs:source-family:pubmed:29083409	Meyers RM (2017)	106-PMID29083409	Timecourse		EPLC-272H	1	6	True	curation.comparator_and_sample_map|data.count_level_signal|labels.adjudicated_validation_event|metadata.gene_level_mapping|metadata.identifiable_drug|provenance.raw_data_family|provenance.source_family|rights.source_and_raw_data|scope.drug_exposure
orcs:2.0.18:curation-queue:v2:795	1219	105	2.0.18	2	manual_scope_review	orcs:2.0.18:screen:795	795	30971826	pubmed	orcs:source-family:pubmed:30971826	Behan FM (2019)	105-PMID30971826	Timecourse		HSC-4	1	6	True	curation.comparator_and_sample_map|data.count_level_signal|labels.adjudicated_validation_event|metadata.gene_level_mapping|metadata.identifiable_drug|provenance.raw_data_family|provenance.source_family|rights.source_and_raw_data|scope.drug_exposure
orcs:2.0.18:curation-queue:v2:287	1220	106	2.0.18	2	manual_scope_review	orcs:2.0.18:screen:287	287	29083409	pubmed	orcs:source-family:pubmed:29083409	Meyers RM (2017)	107-PMID29083409	Timecourse		ESS-1	1	6	True	curation.comparator_and_sample_map|data.count_level_signal|labels.adjudicated_validation_event|metadata.gene_level_mapping|metadata.identifiable_drug|provenance.raw_data_family|provenance.source_family|rights.source_and_raw_data|scope.drug_exposure
orcs:2.0.18:curation-queue:v2:796	1221	106	2.0.18	2	manual_scope_review	orcs:2.0.18:screen:796	796	30971826	pubmed	orcs:source-family:pubmed:30971826	Behan FM (2019)	106-PMID30971826	Timecourse		HT-29	1	6	True	curation.comparator_and_sample_map|data.count_level_signal|labels.adjudicated_validation_event|metadata.gene_level_mapping|metadata.identifiable_drug|provenance.raw_data_family|provenance.source_family|rights.source_and_raw_data|scope.drug_exposure
orcs:2.0.18:curation-queue:v2:288	1222	107	2.0.18	2	manual_scope_review	orcs:2.0.18:screen:288	288	29083409	pubmed	orcs:source-family:pubmed:29083409	Meyers RM (2017)	108-PMID29083409	Timecourse		FaDu	1	6	True	curation.comparator_and_sample_map|data.count_level_signal|labels.adjudicated_validation_event|metadata.gene_level_mapping|metadata.identifiable_drug|provenance.raw_data_family|provenance.source_family|rights.source_and_raw_data|scope.drug_exposure
orcs:2.0.18:curation-queue:v2:797	1223	107	2.0.18	2	manual_scope_review	orcs:2.0.18:screen:797	797	30971826	pubmed	orcs:source-family:pubmed:30971826	Behan FM (2019)	107-PMID30971826	Timecourse		HT-29	1	6	True	curation.comparator_and_sample_map|data.count_level_signal|labels.adjudicated_validation_event|metadata.gene_level_mapping|metadata.identifiable_drug|provenance.raw_data_family|provenance.source_family|rights.source_and_raw_data|scope.drug_exposure
orcs:2.0.18:curation-queue:v2:289	1224	108	2.0.18	2	manual_scope_review	orcs:2.0.18:screen:289	289	29083409	pubmed	orcs:source-family:pubmed:29083409	Meyers RM (2017)	109-PMID29083409	Timecourse		G-292 clone A141B1	1	6	True	curation.comparator_and_sample_map|data.count_level_signal|labels.adjudicated_validation_event|metadata.gene_level_mapping|metadata.identifiable_drug|provenance.raw_data_family|provenance.source_family|rights.source_and_raw_data|scope.drug_exposure
orcs:2.0.18:curation-queue:v2:798	1225	108	2.0.18	2	manual_scope_review	orcs:2.0.18:screen:798	798	30971826	pubmed	orcs:source-family:pubmed:30971826	Behan FM (2019)	108-PMID30971826	Timecourse		HT-55	1	6	True	curation.comparator_and_sample_map|data.count_level_signal|labels.adjudicated_validation_event|metadata.gene_level_mapping|metadata.identifiable_drug|provenance.raw_data_family|provenance.source_family|rights.source_and_raw_data|scope.drug_exposure
orcs:2.0.18:curation-queue:v2:290	1226	109	2.0.18	2	manual_scope_review	orcs:2.0.18:screen:290	290	29083409	pubmed	orcs:source-family:pubmed:29083409	Meyers RM (2017)	110-PMID29083409	Timecourse		GaMG	1	6	True	curation.comparator_and_sample_map|data.count_level_signal|labels.adjudicated_validation_event|metadata.gene_level_mapping|metadata.identifiable_drug|provenance.raw_data_family|provenance.source_family|rights.source_and_raw_data|scope.drug_exposure
orcs:2.0.18:curation-queue:v2:799	1227	109	2.0.18	2	manual_scope_review	orcs:2.0.18:screen:799	799	30971826	pubmed	orcs:source-family:pubmed:30971826	Behan FM (2019)	109-PMID30971826	Timecourse		hTERT-RPE1	1	6	True	curation.comparator_and_sample_map|data.count_level_signal|labels.adjudicated_validation_event|metadata.gene_level_mapping|metadata.identifiable_drug|provenance.raw_data_family|provenance.source_family|rights.source_and_raw_data|scope.drug_exposure
orcs:2.0.18:curation-queue:v2:291	1228	110	2.0.18	2	manual_scope_review	orcs:2.0.18:screen:291	291	29083409	pubmed	orcs:source-family:pubmed:29083409	Meyers RM (2017)	111-PMID29083409	Timecourse		GB-1	1	6	True	curation.comparator_and_sample_map|data.count_level_signal|labels.adjudicated_validation_event|metadata.gene_level_mapping|metadata.identifiable_drug|provenance.raw_data_family|provenance.source_family|rights.source_and_raw_data|scope.drug_exposure
orcs:2.0.18:curation-queue:v2:800	1229	110	2.0.18	2	manual_scope_review	orcs:2.0.18:screen:800	800	30971826	pubmed	orcs:source-family:pubmed:30971826	Behan FM (2019)	110-PMID30971826	Timecourse		HuP-T3	1	6	True	curation.comparator_and_sample_map|data.count_level_signal|labels.adjudicated_validation_event|metadata.gene_level_mapping|metadata.identifiable_drug|provenance.raw_data_family|provenance.source_family|rights.source_and_raw_data|scope.drug_exposure
orcs:2.0.18:curation-queue:v2:292	1230	111	2.0.18	2	manual_scope_review	orcs:2.0.18:screen:292	292	29083409	pubmed	orcs:source-family:pubmed:29083409	Meyers RM (2017)	112-PMID29083409	Timecourse		GCIY	1	6	True	curation.comparator_and_sample_map|data.count_level_signal|labels.adjudicated_validation_event|metadata.gene_level_mapping|metadata.identifiable_drug|provenance.raw_data_family|provenance.source_family|rights.source_and_raw_data|scope.drug_exposure
orcs:2.0.18:curation-queue:v2:801	1231	111	2.0.18	2	manual_scope_review	orcs:2.0.18:screen:801	801	30971826	pubmed	orcs:source-family:pubmed:30971826	Behan FM (2019)	111-PMID30971826	Timecourse		HuP-T4	1	6	True	curation.comparator_and_sample_map|data.count_level_signal|labels.adjudicated_validation_event|metadata.gene_level_mapping|metadata.identifiable_drug|provenance.raw_data_family|provenance.source_family|rights.source_and_raw_data|scope.drug_exposure
orcs:2.0.18:curation-queue:v2:293	1232	112	2.0.18	2	manual_scope_review	orcs:2.0.18:screen:293	293	29083409	pubmed	orcs:source-family:pubmed:29083409	Meyers RM (2017)	113-PMID29083409	Timecourse		GI-1	1	6	True	curation.comparator_and_sample_map|data.count_level_signal|labels.adjudicated_validation_event|metadata.gene_level_mapping|metadata.identifiable_drug|provenance.raw_data_family|provenance.source_family|rights.source_and_raw_data|scope.drug_exposure
orcs:2.0.18:curation-queue:v2:802	1233	112	2.0.18	2	manual_scope_review	orcs:2.0.18:screen:802	802	30971826	pubmed	orcs:source-family:pubmed:30971826	Behan FM (2019)	112-PMID30971826	Timecourse		IGROV-1	1	6	True	curation.comparator_and_sample_map|data.count_level_signal|labels.adjudicated_validation_event|metadata.gene_level_mapping|metadata.identifiable_drug|provenance.raw_data_family|provenance.source_family|rights.source_and_raw_data|scope.drug_exposure
orcs:2.0.18:curation-queue:v2:294	1234	113	2.0.18	2	manual_scope_review	orcs:2.0.18:screen:294	294	29083409	pubmed	orcs:source-family:pubmed:29083409	Meyers RM (2017)	114-PMID29083409	Timecourse		GSS	1	6	True	curation.comparator_and_sample_map|data.count_level_signal|labels.adjudicated_validation_event|metadata.gene_level_mapping|metadata.identifiable_drug|provenance.raw_data_family|provenance.source_family|rights.source_and_raw_data|scope.drug_exposure
orcs:2.0.18:curation-queue:v2:803	1235	113	2.0.18	2	manual_scope_review	orcs:2.0.18:screen:803	803	30971826	pubmed	orcs:source-family:pubmed:30971826	Behan FM (2019)	113-PMID30971826	Timecourse		IM-9	1	6	True	curation.comparator_and_sample_map|data.count_level_signal|labels.adjudicated_validation_event|metadata.gene_level_mapping|metadata.identifiable_drug|provenance.raw_data_family|provenance.source_family|rights.source_and_raw_data|scope.drug_exposure
orcs:2.0.18:curation-queue:v2:295	1236	114	2.0.18	2	manual_scope_review	orcs:2.0.18:screen:295	295	29083409	pubmed	orcs:source-family:pubmed:29083409	Meyers RM (2017)	115-PMID29083409	Timecourse		JHH-1	1	6	True	curation.comparator_and_sample_map|data.count_level_signal|labels.adjudicated_validation_event|metadata.gene_level_mapping|metadata.identifiable_drug|provenance.raw_data_family|provenance.source_family|rights.source_and_raw_data|scope.drug_exposure
orcs:2.0.18:curation-queue:v2:804	1237	114	2.0.18	2	manual_scope_review	orcs:2.0.18:screen:804	804	30971826	pubmed	orcs:source-family:pubmed:30971826	Behan FM (2019)	114-PMID30971826	Timecourse		IM95	1	6	True	curation.comparator_and_sample_map|data.count_level_signal|labels.adjudicated_validation_event|metadata.gene_level_mapping|metadata.identifiable_drug|provenance.raw_data_family|provenance.source_family|rights.source_and_raw_data|scope.drug_exposure
orcs:2.0.18:curation-queue:v2:296	1238	115	2.0.18	2	manual_scope_review	orcs:2.0.18:screen:296	296	29083409	pubmed	orcs:source-family:pubmed:29083409	Meyers RM (2017)	116-PMID29083409	Timecourse		JHH-4	1	6	True	curation.comparator_and_sample_map|data.count_level_signal|labels.adjudicated_validation_event|metadata.gene_level_mapping|metadata.identifiable_drug|provenance.raw_data_family|provenance.source_family|rights.source_and_raw_data|scope.drug_exposure
orcs:2.0.18:curation-queue:v2:805	1239	115	2.0.18	2	manual_scope_review	orcs:2.0.18:screen:805	805	30971826	pubmed	orcs:source-family:pubmed:30971826	Behan FM (2019)	115-PMID30971826	Timecourse		IST-MEL1	1	6	True	curation.comparator_and_sample_map|data.count_level_signal|labels.adjudicated_validation_event|metadata.gene_level_mapping|metadata.identifiable_drug|provenance.raw_data_family|provenance.source_family|rights.source_and_raw_data|scope.drug_exposure
orcs:2.0.18:curation-queue:v2:297	1240	116	2.0.18	2	manual_scope_review	orcs:2.0.18:screen:297	297	29083409	pubmed	orcs:source-family:pubmed:29083409	Meyers RM (2017)	117-PMID29083409	Timecourse		JHH-5	1	6	True	curation.comparator_and_sample_map|data.count_level_signal|labels.adjudicated_validation_event|metadata.gene_level_mapping|metadata.identifiable_drug|provenance.raw_data_family|provenance.source_family|rights.source_and_raw_data|scope.drug_exposure
orcs:2.0.18:curation-queue:v2:806	1241	116	2.0.18	2	manual_scope_review	orcs:2.0.18:screen:806	806	30971826	pubmed	orcs:source-family:pubmed:30971826	Behan FM (2019)	116-PMID30971826	Timecourse		JHOS-2	1	6	True	curation.comparator_and_sample_map|data.count_level_signal|labels.adjudicated_validation_event|metadata.gene_level_mapping|metadata.identifiable_drug|provenance.raw_data_family|provenance.source_family|rights.source_and_raw_data|scope.drug_exposure
orcs:2.0.18:curation-queue:v2:298	1242	117	2.0.18	2	manual_scope_review	orcs:2.0.18:screen:298	298	29083409	pubmed	orcs:source-family:pubmed:29083409	Meyers RM (2017)	118-PMID29083409	Timecourse		JHH-7	1	6	True	curation.comparator_and_sample_map|data.count_level_signal|labels.adjudicated_validation_event|metadata.gene_level_mapping|metadata.identifiable_drug|provenance.raw_data_family|provenance.source_family|rights.source_and_raw_data|scope.drug_exposure
orcs:2.0.18:curation-queue:v2:807	1243	117	2.0.18	2	manual_scope_review	orcs:2.0.18:screen:807	807	30971826	pubmed	orcs:source-family:pubmed:30971826	Behan FM (2019)	117-PMID30971826	Timecourse		JHOS-4	1	6	True	curation.comparator_and_sample_map|data.count_level_signal|labels.adjudicated_validation_event|metadata.gene_level_mapping|metadata.identifiable_drug|provenance.raw_data_family|provenance.source_family|rights.source_and_raw_data|scope.drug_exposure
orcs:2.0.18:curation-queue:v2:299	1244	118	2.0.18	2	manual_scope_review	orcs:2.0.18:screen:299	299	29083409	pubmed	orcs:source-family:pubmed:29083409	Meyers RM (2017)	119-PMID29083409	Timecourse		JHOC-5	1	6	True	curation.comparator_and_sample_map|data.count_level_signal|labels.adjudicated_validation_event|metadata.gene_level_mapping|metadata.identifiable_drug|provenance.raw_data_family|provenance.source_family|rights.source_and_raw_data|scope.drug_exposure
orcs:2.0.18:curation-queue:v2:808	1245	118	2.0.18	2	manual_scope_review	orcs:2.0.18:screen:808	808	30971826	pubmed	orcs:source-family:pubmed:30971826	Behan FM (2019)	118-PMID30971826	Timecourse		JHU-011	1	6	True	curation.comparator_and_sample_map|data.count_level_signal|labels.adjudicated_validation_event|metadata.gene_level_mapping|metadata.identifiable_drug|provenance.raw_data_family|provenance.source_family|rights.source_and_raw_data|scope.drug_exposure
orcs:2.0.18:curation-queue:v2:300	1246	119	2.0.18	2	manual_scope_review	orcs:2.0.18:screen:300	300	29083409	pubmed	orcs:source-family:pubmed:29083409	Meyers RM (2017)	120-PMID29083409	Timecourse		JHOM-1	1	6	True	curation.comparator_and_sample_map|data.count_level_signal|labels.adjudicated_validation_event|metadata.gene_level_mapping|metadata.identifiable_drug|provenance.raw_data_family|provenance.source_family|rights.source_and_raw_data|scope.drug_exposure
orcs:2.0.18:curation-queue:v2:809	1247	119	2.0.18	2	manual_scope_review	orcs:2.0.18:screen:809	809	30971826	pubmed	orcs:source-family:pubmed:30971826	Behan FM (2019)	119-PMID30971826	Timecourse		JHU-022	1	6	True	curation.comparator_and_sample_map|data.count_level_signal|labels.adjudicated_validation_event|metadata.gene_level_mapping|metadata.identifiable_drug|provenance.raw_data_family|provenance.source_family|rights.source_and_raw_data|scope.drug_exposure
orcs:2.0.18:curation-queue:v2:301	1248	120	2.0.18	2	manual_scope_review	orcs:2.0.18:screen:301	301	29083409	pubmed	orcs:source-family:pubmed:29083409	Meyers RM (2017)	121-PMID29083409	Timecourse		JHOS-2	1	6	True	curation.comparator_and_sample_map|data.count_level_signal|labels.adjudicated_validation_event|metadata.gene_level_mapping|metadata.identifiable_drug|provenance.raw_data_family|provenance.source_family|rights.source_and_raw_data|scope.drug_exposure
orcs:2.0.18:curation-queue:v2:810	1249	120	2.0.18	2	manual_scope_review	orcs:2.0.18:screen:810	810	30971826	pubmed	orcs:source-family:pubmed:30971826	Behan FM (2019)	120-PMID30971826	Timecourse		JHU-029	1	6	True	curation.comparator_and_sample_map|data.count_level_signal|labels.adjudicated_validation_event|metadata.gene_level_mapping|metadata.identifiable_drug|provenance.raw_data_family|provenance.source_family|rights.source_and_raw_data|scope.drug_exposure
orcs:2.0.18:curation-queue:v2:302	1250	121	2.0.18	2	manual_scope_review	orcs:2.0.18:screen:302	302	29083409	pubmed	orcs:source-family:pubmed:29083409	Meyers RM (2017)	122-PMID29083409	Timecourse		JHOS-4	1	6	True	curation.comparator_and_sample_map|data.count_level_signal|labels.adjudicated_validation_event|metadata.gene_level_mapping|metadata.identifiable_drug|provenance.raw_data_family|provenance.source_family|rights.source_and_raw_data|scope.drug_exposure
orcs:2.0.18:curation-queue:v2:811	1251	121	2.0.18	2	manual_scope_review	orcs:2.0.18:screen:811	811	30971826	pubmed	orcs:source-family:pubmed:30971826	Behan FM (2019)	121-PMID30971826	Timecourse		JIMT-1	1	6	True	curation.comparator_and_sample_map|data.count_level_signal|labels.adjudicated_validation_event|metadata.gene_level_mapping|metadata.identifiable_drug|provenance.raw_data_family|provenance.source_family|rights.source_and_raw_data|scope.drug_exposure
orcs:2.0.18:curation-queue:v2:303	1252	122	2.0.18	2	manual_scope_review	orcs:2.0.18:screen:303	303	29083409	pubmed	orcs:source-family:pubmed:29083409	Meyers RM (2017)	123-PMID29083409	Timecourse		JIMT-1	1	6	True	curation.comparator_and_sample_map|data.count_level_signal|labels.adjudicated_validation_event|metadata.gene_level_mapping|metadata.identifiable_drug|provenance.raw_data_family|provenance.source_family|rights.source_and_raw_data|scope.drug_exposure
orcs:2.0.18:curation-queue:v2:812	1253	122	2.0.18	2	manual_scope_review	orcs:2.0.18:screen:812	812	30971826	pubmed	orcs:source-family:pubmed:30971826	Behan FM (2019)	122-PMID30971826	Timecourse		KATO III	1	6	True	curation.comparator_and_sample_map|data.count_level_signal|labels.adjudicated_validation_event|metadata.gene_level_mapping|metadata.identifiable_drug|provenance.raw_data_family|provenance.source_family|rights.source_and_raw_data|scope.drug_exposure
orcs:2.0.18:curation-queue:v2:304	1254	123	2.0.18	2	manual_scope_review	orcs:2.0.18:screen:304	304	29083409	pubmed	orcs:source-family:pubmed:29083409	Meyers RM (2017)	124-PMID29083409	Timecourse		JMSU-1	1	6	True	curation.comparator_and_sample_map|data.count_level_signal|labels.adjudicated_validation_event|metadata.gene_level_mapping|metadata.identifiable_drug|provenance.raw_data_family|provenance.source_family|rights.source_and_raw_data|scope.drug_exposure
orcs:2.0.18:curation-queue:v2:813	1255	123	2.0.18	2	manual_scope_review	orcs:2.0.18:screen:813	813	30971826	pubmed	orcs:source-family:pubmed:30971826	Behan FM (2019)	123-PMID30971826	Timecourse		KINGS-1	1	6	True	curation.comparator_and_sample_map|data.count_level_signal|labels.adjudicated_validation_event|metadata.gene_level_mapping|metadata.identifiable_drug|provenance.raw_data_family|provenance.source_family|rights.source_and_raw_data|scope.drug_exposure
orcs:2.0.18:curation-queue:v2:305	1256	124	2.0.18	2	manual_scope_review	orcs:2.0.18:screen:305	305	29083409	pubmed	orcs:source-family:pubmed:29083409	Meyers RM (2017)	125-PMID29083409	Timecourse		HARA	1	6	True	curation.comparator_and_sample_map|data.count_level_signal|labels.adjudicated_validation_event|metadata.gene_level_mapping|metadata.identifiable_drug|provenance.raw_data_family|provenance.source_family|rights.source_and_raw_data|scope.drug_exposure
orcs:2.0.18:curation-queue:v2:814	1257	124	2.0.18	2	manual_scope_review	orcs:2.0.18:screen:814	814	30971826	pubmed	orcs:source-family:pubmed:30971826	Behan FM (2019)	124-PMID30971826	Timecourse		KLE	1	6	True	curation.comparator_and_sample_map|data.count_level_signal|labels.adjudicated_validation_event|metadata.gene_level_mapping|metadata.identifiable_drug|provenance.raw_data_family|provenance.source_family|rights.source_and_raw_data|scope.drug_exposure
orcs:2.0.18:curation-queue:v2:306	1258	125	2.0.18	2	manual_scope_review	orcs:2.0.18:screen:306	306	29083409	pubmed	orcs:source-family:pubmed:29083409	Meyers RM (2017)	126-PMID29083409	Timecourse		BICR 6	1	6	True	curation.comparator_and_sample_map|data.count_level_signal|labels.adjudicated_validation_event|metadata.gene_level_mapping|metadata.identifiable_drug|provenance.raw_data_family|provenance.source_family|rights.source_and_raw_data|scope.drug_exposure
orcs:2.0.18:curation-queue:v2:815	1259	125	2.0.18	2	manual_scope_review	orcs:2.0.18:screen:815	815	30971826	pubmed	orcs:source-family:pubmed:30971826	Behan FM (2019)	125-PMID30971826	Timecourse		KM12	1	6	True	curation.comparator_and_sample_map|data.count_level_signal|labels.adjudicated_validation_event|metadata.gene_level_mapping|metadata.identifiable_drug|provenance.raw_data_family|provenance.source_family|rights.source_and_raw_data|scope.drug_exposure
orcs:2.0.18:curation-queue:v2:307	1260	126	2.0.18	2	manual_scope_review	orcs:2.0.18:screen:307	307	29083409	pubmed	orcs:source-family:pubmed:29083409	Meyers RM (2017)	127-PMID29083409	Timecourse		HEC-251	1	6	True	curation.comparator_and_sample_map|data.count_level_signal|labels.adjudicated_validation_event|metadata.gene_level_mapping|metadata.identifiable_drug|provenance.raw_data_family|provenance.source_family|rights.source_and_raw_data|scope.drug_exposure
orcs:2.0.18:curation-queue:v2:816	1261	126	2.0.18	2	manual_scope_review	orcs:2.0.18:screen:816	816	30971826	pubmed	orcs:source-family:pubmed:30971826	Behan FM (2019)	126-PMID30971826	Timecourse		KMS-11	1	6	True	curation.comparator_and_sample_map|data.count_level_signal|labels.adjudicated_validation_event|metadata.gene_level_mapping|metadata.identifiable_drug|provenance.raw_data_family|provenance.source_family|rights.source_and_raw_data|scope.drug_exposure
orcs:2.0.18:curation-queue:v2:308	1262	127	2.0.18	2	manual_scope_review	orcs:2.0.18:screen:308	308	29083409	pubmed	orcs:source-family:pubmed:29083409	Meyers RM (2017)	128-PMID29083409	Timecourse		HEC-50B	1	6	True	curation.comparator_and_sample_map|data.count_level_signal|labels.adjudicated_validation_event|metadata.gene_level_mapping|metadata.identifiable_drug|provenance.raw_data_family|provenance.source_family|rights.source_and_raw_data|scope.drug_exposure
orcs:2.0.18:curation-queue:v2:817	1263	127	2.0.18	2	manual_scope_review	orcs:2.0.18:screen:817	817	30971826	pubmed	orcs:source-family:pubmed:30971826	Behan FM (2019)	127-PMID30971826	Timecourse		KNS-42	1	6	True	curation.comparator_and_sample_map|data.count_level_signal|labels.adjudicated_validation_event|metadata.gene_level_mapping|metadata.identifiable_drug|provenance.raw_data_family|provenance.source_family|rights.source_and_raw_data|scope.drug_exposure
orcs:2.0.18:curation-queue:v2:309	1264	128	2.0.18	2	manual_scope_review	orcs:2.0.18:screen:309	309	29083409	pubmed	orcs:source-family:pubmed:29083409	Meyers RM (2017)	129-PMID29083409	Timecourse		HEC-59	1	6	True	curation.comparator_and_sample_map|data.count_level_signal|labels.adjudicated_validation_event|metadata.gene_level_mapping|metadata.identifiable_drug|provenance.raw_data_family|provenance.source_family|rights.source_and_raw_data|scope.drug_exposure
orcs:2.0.18:curation-queue:v2:818	1265	128	2.0.18	2	manual_scope_review	orcs:2.0.18:screen:818	818	30971826	pubmed	orcs:source-family:pubmed:30971826	Behan FM (2019)	128-PMID30971826	Timecourse		KNS-62	1	6	True	curation.comparator_and_sample_map|data.count_level_signal|labels.adjudicated_validation_event|metadata.gene_level_mapping|metadata.identifiable_drug|provenance.raw_data_family|provenance.source_family|rights.source_and_raw_data|scope.drug_exposure
orcs:2.0.18:curation-queue:v2:310	1266	129	2.0.18	2	manual_scope_review	orcs:2.0.18:screen:310	310	29083409	pubmed	orcs:source-family:pubmed:29083409	Meyers RM (2017)	130-PMID29083409	Timecourse		HEY A8	1	6	True	curation.comparator_and_sample_map|data.count_level_signal|labels.adjudicated_validation_event|metadata.gene_level_mapping|metadata.identifiable_drug|provenance.raw_data_family|provenance.source_family|rights.source_and_raw_data|scope.drug_exposure
orcs:2.0.18:curation-queue:v2:819	1267	129	2.0.18	2	manual_scope_review	orcs:2.0.18:screen:819	819	30971826	pubmed	orcs:source-family:pubmed:30971826	Behan FM (2019)	129-PMID30971826	Timecourse		KON	1	6	True	curation.comparator_and_sample_map|data.count_level_signal|labels.adjudicated_validation_event|metadata.gene_level_mapping|metadata.identifiable_drug|provenance.raw_data_family|provenance.source_family|rights.source_and_raw_data|scope.drug_exposure
orcs:2.0.18:curation-queue:v2:311	1268	130	2.0.18	2	manual_scope_review	orcs:2.0.18:screen:311	311	29083409	pubmed	orcs:source-family:pubmed:29083409	Meyers RM (2017)	131-PMID29083409	Timecourse		K029AX	1	6	True	curation.comparator_and_sample_map|data.count_level_signal|labels.adjudicated_validation_event|metadata.gene_level_mapping|metadata.identifiable_drug|provenance.raw_data_family|provenance.source_family|rights.source_and_raw_data|scope.drug_exposure
orcs:2.0.18:curation-queue:v2:820	1269	130	2.0.18	2	manual_scope_review	orcs:2.0.18:screen:820	820	30971826	pubmed	orcs:source-family:pubmed:30971826	Behan FM (2019)	130-PMID30971826	Timecourse		KP-1N	1	6	True	curation.comparator_and_sample_map|data.count_level_signal|labels.adjudicated_validation_event|metadata.gene_level_mapping|metadata.identifiable_drug|provenance.raw_data_family|provenance.source_family|rights.source_and_raw_data|scope.drug_exposure
orcs:2.0.18:curation-queue:v2:312	1270	131	2.0.18	2	manual_scope_review	orcs:2.0.18:screen:312	312	29083409	pubmed	orcs:source-family:pubmed:29083409	Meyers RM (2017)	132-PMID29083409	Timecourse		KALS-1	1	6	True	curation.comparator_and_sample_map|data.count_level_signal|labels.adjudicated_validation_event|metadata.gene_level_mapping|metadata.identifiable_drug|provenance.raw_data_family|provenance.source_family|rights.source_and_raw_data|scope.drug_exposure
orcs:2.0.18:curation-queue:v2:821	1271	131	2.0.18	2	manual_scope_review	orcs:2.0.18:screen:821	821	30971826	pubmed	orcs:source-family:pubmed:30971826	Behan FM (2019)	131-PMID30971826	Timecourse		KP-3	1	6	True	curation.comparator_and_sample_map|data.count_level_signal|labels.adjudicated_validation_event|metadata.gene_level_mapping|metadata.identifiable_drug|provenance.raw_data_family|provenance.source_family|rights.source_and_raw_data|scope.drug_exposure
orcs:2.0.18:curation-queue:v2:313	1272	132	2.0.18	2	manual_scope_review	orcs:2.0.18:screen:313	313	29083409	pubmed	orcs:source-family:pubmed:29083409	Meyers RM (2017)	133-PMID29083409	Timecourse		Karpas-299	1	6	True	curation.comparator_and_sample_map|data.count_level_signal|labels.adjudicated_validation_event|metadata.gene_level_mapping|metadata.identifiable_drug|provenance.raw_data_family|provenance.source_family|rights.source_and_raw_data|scope.drug_exposure
orcs:2.0.18:curation-queue:v2:822	1273	132	2.0.18	2	manual_scope_review	orcs:2.0.18:screen:822	822	30971826	pubmed	orcs:source-family:pubmed:30971826	Behan FM (2019)	132-PMID30971826	Timecourse		KP-4	1	6	True	curation.comparator_and_sample_map|data.count_level_signal|labels.adjudicated_validation_event|metadata.gene_level_mapping|metadata.identifiable_drug|provenance.raw_data_family|provenance.source_family|rights.source_and_raw_data|scope.drug_exposure
orcs:2.0.18:curation-queue:v2:314	1274	133	2.0.18	2	manual_scope_review	orcs:2.0.18:screen:314	314	29083409	pubmed	orcs:source-family:pubmed:29083409	Meyers RM (2017)	134-PMID29083409	Timecourse		Kelly	1	6	True	curation.comparator_and_sample_map|data.count_level_signal|labels.adjudicated_validation_event|metadata.gene_level_mapping|metadata.identifiable_drug|provenance.raw_data_family|provenance.source_family|rights.source_and_raw_data|scope.drug_exposure
orcs:2.0.18:curation-queue:v2:823	1275	133	2.0.18	2	manual_scope_review	orcs:2.0.18:screen:823	823	30971826	pubmed	orcs:source-family:pubmed:30971826	Behan FM (2019)	133-PMID30971826	Timecourse		KP-N-YN	1	6	True	curation.comparator_and_sample_map|data.count_level_signal|labels.adjudicated_validation_event|metadata.gene_level_mapping|metadata.identifiable_drug|provenance.raw_data_family|provenance.source_family|rights.source_and_raw_data|scope.drug_exposure
orcs:2.0.18:curation-queue:v2:315	1276	134	2.0.18	2	manual_scope_review	orcs:2.0.18:screen:315	315	29083409	pubmed	orcs:source-family:pubmed:29083409	Meyers RM (2017)	135-PMID29083409	Timecourse		Ki-JK	1	6	True	curation.comparator_and_sample_map|data.count_level_signal|labels.adjudicated_validation_event|metadata.gene_level_mapping|metadata.identifiable_drug|provenance.raw_data_family|provenance.source_family|rights.source_and_raw_data|scope.drug_exposure
orcs:2.0.18:curation-queue:v2:824	1277	134	2.0.18	2	manual_scope_review	orcs:2.0.18:screen:824	824	30971826	pubmed	orcs:source-family:pubmed:30971826	Behan FM (2019)	134-PMID30971826	Timecourse		KP-N-YS	1	6	True	curation.comparator_and_sample_map|data.count_level_signal|labels.adjudicated_validation_event|metadata.gene_level_mapping|metadata.identifiable_drug|provenance.raw_data_family|provenance.source_family|rights.source_and_raw_data|scope.drug_exposure
orcs:2.0.18:curation-queue:v2:316	1278	135	2.0.18	2	manual_scope_review	orcs:2.0.18:screen:316	316	29083409	pubmed	orcs:source-family:pubmed:29083409	Meyers RM (2017)	136-PMID29083409	Timecourse		KLE	1	6	True	curation.comparator_and_sample_map|data.count_level_signal|labels.adjudicated_validation_event|metadata.gene_level_mapping|metadata.identifiable_drug|provenance.raw_data_family|provenance.source_family|rights.source_and_raw_data|scope.drug_exposure
orcs:2.0.18:curation-queue:v2:825	1279	135	2.0.18	2	manual_scope_review	orcs:2.0.18:screen:825	825	30971826	pubmed	orcs:source-family:pubmed:30971826	Behan FM (2019)	135-PMID30971826	Timecourse		Kuramochi	1	6	True	curation.comparator_and_sample_map|data.count_level_signal|labels.adjudicated_validation_event|metadata.gene_level_mapping|metadata.identifiable_drug|provenance.raw_data_family|provenance.source_family|rights.source_and_raw_data|scope.drug_exposure
orcs:2.0.18:curation-queue:v2:317	1280	136	2.0.18	2	manual_scope_review	orcs:2.0.18:screen:317	317	29083409	pubmed	orcs:source-family:pubmed:29083409	Meyers RM (2017)	137-PMID29083409	Timecourse		KMBC-2	1	6	True	curation.comparator_and_sample_map|data.count_level_signal|labels.adjudicated_validation_event|metadata.gene_level_mapping|metadata.identifiable_drug|provenance.raw_data_family|provenance.source_family|rights.source_and_raw_data|scope.drug_exposure
orcs:2.0.18:curation-queue:v2:826	1281	136	2.0.18	2	manual_scope_review	orcs:2.0.18:screen:826	826	30971826	pubmed	orcs:source-family:pubmed:30971826	Behan FM (2019)	136-PMID30971826	Timecourse		KYAE-1	1	6	True	curation.comparator_and_sample_map|data.count_level_signal|labels.adjudicated_validation_event|metadata.gene_level_mapping|metadata.identifiable_drug|provenance.raw_data_family|provenance.source_family|rights.source_and_raw_data|scope.drug_exposure
orcs:2.0.18:curation-queue:v2:318	1282	137	2.0.18	2	manual_scope_review	orcs:2.0.18:screen:318	318	29083409	pubmed	orcs:source-family:pubmed:29083409	Meyers RM (2017)	138-PMID29083409	Timecourse		KMRC-1	1	6	True	curation.comparator_and_sample_map|data.count_level_signal|labels.adjudicated_validation_event|metadata.gene_level_mapping|metadata.identifiable_drug|provenance.raw_data_family|provenance.source_family|rights.source_and_raw_data|scope.drug_exposure
orcs:2.0.18:curation-queue:v2:827	1283	137	2.0.18	2	manual_scope_review	orcs:2.0.18:screen:827	827	30971826	pubmed	orcs:source-family:pubmed:30971826	Behan FM (2019)	137-PMID30971826	Timecourse		KYSE-140	1	6	True	curation.comparator_and_sample_map|data.count_level_signal|labels.adjudicated_validation_event|metadata.gene_level_mapping|metadata.identifiable_drug|provenance.raw_data_family|provenance.source_family|rights.source_and_raw_data|scope.drug_exposure
orcs:2.0.18:curation-queue:v2:319	1284	138	2.0.18	2	manual_scope_review	orcs:2.0.18:screen:319	319	29083409	pubmed	orcs:source-family:pubmed:29083409	Meyers RM (2017)	139-PMID29083409	Timecourse		KMRC-20	1	6	True	curation.comparator_and_sample_map|data.count_level_signal|labels.adjudicated_validation_event|metadata.gene_level_mapping|metadata.identifiable_drug|provenance.raw_data_family|provenance.source_family|rights.source_and_raw_data|scope.drug_exposure
orcs:2.0.18:curation-queue:v2:828	1285	138	2.0.18	2	manual_scope_review	orcs:2.0.18:screen:828	828	30971826	pubmed	orcs:source-family:pubmed:30971826	Behan FM (2019)	138-PMID30971826	Timecourse		KYSE-150	1	6	True	curation.comparator_and_sample_map|data.count_level_signal|labels.adjudicated_validation_event|metadata.gene_level_mapping|metadata.identifiable_drug|provenance.raw_data_family|provenance.source_family|rights.source_and_raw_data|scope.drug_exposure
orcs:2.0.18:curation-queue:v2:320	1286	139	2.0.18	2	manual_scope_review	orcs:2.0.18:screen:320	320	29083409	pubmed	orcs:source-family:pubmed:29083409	Meyers RM (2017)	140-PMID29083409	Timecourse		KNS-42	1	6	True	curation.comparator_and_sample_map|data.count_level_signal|labels.adjudicated_validation_event|metadata.gene_level_mapping|metadata.identifiable_drug|provenance.raw_data_family|provenance.source_family|rights.source_and_raw_data|scope.drug_exposure
orcs:2.0.18:curation-queue:v2:829	1287	139	2.0.18	2	manual_scope_review	orcs:2.0.18:screen:829	829	30971826	pubmed	orcs:source-family:pubmed:30971826	Behan FM (2019)	139-PMID30971826	Timecourse		KYSE-220	1	6	True	curation.comparator_and_sample_map|data.count_level_signal|labels.adjudicated_validation_event|metadata.gene_level_mapping|metadata.identifiable_drug|provenance.raw_data_family|provenance.source_family|rights.source_and_raw_data|scope.drug_exposure
orcs:2.0.18:curation-queue:v2:321	1288	140	2.0.18	2	manual_scope_review	orcs:2.0.18:screen:321	321	29083409	pubmed	orcs:source-family:pubmed:29083409	Meyers RM (2017)	141-PMID29083409	Timecourse		KNS-60	1	6	True	curation.comparator_and_sample_map|data.count_level_signal|labels.adjudicated_validation_event|metadata.gene_level_mapping|metadata.identifiable_drug|provenance.raw_data_family|provenance.source_family|rights.source_and_raw_data|scope.drug_exposure
orcs:2.0.18:curation-queue:v2:830	1289	140	2.0.18	2	manual_scope_review	orcs:2.0.18:screen:830	830	30971826	pubmed	orcs:source-family:pubmed:30971826	Behan FM (2019)	140-PMID30971826	Timecourse		KYSE-270	1	6	True	curation.comparator_and_sample_map|data.count_level_signal|labels.adjudicated_validation_event|metadata.gene_level_mapping|metadata.identifiable_drug|provenance.raw_data_family|provenance.source_family|rights.source_and_raw_data|scope.drug_exposure
orcs:2.0.18:curation-queue:v2:322	1290	141	2.0.18	2	manual_scope_review	orcs:2.0.18:screen:322	322	29083409	pubmed	orcs:source-family:pubmed:29083409	Meyers RM (2017)	142-PMID29083409	Timecourse		KNS-62	1	6	True	curation.comparator_and_sample_map|data.count_level_signal|labels.adjudicated_validation_event|metadata.gene_level_mapping|metadata.identifiable_drug|provenance.raw_data_family|provenance.source_family|rights.source_and_raw_data|scope.drug_exposure
orcs:2.0.18:curation-queue:v2:831	1291	141	2.0.18	2	manual_scope_review	orcs:2.0.18:screen:831	831	30971826	pubmed	orcs:source-family:pubmed:30971826	Behan FM (2019)	141-PMID30971826	Timecourse		KYSE-410	1	6	True	curation.comparator_and_sample_map|data.count_level_signal|labels.adjudicated_validation_event|metadata.gene_level_mapping|metadata.identifiable_drug|provenance.raw_data_family|provenance.source_family|rights.source_and_raw_data|scope.drug_exposure
orcs:2.0.18:curation-queue:v2:323	1292	142	2.0.18	2	manual_scope_review	orcs:2.0.18:screen:323	323	29083409	pubmed	orcs:source-family:pubmed:29083409	Meyers RM (2017)	143-PMID29083409	Timecourse		KNS-81	1	6	True	curation.comparator_and_sample_map|data.count_level_signal|labels.adjudicated_validation_event|metadata.gene_level_mapping|metadata.identifiable_drug|provenance.raw_data_family|provenance.source_family|rights.source_and_raw_data|scope.drug_exposure
orcs:2.0.18:curation-queue:v2:832	1293	142	2.0.18	2	manual_scope_review	orcs:2.0.18:screen:832	832	30971826	pubmed	orcs:source-family:pubmed:30971826	Behan FM (2019)	142-PMID30971826	Timecourse		KYSE-450	1	6	True	curation.comparator_and_sample_map|data.count_level_signal|labels.adjudicated_validation_event|metadata.gene_level_mapping|metadata.identifiable_drug|provenance.raw_data_family|provenance.source_family|rights.source_and_raw_data|scope.drug_exposure
orcs:2.0.18:curation-queue:v2:324	1294	143	2.0.18	2	manual_scope_review	orcs:2.0.18:screen:324	324	29083409	pubmed	orcs:source-family:pubmed:29083409	Meyers RM (2017)	144-PMID29083409	Timecourse		KP-2	1	6	True	curation.comparator_and_sample_map|data.count_level_signal|labels.adjudicated_validation_event|metadata.gene_level_mapping|metadata.identifiable_drug|provenance.raw_data_family|provenance.source_family|rights.source_and_raw_data|scope.drug_exposure
orcs:2.0.18:curation-queue:v2:833	1295	143	2.0.18	2	manual_scope_review	orcs:2.0.18:screen:833	833	30971826	pubmed	orcs:source-family:pubmed:30971826	Behan FM (2019)	143-PMID30971826	Timecourse		KYSE-510	1	6	True	curation.comparator_and_sample_map|data.count_level_signal|labels.adjudicated_validation_event|metadata.gene_level_mapping|metadata.identifiable_drug|provenance.raw_data_family|provenance.source_family|rights.source_and_raw_data|scope.drug_exposure
orcs:2.0.18:curation-queue:v2:325	1296	144	2.0.18	2	manual_scope_review	orcs:2.0.18:screen:325	325	29083409	pubmed	orcs:source-family:pubmed:29083409	Meyers RM (2017)	145-PMID29083409	Timecourse		KP-3	1	6	True	curation.comparator_and_sample_map|data.count_level_signal|labels.adjudicated_validation_event|metadata.gene_level_mapping|metadata.identifiable_drug|provenance.raw_data_family|provenance.source_family|rights.source_and_raw_data|scope.drug_exposure
orcs:2.0.18:curation-queue:v2:834	1297	144	2.0.18	2	manual_scope_review	orcs:2.0.18:screen:834	834	30971826	pubmed	orcs:source-family:pubmed:30971826	Behan FM (2019)	144-PMID30971826	Timecourse		KYSE-520	1	6	True	curation.comparator_and_sample_map|data.count_level_signal|labels.adjudicated_validation_event|metadata.gene_level_mapping|metadata.identifiable_drug|provenance.raw_data_family|provenance.source_family|rights.source_and_raw_data|scope.drug_exposure
orcs:2.0.18:curation-queue:v2:326	1298	145	2.0.18	2	manual_scope_review	orcs:2.0.18:screen:326	326	29083409	pubmed	orcs:source-family:pubmed:29083409	Meyers RM (2017)	146-PMID29083409	Timecourse		KP-4	1	6	True	curation.comparator_and_sample_map|data.count_level_signal|labels.adjudicated_validation_event|metadata.gene_level_mapping|metadata.identifiable_drug|provenance.raw_data_family|provenance.source_family|rights.source_and_raw_data|scope.drug_exposure
orcs:2.0.18:curation-queue:v2:835	1299	145	2.0.18	2	manual_scope_review	orcs:2.0.18:screen:835	835	30971826	pubmed	orcs:source-family:pubmed:30971826	Behan FM (2019)	145-PMID30971826	Timecourse		KYSE-70	1	6	True	curation.comparator_and_sample_map|data.count_level_signal|labels.adjudicated_validation_event|metadata.gene_level_mapping|metadata.identifiable_drug|provenance.raw_data_family|provenance.source_family|rights.source_and_raw_data|scope.drug_exposure
orcs:2.0.18:curation-queue:v2:327	1300	146	2.0.18	2	manual_scope_review	orcs:2.0.18:screen:327	327	29083409	pubmed	orcs:source-family:pubmed:29083409	Meyers RM (2017)	147-PMID29083409	Timecourse		KPL-1	1	6	True	curation.comparator_and_sample_map|data.count_level_signal|labels.adjudicated_validation_event|metadata.gene_level_mapping|metadata.identifiable_drug|provenance.raw_data_family|provenance.source_family|rights.source_and_raw_data|scope.drug_exposure
orcs:2.0.18:curation-queue:v2:836	1301	146	2.0.18	2	manual_scope_review	orcs:2.0.18:screen:836	836	30971826	pubmed	orcs:source-family:pubmed:30971826	Behan FM (2019)	146-PMID30971826	Timecourse		L-363	1	6	True	curation.comparator_and_sample_map|data.count_level_signal|labels.adjudicated_validation_event|metadata.gene_level_mapping|metadata.identifiable_drug|provenance.raw_data_family|provenance.source_family|rights.source_and_raw_data|scope.drug_exposure
orcs:2.0.18:curation-queue:v2:328	1302	147	2.0.18	2	manual_scope_review	orcs:2.0.18:screen:328	328	29083409	pubmed	orcs:source-family:pubmed:29083409	Meyers RM (2017)	148-PMID29083409	Timecourse		KP-N-YN	1	6	True	curation.comparator_and_sample_map|data.count_level_signal|labels.adjudicated_validation_event|metadata.gene_level_mapping|metadata.identifiable_drug|provenance.raw_data_family|provenance.source_family|rights.source_and_raw_data|scope.drug_exposure
orcs:2.0.18:curation-queue:v2:837	1303	147	2.0.18	2	manual_scope_review	orcs:2.0.18:screen:837	837	30971826	pubmed	orcs:source-family:pubmed:30971826	Behan FM (2019)	147-PMID30971826	Timecourse		LB1047-RCC	1	6	True	curation.comparator_and_sample_map|data.count_level_signal|labels.adjudicated_validation_event|metadata.gene_level_mapping|metadata.identifiable_drug|provenance.raw_data_family|provenance.source_family|rights.source_and_raw_data|scope.drug_exposure
orcs:2.0.18:curation-queue:v2:329	1304	148	2.0.18	2	manual_scope_review	orcs:2.0.18:screen:329	329	29083409	pubmed	orcs:source-family:pubmed:29083409	Meyers RM (2017)	149-PMID29083409	Timecourse		KS-1	1	6	True	curation.comparator_and_sample_map|data.count_level_signal|labels.adjudicated_validation_event|metadata.gene_level_mapping|metadata.identifiable_drug|provenance.raw_data_family|provenance.source_family|rights.source_and_raw_data|scope.drug_exposure
orcs:2.0.18:curation-queue:v2:838	1305	148	2.0.18	2	manual_scope_review	orcs:2.0.18:screen:838	838	30971826	pubmed	orcs:source-family:pubmed:30971826	Behan FM (2019)	148-PMID30971826	Timecourse		LB771-HNC	1	6	True	curation.comparator_and_sample_map|data.count_level_signal|labels.adjudicated_validation_event|metadata.gene_level_mapping|metadata.identifiable_drug|provenance.raw_data_family|provenance.source_family|rights.source_and_raw_data|scope.drug_exposure
orcs:2.0.18:curation-queue:v2:330	1306	149	2.0.18	2	manual_scope_review	orcs:2.0.18:screen:330	330	29083409	pubmed	orcs:source-family:pubmed:29083409	Meyers RM (2017)	150-PMID29083409	Timecourse		KU-19-19	1	6	True	curation.comparator_and_sample_map|data.count_level_signal|labels.adjudicated_validation_event|metadata.gene_level_mapping|metadata.identifiable_drug|provenance.raw_data_family|provenance.source_family|rights.source_and_raw_data|scope.drug_exposure
orcs:2.0.18:curation-queue:v2:839	1307	149	2.0.18	2	manual_scope_review	orcs:2.0.18:screen:839	839	30971826	pubmed	orcs:source-family:pubmed:30971826	Behan FM (2019)	149-PMID30971826	Timecourse		LC-1/sq	1	6	True	curation.comparator_and_sample_map|data.count_level_signal|labels.adjudicated_validation_event|metadata.gene_level_mapping|metadata.identifiable_drug|provenance.raw_data_family|provenance.source_family|rights.source_and_raw_data|scope.drug_exposure
orcs:2.0.18:curation-queue:v2:331	1308	150	2.0.18	2	manual_scope_review	orcs:2.0.18:screen:331	331	29083409	pubmed	orcs:source-family:pubmed:29083409	Meyers RM (2017)	151-PMID29083409	Timecourse		Kuramochi	1	6	True	curation.comparator_and_sample_map|data.count_level_signal|labels.adjudicated_validation_event|metadata.gene_level_mapping|metadata.identifiable_drug|provenance.raw_data_family|provenance.source_family|rights.source_and_raw_data|scope.drug_exposure
orcs:2.0.18:curation-queue:v2:840	1309	150	2.0.18	2	manual_scope_review	orcs:2.0.18:screen:840	840	30971826	pubmed	orcs:source-family:pubmed:30971826	Behan FM (2019)	150-PMID30971826	Timecourse		LCLC-97TM1	1	6	True	curation.comparator_and_sample_map|data.count_level_signal|labels.adjudicated_validation_event|metadata.gene_level_mapping|metadata.identifiable_drug|provenance.raw_data_family|provenance.source_family|rights.source_and_raw_data|scope.drug_exposure
orcs:2.0.18:curation-queue:v2:332	1310	151	2.0.18	2	manual_scope_review	orcs:2.0.18:screen:332	332	29083409	pubmed	orcs:source-family:pubmed:29083409	Meyers RM (2017)	152-PMID29083409	Timecourse		KYSE-180	1	6	True	curation.comparator_and_sample_map|data.count_level_signal|labels.adjudicated_validation_event|metadata.gene_level_mapping|metadata.identifiable_drug|provenance.raw_data_family|provenance.source_family|rights.source_and_raw_data|scope.drug_exposure
orcs:2.0.18:curation-queue:v2:841	1311	151	2.0.18	2	manual_scope_review	orcs:2.0.18:screen:841	841	30971826	pubmed	orcs:source-family:pubmed:30971826	Behan FM (2019)	151-PMID30971826	Timecourse		LK-2	1	6	True	curation.comparator_and_sample_map|data.count_level_signal|labels.adjudicated_validation_event|metadata.gene_level_mapping|metadata.identifiable_drug|provenance.raw_data_family|provenance.source_family|rights.source_and_raw_data|scope.drug_exposure
orcs:2.0.18:curation-queue:v2:333	1312	152	2.0.18	2	manual_scope_review	orcs:2.0.18:screen:333	333	29083409	pubmed	orcs:source-family:pubmed:29083409	Meyers RM (2017)	153-PMID29083409	Timecourse		KYSE-270	1	6	True	curation.comparator_and_sample_map|data.count_level_signal|labels.adjudicated_validation_event|metadata.gene_level_mapping|metadata.identifiable_drug|provenance.raw_data_family|provenance.source_family|rights.source_and_raw_data|scope.drug_exposure
orcs:2.0.18:curation-queue:v2:842	1313	152	2.0.18	2	manual_scope_review	orcs:2.0.18:screen:842	842	30971826	pubmed	orcs:source-family:pubmed:30971826	Behan FM (2019)	152-PMID30971826	Timecourse		LN-229	1	6	True	curation.comparator_and_sample_map|data.count_level_signal|labels.adjudicated_validation_event|metadata.gene_level_mapping|metadata.identifiable_drug|provenance.raw_data_family|provenance.source_family|rights.source_and_raw_data|scope.drug_exposure
orcs:2.0.18:curation-queue:v2:334	1314	153	2.0.18	2	manual_scope_review	orcs:2.0.18:screen:334	334	29083409	pubmed	orcs:source-family:pubmed:29083409	Meyers RM (2017)	51-PMID29083409	Timecourse		KYSE-410	1	6	True	curation.comparator_and_sample_map|data.count_level_signal|labels.adjudicated_validation_event|metadata.gene_level_mapping|metadata.identifiable_drug|provenance.raw_data_family|provenance.source_family|rights.source_and_raw_data|scope.drug_exposure
orcs:2.0.18:curation-queue:v2:843	1315	153	2.0.18	2	manual_scope_review	orcs:2.0.18:screen:843	843	30971826	pubmed	orcs:source-family:pubmed:30971826	Behan FM (2019)	153-PMID30971826	Timecourse		LNCaP clone FGC	1	6	True	curation.comparator_and_sample_map|data.count_level_signal|labels.adjudicated_validation_event|metadata.gene_level_mapping|metadata.identifiable_drug|provenance.raw_data_family|provenance.source_family|rights.source_and_raw_data|scope.drug_exposure
orcs:2.0.18:curation-queue:v2:335	1316	154	2.0.18	2	manual_scope_review	orcs:2.0.18:screen:335	335	29083409	pubmed	orcs:source-family:pubmed:29083409	Meyers RM (2017)	154-PMID29083409	Timecourse		KYSE-450	1	6	True	curation.comparator_and_sample_map|data.count_level_signal|labels.adjudicated_validation_event|metadata.gene_level_mapping|metadata.identifiable_drug|provenance.raw_data_family|provenance.source_family|rights.source_and_raw_data|scope.drug_exposure
orcs:2.0.18:curation-queue:v2:844	1317	154	2.0.18	2	manual_scope_review	orcs:2.0.18:screen:844	844	30971826	pubmed	orcs:source-family:pubmed:30971826	Behan FM (2019)	154-PMID30971826	Timecourse		LNZTA3WT4	1	6	True	curation.comparator_and_sample_map|data.count_level_signal|labels.adjudicated_validation_event|metadata.gene_level_mapping|metadata.identifiable_drug|provenance.raw_data_family|provenance.source_family|rights.source_and_raw_data|scope.drug_exposure
orcs:2.0.18:curation-queue:v2:336	1318	155	2.0.18	2	manual_scope_review	orcs:2.0.18:screen:336	336	29083409	pubmed	orcs:source-family:pubmed:29083409	Meyers RM (2017)	155-PMID29083409	Timecourse		KYSE-70	1	6	True	curation.comparator_and_sample_map|data.count_level_signal|labels.adjudicated_validation_event|metadata.gene_level_mapping|metadata.identifiable_drug|provenance.raw_data_family|provenance.source_family|rights.source_and_raw_data|scope.drug_exposure
orcs:2.0.18:curation-queue:v2:845	1319	155	2.0.18	2	manual_scope_review	orcs:2.0.18:screen:845	845	30971826	pubmed	orcs:source-family:pubmed:30971826	Behan FM (2019)	155-PMID30971826	Timecourse		LOU-NH91	1	6	True	curation.comparator_and_sample_map|data.count_level_signal|labels.adjudicated_validation_event|metadata.gene_level_mapping|metadata.identifiable_drug|provenance.raw_data_family|provenance.source_family|rights.source_and_raw_data|scope.drug_exposure
orcs:2.0.18:curation-queue:v2:337	1320	156	2.0.18	2	manual_scope_review	orcs:2.0.18:screen:337	337	29083409	pubmed	orcs:source-family:pubmed:29083409	Meyers RM (2017)	156-PMID29083409	Timecourse		LCLC-103H	1	6	True	curation.comparator_and_sample_map|data.count_level_signal|labels.adjudicated_validation_event|metadata.gene_level_mapping|metadata.identifiable_drug|provenance.raw_data_family|provenance.source_family|rights.source_and_raw_data|scope.drug_exposure
orcs:2.0.18:curation-queue:v2:846	1321	156	2.0.18	2	manual_scope_review	orcs:2.0.18:screen:846	846	30971826	pubmed	orcs:source-family:pubmed:30971826	Behan FM (2019)	156-PMID30971826	Timecourse		LoVo	1	6	True	curation.comparator_and_sample_map|data.count_level_signal|labels.adjudicated_validation_event|metadata.gene_level_mapping|metadata.identifiable_drug|provenance.raw_data_family|provenance.source_family|rights.source_and_raw_data|scope.drug_exposure
orcs:2.0.18:curation-queue:v2:338	1322	157	2.0.18	2	manual_scope_review	orcs:2.0.18:screen:338	338	29083409	pubmed	orcs:source-family:pubmed:29083409	Meyers RM (2017)	157-PMID29083409	Timecourse		Li-7	1	6	True	curation.comparator_and_sample_map|data.count_level_signal|labels.adjudicated_validation_event|metadata.gene_level_mapping|metadata.identifiable_drug|provenance.raw_data_family|provenance.source_family|rights.source_and_raw_data|scope.drug_exposure
orcs:2.0.18:curation-queue:v2:847	1323	157	2.0.18	2	manual_scope_review	orcs:2.0.18:screen:847	847	30971826	pubmed	orcs:source-family:pubmed:30971826	Behan FM (2019)	157-PMID30971826	Timecourse		LP-1	1	6	True	curation.comparator_and_sample_map|data.count_level_signal|labels.adjudicated_validation_event|metadata.gene_level_mapping|metadata.identifiable_drug|provenance.raw_data_family|provenance.source_family|rights.source_and_raw_data|scope.drug_exposure
orcs:2.0.18:curation-queue:v2:339	1324	158	2.0.18	2	manual_scope_review	orcs:2.0.18:screen:339	339	29083409	pubmed	orcs:source-family:pubmed:29083409	Meyers RM (2017)	158-PMID29083409	Timecourse		LK-2	1	6	True	curation.comparator_and_sample_map|data.count_level_signal|labels.adjudicated_validation_event|metadata.gene_level_mapping|metadata.identifiable_drug|provenance.raw_data_family|provenance.source_family|rights.source_and_raw_data|scope.drug_exposure
orcs:2.0.18:curation-queue:v2:848	1325	158	2.0.18	2	manual_scope_review	orcs:2.0.18:screen:848	848	30971826	pubmed	orcs:source-family:pubmed:30971826	Behan FM (2019)	158-PMID30971826	Timecourse		LS1034	1	6	True	curation.comparator_and_sample_map|data.count_level_signal|labels.adjudicated_validation_event|metadata.gene_level_mapping|metadata.identifiable_drug|provenance.raw_data_family|provenance.source_family|rights.source_and_raw_data|scope.drug_exposure
orcs:2.0.18:curation-queue:v2:340	1326	159	2.0.18	2	manual_scope_review	orcs:2.0.18:screen:340	340	29083409	pubmed	orcs:source-family:pubmed:29083409	Meyers RM (2017)	159-PMID29083409	Timecourse		LN-18	1	6	True	curation.comparator_and_sample_map|data.count_level_signal|labels.adjudicated_validation_event|metadata.gene_level_mapping|metadata.identifiable_drug|provenance.raw_data_family|provenance.source_family|rights.source_and_raw_data|scope.drug_exposure
orcs:2.0.18:curation-queue:v2:849	1327	159	2.0.18	2	manual_scope_review	orcs:2.0.18:screen:849	849	30971826	pubmed	orcs:source-family:pubmed:30971826	Behan FM (2019)	159-PMID30971826	Timecourse		LS123	1	6	True	curation.comparator_and_sample_map|data.count_level_signal|labels.adjudicated_validation_event|metadata.gene_level_mapping|metadata.identifiable_drug|provenance.raw_data_family|provenance.source_family|rights.source_and_raw_data|scope.drug_exposure
orcs:2.0.18:curation-queue:v2:341	1328	160	2.0.18	2	manual_scope_review	orcs:2.0.18:screen:341	341	29083409	pubmed	orcs:source-family:pubmed:29083409	Meyers RM (2017)	160-PMID29083409	Timecourse		LN-235	1	6	True	curation.comparator_and_sample_map|data.count_level_signal|labels.adjudicated_validation_event|metadata.gene_level_mapping|metadata.identifiable_drug|provenance.raw_data_family|provenance.source_family|rights.source_and_raw_data|scope.drug_exposure
orcs:2.0.18:curation-queue:v2:850	1329	160	2.0.18	2	manual_scope_review	orcs:2.0.18:screen:850	850	30971826	pubmed	orcs:source-family:pubmed:30971826	Behan FM (2019)	160-PMID30971826	Timecourse		LS180	1	6	True	curation.comparator_and_sample_map|data.count_level_signal|labels.adjudicated_validation_event|metadata.gene_level_mapping|metadata.identifiable_drug|provenance.raw_data_family|provenance.source_family|rights.source_and_raw_data|scope.drug_exposure
orcs:2.0.18:curation-queue:v2:342	1330	161	2.0.18	2	manual_scope_review	orcs:2.0.18:screen:342	342	29083409	pubmed	orcs:source-family:pubmed:29083409	Meyers RM (2017)	161-PMID29083409	Timecourse		LN-382	1	6	True	curation.comparator_and_sample_map|data.count_level_signal|labels.adjudicated_validation_event|metadata.gene_level_mapping|metadata.identifiable_drug|provenance.raw_data_family|provenance.source_family|rights.source_and_raw_data|scope.drug_exposure
orcs:2.0.18:curation-queue:v2:851	1331	161	2.0.18	2	manual_scope_review	orcs:2.0.18:screen:851	851	30971826	pubmed	orcs:source-family:pubmed:30971826	Behan FM (2019)	161-PMID30971826	Timecourse		LS411N	1	6	True	curation.comparator_and_sample_map|data.count_level_signal|labels.adjudicated_validation_event|metadata.gene_level_mapping|metadata.identifiable_drug|provenance.raw_data_family|provenance.source_family|rights.source_and_raw_data|scope.drug_exposure
orcs:2.0.18:curation-queue:v2:343	1332	162	2.0.18	2	manual_scope_review	orcs:2.0.18:screen:343	343	29083409	pubmed	orcs:source-family:pubmed:29083409	Meyers RM (2017)	162-PMID29083409	Timecourse		LN-443	1	6	True	curation.comparator_and_sample_map|data.count_level_signal|labels.adjudicated_validation_event|metadata.gene_level_mapping|metadata.identifiable_drug|provenance.raw_data_family|provenance.source_family|rights.source_and_raw_data|scope.drug_exposure
orcs:2.0.18:curation-queue:v2:852	1333	162	2.0.18	2	manual_scope_review	orcs:2.0.18:screen:852	852	30971826	pubmed	orcs:source-family:pubmed:30971826	Behan FM (2019)	162-PMID30971826	Timecourse		LS513	1	6	True	curation.comparator_and_sample_map|data.count_level_signal|labels.adjudicated_validation_event|metadata.gene_level_mapping|metadata.identifiable_drug|provenance.raw_data_family|provenance.source_family|rights.source_and_raw_data|scope.drug_exposure
orcs:2.0.18:curation-queue:v2:346	1334	163	2.0.18	2	manual_scope_review	orcs:2.0.18:screen:346	346	29083409	pubmed	orcs:source-family:pubmed:29083409	Meyers RM (2017)	163-PMID29083409	Timecourse		LN-308	1	6	True	curation.comparator_and_sample_map|data.count_level_signal|labels.adjudicated_validation_event|metadata.gene_level_mapping|metadata.identifiable_drug|provenance.raw_data_family|provenance.source_family|rights.source_and_raw_data|scope.drug_exposure
orcs:2.0.18:curation-queue:v2:853	1335	163	2.0.18	2	manual_scope_review	orcs:2.0.18:screen:853	853	30971826	pubmed	orcs:source-family:pubmed:30971826	Behan FM (2019)	163-PMID30971826	Timecourse		Lu-65	1	6	True	curation.comparator_and_sample_map|data.count_level_signal|labels.adjudicated_validation_event|metadata.gene_level_mapping|metadata.identifiable_drug|provenance.raw_data_family|provenance.source_family|rights.source_and_raw_data|scope.drug_exposure
orcs:2.0.18:curation-queue:v2:347	1336	164	2.0.18	2	manual_scope_review	orcs:2.0.18:screen:347	347	29083409	pubmed	orcs:source-family:pubmed:29083409	Meyers RM (2017)	164-PMID29083409	Timecourse		LoVo	1	6	True	curation.comparator_and_sample_map|data.count_level_signal|labels.adjudicated_validation_event|metadata.gene_level_mapping|metadata.identifiable_drug|provenance.raw_data_family|provenance.source_family|rights.source_and_raw_data|scope.drug_exposure
orcs:2.0.18:curation-queue:v2:854	1337	164	2.0.18	2	manual_scope_review	orcs:2.0.18:screen:854	854	30971826	pubmed	orcs:source-family:pubmed:30971826	Behan FM (2019)	164-PMID30971826	Timecourse		Lu-99A	1	6	True	curation.comparator_and_sample_map|data.count_level_signal|labels.adjudicated_validation_event|metadata.gene_level_mapping|metadata.identifiable_drug|provenance.raw_data_family|provenance.source_family|rights.source_and_raw_data|scope.drug_exposure
orcs:2.0.18:curation-queue:v2:348	1338	165	2.0.18	2	manual_scope_review	orcs:2.0.18:screen:348	348	29083409	pubmed	orcs:source-family:pubmed:29083409	Meyers RM (2017)	165-PMID29083409	Timecourse		LS180	1	6	True	curation.comparator_and_sample_map|data.count_level_signal|labels.adjudicated_validation_event|metadata.gene_level_mapping|metadata.identifiable_drug|provenance.raw_data_family|provenance.source_family|rights.source_and_raw_data|scope.drug_exposure
orcs:2.0.18:curation-queue:v2:855	1339	165	2.0.18	2	manual_scope_review	orcs:2.0.18:screen:855	855	30971826	pubmed	orcs:source-family:pubmed:30971826	Behan FM (2019)	165-PMID30971826	Timecourse		LXF 289	1	6	True	curation.comparator_and_sample_map|data.count_level_signal|labels.adjudicated_validation_event|metadata.gene_level_mapping|metadata.identifiable_drug|provenance.raw_data_family|provenance.source_family|rights.source_and_raw_data|scope.drug_exposure
orcs:2.0.18:curation-queue:v2:349	1340	166	2.0.18	2	manual_scope_review	orcs:2.0.18:screen:349	349	29083409	pubmed	orcs:source-family:pubmed:29083409	Meyers RM (2017)	166-PMID29083409	Timecourse		LS513	1	6	True	curation.comparator_and_sample_map|data.count_level_signal|labels.adjudicated_validation_event|metadata.gene_level_mapping|metadata.identifiable_drug|provenance.raw_data_family|provenance.source_family|rights.source_and_raw_data|scope.drug_exposure
orcs:2.0.18:curation-queue:v2:856	1341	166	2.0.18	2	manual_scope_review	orcs:2.0.18:screen:856	856	30971826	pubmed	orcs:source-family:pubmed:30971826	Behan FM (2019)	166-PMID30971826	Timecourse		SK-N-MC-IXC	1	6	True	curation.comparator_and_sample_map|data.count_level_signal|labels.adjudicated_validation_event|metadata.gene_level_mapping|metadata.identifiable_drug|provenance.raw_data_family|provenance.source_family|rights.source_and_raw_data|scope.drug_exposure
orcs:2.0.18:curation-queue:v2:350	1342	167	2.0.18	2	manual_scope_review	orcs:2.0.18:screen:350	350	29083409	pubmed	orcs:source-family:pubmed:29083409	Meyers RM (2017)	167-PMID29083409	Timecourse		LS1034	1	6	True	curation.comparator_and_sample_map|data.count_level_signal|labels.adjudicated_validation_event|metadata.gene_level_mapping|metadata.identifiable_drug|provenance.raw_data_family|provenance.source_family|rights.source_and_raw_data|scope.drug_exposure
orcs:2.0.18:curation-queue:v2:857	1343	167	2.0.18	2	manual_scope_review	orcs:2.0.18:screen:857	857	30971826	pubmed	orcs:source-family:pubmed:30971826	Behan FM (2019)	167-PMID30971826	Timecourse		MCAS	1	6	True	curation.comparator_and_sample_map|data.count_level_signal|labels.adjudicated_validation_event|metadata.gene_level_mapping|metadata.identifiable_drug|provenance.raw_data_family|provenance.source_family|rights.source_and_raw_data|scope.drug_exposure
orcs:2.0.18:curation-queue:v2:351	1344	168	2.0.18	2	manual_scope_review	orcs:2.0.18:screen:351	351	29083409	pubmed	orcs:source-family:pubmed:29083409	Meyers RM (2017)	168-PMID29083409	Timecourse		LUDLU-1	1	6	True	curation.comparator_and_sample_map|data.count_level_signal|labels.adjudicated_validation_event|metadata.gene_level_mapping|metadata.identifiable_drug|provenance.raw_data_family|provenance.source_family|rights.source_and_raw_data|scope.drug_exposure
orcs:2.0.18:curation-queue:v2:858	1345	168	2.0.18	2	manual_scope_review	orcs:2.0.18:screen:858	858	30971826	pubmed	orcs:source-family:pubmed:30971826	Behan FM (2019)	168-PMID30971826	Timecourse		MCF-7	1	6	True	curation.comparator_and_sample_map|data.count_level_signal|labels.adjudicated_validation_event|metadata.gene_level_mapping|metadata.identifiable_drug|provenance.raw_data_family|provenance.source_family|rights.source_and_raw_data|scope.drug_exposure
orcs:2.0.18:curation-queue:v2:352	1346	169	2.0.18	2	manual_scope_review	orcs:2.0.18:screen:352	352	29083409	pubmed	orcs:source-family:pubmed:29083409	Meyers RM (2017)	169-PMID29083409	Timecourse		LXF 289	1	6	True	curation.comparator_and_sample_map|data.count_level_signal|labels.adjudicated_validation_event|metadata.gene_level_mapping|metadata.identifiable_drug|provenance.raw_data_family|provenance.source_family|rights.source_and_raw_data|scope.drug_exposure
orcs:2.0.18:curation-queue:v2:859	1347	169	2.0.18	2	manual_scope_review	orcs:2.0.18:screen:859	859	30971826	pubmed	orcs:source-family:pubmed:30971826	Behan FM (2019)	169-PMID30971826	Timecourse		MDA-MB-231	1	6	True	curation.comparator_and_sample_map|data.count_level_signal|labels.adjudicated_validation_event|metadata.gene_level_mapping|metadata.identifiable_drug|provenance.raw_data_family|provenance.source_family|rights.source_and_raw_data|scope.drug_exposure
orcs:2.0.18:curation-queue:v2:353	1348	170	2.0.18	2	manual_scope_review	orcs:2.0.18:screen:353	353	29083409	pubmed	orcs:source-family:pubmed:29083409	Meyers RM (2017)	170-PMID29083409	Timecourse		M059K	1	6	True	curation.comparator_and_sample_map|data.count_level_signal|labels.adjudicated_validation_event|metadata.gene_level_mapping|metadata.identifiable_drug|provenance.raw_data_family|provenance.source_family|rights.source_and_raw_data|scope.drug_exposure
orcs:2.0.18:curation-queue:v2:860	1349	170	2.0.18	2	manual_scope_review	orcs:2.0.18:screen:860	860	30971826	pubmed	orcs:source-family:pubmed:30971826	Behan FM (2019)	170-PMID30971826	Timecourse		MDA-MB-361	1	6	True	curation.comparator_and_sample_map|data.count_level_signal|labels.adjudicated_validation_event|metadata.gene_level_mapping|metadata.identifiable_drug|provenance.raw_data_family|provenance.source_family|rights.source_and_raw_data|scope.drug_exposure
orcs:2.0.18:curation-queue:v2:354	1350	171	2.0.18	2	manual_scope_review	orcs:2.0.18:screen:354	354	29083409	pubmed	orcs:source-family:pubmed:29083409	Meyers RM (2017)	171-PMID29083409	Timecourse		Malme-3M	1	6	True	curation.comparator_and_sample_map|data.count_level_signal|labels.adjudicated_validation_event|metadata.gene_level_mapping|metadata.identifiable_drug|provenance.raw_data_family|provenance.source_family|rights.source_and_raw_data|scope.drug_exposure
orcs:2.0.18:curation-queue:v2:861	1351	171	2.0.18	2	manual_scope_review	orcs:2.0.18:screen:861	861	30971826	pubmed	orcs:source-family:pubmed:30971826	Behan FM (2019)	171-PMID30971826	Timecourse		MDA-MB-415	1	6	True	curation.comparator_and_sample_map|data.count_level_signal|labels.adjudicated_validation_event|metadata.gene_level_mapping|metadata.identifiable_drug|provenance.raw_data_family|provenance.source_family|rights.source_and_raw_data|scope.drug_exposure
orcs:2.0.18:curation-queue:v2:355	1352	172	2.0.18	2	manual_scope_review	orcs:2.0.18:screen:355	355	29083409	pubmed	orcs:source-family:pubmed:29083409	Meyers RM (2017)	172-PMID29083409	Timecourse		MCAS	1	6	True	curation.comparator_and_sample_map|data.count_level_signal|labels.adjudicated_validation_event|metadata.gene_level_mapping|metadata.identifiable_drug|provenance.raw_data_family|provenance.source_family|rights.source_and_raw_data|scope.drug_exposure
orcs:2.0.18:curation-queue:v2:862	1353	172	2.0.18	2	manual_scope_review	orcs:2.0.18:screen:862	862	30971826	pubmed	orcs:source-family:pubmed:30971826	Behan FM (2019)	172-PMID30971826	Timecourse		MDA-MB-436	1	6	True	curation.comparator_and_sample_map|data.count_level_signal|labels.adjudicated_validation_event|metadata.gene_level_mapping|metadata.identifiable_drug|provenance.raw_data_family|provenance.source_family|rights.source_and_raw_data|scope.drug_exposure
orcs:2.0.18:curation-queue:v2:356	1354	173	2.0.18	2	manual_scope_review	orcs:2.0.18:screen:356	356	29083409	pubmed	orcs:source-family:pubmed:29083409	Meyers RM (2017)	173-PMID29083409	Timecourse		MDA-MB-157	1	6	True	curation.comparator_and_sample_map|data.count_level_signal|labels.adjudicated_validation_event|metadata.gene_level_mapping|metadata.identifiable_drug|provenance.raw_data_family|provenance.source_family|rights.source_and_raw_data|scope.drug_exposure
orcs:2.0.18:curation-queue:v2:863	1355	173	2.0.18	2	manual_scope_review	orcs:2.0.18:screen:863	863	30971826	pubmed	orcs:source-family:pubmed:30971826	Behan FM (2019)	173-PMID30971826	Timecourse		MDA-MB-453	1	6	True	curation.comparator_and_sample_map|data.count_level_signal|labels.adjudicated_validation_event|metadata.gene_level_mapping|metadata.identifiable_drug|provenance.raw_data_family|provenance.source_family|rights.source_and_raw_data|scope.drug_exposure
orcs:2.0.18:curation-queue:v2:357	1356	174	2.0.18	2	manual_scope_review	orcs:2.0.18:screen:357	357	29083409	pubmed	orcs:source-family:pubmed:29083409	Meyers RM (2017)	174-PMID29083409	Timecourse		MDA-MB-231	1	6	True	curation.comparator_and_sample_map|data.count_level_signal|labels.adjudicated_validation_event|metadata.gene_level_mapping|metadata.identifiable_drug|provenance.raw_data_family|provenance.source_family|rights.source_and_raw_data|scope.drug_exposure
orcs:2.0.18:curation-queue:v2:864	1357	174	2.0.18	2	manual_scope_review	orcs:2.0.18:screen:864	864	30971826	pubmed	orcs:source-family:pubmed:30971826	Behan FM (2019)	174-PMID30971826	Timecourse		MDA-MB-468	1	6	True	curation.comparator_and_sample_map|data.count_level_signal|labels.adjudicated_validation_event|metadata.gene_level_mapping|metadata.identifiable_drug|provenance.raw_data_family|provenance.source_family|rights.source_and_raw_data|scope.drug_exposure
orcs:2.0.18:curation-queue:v2:358	1358	175	2.0.18	2	manual_scope_review	orcs:2.0.18:screen:358	358	29083409	pubmed	orcs:source-family:pubmed:29083409	Meyers RM (2017)	175-PMID29083409	Timecourse		MDA-MB-415	1	6	True	curation.comparator_and_sample_map|data.count_level_signal|labels.adjudicated_validation_event|metadata.gene_level_mapping|metadata.identifiable_drug|provenance.raw_data_family|provenance.source_family|rights.source_and_raw_data|scope.drug_exposure
orcs:2.0.18:curation-queue:v2:865	1359	175	2.0.18	2	manual_scope_review	orcs:2.0.18:screen:865	865	30971826	pubmed	orcs:source-family:pubmed:30971826	Behan FM (2019)	175-PMID30971826	Timecourse		MDST8	1	6	True	curation.comparator_and_sample_map|data.count_level_signal|labels.adjudicated_validation_event|metadata.gene_level_mapping|metadata.identifiable_drug|provenance.raw_data_family|provenance.source_family|rights.source_and_raw_data|scope.drug_exposure
orcs:2.0.18:curation-queue:v2:359	1360	176	2.0.18	2	manual_scope_review	orcs:2.0.18:screen:359	359	29083409	pubmed	orcs:source-family:pubmed:29083409	Meyers RM (2017)	176-PMID29083409	Timecourse		MDA-MB-435S	1	6	True	curation.comparator_and_sample_map|data.count_level_signal|labels.adjudicated_validation_event|metadata.gene_level_mapping|metadata.identifiable_drug|provenance.raw_data_family|provenance.source_family|rights.source_and_raw_data|scope.drug_exposure
orcs:2.0.18:curation-queue:v2:866	1361	176	2.0.18	2	manual_scope_review	orcs:2.0.18:screen:866	866	30971826	pubmed	orcs:source-family:pubmed:30971826	Behan FM (2019)	176-PMID30971826	Timecourse		MFE-280	1	6	True	curation.comparator_and_sample_map|data.count_level_signal|labels.adjudicated_validation_event|metadata.gene_level_mapping|metadata.identifiable_drug|provenance.raw_data_family|provenance.source_family|rights.source_and_raw_data|scope.drug_exposure
orcs:2.0.18:curation-queue:v2:360	1362	177	2.0.18	2	manual_scope_review	orcs:2.0.18:screen:360	360	29083409	pubmed	orcs:source-family:pubmed:29083409	Meyers RM (2017)	177-PMID29083409	Timecourse		MDA-MB-436	1	6	True	curation.comparator_and_sample_map|data.count_level_signal|labels.adjudicated_validation_event|metadata.gene_level_mapping|metadata.identifiable_drug|provenance.raw_data_family|provenance.source_family|rights.source_and_raw_data|scope.drug_exposure
orcs:2.0.18:curation-queue:v2:867	1363	177	2.0.18	2	manual_scope_review	orcs:2.0.18:screen:867	867	30971826	pubmed	orcs:source-family:pubmed:30971826	Behan FM (2019)	177-PMID30971826	Timecourse		MFE-296	1	6	True	curation.comparator_and_sample_map|data.count_level_signal|labels.adjudicated_validation_event|metadata.gene_level_mapping|metadata.identifiable_drug|provenance.raw_data_family|provenance.source_family|rights.source_and_raw_data|scope.drug_exposure
orcs:2.0.18:curation-queue:v2:361	1364	178	2.0.18	2	manual_scope_review	orcs:2.0.18:screen:361	361	29083409	pubmed	orcs:source-family:pubmed:29083409	Meyers RM (2017)	178-PMID29083409	Timecourse		MDA-MB-453	1	6	True	curation.comparator_and_sample_map|data.count_level_signal|labels.adjudicated_validation_event|metadata.gene_level_mapping|metadata.identifiable_drug|provenance.raw_data_family|provenance.source_family|rights.source_and_raw_data|scope.drug_exposure
orcs:2.0.18:curation-queue:v2:868	1365	178	2.0.18	2	manual_scope_review	orcs:2.0.18:screen:868	868	30971826	pubmed	orcs:source-family:pubmed:30971826	Behan FM (2019)	178-PMID30971826	Timecourse		MFM-223	1	6	True	curation.comparator_and_sample_map|data.count_level_signal|labels.adjudicated_validation_event|metadata.gene_level_mapping|metadata.identifiable_drug|provenance.raw_data_family|provenance.source_family|rights.source_and_raw_data|scope.drug_exposure
orcs:2.0.18:curation-queue:v2:362	1366	179	2.0.18	2	manual_scope_review	orcs:2.0.18:screen:362	362	29083409	pubmed	orcs:source-family:pubmed:29083409	Meyers RM (2017)	179-PMID29083409	Timecourse		MDA-MB-468	1	6	True	curation.comparator_and_sample_map|data.count_level_signal|labels.adjudicated_validation_event|metadata.gene_level_mapping|metadata.identifiable_drug|provenance.raw_data_family|provenance.source_family|rights.source_and_raw_data|scope.drug_exposure
orcs:2.0.18:curation-queue:v2:869	1367	179	2.0.18	2	manual_scope_review	orcs:2.0.18:screen:869	869	30971826	pubmed	orcs:source-family:pubmed:30971826	Behan FM (2019)	179-PMID30971826	Timecourse		MHH-ES-1	1	6	True	curation.comparator_and_sample_map|data.count_level_signal|labels.adjudicated_validation_event|metadata.gene_level_mapping|metadata.identifiable_drug|provenance.raw_data_family|provenance.source_family|rights.source_and_raw_data|scope.drug_exposure
orcs:2.0.18:curation-queue:v2:363	1368	180	2.0.18	2	manual_scope_review	orcs:2.0.18:screen:363	363	29083409	pubmed	orcs:source-family:pubmed:29083409	Meyers RM (2017)	180-PMID29083409	Timecourse		MDST8	1	6	True	curation.comparator_and_sample_map|data.count_level_signal|labels.adjudicated_validation_event|metadata.gene_level_mapping|metadata.identifiable_drug|provenance.raw_data_family|provenance.source_family|rights.source_and_raw_data|scope.drug_exposure
orcs:2.0.18:curation-queue:v2:870	1369	180	2.0.18	2	manual_scope_review	orcs:2.0.18:screen:870	870	30971826	pubmed	orcs:source-family:pubmed:30971826	Behan FM (2019)	180-PMID30971826	Timecourse		MIA PaCa-2	1	6	True	curation.comparator_and_sample_map|data.count_level_signal|labels.adjudicated_validation_event|metadata.gene_level_mapping|metadata.identifiable_drug|provenance.raw_data_family|provenance.source_family|rights.source_and_raw_data|scope.drug_exposure
orcs:2.0.18:curation-queue:v2:364	1370	181	2.0.18	2	manual_scope_review	orcs:2.0.18:screen:364	364	29083409	pubmed	orcs:source-family:pubmed:29083409	Meyers RM (2017)	181-PMID29083409	Timecourse		Mel Ho	1	6	True	curation.comparator_and_sample_map|data.count_level_signal|labels.adjudicated_validation_event|metadata.gene_level_mapping|metadata.identifiable_drug|provenance.raw_data_family|provenance.source_family|rights.source_and_raw_data|scope.drug_exposure
orcs:2.0.18:curation-queue:v2:871	1371	181	2.0.18	2	manual_scope_review	orcs:2.0.18:screen:871	871	30971826	pubmed	orcs:source-family:pubmed:30971826	Behan FM (2019)	181-PMID30971826	Timecourse		MKN28	1	6	True	curation.comparator_and_sample_map|data.count_level_signal|labels.adjudicated_validation_event|metadata.gene_level_mapping|metadata.identifiable_drug|provenance.raw_data_family|provenance.source_family|rights.source_and_raw_data|scope.drug_exposure
orcs:2.0.18:curation-queue:v2:365	1372	182	2.0.18	2	manual_scope_review	orcs:2.0.18:screen:365	365	29083409	pubmed	orcs:source-family:pubmed:29083409	Meyers RM (2017)	182-PMID29083409	Timecourse		Mel JuSo	1	6	True	curation.comparator_and_sample_map|data.count_level_signal|labels.adjudicated_validation_event|metadata.gene_level_mapping|metadata.identifiable_drug|provenance.raw_data_family|provenance.source_family|rights.source_and_raw_data|scope.drug_exposure
orcs:2.0.18:curation-queue:v2:872	1373	182	2.0.18	2	manual_scope_review	orcs:2.0.18:screen:872	872	30971826	pubmed	orcs:source-family:pubmed:30971826	Behan FM (2019)	182-PMID30971826	Timecourse		MOG-G-UVW	1	6	True	curation.comparator_and_sample_map|data.count_level_signal|labels.adjudicated_validation_event|metadata.gene_level_mapping|metadata.identifiable_drug|provenance.raw_data_family|provenance.source_family|rights.source_and_raw_data|scope.drug_exposure
orcs:2.0.18:curation-queue:v2:366	1374	183	2.0.18	2	manual_scope_review	orcs:2.0.18:screen:366	366	29083409	pubmed	orcs:source-family:pubmed:29083409	Meyers RM (2017)	183-PMID29083409	Timecourse		MFE-319	1	6	True	curation.comparator_and_sample_map|data.count_level_signal|labels.adjudicated_validation_event|metadata.gene_level_mapping|metadata.identifiable_drug|provenance.raw_data_family|provenance.source_family|rights.source_and_raw_data|scope.drug_exposure
orcs:2.0.18:curation-queue:v2:873	1375	183	2.0.18	2	manual_scope_review	orcs:2.0.18:screen:873	873	30971826	pubmed	orcs:source-family:pubmed:30971826	Behan FM (2019)	183-PMID30971826	Timecourse		SJNB-10	1	6	True	curation.comparator_and_sample_map|data.count_level_signal|labels.adjudicated_validation_event|metadata.gene_level_mapping|metadata.identifiable_drug|provenance.raw_data_family|provenance.source_family|rights.source_and_raw_data|scope.drug_exposure
orcs:2.0.18:curation-queue:v2:367	1376	184	2.0.18	2	manual_scope_review	orcs:2.0.18:screen:367	367	29083409	pubmed	orcs:source-family:pubmed:29083409	Meyers RM (2017)	184-PMID29083409	Timecourse		MHH-NB-11	1	6	True	curation.comparator_and_sample_map|data.count_level_signal|labels.adjudicated_validation_event|metadata.gene_level_mapping|metadata.identifiable_drug|provenance.raw_data_family|provenance.source_family|rights.source_and_raw_data|scope.drug_exposure
orcs:2.0.18:curation-queue:v2:874	1377	184	2.0.18	2	manual_scope_review	orcs:2.0.18:screen:874	874	30971826	pubmed	orcs:source-family:pubmed:30971826	Behan FM (2019)	184-PMID30971826	Timecourse		SJNB-13	1	6	True	curation.comparator_and_sample_map|data.count_level_signal|labels.adjudicated_validation_event|metadata.gene_level_mapping|metadata.identifiable_drug|provenance.raw_data_family|provenance.source_family|rights.source_and_raw_data|scope.drug_exposure
orcs:2.0.18:curation-queue:v2:368	1378	185	2.0.18	2	manual_scope_review	orcs:2.0.18:screen:368	368	29083409	pubmed	orcs:source-family:pubmed:29083409	Meyers RM (2017)	185-PMID29083409	Timecourse		MIA PaCa-2	1	6	True	curation.comparator_and_sample_map|data.count_level_signal|labels.adjudicated_validation_event|metadata.gene_level_mapping|metadata.identifiable_drug|provenance.raw_data_family|provenance.source_family|rights.source_and_raw_data|scope.drug_exposure
orcs:2.0.18:curation-queue:v2:875	1379	185	2.0.18	2	manual_scope_review	orcs:2.0.18:screen:875	875	30971826	pubmed	orcs:source-family:pubmed:30971826	Behan FM (2019)	185-PMID30971826	Timecourse		SJNB-17	1	6	True	curation.comparator_and_sample_map|data.count_level_signal|labels.adjudicated_validation_event|metadata.gene_level_mapping|metadata.identifiable_drug|provenance.raw_data_family|provenance.source_family|rights.source_and_raw_data|scope.drug_exposure
orcs:2.0.18:curation-queue:v2:369	1380	186	2.0.18	2	manual_scope_review	orcs:2.0.18:screen:369	369	29083409	pubmed	orcs:source-family:pubmed:29083409	Meyers RM (2017)	186-PMID29083409	Timecourse		MKN45	1	6	True	curation.comparator_and_sample_map|data.count_level_signal|labels.adjudicated_validation_event|metadata.gene_level_mapping|metadata.identifiable_drug|provenance.raw_data_family|provenance.source_family|rights.source_and_raw_data|scope.drug_exposure
orcs:2.0.18:curation-queue:v2:876	1381	186	2.0.18	2	manual_scope_review	orcs:2.0.18:screen:876	876	30971826	pubmed	orcs:source-family:pubmed:30971826	Behan FM (2019)	186-PMID30971826	Timecourse		SJNB-5	1	6	True	curation.comparator_and_sample_map|data.count_level_signal|labels.adjudicated_validation_event|metadata.gene_level_mapping|metadata.identifiable_drug|provenance.raw_data_family|provenance.source_family|rights.source_and_raw_data|scope.drug_exposure
orcs:2.0.18:curation-queue:v2:370	1382	187	2.0.18	2	manual_scope_review	orcs:2.0.18:screen:370	370	29083409	pubmed	orcs:source-family:pubmed:29083409	Meyers RM (2017)	187-PMID29083409	Timecourse		MOLM-13	1	6	True	curation.comparator_and_sample_map|data.count_level_signal|labels.adjudicated_validation_event|metadata.gene_level_mapping|metadata.identifiable_drug|provenance.raw_data_family|provenance.source_family|rights.source_and_raw_data|scope.drug_exposure
orcs:2.0.18:curation-queue:v2:877	1383	187	2.0.18	2	manual_scope_review	orcs:2.0.18:screen:877	877	30971826	pubmed	orcs:source-family:pubmed:30971826	Behan FM (2019)	187-PMID30971826	Timecourse		SJNB-6	1	6	True	curation.comparator_and_sample_map|data.count_level_signal|labels.adjudicated_validation_event|metadata.gene_level_mapping|metadata.identifiable_drug|provenance.raw_data_family|provenance.source_family|rights.source_and_raw_data|scope.drug_exposure
orcs:2.0.18:curation-queue:v2:372	1384	188	2.0.18	2	manual_scope_review	orcs:2.0.18:screen:372	372	29083409	pubmed	orcs:source-family:pubmed:29083409	Meyers RM (2017)	188-PMID29083409	Timecourse		MOR/CPR	1	6	True	curation.comparator_and_sample_map|data.count_level_signal|labels.adjudicated_validation_event|metadata.gene_level_mapping|metadata.identifiable_drug|provenance.raw_data_family|provenance.source_family|rights.source_and_raw_data|scope.drug_exposure
orcs:2.0.18:curation-queue:v2:878	1385	188	2.0.18	2	manual_scope_review	orcs:2.0.18:screen:878	878	30971826	pubmed	orcs:source-family:pubmed:30971826	Behan FM (2019)	188-PMID30971826	Timecourse		NB69	1	6	True	curation.comparator_and_sample_map|data.count_level_signal|labels.adjudicated_validation_event|metadata.gene_level_mapping|metadata.identifiable_drug|provenance.raw_data_family|provenance.source_family|rights.source_and_raw_data|scope.drug_exposure
orcs:2.0.18:curation-queue:v2:373	1386	189	2.0.18	2	manual_scope_review	orcs:2.0.18:screen:373	373	29083409	pubmed	orcs:source-family:pubmed:29083409	Meyers RM (2017)	189-PMID29083409	Timecourse		MV4-11	1	6	True	curation.comparator_and_sample_map|data.count_level_signal|labels.adjudicated_validation_event|metadata.gene_level_mapping|metadata.identifiable_drug|provenance.raw_data_family|provenance.source_family|rights.source_and_raw_data|scope.drug_exposure
orcs:2.0.18:curation-queue:v2:879	1387	189	2.0.18	2	manual_scope_review	orcs:2.0.18:screen:879	879	30971826	pubmed	orcs:source-family:pubmed:30971826	Behan FM (2019)	189-PMID30971826	Timecourse		SJNB-7	1	6	True	curation.comparator_and_sample_map|data.count_level_signal|labels.adjudicated_validation_event|metadata.gene_level_mapping|metadata.identifiable_drug|provenance.raw_data_family|provenance.source_family|rights.source_and_raw_data|scope.drug_exposure
orcs:2.0.18:curation-queue:v2:374	1388	190	2.0.18	2	manual_scope_review	orcs:2.0.18:screen:374	374	29083409	pubmed	orcs:source-family:pubmed:29083409	Meyers RM (2017)	190-PMID29083409	Timecourse		NB1	1	6	True	curation.comparator_and_sample_map|data.count_level_signal|labels.adjudicated_validation_event|metadata.gene_level_mapping|metadata.identifiable_drug|provenance.raw_data_family|provenance.source_family|rights.source_and_raw_data|scope.drug_exposure
orcs:2.0.18:curation-queue:v2:880	1389	190	2.0.18	2	manual_scope_review	orcs:2.0.18:screen:880	880	30971826	pubmed	orcs:source-family:pubmed:30971826	Behan FM (2019)	190-PMID30971826	Timecourse		NCI-H1155	1	6	True	curation.comparator_and_sample_map|data.count_level_signal|labels.adjudicated_validation_event|metadata.gene_level_mapping|metadata.identifiable_drug|provenance.raw_data_family|provenance.source_family|rights.source_and_raw_data|scope.drug_exposure
orcs:2.0.18:curation-queue:v2:375	1390	191	2.0.18	2	manual_scope_review	orcs:2.0.18:screen:375	375	29083409	pubmed	orcs:source-family:pubmed:29083409	Meyers RM (2017)	191-PMID29083409	Timecourse		NB4	1	6	True	curation.comparator_and_sample_map|data.count_level_signal|labels.adjudicated_validation_event|metadata.gene_level_mapping|metadata.identifiable_drug|provenance.raw_data_family|provenance.source_family|rights.source_and_raw_data|scope.drug_exposure
orcs:2.0.18:curation-queue:v2:881	1391	191	2.0.18	2	manual_scope_review	orcs:2.0.18:screen:881	881	30971826	pubmed	orcs:source-family:pubmed:30971826	Behan FM (2019)	191-PMID30971826	Timecourse		NCI-H1299	1	6	True	curation.comparator_and_sample_map|data.count_level_signal|labels.adjudicated_validation_event|metadata.gene_level_mapping|metadata.identifiable_drug|provenance.raw_data_family|provenance.source_family|rights.source_and_raw_data|scope.drug_exposure
orcs:2.0.18:curation-queue:v2:376	1392	192	2.0.18	2	manual_scope_review	orcs:2.0.18:screen:376	376	29083409	pubmed	orcs:source-family:pubmed:29083409	Meyers RM (2017)	192-PMID29083409	Timecourse		NCI-H23	1	6	True	curation.comparator_and_sample_map|data.count_level_signal|labels.adjudicated_validation_event|metadata.gene_level_mapping|metadata.identifiable_drug|provenance.raw_data_family|provenance.source_family|rights.source_and_raw_data|scope.drug_exposure
orcs:2.0.18:curation-queue:v2:882	1393	192	2.0.18	2	manual_scope_review	orcs:2.0.18:screen:882	882	30971826	pubmed	orcs:source-family:pubmed:30971826	Behan FM (2019)	192-PMID30971826	Timecourse		NCI-H1355	1	6	True	curation.comparator_and_sample_map|data.count_level_signal|labels.adjudicated_validation_event|metadata.gene_level_mapping|metadata.identifiable_drug|provenance.raw_data_family|provenance.source_family|rights.source_and_raw_data|scope.drug_exposure
orcs:2.0.18:curation-queue:v2:377	1394	193	2.0.18	2	manual_scope_review	orcs:2.0.18:screen:377	377	29083409	pubmed	orcs:source-family:pubmed:29083409	Meyers RM (2017)	193-PMID29083409	Timecourse		NCI-H322	1	6	True	curation.comparator_and_sample_map|data.count_level_signal|labels.adjudicated_validation_event|metadata.gene_level_mapping|metadata.identifiable_drug|provenance.raw_data_family|provenance.source_family|rights.source_and_raw_data|scope.drug_exposure
orcs:2.0.18:curation-queue:v2:883	1395	193	2.0.18	2	manual_scope_review	orcs:2.0.18:screen:883	883	30971826	pubmed	orcs:source-family:pubmed:30971826	Behan FM (2019)	193-PMID30971826	Timecourse		NCI-H1581	1	6	True	curation.comparator_and_sample_map|data.count_level_signal|labels.adjudicated_validation_event|metadata.gene_level_mapping|metadata.identifiable_drug|provenance.raw_data_family|provenance.source_family|rights.source_and_raw_data|scope.drug_exposure
orcs:2.0.18:curation-queue:v2:378	1396	194	2.0.18	2	manual_scope_review	orcs:2.0.18:screen:378	378	29083409	pubmed	orcs:source-family:pubmed:29083409	Meyers RM (2017)	194-PMID29083409	Timecourse		NCI-H441	1	6	True	curation.comparator_and_sample_map|data.count_level_signal|labels.adjudicated_validation_event|metadata.gene_level_mapping|metadata.identifiable_drug|provenance.raw_data_family|provenance.source_family|rights.source_and_raw_data|scope.drug_exposure
orcs:2.0.18:curation-queue:v2:884	1397	194	2.0.18	2	manual_scope_review	orcs:2.0.18:screen:884	884	30971826	pubmed	orcs:source-family:pubmed:30971826	Behan FM (2019)	194-PMID30971826	Timecourse		NCI-H1650	1	6	True	curation.comparator_and_sample_map|data.count_level_signal|labels.adjudicated_validation_event|metadata.gene_level_mapping|metadata.identifiable_drug|provenance.raw_data_family|provenance.source_family|rights.source_and_raw_data|scope.drug_exposure
orcs:2.0.18:curation-queue:v2:379	1398	195	2.0.18	2	manual_scope_review	orcs:2.0.18:screen:379	379	29083409	pubmed	orcs:source-family:pubmed:29083409	Meyers RM (2017)	195-PMID29083409	Timecourse		NCI-H460	1	6	True	curation.comparator_and_sample_map|data.count_level_signal|labels.adjudicated_validation_event|metadata.gene_level_mapping|metadata.identifiable_drug|provenance.raw_data_family|provenance.source_family|rights.source_and_raw_data|scope.drug_exposure
orcs:2.0.18:curation-queue:v2:885	1399	195	2.0.18	2	manual_scope_review	orcs:2.0.18:screen:885	885	30971826	pubmed	orcs:source-family:pubmed:30971826	Behan FM (2019)	195-PMID30971826	Timecourse		NCI-H1755	1	6	True	curation.comparator_and_sample_map|data.count_level_signal|labels.adjudicated_validation_event|metadata.gene_level_mapping|metadata.identifiable_drug|provenance.raw_data_family|provenance.source_family|rights.source_and_raw_data|scope.drug_exposure
orcs:2.0.18:curation-queue:v2:380	1400	196	2.0.18	2	manual_scope_review	orcs:2.0.18:screen:380	380	29083409	pubmed	orcs:source-family:pubmed:29083409	Meyers RM (2017)	196-PMID29083409	Timecourse		NCI-H520	1	6	True	curation.comparator_and_sample_map|data.count_level_signal|labels.adjudicated_validation_event|metadata.gene_level_mapping|metadata.identifiable_drug|provenance.raw_data_family|provenance.source_family|rights.source_and_raw_data|scope.drug_exposure
orcs:2.0.18:curation-queue:v2:886	1401	196	2.0.18	2	manual_scope_review	orcs:2.0.18:screen:886	886	30971826	pubmed	orcs:source-family:pubmed:30971826	Behan FM (2019)	196-PMID30971826	Timecourse		NCI-H1869	1	6	True	curation.comparator_and_sample_map|data.count_level_signal|labels.adjudicated_validation_event|metadata.gene_level_mapping|metadata.identifiable_drug|provenance.raw_data_family|provenance.source_family|rights.source_and_raw_data|scope.drug_exposure
orcs:2.0.18:curation-queue:v2:381	1402	197	2.0.18	2	manual_scope_review	orcs:2.0.18:screen:381	381	29083409	pubmed	orcs:source-family:pubmed:29083409	Meyers RM (2017)	197-PMID29083409	Timecourse		NCI-H716	1	6	True	curation.comparator_and_sample_map|data.count_level_signal|labels.adjudicated_validation_event|metadata.gene_level_mapping|metadata.identifiable_drug|provenance.raw_data_family|provenance.source_family|rights.source_and_raw_data|scope.drug_exposure
orcs:2.0.18:curation-queue:v2:887	1403	197	2.0.18	2	manual_scope_review	orcs:2.0.18:screen:887	887	30971826	pubmed	orcs:source-family:pubmed:30971826	Behan FM (2019)	197-PMID30971826	Timecourse		NCI-H1915	1	6	True	curation.comparator_and_sample_map|data.count_level_signal|labels.adjudicated_validation_event|metadata.gene_level_mapping|metadata.identifiable_drug|provenance.raw_data_family|provenance.source_family|rights.source_and_raw_data|scope.drug_exposure
orcs:2.0.18:curation-queue:v2:382	1404	198	2.0.18	2	manual_scope_review	orcs:2.0.18:screen:382	382	29083409	pubmed	orcs:source-family:pubmed:29083409	Meyers RM (2017)	198-PMID29083409	Timecourse		NCI-H747	1	6	True	curation.comparator_and_sample_map|data.count_level_signal|labels.adjudicated_validation_event|metadata.gene_level_mapping|metadata.identifiable_drug|provenance.raw_data_family|provenance.source_family|rights.source_and_raw_data|scope.drug_exposure
orcs:2.0.18:curation-queue:v2:888	1405	198	2.0.18	2	manual_scope_review	orcs:2.0.18:screen:888	888	30971826	pubmed	orcs:source-family:pubmed:30971826	Behan FM (2019)	198-PMID30971826	Timecourse		NCI-H1944	1	6	True	curation.comparator_and_sample_map|data.count_level_signal|labels.adjudicated_validation_event|metadata.gene_level_mapping|metadata.identifiable_drug|provenance.raw_data_family|provenance.source_family|rights.source_and_raw_data|scope.drug_exposure
orcs:2.0.18:curation-queue:v2:383	1406	199	2.0.18	2	manual_scope_review	orcs:2.0.18:screen:383	383	29083409	pubmed	orcs:source-family:pubmed:29083409	Meyers RM (2017)	199-PMID29083409	Timecourse		NCI-H838	1	6	True	curation.comparator_and_sample_map|data.count_level_signal|labels.adjudicated_validation_event|metadata.gene_level_mapping|metadata.identifiable_drug|provenance.raw_data_family|provenance.source_family|rights.source_and_raw_data|scope.drug_exposure
orcs:2.0.18:curation-queue:v2:889	1407	199	2.0.18	2	manual_scope_review	orcs:2.0.18:screen:889	889	30971826	pubmed	orcs:source-family:pubmed:30971826	Behan FM (2019)	199-PMID30971826	Timecourse		NCI-H1975	1	6	True	curation.comparator_and_sample_map|data.count_level_signal|labels.adjudicated_validation_event|metadata.gene_level_mapping|metadata.identifiable_drug|provenance.raw_data_family|provenance.source_family|rights.source_and_raw_data|scope.drug_exposure
orcs:2.0.18:curation-queue:v2:384	1408	200	2.0.18	2	manual_scope_review	orcs:2.0.18:screen:384	384	29083409	pubmed	orcs:source-family:pubmed:29083409	Meyers RM (2017)	200-PMID29083409	Timecourse		NCI-H1299	1	6	True	curation.comparator_and_sample_map|data.count_level_signal|labels.adjudicated_validation_event|metadata.gene_level_mapping|metadata.identifiable_drug|provenance.raw_data_family|provenance.source_family|rights.source_and_raw_data|scope.drug_exposure
orcs:2.0.18:curation-queue:v2:890	1409	200	2.0.18	2	manual_scope_review	orcs:2.0.18:screen:890	890	30971826	pubmed	orcs:source-family:pubmed:30971826	Behan FM (2019)	200-PMID30971826	Timecourse		NCI-H1993	1	6	True	curation.comparator_and_sample_map|data.count_level_signal|labels.adjudicated_validation_event|metadata.gene_level_mapping|metadata.identifiable_drug|provenance.raw_data_family|provenance.source_family|rights.source_and_raw_data|scope.drug_exposure
orcs:2.0.18:curation-queue:v2:385	1410	201	2.0.18	2	manual_scope_review	orcs:2.0.18:screen:385	385	29083409	pubmed	orcs:source-family:pubmed:29083409	Meyers RM (2017)	201-PMID29083409	Timecourse		NCI-H1437	1	6	True	curation.comparator_and_sample_map|data.count_level_signal|labels.adjudicated_validation_event|metadata.gene_level_mapping|metadata.identifiable_drug|provenance.raw_data_family|provenance.source_family|rights.source_and_raw_data|scope.drug_exposure
orcs:2.0.18:curation-queue:v2:891	1411	201	2.0.18	2	manual_scope_review	orcs:2.0.18:screen:891	891	30971826	pubmed	orcs:source-family:pubmed:30971826	Behan FM (2019)	201-PMID30971826	Timecourse		NCI-H2023	1	6	True	curation.comparator_and_sample_map|data.count_level_signal|labels.adjudicated_validation_event|metadata.gene_level_mapping|metadata.identifiable_drug|provenance.raw_data_family|provenance.source_family|rights.source_and_raw_data|scope.drug_exposure
orcs:2.0.18:curation-queue:v2:386	1412	202	2.0.18	2	manual_scope_review	orcs:2.0.18:screen:386	386	29083409	pubmed	orcs:source-family:pubmed:29083409	Meyers RM (2017)	202-PMID29083409	Timecourse		NCI-H1581	1	6	True	curation.comparator_and_sample_map|data.count_level_signal|labels.adjudicated_validation_event|metadata.gene_level_mapping|metadata.identifiable_drug|provenance.raw_data_family|provenance.source_family|rights.source_and_raw_data|scope.drug_exposure
orcs:2.0.18:curation-queue:v2:892	1413	202	2.0.18	2	manual_scope_review	orcs:2.0.18:screen:892	892	30971826	pubmed	orcs:source-family:pubmed:30971826	Behan FM (2019)	202-PMID30971826	Timecourse		NCI-H2087	1	6	True	curation.comparator_and_sample_map|data.count_level_signal|labels.adjudicated_validation_event|metadata.gene_level_mapping|metadata.identifiable_drug|provenance.raw_data_family|provenance.source_family|rights.source_and_raw_data|scope.drug_exposure
orcs:2.0.18:curation-queue:v2:387	1414	203	2.0.18	2	manual_scope_review	orcs:2.0.18:screen:387	387	29083409	pubmed	orcs:source-family:pubmed:29083409	Meyers RM (2017)	203-PMID29083409	Timecourse		NCI-H1650	1	6	True	curation.comparator_and_sample_map|data.count_level_signal|labels.adjudicated_validation_event|metadata.gene_level_mapping|metadata.identifiable_drug|provenance.raw_data_family|provenance.source_family|rights.source_and_raw_data|scope.drug_exposure
orcs:2.0.18:curation-queue:v2:893	1415	203	2.0.18	2	manual_scope_review	orcs:2.0.18:screen:893	893	30971826	pubmed	orcs:source-family:pubmed:30971826	Behan FM (2019)	203-PMID30971826	Timecourse		NCI-H2170	1	6	True	curation.comparator_and_sample_map|data.count_level_signal|labels.adjudicated_validation_event|metadata.gene_level_mapping|metadata.identifiable_drug|provenance.raw_data_family|provenance.source_family|rights.source_and_raw_data|scope.drug_exposure
orcs:2.0.18:curation-queue:v2:388	1416	204	2.0.18	2	manual_scope_review	orcs:2.0.18:screen:388	388	29083409	pubmed	orcs:source-family:pubmed:29083409	Meyers RM (2017)	204-PMID29083409	Timecourse		NCI-H1693	1	6	True	curation.comparator_and_sample_map|data.count_level_signal|labels.adjudicated_validation_event|metadata.gene_level_mapping|metadata.identifiable_drug|provenance.raw_data_family|provenance.source_family|rights.source_and_raw_data|scope.drug_exposure
orcs:2.0.18:curation-queue:v2:894	1417	204	2.0.18	2	manual_scope_review	orcs:2.0.18:screen:894	894	30971826	pubmed	orcs:source-family:pubmed:30971826	Behan FM (2019)	204-PMID30971826	Timecourse		NCI-H226	1	6	True	curation.comparator_and_sample_map|data.count_level_signal|labels.adjudicated_validation_event|metadata.gene_level_mapping|metadata.identifiable_drug|provenance.raw_data_family|provenance.source_family|rights.source_and_raw_data|scope.drug_exposure
orcs:2.0.18:curation-queue:v2:389	1418	205	2.0.18	2	manual_scope_review	orcs:2.0.18:screen:389	389	29083409	pubmed	orcs:source-family:pubmed:29083409	Meyers RM (2017)	205-PMID29083409	Timecourse		NCI-H1703	1	6	True	curation.comparator_and_sample_map|data.count_level_signal|labels.adjudicated_validation_event|metadata.gene_level_mapping|metadata.identifiable_drug|provenance.raw_data_family|provenance.source_family|rights.source_and_raw_data|scope.drug_exposure
orcs:2.0.18:curation-queue:v2:895	1419	205	2.0.18	2	manual_scope_review	orcs:2.0.18:screen:895	895	30971826	pubmed	orcs:source-family:pubmed:30971826	Behan FM (2019)	205-PMID30971826	Timecourse		NCI-H23	1	6	True	curation.comparator_and_sample_map|data.count_level_signal|labels.adjudicated_validation_event|metadata.gene_level_mapping|metadata.identifiable_drug|provenance.raw_data_family|provenance.source_family|rights.source_and_raw_data|scope.drug_exposure
orcs:2.0.18:curation-queue:v2:390	1420	206	2.0.18	2	manual_scope_review	orcs:2.0.18:screen:390	390	29083409	pubmed	orcs:source-family:pubmed:29083409	Meyers RM (2017)	206-PMID29083409	Timecourse		NCI-H1792	1	6	True	curation.comparator_and_sample_map|data.count_level_signal|labels.adjudicated_validation_event|metadata.gene_level_mapping|metadata.identifiable_drug|provenance.raw_data_family|provenance.source_family|rights.source_and_raw_data|scope.drug_exposure
orcs:2.0.18:curation-queue:v2:896	1421	206	2.0.18	2	manual_scope_review	orcs:2.0.18:screen:896	896	30971826	pubmed	orcs:source-family:pubmed:30971826	Behan FM (2019)	206-PMID30971826	Timecourse		NCI-H3118	1	6	True	curation.comparator_and_sample_map|data.count_level_signal|labels.adjudicated_validation_event|metadata.gene_level_mapping|metadata.identifiable_drug|provenance.raw_data_family|provenance.source_family|rights.source_and_raw_data|scope.drug_exposure
orcs:2.0.18:curation-queue:v2:391	1422	207	2.0.18	2	manual_scope_review	orcs:2.0.18:screen:391	391	29083409	pubmed	orcs:source-family:pubmed:29083409	Meyers RM (2017)	207-PMID29083409	Timecourse		NCI-H1944	1	6	True	curation.comparator_and_sample_map|data.count_level_signal|labels.adjudicated_validation_event|metadata.gene_level_mapping|metadata.identifiable_drug|provenance.raw_data_family|provenance.source_family|rights.source_and_raw_data|scope.drug_exposure
orcs:2.0.18:curation-queue:v2:897	1423	207	2.0.18	2	manual_scope_review	orcs:2.0.18:screen:897	897	30971826	pubmed	orcs:source-family:pubmed:30971826	Behan FM (2019)	207-PMID30971826	Timecourse		NCI-H3122	1	6	True	curation.comparator_and_sample_map|data.count_level_signal|labels.adjudicated_validation_event|metadata.gene_level_mapping|metadata.identifiable_drug|provenance.raw_data_family|provenance.source_family|rights.source_and_raw_data|scope.drug_exposure
orcs:2.0.18:curation-queue:v2:392	1424	208	2.0.18	2	manual_scope_review	orcs:2.0.18:screen:392	392	29083409	pubmed	orcs:source-family:pubmed:29083409	Meyers RM (2017)	208-PMID29083409	Timecourse		NCI-H2023	1	6	True	curation.comparator_and_sample_map|data.count_level_signal|labels.adjudicated_validation_event|metadata.gene_level_mapping|metadata.identifiable_drug|provenance.raw_data_family|provenance.source_family|rights.source_and_raw_data|scope.drug_exposure
orcs:2.0.18:curation-queue:v2:898	1425	208	2.0.18	2	manual_scope_review	orcs:2.0.18:screen:898	898	30971826	pubmed	orcs:source-family:pubmed:30971826	Behan FM (2019)	208-PMID30971826	Timecourse		NCI-H322M	1	6	True	curation.comparator_and_sample_map|data.count_level_signal|labels.adjudicated_validation_event|metadata.gene_level_mapping|metadata.identifiable_drug|provenance.raw_data_family|provenance.source_family|rights.source_and_raw_data|scope.drug_exposure
orcs:2.0.18:curation-queue:v2:393	1426	209	2.0.18	2	manual_scope_review	orcs:2.0.18:screen:393	393	29083409	pubmed	orcs:source-family:pubmed:29083409	Meyers RM (2017)	209-PMID29083409	Timecourse		NCI-H2030	1	6	True	curation.comparator_and_sample_map|data.count_level_signal|labels.adjudicated_validation_event|metadata.gene_level_mapping|metadata.identifiable_drug|provenance.raw_data_family|provenance.source_family|rights.source_and_raw_data|scope.drug_exposure
orcs:2.0.18:curation-queue:v2:899	1427	209	2.0.18	2	manual_scope_review	orcs:2.0.18:screen:899	899	30971826	pubmed	orcs:source-family:pubmed:30971826	Behan FM (2019)	209-PMID30971826	Timecourse		NCI-H358	1	6	True	curation.comparator_and_sample_map|data.count_level_signal|labels.adjudicated_validation_event|metadata.gene_level_mapping|metadata.identifiable_drug|provenance.raw_data_family|provenance.source_family|rights.source_and_raw_data|scope.drug_exposure
orcs:2.0.18:curation-queue:v2:394	1428	210	2.0.18	2	manual_scope_review	orcs:2.0.18:screen:394	394	29083409	pubmed	orcs:source-family:pubmed:29083409	Meyers RM (2017)	210-PMID29083409	Timecourse		NCI-H2087	1	6	True	curation.comparator_and_sample_map|data.count_level_signal|labels.adjudicated_validation_event|metadata.gene_level_mapping|metadata.identifiable_drug|provenance.raw_data_family|provenance.source_family|rights.source_and_raw_data|scope.drug_exposure
orcs:2.0.18:curation-queue:v2:900	1429	210	2.0.18	2	manual_scope_review	orcs:2.0.18:screen:900	900	30971826	pubmed	orcs:source-family:pubmed:30971826	Behan FM (2019)	210-PMID30971826	Timecourse		NCI-H520	1	6	True	curation.comparator_and_sample_map|data.count_level_signal|labels.adjudicated_validation_event|metadata.gene_level_mapping|metadata.identifiable_drug|provenance.raw_data_family|provenance.source_family|rights.source_and_raw_data|scope.drug_exposure
orcs:2.0.18:curation-queue:v2:395	1430	211	2.0.18	2	manual_scope_review	orcs:2.0.18:screen:395	395	29083409	pubmed	orcs:source-family:pubmed:29083409	Meyers RM (2017)	211-PMID29083409	Timecourse		NCI-H2110	1	6	True	curation.comparator_and_sample_map|data.count_level_signal|labels.adjudicated_validation_event|metadata.gene_level_mapping|metadata.identifiable_drug|provenance.raw_data_family|provenance.source_family|rights.source_and_raw_data|scope.drug_exposure
orcs:2.0.18:curation-queue:v2:901	1431	211	2.0.18	2	manual_scope_review	orcs:2.0.18:screen:901	901	30971826	pubmed	orcs:source-family:pubmed:30971826	Behan FM (2019)	211-PMID30971826	Timecourse		NCI-H650	1	6	True	curation.comparator_and_sample_map|data.count_level_signal|labels.adjudicated_validation_event|metadata.gene_level_mapping|metadata.identifiable_drug|provenance.raw_data_family|provenance.source_family|rights.source_and_raw_data|scope.drug_exposure
orcs:2.0.18:curation-queue:v2:396	1432	212	2.0.18	2	manual_scope_review	orcs:2.0.18:screen:396	396	29083409	pubmed	orcs:source-family:pubmed:29083409	Meyers RM (2017)	212-PMID29083409	Timecourse		NCI-H2122	1	6	True	curation.comparator_and_sample_map|data.count_level_signal|labels.adjudicated_validation_event|metadata.gene_level_mapping|metadata.identifiable_drug|provenance.raw_data_family|provenance.source_family|rights.source_and_raw_data|scope.drug_exposure
orcs:2.0.18:curation-queue:v2:902	1433	212	2.0.18	2	manual_scope_review	orcs:2.0.18:screen:902	902	30971826	pubmed	orcs:source-family:pubmed:30971826	Behan FM (2019)	212-PMID30971826	Timecourse		NCI-N87	1	6	True	curation.comparator_and_sample_map|data.count_level_signal|labels.adjudicated_validation_event|metadata.gene_level_mapping|metadata.identifiable_drug|provenance.raw_data_family|provenance.source_family|rights.source_and_raw_data|scope.drug_exposure
orcs:2.0.18:curation-queue:v2:397	1434	213	2.0.18	2	manual_scope_review	orcs:2.0.18:screen:397	397	29083409	pubmed	orcs:source-family:pubmed:29083409	Meyers RM (2017)	213-PMID29083409	Timecourse		NCI-H2126	1	6	True	curation.comparator_and_sample_map|data.count_level_signal|labels.adjudicated_validation_event|metadata.gene_level_mapping|metadata.identifiable_drug|provenance.raw_data_family|provenance.source_family|rights.source_and_raw_data|scope.drug_exposure
orcs:2.0.18:curation-queue:v2:903	1435	213	2.0.18	2	manual_scope_review	orcs:2.0.18:screen:903	903	30971826	pubmed	orcs:source-family:pubmed:30971826	Behan FM (2019)	213-PMID30971826	Timecourse		NH-12	1	6	True	curation.comparator_and_sample_map|data.count_level_signal|labels.adjudicated_validation_event|metadata.gene_level_mapping|metadata.identifiable_drug|provenance.raw_data_family|provenance.source_family|rights.source_and_raw_data|scope.drug_exposure
orcs:2.0.18:curation-queue:v2:398	1436	214	2.0.18	2	manual_scope_review	orcs:2.0.18:screen:398	398	29083409	pubmed	orcs:source-family:pubmed:29083409	Meyers RM (2017)	214-PMID29083409	Timecourse		NCI-H2170	1	6	True	curation.comparator_and_sample_map|data.count_level_signal|labels.adjudicated_validation_event|metadata.gene_level_mapping|metadata.identifiable_drug|provenance.raw_data_family|provenance.source_family|rights.source_and_raw_data|scope.drug_exposure
orcs:2.0.18:curation-queue:v2:904	1437	214	2.0.18	2	manual_scope_review	orcs:2.0.18:screen:904	904	30971826	pubmed	orcs:source-family:pubmed:30971826	Behan FM (2019)	214-PMID30971826	Timecourse		NMC-G1	1	6	True	curation.comparator_and_sample_map|data.count_level_signal|labels.adjudicated_validation_event|metadata.gene_level_mapping|metadata.identifiable_drug|provenance.raw_data_family|provenance.source_family|rights.source_and_raw_data|scope.drug_exposure
orcs:2.0.18:curation-queue:v2:399	1438	215	2.0.18	2	manual_scope_review	orcs:2.0.18:screen:399	399	29083409	pubmed	orcs:source-family:pubmed:29083409	Meyers RM (2017)	215-PMID29083409	Timecourse		NCI-H2172	1	6	True	curation.comparator_and_sample_map|data.count_level_signal|labels.adjudicated_validation_event|metadata.gene_level_mapping|metadata.identifiable_drug|provenance.raw_data_family|provenance.source_family|rights.source_and_raw_data|scope.drug_exposure
orcs:2.0.18:curation-queue:v2:905	1439	215	2.0.18	2	manual_scope_review	orcs:2.0.18:screen:905	905	30971826	pubmed	orcs:source-family:pubmed:30971826	Behan FM (2019)	215-PMID30971826	Timecourse		Onda 10	1	6	True	curation.comparator_and_sample_map|data.count_level_signal|labels.adjudicated_validation_event|metadata.gene_level_mapping|metadata.identifiable_drug|provenance.raw_data_family|provenance.source_family|rights.source_and_raw_data|scope.drug_exposure
orcs:2.0.18:curation-queue:v2:400	1440	216	2.0.18	2	manual_scope_review	orcs:2.0.18:screen:400	400	29083409	pubmed	orcs:source-family:pubmed:29083409	Meyers RM (2017)	216-PMID29083409	Timecourse		NCI-H2291	1	6	True	curation.comparator_and_sample_map|data.count_level_signal|labels.adjudicated_validation_event|metadata.gene_level_mapping|metadata.identifiable_drug|provenance.raw_data_family|provenance.source_family|rights.source_and_raw_data|scope.drug_exposure
orcs:2.0.18:curation-queue:v2:906	1441	216	2.0.18	2	manual_scope_review	orcs:2.0.18:screen:906	906	30971826	pubmed	orcs:source-family:pubmed:30971826	Behan FM (2019)	216-PMID30971826	Timecourse		Onda 11	1	6	True	curation.comparator_and_sample_map|data.count_level_signal|labels.adjudicated_validation_event|metadata.gene_level_mapping|metadata.identifiable_drug|provenance.raw_data_family|provenance.source_family|rights.source_and_raw_data|scope.drug_exposure
orcs:2.0.18:curation-queue:v2:401	1442	217	2.0.18	2	manual_scope_review	orcs:2.0.18:screen:401	401	29083409	pubmed	orcs:source-family:pubmed:29083409	Meyers RM (2017)	217-PMID29083409	Timecourse		NCI-N87	1	6	True	curation.comparator_and_sample_map|data.count_level_signal|labels.adjudicated_validation_event|metadata.gene_level_mapping|metadata.identifiable_drug|provenance.raw_data_family|provenance.source_family|rights.source_and_raw_data|scope.drug_exposure
orcs:2.0.18:curation-queue:v2:907	1443	217	2.0.18	2	manual_scope_review	orcs:2.0.18:screen:907	907	30971826	pubmed	orcs:source-family:pubmed:30971826	Behan FM (2019)	217-PMID30971826	Timecourse		NUGC-3	1	6	True	curation.comparator_and_sample_map|data.count_level_signal|labels.adjudicated_validation_event|metadata.gene_level_mapping|metadata.identifiable_drug|provenance.raw_data_family|provenance.source_family|rights.source_and_raw_data|scope.drug_exposure
orcs:2.0.18:curation-queue:v2:402	1444	218	2.0.18	2	manual_scope_review	orcs:2.0.18:screen:402	402	29083409	pubmed	orcs:source-family:pubmed:29083409	Meyers RM (2017)	218-PMID29083409	Timecourse		NOMO-1	1	6	True	curation.comparator_and_sample_map|data.count_level_signal|labels.adjudicated_validation_event|metadata.gene_level_mapping|metadata.identifiable_drug|provenance.raw_data_family|provenance.source_family|rights.source_and_raw_data|scope.drug_exposure
orcs:2.0.18:curation-queue:v2:908	1445	218	2.0.18	2	manual_scope_review	orcs:2.0.18:screen:908	908	30971826	pubmed	orcs:source-family:pubmed:30971826	Behan FM (2019)	218-PMID30971826	Timecourse		OACM5.1 C	1	6	True	curation.comparator_and_sample_map|data.count_level_signal|labels.adjudicated_validation_event|metadata.gene_level_mapping|metadata.identifiable_drug|provenance.raw_data_family|provenance.source_family|rights.source_and_raw_data|scope.drug_exposure
orcs:2.0.18:curation-queue:v2:403	1446	219	2.0.18	2	manual_scope_review	orcs:2.0.18:screen:403	403	29083409	pubmed	orcs:source-family:pubmed:29083409	Meyers RM (2017)	219-PMID29083409	Timecourse		NUGC-3	1	6	True	curation.comparator_and_sample_map|data.count_level_signal|labels.adjudicated_validation_event|metadata.gene_level_mapping|metadata.identifiable_drug|provenance.raw_data_family|provenance.source_family|rights.source_and_raw_data|scope.drug_exposure
orcs:2.0.18:curation-queue:v2:909	1447	219	2.0.18	2	manual_scope_review	orcs:2.0.18:screen:909	909	30971826	pubmed	orcs:source-family:pubmed:30971826	Behan FM (2019)	219-PMID30971826	Timecourse		OAW42	1	6	True	curation.comparator_and_sample_map|data.count_level_signal|labels.adjudicated_validation_event|metadata.gene_level_mapping|metadata.identifiable_drug|provenance.raw_data_family|provenance.source_family|rights.source_and_raw_data|scope.drug_exposure
orcs:2.0.18:curation-queue:v2:404	1448	220	2.0.18	2	manual_scope_review	orcs:2.0.18:screen:404	404	29083409	pubmed	orcs:source-family:pubmed:29083409	Meyers RM (2017)	220-PMID29083409	Timecourse		OAW28	1	6	True	curation.comparator_and_sample_map|data.count_level_signal|labels.adjudicated_validation_event|metadata.gene_level_mapping|metadata.identifiable_drug|provenance.raw_data_family|provenance.source_family|rights.source_and_raw_data|scope.drug_exposure
orcs:2.0.18:curation-queue:v2:910	1449	220	2.0.18	2	manual_scope_review	orcs:2.0.18:screen:910	910	30971826	pubmed	orcs:source-family:pubmed:30971826	Behan FM (2019)	220-PMID30971826	Timecourse		OC 314	1	6	True	curation.comparator_and_sample_map|data.count_level_signal|labels.adjudicated_validation_event|metadata.gene_level_mapping|metadata.identifiable_drug|provenance.raw_data_family|provenance.source_family|rights.source_and_raw_data|scope.drug_exposure
orcs:2.0.18:curation-queue:v2:406	1450	221	2.0.18	2	manual_scope_review	orcs:2.0.18:screen:406	406	29083409	pubmed	orcs:source-family:pubmed:29083409	Meyers RM (2017)	221-PMID29083409	Timecourse		OE21	1	6	True	curation.comparator_and_sample_map|data.count_level_signal|labels.adjudicated_validation_event|metadata.gene_level_mapping|metadata.identifiable_drug|provenance.raw_data_family|provenance.source_family|rights.source_and_raw_data|scope.drug_exposure
orcs:2.0.18:curation-queue:v2:911	1451	221	2.0.18	2	manual_scope_review	orcs:2.0.18:screen:911	911	30971826	pubmed	orcs:source-family:pubmed:30971826	Behan FM (2019)	221-PMID30971826	Timecourse		OCI-AML-2	1	6	True	curation.comparator_and_sample_map|data.count_level_signal|labels.adjudicated_validation_event|metadata.gene_level_mapping|metadata.identifiable_drug|provenance.raw_data_family|provenance.source_family|rights.source_and_raw_data|scope.drug_exposure
orcs:2.0.18:curation-queue:v2:407	1452	222	2.0.18	2	manual_scope_review	orcs:2.0.18:screen:407	407	29083409	pubmed	orcs:source-family:pubmed:29083409	Meyers RM (2017)	222-PMID29083409	Timecourse		OE33	1	6	True	curation.comparator_and_sample_map|data.count_level_signal|labels.adjudicated_validation_event|metadata.gene_level_mapping|metadata.identifiable_drug|provenance.raw_data_family|provenance.source_family|rights.source_and_raw_data|scope.drug_exposure
orcs:2.0.18:curation-queue:v2:912	1453	222	2.0.18	2	manual_scope_review	orcs:2.0.18:screen:912	912	30971826	pubmed	orcs:source-family:pubmed:30971826	Behan FM (2019)	222-PMID30971826	Timecourse		OCI-AML-3	1	6	True	curation.comparator_and_sample_map|data.count_level_signal|labels.adjudicated_validation_event|metadata.gene_level_mapping|metadata.identifiable_drug|provenance.raw_data_family|provenance.source_family|rights.source_and_raw_data|scope.drug_exposure
orcs:2.0.18:curation-queue:v2:408	1454	223	2.0.18	2	manual_scope_review	orcs:2.0.18:screen:408	408	29083409	pubmed	orcs:source-family:pubmed:29083409	Meyers RM (2017)	223-PMID29083409	Timecourse		ONS-76	1	6	True	curation.comparator_and_sample_map|data.count_level_signal|labels.adjudicated_validation_event|metadata.gene_level_mapping|metadata.identifiable_drug|provenance.raw_data_family|provenance.source_family|rights.source_and_raw_data|scope.drug_exposure
orcs:2.0.18:curation-queue:v2:913	1455	223	2.0.18	2	manual_scope_review	orcs:2.0.18:screen:913	913	30971826	pubmed	orcs:source-family:pubmed:30971826	Behan FM (2019)	223-PMID30971826	Timecourse		OCI-Ly19	1	6	True	curation.comparator_and_sample_map|data.count_level_signal|labels.adjudicated_validation_event|metadata.gene_level_mapping|metadata.identifiable_drug|provenance.raw_data_family|provenance.source_family|rights.source_and_raw_data|scope.drug_exposure
orcs:2.0.18:curation-queue:v2:409	1456	224	2.0.18	2	manual_scope_review	orcs:2.0.18:screen:409	409	29083409	pubmed	orcs:source-family:pubmed:29083409	Meyers RM (2017)	224-PMID29083409	Timecourse		OS-RC-2	1	6	True	curation.comparator_and_sample_map|data.count_level_signal|labels.adjudicated_validation_event|metadata.gene_level_mapping|metadata.identifiable_drug|provenance.raw_data_family|provenance.source_family|rights.source_and_raw_data|scope.drug_exposure
orcs:2.0.18:curation-queue:v2:914	1457	224	2.0.18	2	manual_scope_review	orcs:2.0.18:screen:914	914	30971826	pubmed	orcs:source-family:pubmed:30971826	Behan FM (2019)	224-PMID30971826	Timecourse		OCUB-M	1	6	True	curation.comparator_and_sample_map|data.count_level_signal|labels.adjudicated_validation_event|metadata.gene_level_mapping|metadata.identifiable_drug|provenance.raw_data_family|provenance.source_family|rights.source_and_raw_data|scope.drug_exposure
orcs:2.0.18:curation-queue:v2:410	1458	225	2.0.18	2	manual_scope_review	orcs:2.0.18:screen:410	410	29083409	pubmed	orcs:source-family:pubmed:29083409	Meyers RM (2017)	225-PMID29083409	Timecourse		OUMS-23	1	6	True	curation.comparator_and_sample_map|data.count_level_signal|labels.adjudicated_validation_event|metadata.gene_level_mapping|metadata.identifiable_drug|provenance.raw_data_family|provenance.source_family|rights.source_and_raw_data|scope.drug_exposure
orcs:2.0.18:curation-queue:v2:915	1459	225	2.0.18	2	manual_scope_review	orcs:2.0.18:screen:915	915	30971826	pubmed	orcs:source-family:pubmed:30971826	Behan FM (2019)	225-PMID30971826	Timecourse		OE21	1	6	True	curation.comparator_and_sample_map|data.count_level_signal|labels.adjudicated_validation_event|metadata.gene_level_mapping|metadata.identifiable_drug|provenance.raw_data_family|provenance.source_family|rights.source_and_raw_data|scope.drug_exposure
orcs:2.0.18:curation-queue:v2:411	1460	226	2.0.18	2	manual_scope_review	orcs:2.0.18:screen:411	411	29083409	pubmed	orcs:source-family:pubmed:29083409	Meyers RM (2017)	226-PMID29083409	Timecourse		OV7	1	6	True	curation.comparator_and_sample_map|data.count_level_signal|labels.adjudicated_validation_event|metadata.gene_level_mapping|metadata.identifiable_drug|provenance.raw_data_family|provenance.source_family|rights.source_and_raw_data|scope.drug_exposure
orcs:2.0.18:curation-queue:v2:916	1461	226	2.0.18	2	manual_scope_review	orcs:2.0.18:screen:916	916	30971826	pubmed	orcs:source-family:pubmed:30971826	Behan FM (2019)	226-PMID30971826	Timecourse		OE33	1	6	True	curation.comparator_and_sample_map|data.count_level_signal|labels.adjudicated_validation_event|metadata.gene_level_mapping|metadata.identifiable_drug|provenance.raw_data_family|provenance.source_family|rights.source_and_raw_data|scope.drug_exposure
orcs:2.0.18:curation-queue:v2:412	1462	227	2.0.18	2	manual_scope_review	orcs:2.0.18:screen:412	412	29083409	pubmed	orcs:source-family:pubmed:29083409	Meyers RM (2017)	227-PMID29083409	Timecourse		OV-90	1	6	True	curation.comparator_and_sample_map|data.count_level_signal|labels.adjudicated_validation_event|metadata.gene_level_mapping|metadata.identifiable_drug|provenance.raw_data_family|provenance.source_family|rights.source_and_raw_data|scope.drug_exposure
orcs:2.0.18:curation-queue:v2:917	1463	227	2.0.18	2	manual_scope_review	orcs:2.0.18:screen:917	917	30971826	pubmed	orcs:source-family:pubmed:30971826	Behan FM (2019)	227-PMID30971826	Timecourse		OPM-2	1	6	True	curation.comparator_and_sample_map|data.count_level_signal|labels.adjudicated_validation_event|metadata.gene_level_mapping|metadata.identifiable_drug|provenance.raw_data_family|provenance.source_family|rights.source_and_raw_data|scope.drug_exposure
orcs:2.0.18:curation-queue:v2:413	1464	228	2.0.18	2	manual_scope_review	orcs:2.0.18:screen:413	413	29083409	pubmed	orcs:source-family:pubmed:29083409	Meyers RM (2017)	228-PMID29083409	Timecourse		OVCAR-8	1	6	True	curation.comparator_and_sample_map|data.count_level_signal|labels.adjudicated_validation_event|metadata.gene_level_mapping|metadata.identifiable_drug|provenance.raw_data_family|provenance.source_family|rights.source_and_raw_data|scope.drug_exposure
orcs:2.0.18:curation-queue:v2:918	1465	228	2.0.18	2	manual_scope_review	orcs:2.0.18:screen:918	918	30971826	pubmed	orcs:source-family:pubmed:30971826	Behan FM (2019)	228-PMID30971826	Timecourse		OSC-19	1	6	True	curation.comparator_and_sample_map|data.count_level_signal|labels.adjudicated_validation_event|metadata.gene_level_mapping|metadata.identifiable_drug|provenance.raw_data_family|provenance.source_family|rights.source_and_raw_data|scope.drug_exposure
orcs:2.0.18:curation-queue:v2:414	1466	229	2.0.18	2	manual_scope_review	orcs:2.0.18:screen:414	414	29083409	pubmed	orcs:source-family:pubmed:29083409	Meyers RM (2017)	229-PMID29083409	Timecourse		OVISE	1	6	True	curation.comparator_and_sample_map|data.count_level_signal|labels.adjudicated_validation_event|metadata.gene_level_mapping|metadata.identifiable_drug|provenance.raw_data_family|provenance.source_family|rights.source_and_raw_data|scope.drug_exposure
orcs:2.0.18:curation-queue:v2:919	1467	229	2.0.18	2	manual_scope_review	orcs:2.0.18:screen:919	919	30971826	pubmed	orcs:source-family:pubmed:30971826	Behan FM (2019)	229-PMID30971826	Timecourse		OSC-20	1	6	True	curation.comparator_and_sample_map|data.count_level_signal|labels.adjudicated_validation_event|metadata.gene_level_mapping|metadata.identifiable_drug|provenance.raw_data_family|provenance.source_family|rights.source_and_raw_data|scope.drug_exposure
orcs:2.0.18:curation-queue:v2:415	1468	230	2.0.18	2	manual_scope_review	orcs:2.0.18:screen:415	415	29083409	pubmed	orcs:source-family:pubmed:29083409	Meyers RM (2017)	230-PMID29083409	Timecourse		OVK-18	1	6	True	curation.comparator_and_sample_map|data.count_level_signal|labels.adjudicated_validation_event|metadata.gene_level_mapping|metadata.identifiable_drug|provenance.raw_data_family|provenance.source_family|rights.source_and_raw_data|scope.drug_exposure
orcs:2.0.18:curation-queue:v2:920	1469	230	2.0.18	2	manual_scope_review	orcs:2.0.18:screen:920	920	30971826	pubmed	orcs:source-family:pubmed:30971826	Behan FM (2019)	230-PMID30971826	Timecourse		OV-90	1	6	True	curation.comparator_and_sample_map|data.count_level_signal|labels.adjudicated_validation_event|metadata.gene_level_mapping|metadata.identifiable_drug|provenance.raw_data_family|provenance.source_family|rights.source_and_raw_data|scope.drug_exposure
orcs:2.0.18:curation-queue:v2:416	1470	231	2.0.18	2	manual_scope_review	orcs:2.0.18:screen:416	416	29083409	pubmed	orcs:source-family:pubmed:29083409	Meyers RM (2017)	231-PMID29083409	Timecourse		OVMANA	1	6	True	curation.comparator_and_sample_map|data.count_level_signal|labels.adjudicated_validation_event|metadata.gene_level_mapping|metadata.identifiable_drug|provenance.raw_data_family|provenance.source_family|rights.source_and_raw_data|scope.drug_exposure
orcs:2.0.18:curation-queue:v2:921	1471	231	2.0.18	2	manual_scope_review	orcs:2.0.18:screen:921	921	30971826	pubmed	orcs:source-family:pubmed:30971826	Behan FM (2019)	231-PMID30971826	Timecourse		OVCA420	1	6	True	curation.comparator_and_sample_map|data.count_level_signal|labels.adjudicated_validation_event|metadata.gene_level_mapping|metadata.identifiable_drug|provenance.raw_data_family|provenance.source_family|rights.source_and_raw_data|scope.drug_exposure
orcs:2.0.18:curation-queue:v2:418	1472	232	2.0.18	2	manual_scope_review	orcs:2.0.18:screen:418	418	29083409	pubmed	orcs:source-family:pubmed:29083409	Meyers RM (2017)	232-PMID29083409	Timecourse		OVTOKO	1	6	True	curation.comparator_and_sample_map|data.count_level_signal|labels.adjudicated_validation_event|metadata.gene_level_mapping|metadata.identifiable_drug|provenance.raw_data_family|provenance.source_family|rights.source_and_raw_data|scope.drug_exposure
orcs:2.0.18:curation-queue:v2:922	1473	232	2.0.18	2	manual_scope_review	orcs:2.0.18:screen:922	922	30971826	pubmed	orcs:source-family:pubmed:30971826	Behan FM (2019)	232-PMID30971826	Timecourse		OVCAR-3	1	6	True	curation.comparator_and_sample_map|data.count_level_signal|labels.adjudicated_validation_event|metadata.gene_level_mapping|metadata.identifiable_drug|provenance.raw_data_family|provenance.source_family|rights.source_and_raw_data|scope.drug_exposure
orcs:2.0.18:curation-queue:v2:419	1474	233	2.0.18	2	manual_scope_review	orcs:2.0.18:screen:419	419	29083409	pubmed	orcs:source-family:pubmed:29083409	Meyers RM (2017)	233-PMID29083409	Timecourse		P31/FUJ	1	6	True	curation.comparator_and_sample_map|data.count_level_signal|labels.adjudicated_validation_event|metadata.gene_level_mapping|metadata.identifiable_drug|provenance.raw_data_family|provenance.source_family|rights.source_and_raw_data|scope.drug_exposure
orcs:2.0.18:curation-queue:v2:923	1475	233	2.0.18	2	manual_scope_review	orcs:2.0.18:screen:923	923	30971826	pubmed	orcs:source-family:pubmed:30971826	Behan FM (2019)	233-PMID30971826	Timecourse		OVCAR-5	1	6	True	curation.comparator_and_sample_map|data.count_level_signal|labels.adjudicated_validation_event|metadata.gene_level_mapping|metadata.identifiable_drug|provenance.raw_data_family|provenance.source_family|rights.source_and_raw_data|scope.drug_exposure
orcs:2.0.18:curation-queue:v2:420	1476	234	2.0.18	2	manual_scope_review	orcs:2.0.18:screen:420	420	29083409	pubmed	orcs:source-family:pubmed:29083409	Meyers RM (2017)	234-PMID29083409	Timecourse		Panc 02.03	1	6	True	curation.comparator_and_sample_map|data.count_level_signal|labels.adjudicated_validation_event|metadata.gene_level_mapping|metadata.identifiable_drug|provenance.raw_data_family|provenance.source_family|rights.source_and_raw_data|scope.drug_exposure
orcs:2.0.18:curation-queue:v2:924	1477	234	2.0.18	2	manual_scope_review	orcs:2.0.18:screen:924	924	30971826	pubmed	orcs:source-family:pubmed:30971826	Behan FM (2019)	234-PMID30971826	Timecourse		NCI-ADR-RES	1	6	True	curation.comparator_and_sample_map|data.count_level_signal|labels.adjudicated_validation_event|metadata.gene_level_mapping|metadata.identifiable_drug|provenance.raw_data_family|provenance.source_family|rights.source_and_raw_data|scope.drug_exposure
orcs:2.0.18:curation-queue:v2:421	1478	235	2.0.18	2	manual_scope_review	orcs:2.0.18:screen:421	421	29083409	pubmed	orcs:source-family:pubmed:29083409	Meyers RM (2017)	235-PMID29083409	Timecourse		Panc 04.03	1	6	True	curation.comparator_and_sample_map|data.count_level_signal|labels.adjudicated_validation_event|metadata.gene_level_mapping|metadata.identifiable_drug|provenance.raw_data_family|provenance.source_family|rights.source_and_raw_data|scope.drug_exposure
orcs:2.0.18:curation-queue:v2:925	1479	235	2.0.18	2	manual_scope_review	orcs:2.0.18:screen:925	925	30971826	pubmed	orcs:source-family:pubmed:30971826	Behan FM (2019)	235-PMID30971826	Timecourse		OVISE	1	6	True	curation.comparator_and_sample_map|data.count_level_signal|labels.adjudicated_validation_event|metadata.gene_level_mapping|metadata.identifiable_drug|provenance.raw_data_family|provenance.source_family|rights.source_and_raw_data|scope.drug_exposure
orcs:2.0.18:curation-queue:v2:422	1480	236	2.0.18	2	manual_scope_review	orcs:2.0.18:screen:422	422	29083409	pubmed	orcs:source-family:pubmed:29083409	Meyers RM (2017)	236-PMID29083409	Timecourse		Panc 10.05	1	6	True	curation.comparator_and_sample_map|data.count_level_signal|labels.adjudicated_validation_event|metadata.gene_level_mapping|metadata.identifiable_drug|provenance.raw_data_family|provenance.source_family|rights.source_and_raw_data|scope.drug_exposure
orcs:2.0.18:curation-queue:v2:926	1481	236	2.0.18	2	manual_scope_review	orcs:2.0.18:screen:926	926	30971826	pubmed	orcs:source-family:pubmed:30971826	Behan FM (2019)	236-PMID30971826	Timecourse		OVK-18	1	6	True	curation.comparator_and_sample_map|data.count_level_signal|labels.adjudicated_validation_event|metadata.gene_level_mapping|metadata.identifiable_drug|provenance.raw_data_family|provenance.source_family|rights.source_and_raw_data|scope.drug_exposure
orcs:2.0.18:curation-queue:v2:423	1482	237	2.0.18	2	manual_scope_review	orcs:2.0.18:screen:423	423	29083409	pubmed	orcs:source-family:pubmed:29083409	Meyers RM (2017)	237-PMID29083409	Timecourse		PaTu 8988s	1	6	True	curation.comparator_and_sample_map|data.count_level_signal|labels.adjudicated_validation_event|metadata.gene_level_mapping|metadata.identifiable_drug|provenance.raw_data_family|provenance.source_family|rights.source_and_raw_data|scope.drug_exposure
orcs:2.0.18:curation-queue:v2:927	1483	237	2.0.18	2	manual_scope_review	orcs:2.0.18:screen:927	927	30971826	pubmed	orcs:source-family:pubmed:30971826	Behan FM (2019)	237-PMID30971826	Timecourse		OVMIU	1	6	True	curation.comparator_and_sample_map|data.count_level_signal|labels.adjudicated_validation_event|metadata.gene_level_mapping|metadata.identifiable_drug|provenance.raw_data_family|provenance.source_family|rights.source_and_raw_data|scope.drug_exposure
orcs:2.0.18:curation-queue:v2:424	1484	238	2.0.18	2	manual_scope_review	orcs:2.0.18:screen:424	424	29083409	pubmed	orcs:source-family:pubmed:29083409	Meyers RM (2017)	238-PMID29083409	Timecourse		PC-14	1	6	True	curation.comparator_and_sample_map|data.count_level_signal|labels.adjudicated_validation_event|metadata.gene_level_mapping|metadata.identifiable_drug|provenance.raw_data_family|provenance.source_family|rights.source_and_raw_data|scope.drug_exposure
orcs:2.0.18:curation-queue:v2:928	1485	238	2.0.18	2	manual_scope_review	orcs:2.0.18:screen:928	928	30971826	pubmed	orcs:source-family:pubmed:30971826	Behan FM (2019)	238-PMID30971826	Timecourse		PaTu 8902	1	6	True	curation.comparator_and_sample_map|data.count_level_signal|labels.adjudicated_validation_event|metadata.gene_level_mapping|metadata.identifiable_drug|provenance.raw_data_family|provenance.source_family|rights.source_and_raw_data|scope.drug_exposure
orcs:2.0.18:curation-queue:v2:425	1486	239	2.0.18	2	manual_scope_review	orcs:2.0.18:screen:425	425	29083409	pubmed	orcs:source-family:pubmed:29083409	Meyers RM (2017)	239-PMID29083409	Timecourse		PE/CA-PJ34 (clone C12)	1	6	True	curation.comparator_and_sample_map|data.count_level_signal|labels.adjudicated_validation_event|metadata.gene_level_mapping|metadata.identifiable_drug|provenance.raw_data_family|provenance.source_family|rights.source_and_raw_data|scope.drug_exposure
orcs:2.0.18:curation-queue:v2:929	1487	239	2.0.18	2	manual_scope_review	orcs:2.0.18:screen:929	929	30971826	pubmed	orcs:source-family:pubmed:30971826	Behan FM (2019)	239-PMID30971826	Timecourse		PaTu 8988t	1	6	True	curation.comparator_and_sample_map|data.count_level_signal|labels.adjudicated_validation_event|metadata.gene_level_mapping|metadata.identifiable_drug|provenance.raw_data_family|provenance.source_family|rights.source_and_raw_data|scope.drug_exposure
orcs:2.0.18:curation-queue:v2:426	1488	240	2.0.18	2	manual_scope_review	orcs:2.0.18:screen:426	426	29083409	pubmed	orcs:source-family:pubmed:29083409	Meyers RM (2017)	240-PMID29083409	Timecourse		PF-382	1	6	True	curation.comparator_and_sample_map|data.count_level_signal|labels.adjudicated_validation_event|metadata.gene_level_mapping|metadata.identifiable_drug|provenance.raw_data_family|provenance.source_family|rights.source_and_raw_data|scope.drug_exposure
orcs:2.0.18:curation-queue:v2:930	1489	240	2.0.18	2	manual_scope_review	orcs:2.0.18:screen:930	930	30971826	pubmed	orcs:source-family:pubmed:30971826	Behan FM (2019)	240-PMID30971826	Timecourse		Panc 02.03	1	6	True	curation.comparator_and_sample_map|data.count_level_signal|labels.adjudicated_validation_event|metadata.gene_level_mapping|metadata.identifiable_drug|provenance.raw_data_family|provenance.source_family|rights.source_and_raw_data|scope.drug_exposure
orcs:2.0.18:curation-queue:v2:427	1490	241	2.0.18	2	manual_scope_review	orcs:2.0.18:screen:427	427	29083409	pubmed	orcs:source-family:pubmed:29083409	Meyers RM (2017)	241-PMID29083409	Timecourse		PK-1	1	6	True	curation.comparator_and_sample_map|data.count_level_signal|labels.adjudicated_validation_event|metadata.gene_level_mapping|metadata.identifiable_drug|provenance.raw_data_family|provenance.source_family|rights.source_and_raw_data|scope.drug_exposure
orcs:2.0.18:curation-queue:v2:931	1491	241	2.0.18	2	manual_scope_review	orcs:2.0.18:screen:931	931	30971826	pubmed	orcs:source-family:pubmed:30971826	Behan FM (2019)	241-PMID30971826	Timecourse		Panc 03.27	1	6	True	curation.comparator_and_sample_map|data.count_level_signal|labels.adjudicated_validation_event|metadata.gene_level_mapping|metadata.identifiable_drug|provenance.raw_data_family|provenance.source_family|rights.source_and_raw_data|scope.drug_exposure
orcs:2.0.18:curation-queue:v2:428	1492	242	2.0.18	2	manual_scope_review	orcs:2.0.18:screen:428	428	29083409	pubmed	orcs:source-family:pubmed:29083409	Meyers RM (2017)	242-PMID29083409	Timecourse		PK-45H	1	6	True	curation.comparator_and_sample_map|data.count_level_signal|labels.adjudicated_validation_event|metadata.gene_level_mapping|metadata.identifiable_drug|provenance.raw_data_family|provenance.source_family|rights.source_and_raw_data|scope.drug_exposure
orcs:2.0.18:curation-queue:v2:932	1493	242	2.0.18	2	manual_scope_review	orcs:2.0.18:screen:932	932	30971826	pubmed	orcs:source-family:pubmed:30971826	Behan FM (2019)	242-PMID30971826	Timecourse		Panc 04.03	1	6	True	curation.comparator_and_sample_map|data.count_level_signal|labels.adjudicated_validation_event|metadata.gene_level_mapping|metadata.identifiable_drug|provenance.raw_data_family|provenance.source_family|rights.source_and_raw_data|scope.drug_exposure
orcs:2.0.18:curation-queue:v2:429	1494	243	2.0.18	2	manual_scope_review	orcs:2.0.18:screen:429	429	29083409	pubmed	orcs:source-family:pubmed:29083409	Meyers RM (2017)	243-PMID29083409	Timecourse		PLC/PRF/5	1	6	True	curation.comparator_and_sample_map|data.count_level_signal|labels.adjudicated_validation_event|metadata.gene_level_mapping|metadata.identifiable_drug|provenance.raw_data_family|provenance.source_family|rights.source_and_raw_data|scope.drug_exposure
orcs:2.0.18:curation-queue:v2:933	1495	243	2.0.18	2	manual_scope_review	orcs:2.0.18:screen:933	933	30971826	pubmed	orcs:source-family:pubmed:30971826	Behan FM (2019)	243-PMID30971826	Timecourse		Panc 08.13	1	6	True	curation.comparator_and_sample_map|data.count_level_signal|labels.adjudicated_validation_event|metadata.gene_level_mapping|metadata.identifiable_drug|provenance.raw_data_family|provenance.source_family|rights.source_and_raw_data|scope.drug_exposure
orcs:2.0.18:curation-queue:v2:430	1496	244	2.0.18	2	manual_scope_review	orcs:2.0.18:screen:430	430	29083409	pubmed	orcs:source-family:pubmed:29083409	Meyers RM (2017)	244-PMID29083409	Timecourse		PSN1	1	6	True	curation.comparator_and_sample_map|data.count_level_signal|labels.adjudicated_validation_event|metadata.gene_level_mapping|metadata.identifiable_drug|provenance.raw_data_family|provenance.source_family|rights.source_and_raw_data|scope.drug_exposure
orcs:2.0.18:curation-queue:v2:934	1497	244	2.0.18	2	manual_scope_review	orcs:2.0.18:screen:934	934	30971826	pubmed	orcs:source-family:pubmed:30971826	Behan FM (2019)	244-PMID30971826	Timecourse		Panc 10.05	1	6	True	curation.comparator_and_sample_map|data.count_level_signal|labels.adjudicated_validation_event|metadata.gene_level_mapping|metadata.identifiable_drug|provenance.raw_data_family|provenance.source_family|rights.source_and_raw_data|scope.drug_exposure
orcs:2.0.18:curation-queue:v2:431	1498	245	2.0.18	2	manual_scope_review	orcs:2.0.18:screen:431	431	29083409	pubmed	orcs:source-family:pubmed:29083409	Meyers RM (2017)	245-PMID29083409	Timecourse		RCC10RGB	1	6	True	curation.comparator_and_sample_map|data.count_level_signal|labels.adjudicated_validation_event|metadata.gene_level_mapping|metadata.identifiable_drug|provenance.raw_data_family|provenance.source_family|rights.source_and_raw_data|scope.drug_exposure
orcs:2.0.18:curation-queue:v2:935	1499	245	2.0.18	2	manual_scope_review	orcs:2.0.18:screen:935	935	30971826	pubmed	orcs:source-family:pubmed:30971826	Behan FM (2019)	245-PMID30971826	Timecourse		PC-14	1	6	True	curation.comparator_and_sample_map|data.count_level_signal|labels.adjudicated_validation_event|metadata.gene_level_mapping|metadata.identifiable_drug|provenance.raw_data_family|provenance.source_family|rights.source_and_raw_data|scope.drug_exposure
orcs:2.0.18:curation-queue:v2:432	1500	246	2.0.18	2	manual_scope_review	orcs:2.0.18:screen:432	432	29083409	pubmed	orcs:source-family:pubmed:29083409	Meyers RM (2017)	246-PMID29083409	Timecourse		RD	1	6	True	curation.comparator_and_sample_map|data.count_level_signal|labels.adjudicated_validation_event|metadata.gene_level_mapping|metadata.identifiable_drug|provenance.raw_data_family|provenance.source_family|rights.source_and_raw_data|scope.drug_exposure
orcs:2.0.18:curation-queue:v2:936	1501	246	2.0.18	2	manual_scope_review	orcs:2.0.18:screen:936	936	30971826	pubmed	orcs:source-family:pubmed:30971826	Behan FM (2019)	246-PMID30971826	Timecourse		PCI-15A	1	6	True	curation.comparator_and_sample_map|data.count_level_signal|labels.adjudicated_validation_event|metadata.gene_level_mapping|metadata.identifiable_drug|provenance.raw_data_family|provenance.source_family|rights.source_and_raw_data|scope.drug_exposure
orcs:2.0.18:curation-queue:v2:433	1502	247	2.0.18	2	manual_scope_review	orcs:2.0.18:screen:433	433	29083409	pubmed	orcs:source-family:pubmed:29083409	Meyers RM (2017)	247-PMID29083409	Timecourse		RERF-LC-Ad1	1	6	True	curation.comparator_and_sample_map|data.count_level_signal|labels.adjudicated_validation_event|metadata.gene_level_mapping|metadata.identifiable_drug|provenance.raw_data_family|provenance.source_family|rights.source_and_raw_data|scope.drug_exposure
orcs:2.0.18:curation-queue:v2:937	1503	247	2.0.18	2	manual_scope_review	orcs:2.0.18:screen:937	937	30971826	pubmed	orcs:source-family:pubmed:30971826	Behan FM (2019)	247-PMID30971826	Timecourse		PCI-30	1	6	True	curation.comparator_and_sample_map|data.count_level_signal|labels.adjudicated_validation_event|metadata.gene_level_mapping|metadata.identifiable_drug|provenance.raw_data_family|provenance.source_family|rights.source_and_raw_data|scope.drug_exposure
orcs:2.0.18:curation-queue:v2:434	1504	248	2.0.18	2	manual_scope_review	orcs:2.0.18:screen:434	434	29083409	pubmed	orcs:source-family:pubmed:29083409	Meyers RM (2017)	248-PMID29083409	Timecourse		RERF-LC-A1	1	6	True	curation.comparator_and_sample_map|data.count_level_signal|labels.adjudicated_validation_event|metadata.gene_level_mapping|metadata.identifiable_drug|provenance.raw_data_family|provenance.source_family|rights.source_and_raw_data|scope.drug_exposure
orcs:2.0.18:curation-queue:v2:938	1505	248	2.0.18	2	manual_scope_review	orcs:2.0.18:screen:938	938	30971826	pubmed	orcs:source-family:pubmed:30971826	Behan FM (2019)	248-PMID30971826	Timecourse		PCI-38	1	6	True	curation.comparator_and_sample_map|data.count_level_signal|labels.adjudicated_validation_event|metadata.gene_level_mapping|metadata.identifiable_drug|provenance.raw_data_family|provenance.source_family|rights.source_and_raw_data|scope.drug_exposure
orcs:2.0.18:curation-queue:v2:435	1506	249	2.0.18	2	manual_scope_review	orcs:2.0.18:screen:435	435	29083409	pubmed	orcs:source-family:pubmed:29083409	Meyers RM (2017)	249-PMID29083409	Timecourse		Rh30	1	6	True	curation.comparator_and_sample_map|data.count_level_signal|labels.adjudicated_validation_event|metadata.gene_level_mapping|metadata.identifiable_drug|provenance.raw_data_family|provenance.source_family|rights.source_and_raw_data|scope.drug_exposure
orcs:2.0.18:curation-queue:v2:939	1507	249	2.0.18	2	manual_scope_review	orcs:2.0.18:screen:939	939	30971826	pubmed	orcs:source-family:pubmed:30971826	Behan FM (2019)	249-PMID30971826	Timecourse		PCI-04B	1	6	True	curation.comparator_and_sample_map|data.count_level_signal|labels.adjudicated_validation_event|metadata.gene_level_mapping|metadata.identifiable_drug|provenance.raw_data_family|provenance.source_family|rights.source_and_raw_data|scope.drug_exposure
orcs:2.0.18:curation-queue:v2:436	1508	250	2.0.18	2	manual_scope_review	orcs:2.0.18:screen:436	436	29083409	pubmed	orcs:source-family:pubmed:29083409	Meyers RM (2017)	250-PMID29083409	Timecourse		RKN	1	6	True	curation.comparator_and_sample_map|data.count_level_signal|labels.adjudicated_validation_event|metadata.gene_level_mapping|metadata.identifiable_drug|provenance.raw_data_family|provenance.source_family|rights.source_and_raw_data|scope.drug_exposure
orcs:2.0.18:curation-queue:v2:940	1509	250	2.0.18	2	manual_scope_review	orcs:2.0.18:screen:940	940	30971826	pubmed	orcs:source-family:pubmed:30971826	Behan FM (2019)	250-PMID30971826	Timecourse		PCI-06A	1	6	True	curation.comparator_and_sample_map|data.count_level_signal|labels.adjudicated_validation_event|metadata.gene_level_mapping|metadata.identifiable_drug|provenance.raw_data_family|provenance.source_family|rights.source_and_raw_data|scope.drug_exposure
orcs:2.0.18:curation-queue:v2:437	1510	251	2.0.18	2	manual_scope_review	orcs:2.0.18:screen:437	437	29083409	pubmed	orcs:source-family:pubmed:29083409	Meyers RM (2017)	251-PMID29083409	Timecourse		RKO	1	6	True	curation.comparator_and_sample_map|data.count_level_signal|labels.adjudicated_validation_event|metadata.gene_level_mapping|metadata.identifiable_drug|provenance.raw_data_family|provenance.source_family|rights.source_and_raw_data|scope.drug_exposure
orcs:2.0.18:curation-queue:v2:941	1511	251	2.0.18	2	manual_scope_review	orcs:2.0.18:screen:941	941	30971826	pubmed	orcs:source-family:pubmed:30971826	Behan FM (2019)	251-PMID30971826	Timecourse		PE/CA-PJ15	1	6	True	curation.comparator_and_sample_map|data.count_level_signal|labels.adjudicated_validation_event|metadata.gene_level_mapping|metadata.identifiable_drug|provenance.raw_data_family|provenance.source_family|rights.source_and_raw_data|scope.drug_exposure
orcs:2.0.18:curation-queue:v2:438	1512	252	2.0.18	2	manual_scope_review	orcs:2.0.18:screen:438	438	29083409	pubmed	orcs:source-family:pubmed:29083409	Meyers RM (2017)	252-PMID29083409	Timecourse		RMUG-S	1	6	True	curation.comparator_and_sample_map|data.count_level_signal|labels.adjudicated_validation_event|metadata.gene_level_mapping|metadata.identifiable_drug|provenance.raw_data_family|provenance.source_family|rights.source_and_raw_data|scope.drug_exposure
orcs:2.0.18:curation-queue:v2:942	1513	252	2.0.18	2	manual_scope_review	orcs:2.0.18:screen:942	942	30971826	pubmed	orcs:source-family:pubmed:30971826	Behan FM (2019)	252-PMID30971826	Timecourse		PEO1	1	6	True	curation.comparator_and_sample_map|data.count_level_signal|labels.adjudicated_validation_event|metadata.gene_level_mapping|metadata.identifiable_drug|provenance.raw_data_family|provenance.source_family|rights.source_and_raw_data|scope.drug_exposure
orcs:2.0.18:curation-queue:v2:439	1514	253	2.0.18	2	manual_scope_review	orcs:2.0.18:screen:439	439	29083409	pubmed	orcs:source-family:pubmed:29083409	Meyers RM (2017)	253-PMID29083409	Timecourse		RPMI-7951	1	6	True	curation.comparator_and_sample_map|data.count_level_signal|labels.adjudicated_validation_event|metadata.gene_level_mapping|metadata.identifiable_drug|provenance.raw_data_family|provenance.source_family|rights.source_and_raw_data|scope.drug_exposure
orcs:2.0.18:curation-queue:v2:943	1515	253	2.0.18	2	manual_scope_review	orcs:2.0.18:screen:943	943	30971826	pubmed	orcs:source-family:pubmed:30971826	Behan FM (2019)	253-PMID30971826	Timecourse		PEO4	1	6	True	curation.comparator_and_sample_map|data.count_level_signal|labels.adjudicated_validation_event|metadata.gene_level_mapping|metadata.identifiable_drug|provenance.raw_data_family|provenance.source_family|rights.source_and_raw_data|scope.drug_exposure
orcs:2.0.18:curation-queue:v2:440	1516	254	2.0.18	2	manual_scope_review	orcs:2.0.18:screen:440	440	29083409	pubmed	orcs:source-family:pubmed:29083409	Meyers RM (2017)	254-PMID29083409	Timecourse		RT-4	1	6	True	curation.comparator_and_sample_map|data.count_level_signal|labels.adjudicated_validation_event|metadata.gene_level_mapping|metadata.identifiable_drug|provenance.raw_data_family|provenance.source_family|rights.source_and_raw_data|scope.drug_exposure
orcs:2.0.18:curation-queue:v2:944	1517	254	2.0.18	2	manual_scope_review	orcs:2.0.18:screen:944	944	30971826	pubmed	orcs:source-family:pubmed:30971826	Behan FM (2019)	254-PMID30971826	Timecourse		PL4	1	6	True	curation.comparator_and_sample_map|data.count_level_signal|labels.adjudicated_validation_event|metadata.gene_level_mapping|metadata.identifiable_drug|provenance.raw_data_family|provenance.source_family|rights.source_and_raw_data|scope.drug_exposure
orcs:2.0.18:curation-queue:v2:441	1518	255	2.0.18	2	manual_scope_review	orcs:2.0.18:screen:441	441	29083409	pubmed	orcs:source-family:pubmed:29083409	Meyers RM (2017)	255-PMID29083409	Timecourse		RT-112	1	6	True	curation.comparator_and_sample_map|data.count_level_signal|labels.adjudicated_validation_event|metadata.gene_level_mapping|metadata.identifiable_drug|provenance.raw_data_family|provenance.source_family|rights.source_and_raw_data|scope.drug_exposure
orcs:2.0.18:curation-queue:v2:945	1519	255	2.0.18	2	manual_scope_review	orcs:2.0.18:screen:945	945	30971826	pubmed	orcs:source-family:pubmed:30971826	Behan FM (2019)	255-PMID30971826	Timecourse		PSN1	1	6	True	curation.comparator_and_sample_map|data.count_level_signal|labels.adjudicated_validation_event|metadata.gene_level_mapping|metadata.identifiable_drug|provenance.raw_data_family|provenance.source_family|rights.source_and_raw_data|scope.drug_exposure
orcs:2.0.18:curation-queue:v2:442	1520	256	2.0.18	2	manual_scope_review	orcs:2.0.18:screen:442	442	29083409	pubmed	orcs:source-family:pubmed:29083409	Meyers RM (2017)	256-PMID29083409	Timecourse		RT112/84	1	6	True	curation.comparator_and_sample_map|data.count_level_signal|labels.adjudicated_validation_event|metadata.gene_level_mapping|metadata.identifiable_drug|provenance.raw_data_family|provenance.source_family|rights.source_and_raw_data|scope.drug_exposure
orcs:2.0.18:curation-queue:v2:946	1521	256	2.0.18	2	manual_scope_review	orcs:2.0.18:screen:946	946	30971826	pubmed	orcs:source-family:pubmed:30971826	Behan FM (2019)	256-PMID30971826	Timecourse		KTCTL-26A	1	6	True	curation.comparator_and_sample_map|data.count_level_signal|labels.adjudicated_validation_event|metadata.gene_level_mapping|metadata.identifiable_drug|provenance.raw_data_family|provenance.source_family|rights.source_and_raw_data|scope.drug_exposure
orcs:2.0.18:curation-queue:v2:443	1522	257	2.0.18	2	manual_scope_review	orcs:2.0.18:screen:443	443	29083409	pubmed	orcs:source-family:pubmed:29083409	Meyers RM (2017)	257-PMID29083409	Timecourse		RVH-421	1	6	True	curation.comparator_and_sample_map|data.count_level_signal|labels.adjudicated_validation_event|metadata.gene_level_mapping|metadata.identifiable_drug|provenance.raw_data_family|provenance.source_family|rights.source_and_raw_data|scope.drug_exposure
orcs:2.0.18:curation-queue:v2:947	1523	257	2.0.18	2	manual_scope_review	orcs:2.0.18:screen:947	947	30971826	pubmed	orcs:source-family:pubmed:30971826	Behan FM (2019)	257-PMID30971826	Timecourse		RCM-1	1	6	True	curation.comparator_and_sample_map|data.count_level_signal|labels.adjudicated_validation_event|metadata.gene_level_mapping|metadata.identifiable_drug|provenance.raw_data_family|provenance.source_family|rights.source_and_raw_data|scope.drug_exposure
orcs:2.0.18:curation-queue:v2:444	1524	258	2.0.18	2	manual_scope_review	orcs:2.0.18:screen:444	444	29083409	pubmed	orcs:source-family:pubmed:29083409	Meyers RM (2017)	258-PMID29083409	Timecourse		SCaBER	1	6	True	curation.comparator_and_sample_map|data.count_level_signal|labels.adjudicated_validation_event|metadata.gene_level_mapping|metadata.identifiable_drug|provenance.raw_data_family|provenance.source_family|rights.source_and_raw_data|scope.drug_exposure
orcs:2.0.18:curation-queue:v2:948	1525	258	2.0.18	2	manual_scope_review	orcs:2.0.18:screen:948	948	30971826	pubmed	orcs:source-family:pubmed:30971826	Behan FM (2019)	258-PMID30971826	Timecourse		RERF-GC-1B	1	6	True	curation.comparator_and_sample_map|data.count_level_signal|labels.adjudicated_validation_event|metadata.gene_level_mapping|metadata.identifiable_drug|provenance.raw_data_family|provenance.source_family|rights.source_and_raw_data|scope.drug_exposure
orcs:2.0.18:curation-queue:v2:445	1526	259	2.0.18	2	manual_scope_review	orcs:2.0.18:screen:445	445	29083409	pubmed	orcs:source-family:pubmed:29083409	Meyers RM (2017)	259-PMID29083409	Timecourse		SF295	1	6	True	curation.comparator_and_sample_map|data.count_level_signal|labels.adjudicated_validation_event|metadata.gene_level_mapping|metadata.identifiable_drug|provenance.raw_data_family|provenance.source_family|rights.source_and_raw_data|scope.drug_exposure
orcs:2.0.18:curation-queue:v2:949	1527	259	2.0.18	2	manual_scope_review	orcs:2.0.18:screen:949	949	30971826	pubmed	orcs:source-family:pubmed:30971826	Behan FM (2019)	259-PMID30971826	Timecourse		RERF-LC-Sq1	1	6	True	curation.comparator_and_sample_map|data.count_level_signal|labels.adjudicated_validation_event|metadata.gene_level_mapping|metadata.identifiable_drug|provenance.raw_data_family|provenance.source_family|rights.source_and_raw_data|scope.drug_exposure
orcs:2.0.18:curation-queue:v2:446	1528	260	2.0.18	2	manual_scope_review	orcs:2.0.18:screen:446	446	29083409	pubmed	orcs:source-family:pubmed:29083409	Meyers RM (2017)	260-PMID29083409	Timecourse		SF767	1	6	True	curation.comparator_and_sample_map|data.count_level_signal|labels.adjudicated_validation_event|metadata.gene_level_mapping|metadata.identifiable_drug|provenance.raw_data_family|provenance.source_family|rights.source_and_raw_data|scope.drug_exposure
orcs:2.0.18:curation-queue:v2:950	1529	260	2.0.18	2	manual_scope_review	orcs:2.0.18:screen:950	950	30971826	pubmed	orcs:source-family:pubmed:30971826	Behan FM (2019)	260-PMID30971826	Timecourse		RKN	1	6	True	curation.comparator_and_sample_map|data.count_level_signal|labels.adjudicated_validation_event|metadata.gene_level_mapping|metadata.identifiable_drug|provenance.raw_data_family|provenance.source_family|rights.source_and_raw_data|scope.drug_exposure
orcs:2.0.18:curation-queue:v2:447	1530	261	2.0.18	2	manual_scope_review	orcs:2.0.18:screen:447	447	29083409	pubmed	orcs:source-family:pubmed:29083409	Meyers RM (2017)	261-PMID29083409	Timecourse		SH-10-TC	1	6	True	curation.comparator_and_sample_map|data.count_level_signal|labels.adjudicated_validation_event|metadata.gene_level_mapping|metadata.identifiable_drug|provenance.raw_data_family|provenance.source_family|rights.source_and_raw_data|scope.drug_exposure
orcs:2.0.18:curation-queue:v2:951	1531	261	2.0.18	2	manual_scope_review	orcs:2.0.18:screen:951	951	30971826	pubmed	orcs:source-family:pubmed:30971826	Behan FM (2019)	261-PMID30971826	Timecourse		RKO	1	6	True	curation.comparator_and_sample_map|data.count_level_signal|labels.adjudicated_validation_event|metadata.gene_level_mapping|metadata.identifiable_drug|provenance.raw_data_family|provenance.source_family|rights.source_and_raw_data|scope.drug_exposure
orcs:2.0.18:curation-queue:v2:448	1532	262	2.0.18	2	manual_scope_review	orcs:2.0.18:screen:448	448	29083409	pubmed	orcs:source-family:pubmed:29083409	Meyers RM (2017)	262-PMID29083409	Timecourse		SiMa	1	6	True	curation.comparator_and_sample_map|data.count_level_signal|labels.adjudicated_validation_event|metadata.gene_level_mapping|metadata.identifiable_drug|provenance.raw_data_family|provenance.source_family|rights.source_and_raw_data|scope.drug_exposure
orcs:2.0.18:curation-queue:v2:952	1533	262	2.0.18	2	manual_scope_review	orcs:2.0.18:screen:952	952	30971826	pubmed	orcs:source-family:pubmed:30971826	Behan FM (2019)	262-PMID30971826	Timecourse		RL95-2	1	6	True	curation.comparator_and_sample_map|data.count_level_signal|labels.adjudicated_validation_event|metadata.gene_level_mapping|metadata.identifiable_drug|provenance.raw_data_family|provenance.source_family|rights.source_and_raw_data|scope.drug_exposure
orcs:2.0.18:curation-queue:v2:449	1534	263	2.0.18	2	manual_scope_review	orcs:2.0.18:screen:449	449	29083409	pubmed	orcs:source-family:pubmed:29083409	Meyers RM (2017)	263-PMID29083409	Timecourse		SJSA-1	1	6	True	curation.comparator_and_sample_map|data.count_level_signal|labels.adjudicated_validation_event|metadata.gene_level_mapping|metadata.identifiable_drug|provenance.raw_data_family|provenance.source_family|rights.source_and_raw_data|scope.drug_exposure
orcs:2.0.18:curation-queue:v2:953	1535	263	2.0.18	2	manual_scope_review	orcs:2.0.18:screen:953	953	30971826	pubmed	orcs:source-family:pubmed:30971826	Behan FM (2019)	263-PMID30971826	Timecourse		RMG-I	1	6	True	curation.comparator_and_sample_map|data.count_level_signal|labels.adjudicated_validation_event|metadata.gene_level_mapping|metadata.identifiable_drug|provenance.raw_data_family|provenance.source_family|rights.source_and_raw_data|scope.drug_exposure
orcs:2.0.18:curation-queue:v2:450	1536	264	2.0.18	2	manual_scope_review	orcs:2.0.18:screen:450	450	29083409	pubmed	orcs:source-family:pubmed:29083409	Meyers RM (2017)	264-PMID29083409	Timecourse		SK-BR-3	1	6	True	curation.comparator_and_sample_map|data.count_level_signal|labels.adjudicated_validation_event|metadata.gene_level_mapping|metadata.identifiable_drug|provenance.raw_data_family|provenance.source_family|rights.source_and_raw_data|scope.drug_exposure
orcs:2.0.18:curation-queue:v2:954	1537	264	2.0.18	2	manual_scope_review	orcs:2.0.18:screen:954	954	30971826	pubmed	orcs:source-family:pubmed:30971826	Behan FM (2019)	264-PMID30971826	Timecourse		ROS-50	1	6	True	curation.comparator_and_sample_map|data.count_level_signal|labels.adjudicated_validation_event|metadata.gene_level_mapping|metadata.identifiable_drug|provenance.raw_data_family|provenance.source_family|rights.source_and_raw_data|scope.drug_exposure
orcs:2.0.18:curation-queue:v2:451	1538	265	2.0.18	2	manual_scope_review	orcs:2.0.18:screen:451	451	29083409	pubmed	orcs:source-family:pubmed:29083409	Meyers RM (2017)	265-PMID29083409	Timecourse		SK-HEP-1	1	6	True	curation.comparator_and_sample_map|data.count_level_signal|labels.adjudicated_validation_event|metadata.gene_level_mapping|metadata.identifiable_drug|provenance.raw_data_family|provenance.source_family|rights.source_and_raw_data|scope.drug_exposure
orcs:2.0.18:curation-queue:v2:955	1539	265	2.0.18	2	manual_scope_review	orcs:2.0.18:screen:955	955	30971826	pubmed	orcs:source-family:pubmed:30971826	Behan FM (2019)	265-PMID30971826	Timecourse		RPMI-8226	1	6	True	curation.comparator_and_sample_map|data.count_level_signal|labels.adjudicated_validation_event|metadata.gene_level_mapping|metadata.identifiable_drug|provenance.raw_data_family|provenance.source_family|rights.source_and_raw_data|scope.drug_exposure
orcs:2.0.18:curation-queue:v2:452	1540	266	2.0.18	2	manual_scope_review	orcs:2.0.18:screen:452	452	29083409	pubmed	orcs:source-family:pubmed:29083409	Meyers RM (2017)	266-PMID29083409	Timecourse		SK-MEL-24	1	6	True	curation.comparator_and_sample_map|data.count_level_signal|labels.adjudicated_validation_event|metadata.gene_level_mapping|metadata.identifiable_drug|provenance.raw_data_family|provenance.source_family|rights.source_and_raw_data|scope.drug_exposure
orcs:2.0.18:curation-queue:v2:956	1541	266	2.0.18	2	manual_scope_review	orcs:2.0.18:screen:956	956	30971826	pubmed	orcs:source-family:pubmed:30971826	Behan FM (2019)	266-PMID30971826	Timecourse		SAS	1	6	True	curation.comparator_and_sample_map|data.count_level_signal|labels.adjudicated_validation_event|metadata.gene_level_mapping|metadata.identifiable_drug|provenance.raw_data_family|provenance.source_family|rights.source_and_raw_data|scope.drug_exposure
orcs:2.0.18:curation-queue:v2:453	1542	267	2.0.18	2	manual_scope_review	orcs:2.0.18:screen:453	453	29083409	pubmed	orcs:source-family:pubmed:29083409	Meyers RM (2017)	267-PMID29083409	Timecourse		SK-MEL-30	1	6	True	curation.comparator_and_sample_map|data.count_level_signal|labels.adjudicated_validation_event|metadata.gene_level_mapping|metadata.identifiable_drug|provenance.raw_data_family|provenance.source_family|rights.source_and_raw_data|scope.drug_exposure
orcs:2.0.18:curation-queue:v2:957	1543	267	2.0.18	2	manual_scope_review	orcs:2.0.18:screen:957	957	30971826	pubmed	orcs:source-family:pubmed:30971826	Behan FM (2019)	267-PMID30971826	Timecourse		SCC-4	1	6	True	curation.comparator_and_sample_map|data.count_level_signal|labels.adjudicated_validation_event|metadata.gene_level_mapping|metadata.identifiable_drug|provenance.raw_data_family|provenance.source_family|rights.source_and_raw_data|scope.drug_exposure
orcs:2.0.18:curation-queue:v2:454	1544	268	2.0.18	2	manual_scope_review	orcs:2.0.18:screen:454	454	29083409	pubmed	orcs:source-family:pubmed:29083409	Meyers RM (2017)	268-PMID29083409	Timecourse		SK-MES-1	1	6	True	curation.comparator_and_sample_map|data.count_level_signal|labels.adjudicated_validation_event|metadata.gene_level_mapping|metadata.identifiable_drug|provenance.raw_data_family|provenance.source_family|rights.source_and_raw_data|scope.drug_exposure
orcs:2.0.18:curation-queue:v2:958	1545	268	2.0.18	2	manual_scope_review	orcs:2.0.18:screen:958	958	30971826	pubmed	orcs:source-family:pubmed:30971826	Behan FM (2019)	268-PMID30971826	Timecourse		SCC-9	1	6	True	curation.comparator_and_sample_map|data.count_level_signal|labels.adjudicated_validation_event|metadata.gene_level_mapping|metadata.identifiable_drug|provenance.raw_data_family|provenance.source_family|rights.source_and_raw_data|scope.drug_exposure
orcs:2.0.18:curation-queue:v2:455	1546	269	2.0.18	2	manual_scope_review	orcs:2.0.18:screen:455	455	29083409	pubmed	orcs:source-family:pubmed:29083409	Meyers RM (2017)	269-PMID29083409	Timecourse		SK-N-AS	1	6	True	curation.comparator_and_sample_map|data.count_level_signal|labels.adjudicated_validation_event|metadata.gene_level_mapping|metadata.identifiable_drug|provenance.raw_data_family|provenance.source_family|rights.source_and_raw_data|scope.drug_exposure
orcs:2.0.18:curation-queue:v2:959	1547	269	2.0.18	2	manual_scope_review	orcs:2.0.18:screen:959	959	30971826	pubmed	orcs:source-family:pubmed:30971826	Behan FM (2019)	269-PMID30971826	Timecourse		UPCI-SCC-090	1	6	True	curation.comparator_and_sample_map|data.count_level_signal|labels.adjudicated_validation_event|metadata.gene_level_mapping|metadata.identifiable_drug|provenance.raw_data_family|provenance.source_family|rights.source_and_raw_data|scope.drug_exposure
orcs:2.0.18:curation-queue:v2:456	1548	270	2.0.18	2	manual_scope_review	orcs:2.0.18:screen:456	456	29083409	pubmed	orcs:source-family:pubmed:29083409	Meyers RM (2017)	270-PMID29083409	Timecourse		SK-N-BE(2)	1	6	True	curation.comparator_and_sample_map|data.count_level_signal|labels.adjudicated_validation_event|metadata.gene_level_mapping|metadata.identifiable_drug|provenance.raw_data_family|provenance.source_family|rights.source_and_raw_data|scope.drug_exposure
orcs:2.0.18:curation-queue:v2:960	1549	270	2.0.18	2	manual_scope_review	orcs:2.0.18:screen:960	960	30971826	pubmed	orcs:source-family:pubmed:30971826	Behan FM (2019)	270-PMID30971826	Timecourse		SCH	1	6	True	curation.comparator_and_sample_map|data.count_level_signal|labels.adjudicated_validation_event|metadata.gene_level_mapping|metadata.identifiable_drug|provenance.raw_data_family|provenance.source_family|rights.source_and_raw_data|scope.drug_exposure
orcs:2.0.18:curation-queue:v2:457	1550	271	2.0.18	2	manual_scope_review	orcs:2.0.18:screen:457	457	29083409	pubmed	orcs:source-family:pubmed:29083409	Meyers RM (2017)	271-PMID29083409	Timecourse		SK-N-DZ	1	6	True	curation.comparator_and_sample_map|data.count_level_signal|labels.adjudicated_validation_event|metadata.gene_level_mapping|metadata.identifiable_drug|provenance.raw_data_family|provenance.source_family|rights.source_and_raw_data|scope.drug_exposure
orcs:2.0.18:curation-queue:v2:961	1551	271	2.0.18	2	manual_scope_review	orcs:2.0.18:screen:961	961	30971826	pubmed	orcs:source-family:pubmed:30971826	Behan FM (2019)	271-PMID30971826	Timecourse		SF126	1	6	True	curation.comparator_and_sample_map|data.count_level_signal|labels.adjudicated_validation_event|metadata.gene_level_mapping|metadata.identifiable_drug|provenance.raw_data_family|provenance.source_family|rights.source_and_raw_data|scope.drug_exposure
orcs:2.0.18:curation-queue:v2:458	1552	272	2.0.18	2	manual_scope_review	orcs:2.0.18:screen:458	458	29083409	pubmed	orcs:source-family:pubmed:29083409	Meyers RM (2017)	272-PMID29083409	Timecourse		SK-N-FI	1	6	True	curation.comparator_and_sample_map|data.count_level_signal|labels.adjudicated_validation_event|metadata.gene_level_mapping|metadata.identifiable_drug|provenance.raw_data_family|provenance.source_family|rights.source_and_raw_data|scope.drug_exposure
orcs:2.0.18:curation-queue:v2:962	1553	272	2.0.18	2	manual_scope_review	orcs:2.0.18:screen:962	962	30971826	pubmed	orcs:source-family:pubmed:30971826	Behan FM (2019)	272-PMID30971826	Timecourse		SF295	1	6	True	curation.comparator_and_sample_map|data.count_level_signal|labels.adjudicated_validation_event|metadata.gene_level_mapping|metadata.identifiable_drug|provenance.raw_data_family|provenance.source_family|rights.source_and_raw_data|scope.drug_exposure
orcs:2.0.18:curation-queue:v2:459	1554	273	2.0.18	2	manual_scope_review	orcs:2.0.18:screen:459	459	29083409	pubmed	orcs:source-family:pubmed:29083409	Meyers RM (2017)	273-PMID29083409	Timecourse		SK-N-MC	1	6	True	curation.comparator_and_sample_map|data.count_level_signal|labels.adjudicated_validation_event|metadata.gene_level_mapping|metadata.identifiable_drug|provenance.raw_data_family|provenance.source_family|rights.source_and_raw_data|scope.drug_exposure
orcs:2.0.18:curation-queue:v2:963	1555	273	2.0.18	2	manual_scope_review	orcs:2.0.18:screen:963	963	30971826	pubmed	orcs:source-family:pubmed:30971826	Behan FM (2019)	273-PMID30971826	Timecourse		SF539	1	6	True	curation.comparator_and_sample_map|data.count_level_signal|labels.adjudicated_validation_event|metadata.gene_level_mapping|metadata.identifiable_drug|provenance.raw_data_family|provenance.source_family|rights.source_and_raw_data|scope.drug_exposure
orcs:2.0.18:curation-queue:v2:460	1556	274	2.0.18	2	manual_scope_review	orcs:2.0.18:screen:460	460	29083409	pubmed	orcs:source-family:pubmed:29083409	Meyers RM (2017)	274-PMID29083409	Timecourse		SK-OV-3	1	6	True	curation.comparator_and_sample_map|data.count_level_signal|labels.adjudicated_validation_event|metadata.gene_level_mapping|metadata.identifiable_drug|provenance.raw_data_family|provenance.source_family|rights.source_and_raw_data|scope.drug_exposure
orcs:2.0.18:curation-queue:v2:964	1557	274	2.0.18	2	manual_scope_review	orcs:2.0.18:screen:964	964	30971826	pubmed	orcs:source-family:pubmed:30971826	Behan FM (2019)	274-PMID30971826	Timecourse		SJSA-1	1	6	True	curation.comparator_and_sample_map|data.count_level_signal|labels.adjudicated_validation_event|metadata.gene_level_mapping|metadata.identifiable_drug|provenance.raw_data_family|provenance.source_family|rights.source_and_raw_data|scope.drug_exposure
orcs:2.0.18:curation-queue:v2:461	1558	275	2.0.18	2	manual_scope_review	orcs:2.0.18:screen:461	461	29083409	pubmed	orcs:source-family:pubmed:29083409	Meyers RM (2017)	275-PMID29083409	Timecourse		SLR20	1	6	True	curation.comparator_and_sample_map|data.count_level_signal|labels.adjudicated_validation_event|metadata.gene_level_mapping|metadata.identifiable_drug|provenance.raw_data_family|provenance.source_family|rights.source_and_raw_data|scope.drug_exposure
orcs:2.0.18:curation-queue:v2:965	1559	275	2.0.18	2	manual_scope_review	orcs:2.0.18:screen:965	965	30971826	pubmed	orcs:source-family:pubmed:30971826	Behan FM (2019)	275-PMID30971826	Timecourse		SK-GT-4	1	6	True	curation.comparator_and_sample_map|data.count_level_signal|labels.adjudicated_validation_event|metadata.gene_level_mapping|metadata.identifiable_drug|provenance.raw_data_family|provenance.source_family|rights.source_and_raw_data|scope.drug_exposure
orcs:2.0.18:curation-queue:v2:462	1560	276	2.0.18	2	manual_scope_review	orcs:2.0.18:screen:462	462	29083409	pubmed	orcs:source-family:pubmed:29083409	Meyers RM (2017)	276-PMID29083409	Timecourse		SLR23	1	6	True	curation.comparator_and_sample_map|data.count_level_signal|labels.adjudicated_validation_event|metadata.gene_level_mapping|metadata.identifiable_drug|provenance.raw_data_family|provenance.source_family|rights.source_and_raw_data|scope.drug_exposure
orcs:2.0.18:curation-queue:v2:966	1561	276	2.0.18	2	manual_scope_review	orcs:2.0.18:screen:966	966	30971826	pubmed	orcs:source-family:pubmed:30971826	Behan FM (2019)	276-PMID30971826	Timecourse		SK-MEL-2	1	6	True	curation.comparator_and_sample_map|data.count_level_signal|labels.adjudicated_validation_event|metadata.gene_level_mapping|metadata.identifiable_drug|provenance.raw_data_family|provenance.source_family|rights.source_and_raw_data|scope.drug_exposure
orcs:2.0.18:curation-queue:v2:463	1562	277	2.0.18	2	manual_scope_review	orcs:2.0.18:screen:463	463	29083409	pubmed	orcs:source-family:pubmed:29083409	Meyers RM (2017)	277-PMID29083409	Timecourse		SLR26	1	6	True	curation.comparator_and_sample_map|data.count_level_signal|labels.adjudicated_validation_event|metadata.gene_level_mapping|metadata.identifiable_drug|provenance.raw_data_family|provenance.source_family|rights.source_and_raw_data|scope.drug_exposure
orcs:2.0.18:curation-queue:v2:967	1563	277	2.0.18	2	manual_scope_review	orcs:2.0.18:screen:967	967	30971826	pubmed	orcs:source-family:pubmed:30971826	Behan FM (2019)	277-PMID30971826	Timecourse		SK-MES-1	1	6	True	curation.comparator_and_sample_map|data.count_level_signal|labels.adjudicated_validation_event|metadata.gene_level_mapping|metadata.identifiable_drug|provenance.raw_data_family|provenance.source_family|rights.source_and_raw_data|scope.drug_exposure
orcs:2.0.18:curation-queue:v2:464	1564	278	2.0.18	2	manual_scope_review	orcs:2.0.18:screen:464	464	29083409	pubmed	orcs:source-family:pubmed:29083409	Meyers RM (2017)	278-PMID29083409	Timecourse		SNG-M	1	6	True	curation.comparator_and_sample_map|data.count_level_signal|labels.adjudicated_validation_event|metadata.gene_level_mapping|metadata.identifiable_drug|provenance.raw_data_family|provenance.source_family|rights.source_and_raw_data|scope.drug_exposure
orcs:2.0.18:curation-queue:v2:968	1565	278	2.0.18	2	manual_scope_review	orcs:2.0.18:screen:968	968	30971826	pubmed	orcs:source-family:pubmed:30971826	Behan FM (2019)	278-PMID30971826	Timecourse		SK-MG-1	1	6	True	curation.comparator_and_sample_map|data.count_level_signal|labels.adjudicated_validation_event|metadata.gene_level_mapping|metadata.identifiable_drug|provenance.raw_data_family|provenance.source_family|rights.source_and_raw_data|scope.drug_exposure
orcs:2.0.18:curation-queue:v2:465	1566	279	2.0.18	2	manual_scope_review	orcs:2.0.18:screen:465	465	29083409	pubmed	orcs:source-family:pubmed:29083409	Meyers RM (2017)	279-PMID29083409	Timecourse		SNU-1	1	6	True	curation.comparator_and_sample_map|data.count_level_signal|labels.adjudicated_validation_event|metadata.gene_level_mapping|metadata.identifiable_drug|provenance.raw_data_family|provenance.source_family|rights.source_and_raw_data|scope.drug_exposure
orcs:2.0.18:curation-queue:v2:969	1567	279	2.0.18	2	manual_scope_review	orcs:2.0.18:screen:969	969	30971826	pubmed	orcs:source-family:pubmed:30971826	Behan FM (2019)	279-PMID30971826	Timecourse		SK-N-AS	1	6	True	curation.comparator_and_sample_map|data.count_level_signal|labels.adjudicated_validation_event|metadata.gene_level_mapping|metadata.identifiable_drug|provenance.raw_data_family|provenance.source_family|rights.source_and_raw_data|scope.drug_exposure
orcs:2.0.18:curation-queue:v2:466	1568	280	2.0.18	2	manual_scope_review	orcs:2.0.18:screen:466	466	29083409	pubmed	orcs:source-family:pubmed:29083409	Meyers RM (2017)	280-PMID29083409	Timecourse		SNU-8	1	6	True	curation.comparator_and_sample_map|data.count_level_signal|labels.adjudicated_validation_event|metadata.gene_level_mapping|metadata.identifiable_drug|provenance.raw_data_family|provenance.source_family|rights.source_and_raw_data|scope.drug_exposure
orcs:2.0.18:curation-queue:v2:970	1569	280	2.0.18	2	manual_scope_review	orcs:2.0.18:screen:970	970	30971826	pubmed	orcs:source-family:pubmed:30971826	Behan FM (2019)	280-PMID30971826	Timecourse		SK-N-DZ	1	6	True	curation.comparator_and_sample_map|data.count_level_signal|labels.adjudicated_validation_event|metadata.gene_level_mapping|metadata.identifiable_drug|provenance.raw_data_family|provenance.source_family|rights.source_and_raw_data|scope.drug_exposure
orcs:2.0.18:curation-queue:v2:467	1570	281	2.0.18	2	manual_scope_review	orcs:2.0.18:screen:467	467	29083409	pubmed	orcs:source-family:pubmed:29083409	Meyers RM (2017)	281-PMID29083409	Timecourse		SNU-201	1	6	True	curation.comparator_and_sample_map|data.count_level_signal|labels.adjudicated_validation_event|metadata.gene_level_mapping|metadata.identifiable_drug|provenance.raw_data_family|provenance.source_family|rights.source_and_raw_data|scope.drug_exposure
orcs:2.0.18:curation-queue:v2:971	1571	281	2.0.18	2	manual_scope_review	orcs:2.0.18:screen:971	971	30971826	pubmed	orcs:source-family:pubmed:30971826	Behan FM (2019)	281-PMID30971826	Timecourse		SK-N-FI	1	6	True	curation.comparator_and_sample_map|data.count_level_signal|labels.adjudicated_validation_event|metadata.gene_level_mapping|metadata.identifiable_drug|provenance.raw_data_family|provenance.source_family|rights.source_and_raw_data|scope.drug_exposure
orcs:2.0.18:curation-queue:v2:468	1572	282	2.0.18	2	manual_scope_review	orcs:2.0.18:screen:468	468	29083409	pubmed	orcs:source-family:pubmed:29083409	Meyers RM (2017)	282-PMID29083409	Timecourse		SNU-213	1	6	True	curation.comparator_and_sample_map|data.count_level_signal|labels.adjudicated_validation_event|metadata.gene_level_mapping|metadata.identifiable_drug|provenance.raw_data_family|provenance.source_family|rights.source_and_raw_data|scope.drug_exposure
orcs:2.0.18:curation-queue:v2:972	1573	282	2.0.18	2	manual_scope_review	orcs:2.0.18:screen:972	972	30971826	pubmed	orcs:source-family:pubmed:30971826	Behan FM (2019)	282-PMID30971826	Timecourse		SK-N-SH	1	6	True	curation.comparator_and_sample_map|data.count_level_signal|labels.adjudicated_validation_event|metadata.gene_level_mapping|metadata.identifiable_drug|provenance.raw_data_family|provenance.source_family|rights.source_and_raw_data|scope.drug_exposure
orcs:2.0.18:curation-queue:v2:469	1574	283	2.0.18	2	manual_scope_review	orcs:2.0.18:screen:469	469	29083409	pubmed	orcs:source-family:pubmed:29083409	Meyers RM (2017)	283-PMID29083409	Timecourse		SNU-349	1	6	True	curation.comparator_and_sample_map|data.count_level_signal|labels.adjudicated_validation_event|metadata.gene_level_mapping|metadata.identifiable_drug|provenance.raw_data_family|provenance.source_family|rights.source_and_raw_data|scope.drug_exposure
orcs:2.0.18:curation-queue:v2:973	1575	283	2.0.18	2	manual_scope_review	orcs:2.0.18:screen:973	973	30971826	pubmed	orcs:source-family:pubmed:30971826	Behan FM (2019)	283-PMID30971826	Timecourse		SK-PN-DW	1	6	True	curation.comparator_and_sample_map|data.count_level_signal|labels.adjudicated_validation_event|metadata.gene_level_mapping|metadata.identifiable_drug|provenance.raw_data_family|provenance.source_family|rights.source_and_raw_data|scope.drug_exposure
orcs:2.0.18:curation-queue:v2:470	1576	284	2.0.18	2	manual_scope_review	orcs:2.0.18:screen:470	470	29083409	pubmed	orcs:source-family:pubmed:29083409	Meyers RM (2017)	284-PMID29083409	Timecourse		SNU-398	1	6	True	curation.comparator_and_sample_map|data.count_level_signal|labels.adjudicated_validation_event|metadata.gene_level_mapping|metadata.identifiable_drug|provenance.raw_data_family|provenance.source_family|rights.source_and_raw_data|scope.drug_exposure
orcs:2.0.18:curation-queue:v2:974	1577	284	2.0.18	2	manual_scope_review	orcs:2.0.18:screen:974	974	30971826	pubmed	orcs:source-family:pubmed:30971826	Behan FM (2019)	284-PMID30971826	Timecourse		SKN-3	1	6	True	curation.comparator_and_sample_map|data.count_level_signal|labels.adjudicated_validation_event|metadata.gene_level_mapping|metadata.identifiable_drug|provenance.raw_data_family|provenance.source_family|rights.source_and_raw_data|scope.drug_exposure
orcs:2.0.18:curation-queue:v2:471	1578	285	2.0.18	2	manual_scope_review	orcs:2.0.18:screen:471	471	29083409	pubmed	orcs:source-family:pubmed:29083409	Meyers RM (2017)	285-PMID29083409	Timecourse		SNU-410	1	6	True	curation.comparator_and_sample_map|data.count_level_signal|labels.adjudicated_validation_event|metadata.gene_level_mapping|metadata.identifiable_drug|provenance.raw_data_family|provenance.source_family|rights.source_and_raw_data|scope.drug_exposure
orcs:2.0.18:curation-queue:v2:975	1579	285	2.0.18	2	manual_scope_review	orcs:2.0.18:screen:975	975	30971826	pubmed	orcs:source-family:pubmed:30971826	Behan FM (2019)	285-PMID30971826	Timecourse		SNB-75	1	6	True	curation.comparator_and_sample_map|data.count_level_signal|labels.adjudicated_validation_event|metadata.gene_level_mapping|metadata.identifiable_drug|provenance.raw_data_family|provenance.source_family|rights.source_and_raw_data|scope.drug_exposure
orcs:2.0.18:curation-queue:v2:472	1580	286	2.0.18	2	manual_scope_review	orcs:2.0.18:screen:472	472	29083409	pubmed	orcs:source-family:pubmed:29083409	Meyers RM (2017)	286-PMID29083409	Timecourse		SNU-449	1	6	True	curation.comparator_and_sample_map|data.count_level_signal|labels.adjudicated_validation_event|metadata.gene_level_mapping|metadata.identifiable_drug|provenance.raw_data_family|provenance.source_family|rights.source_and_raw_data|scope.drug_exposure
orcs:2.0.18:curation-queue:v2:976	1581	286	2.0.18	2	manual_scope_review	orcs:2.0.18:screen:976	976	30971826	pubmed	orcs:source-family:pubmed:30971826	Behan FM (2019)	286-PMID30971826	Timecourse		SNG-M	1	6	True	curation.comparator_and_sample_map|data.count_level_signal|labels.adjudicated_validation_event|metadata.gene_level_mapping|metadata.identifiable_drug|provenance.raw_data_family|provenance.source_family|rights.source_and_raw_data|scope.drug_exposure
orcs:2.0.18:curation-queue:v2:473	1582	287	2.0.18	2	manual_scope_review	orcs:2.0.18:screen:473	473	29083409	pubmed	orcs:source-family:pubmed:29083409	Meyers RM (2017)	287-PMID29083409	Timecourse		SNU-503	1	6	True	curation.comparator_and_sample_map|data.count_level_signal|labels.adjudicated_validation_event|metadata.gene_level_mapping|metadata.identifiable_drug|provenance.raw_data_family|provenance.source_family|rights.source_and_raw_data|scope.drug_exposure
orcs:2.0.18:curation-queue:v2:977	1583	287	2.0.18	2	manual_scope_review	orcs:2.0.18:screen:977	977	30971826	pubmed	orcs:source-family:pubmed:30971826	Behan FM (2019)	287-PMID30971826	Timecourse		SNU-1	1	6	True	curation.comparator_and_sample_map|data.count_level_signal|labels.adjudicated_validation_event|metadata.gene_level_mapping|metadata.identifiable_drug|provenance.raw_data_family|provenance.source_family|rights.source_and_raw_data|scope.drug_exposure
orcs:2.0.18:curation-queue:v2:474	1584	288	2.0.18	2	manual_scope_review	orcs:2.0.18:screen:474	474	29083409	pubmed	orcs:source-family:pubmed:29083409	Meyers RM (2017)	288-PMID29083409	Timecourse		SNU-685	1	6	True	curation.comparator_and_sample_map|data.count_level_signal|labels.adjudicated_validation_event|metadata.gene_level_mapping|metadata.identifiable_drug|provenance.raw_data_family|provenance.source_family|rights.source_and_raw_data|scope.drug_exposure
orcs:2.0.18:curation-queue:v2:978	1585	288	2.0.18	2	manual_scope_review	orcs:2.0.18:screen:978	978	30971826	pubmed	orcs:source-family:pubmed:30971826	Behan FM (2019)	288-PMID30971826	Timecourse		SNU-16	1	6	True	curation.comparator_and_sample_map|data.count_level_signal|labels.adjudicated_validation_event|metadata.gene_level_mapping|metadata.identifiable_drug|provenance.raw_data_family|provenance.source_family|rights.source_and_raw_data|scope.drug_exposure
orcs:2.0.18:curation-queue:v2:475	1586	289	2.0.18	2	manual_scope_review	orcs:2.0.18:screen:475	475	29083409	pubmed	orcs:source-family:pubmed:29083409	Meyers RM (2017)	289-PMID29083409	Timecourse		SNU-840	1	6	True	curation.comparator_and_sample_map|data.count_level_signal|labels.adjudicated_validation_event|metadata.gene_level_mapping|metadata.identifiable_drug|provenance.raw_data_family|provenance.source_family|rights.source_and_raw_data|scope.drug_exposure
orcs:2.0.18:curation-queue:v2:979	1587	289	2.0.18	2	manual_scope_review	orcs:2.0.18:screen:979	979	30971826	pubmed	orcs:source-family:pubmed:30971826	Behan FM (2019)	289-PMID30971826	Timecourse		SNU-61	1	6	True	curation.comparator_and_sample_map|data.count_level_signal|labels.adjudicated_validation_event|metadata.gene_level_mapping|metadata.identifiable_drug|provenance.raw_data_family|provenance.source_family|rights.source_and_raw_data|scope.drug_exposure
orcs:2.0.18:curation-queue:v2:476	1588	290	2.0.18	2	manual_scope_review	orcs:2.0.18:screen:476	476	29083409	pubmed	orcs:source-family:pubmed:29083409	Meyers RM (2017)	290-PMID29083409	Timecourse		SUIT-2	1	6	True	curation.comparator_and_sample_map|data.count_level_signal|labels.adjudicated_validation_event|metadata.gene_level_mapping|metadata.identifiable_drug|provenance.raw_data_family|provenance.source_family|rights.source_and_raw_data|scope.drug_exposure
orcs:2.0.18:curation-queue:v2:980	1589	290	2.0.18	2	manual_scope_review	orcs:2.0.18:screen:980	980	30971826	pubmed	orcs:source-family:pubmed:30971826	Behan FM (2019)	290-PMID30971826	Timecourse		SNU-81	1	6	True	curation.comparator_and_sample_map|data.count_level_signal|labels.adjudicated_validation_event|metadata.gene_level_mapping|metadata.identifiable_drug|provenance.raw_data_family|provenance.source_family|rights.source_and_raw_data|scope.drug_exposure
orcs:2.0.18:curation-queue:v2:477	1590	291	2.0.18	2	manual_scope_review	orcs:2.0.18:screen:477	477	29083409	pubmed	orcs:source-family:pubmed:29083409	Meyers RM (2017)	291-PMID29083409	Timecourse		SUP-M2	1	6	True	curation.comparator_and_sample_map|data.count_level_signal|labels.adjudicated_validation_event|metadata.gene_level_mapping|metadata.identifiable_drug|provenance.raw_data_family|provenance.source_family|rights.source_and_raw_data|scope.drug_exposure
orcs:2.0.18:curation-queue:v2:981	1591	291	2.0.18	2	manual_scope_review	orcs:2.0.18:screen:981	981	30971826	pubmed	orcs:source-family:pubmed:30971826	Behan FM (2019)	291-PMID30971826	Timecourse		SNU-C1	1	6	True	curation.comparator_and_sample_map|data.count_level_signal|labels.adjudicated_validation_event|metadata.gene_level_mapping|metadata.identifiable_drug|provenance.raw_data_family|provenance.source_family|rights.source_and_raw_data|scope.drug_exposure
orcs:2.0.18:curation-queue:v2:478	1592	292	2.0.18	2	manual_scope_review	orcs:2.0.18:screen:478	478	29083409	pubmed	orcs:source-family:pubmed:29083409	Meyers RM (2017)	292-PMID29083409	Timecourse		SUP-T1	1	6	True	curation.comparator_and_sample_map|data.count_level_signal|labels.adjudicated_validation_event|metadata.gene_level_mapping|metadata.identifiable_drug|provenance.raw_data_family|provenance.source_family|rights.source_and_raw_data|scope.drug_exposure
orcs:2.0.18:curation-queue:v2:982	1593	292	2.0.18	2	manual_scope_review	orcs:2.0.18:screen:982	982	30971826	pubmed	orcs:source-family:pubmed:30971826	Behan FM (2019)	292-PMID30971826	Timecourse		SNU-C5	1	6	True	curation.comparator_and_sample_map|data.count_level_signal|labels.adjudicated_validation_event|metadata.gene_level_mapping|metadata.identifiable_drug|provenance.raw_data_family|provenance.source_family|rights.source_and_raw_data|scope.drug_exposure
orcs:2.0.18:curation-queue:v2:479	1594	293	2.0.18	2	manual_scope_review	orcs:2.0.18:screen:479	479	29083409	pubmed	orcs:source-family:pubmed:29083409	Meyers RM (2017)	293-PMID29083409	Timecourse		SW48	1	6	True	curation.comparator_and_sample_map|data.count_level_signal|labels.adjudicated_validation_event|metadata.gene_level_mapping|metadata.identifiable_drug|provenance.raw_data_family|provenance.source_family|rights.source_and_raw_data|scope.drug_exposure
orcs:2.0.18:curation-queue:v2:983	1595	293	2.0.18	2	manual_scope_review	orcs:2.0.18:screen:983	983	30971826	pubmed	orcs:source-family:pubmed:30971826	Behan FM (2019)	293-PMID30971826	Timecourse		SU-DHL-10	1	6	True	curation.comparator_and_sample_map|data.count_level_signal|labels.adjudicated_validation_event|metadata.gene_level_mapping|metadata.identifiable_drug|provenance.raw_data_family|provenance.source_family|rights.source_and_raw_data|scope.drug_exposure
orcs:2.0.18:curation-queue:v2:480	1596	294	2.0.18	2	manual_scope_review	orcs:2.0.18:screen:480	480	29083409	pubmed	orcs:source-family:pubmed:29083409	Meyers RM (2017)	294-PMID29083409	Timecourse		SW403	1	6	True	curation.comparator_and_sample_map|data.count_level_signal|labels.adjudicated_validation_event|metadata.gene_level_mapping|metadata.identifiable_drug|provenance.raw_data_family|provenance.source_family|rights.source_and_raw_data|scope.drug_exposure
orcs:2.0.18:curation-queue:v2:984	1597	294	2.0.18	2	manual_scope_review	orcs:2.0.18:screen:984	984	30971826	pubmed	orcs:source-family:pubmed:30971826	Behan FM (2019)	294-PMID30971826	Timecourse		SU-DHL-5	1	6	True	curation.comparator_and_sample_map|data.count_level_signal|labels.adjudicated_validation_event|metadata.gene_level_mapping|metadata.identifiable_drug|provenance.raw_data_family|provenance.source_family|rights.source_and_raw_data|scope.drug_exposure
orcs:2.0.18:curation-queue:v2:481	1598	295	2.0.18	2	manual_scope_review	orcs:2.0.18:screen:481	481	29083409	pubmed	orcs:source-family:pubmed:29083409	Meyers RM (2017)	295-PMID29083409	Timecourse		SW620	1	6	True	curation.comparator_and_sample_map|data.count_level_signal|labels.adjudicated_validation_event|metadata.gene_level_mapping|metadata.identifiable_drug|provenance.raw_data_family|provenance.source_family|rights.source_and_raw_data|scope.drug_exposure
orcs:2.0.18:curation-queue:v2:985	1599	295	2.0.18	2	manual_scope_review	orcs:2.0.18:screen:985	985	30971826	pubmed	orcs:source-family:pubmed:30971826	Behan FM (2019)	295-PMID30971826	Timecourse		SU-DHL-8	1	6	True	curation.comparator_and_sample_map|data.count_level_signal|labels.adjudicated_validation_event|metadata.gene_level_mapping|metadata.identifiable_drug|provenance.raw_data_family|provenance.source_family|rights.source_and_raw_data|scope.drug_exposure
orcs:2.0.18:curation-queue:v2:482	1600	296	2.0.18	2	manual_scope_review	orcs:2.0.18:screen:482	482	29083409	pubmed	orcs:source-family:pubmed:29083409	Meyers RM (2017)	296-PMID29083409	Timecourse		SW837	1	6	True	curation.comparator_and_sample_map|data.count_level_signal|labels.adjudicated_validation_event|metadata.gene_level_mapping|metadata.identifiable_drug|provenance.raw_data_family|provenance.source_family|rights.source_and_raw_data|scope.drug_exposure
orcs:2.0.18:curation-queue:v2:986	1601	296	2.0.18	2	manual_scope_review	orcs:2.0.18:screen:986	986	30971826	pubmed	orcs:source-family:pubmed:30971826	Behan FM (2019)	296-PMID30971826	Timecourse		SU.86.86	1	6	True	curation.comparator_and_sample_map|data.count_level_signal|labels.adjudicated_validation_event|metadata.gene_level_mapping|metadata.identifiable_drug|provenance.raw_data_family|provenance.source_family|rights.source_and_raw_data|scope.drug_exposure
orcs:2.0.18:curation-queue:v2:483	1602	297	2.0.18	2	manual_scope_review	orcs:2.0.18:screen:483	483	29083409	pubmed	orcs:source-family:pubmed:29083409	Meyers RM (2017)	297-PMID29083409	Timecourse		SW1463	1	6	True	curation.comparator_and_sample_map|data.count_level_signal|labels.adjudicated_validation_event|metadata.gene_level_mapping|metadata.identifiable_drug|provenance.raw_data_family|provenance.source_family|rights.source_and_raw_data|scope.drug_exposure
orcs:2.0.18:curation-queue:v2:987	1603	297	2.0.18	2	manual_scope_review	orcs:2.0.18:screen:987	987	30971826	pubmed	orcs:source-family:pubmed:30971826	Behan FM (2019)	297-PMID30971826	Timecourse		SUIT-2	1	6	True	curation.comparator_and_sample_map|data.count_level_signal|labels.adjudicated_validation_event|metadata.gene_level_mapping|metadata.identifiable_drug|provenance.raw_data_family|provenance.source_family|rights.source_and_raw_data|scope.drug_exposure
orcs:2.0.18:curation-queue:v2:484	1604	298	2.0.18	2	manual_scope_review	orcs:2.0.18:screen:484	484	29083409	pubmed	orcs:source-family:pubmed:29083409	Meyers RM (2017)	298-PMID29083409	Timecourse		T3M-4	1	6	True	curation.comparator_and_sample_map|data.count_level_signal|labels.adjudicated_validation_event|metadata.gene_level_mapping|metadata.identifiable_drug|provenance.raw_data_family|provenance.source_family|rights.source_and_raw_data|scope.drug_exposure
orcs:2.0.18:curation-queue:v2:988	1605	298	2.0.18	2	manual_scope_review	orcs:2.0.18:screen:988	988	30971826	pubmed	orcs:source-family:pubmed:30971826	Behan FM (2019)	298-PMID30971826	Timecourse		SW1088	1	6	True	curation.comparator_and_sample_map|data.count_level_signal|labels.adjudicated_validation_event|metadata.gene_level_mapping|metadata.identifiable_drug|provenance.raw_data_family|provenance.source_family|rights.source_and_raw_data|scope.drug_exposure
orcs:2.0.18:curation-queue:v2:485	1606	299	2.0.18	2	manual_scope_review	orcs:2.0.18:screen:485	485	29083409	pubmed	orcs:source-family:pubmed:29083409	Meyers RM (2017)	299-PMID29083409	Timecourse		T24	1	6	True	curation.comparator_and_sample_map|data.count_level_signal|labels.adjudicated_validation_event|metadata.gene_level_mapping|metadata.identifiable_drug|provenance.raw_data_family|provenance.source_family|rights.source_and_raw_data|scope.drug_exposure
orcs:2.0.18:curation-queue:v2:989	1607	299	2.0.18	2	manual_scope_review	orcs:2.0.18:screen:989	989	30971826	pubmed	orcs:source-family:pubmed:30971826	Behan FM (2019)	299-PMID30971826	Timecourse		SW1573	1	6	True	curation.comparator_and_sample_map|data.count_level_signal|labels.adjudicated_validation_event|metadata.gene_level_mapping|metadata.identifiable_drug|provenance.raw_data_family|provenance.source_family|rights.source_and_raw_data|scope.drug_exposure
orcs:2.0.18:curation-queue:v2:486	1608	300	2.0.18	2	manual_scope_review	orcs:2.0.18:screen:486	486	29083409	pubmed	orcs:source-family:pubmed:29083409	Meyers RM (2017)	300-PMID29083409	Timecourse		T84	1	6	True	curation.comparator_and_sample_map|data.count_level_signal|labels.adjudicated_validation_event|metadata.gene_level_mapping|metadata.identifiable_drug|provenance.raw_data_family|provenance.source_family|rights.source_and_raw_data|scope.drug_exposure
orcs:2.0.18:curation-queue:v2:990	1609	300	2.0.18	2	manual_scope_review	orcs:2.0.18:screen:990	990	30971826	pubmed	orcs:source-family:pubmed:30971826	Behan FM (2019)	300-PMID30971826	Timecourse		SW1990	1	6	True	curation.comparator_and_sample_map|data.count_level_signal|labels.adjudicated_validation_event|metadata.gene_level_mapping|metadata.identifiable_drug|provenance.raw_data_family|provenance.source_family|rights.source_and_raw_data|scope.drug_exposure
orcs:2.0.18:curation-queue:v2:487	1610	301	2.0.18	2	manual_scope_review	orcs:2.0.18:screen:487	487	29083409	pubmed	orcs:source-family:pubmed:29083409	Meyers RM (2017)	301-PMID29083409	Timecourse		T98G	1	6	True	curation.comparator_and_sample_map|data.count_level_signal|labels.adjudicated_validation_event|metadata.gene_level_mapping|metadata.identifiable_drug|provenance.raw_data_family|provenance.source_family|rights.source_and_raw_data|scope.drug_exposure
orcs:2.0.18:curation-queue:v2:991	1611	301	2.0.18	2	manual_scope_review	orcs:2.0.18:screen:991	991	30971826	pubmed	orcs:source-family:pubmed:30971826	Behan FM (2019)	301-PMID30971826	Timecourse		SW48	1	6	True	curation.comparator_and_sample_map|data.count_level_signal|labels.adjudicated_validation_event|metadata.gene_level_mapping|metadata.identifiable_drug|provenance.raw_data_family|provenance.source_family|rights.source_and_raw_data|scope.drug_exposure
orcs:2.0.18:curation-queue:v2:488	1612	302	2.0.18	2	manual_scope_review	orcs:2.0.18:screen:488	488	29083409	pubmed	orcs:source-family:pubmed:29083409	Meyers RM (2017)	302-PMID29083409	Timecourse		TCC-Pan2	1	6	True	curation.comparator_and_sample_map|data.count_level_signal|labels.adjudicated_validation_event|metadata.gene_level_mapping|metadata.identifiable_drug|provenance.raw_data_family|provenance.source_family|rights.source_and_raw_data|scope.drug_exposure
orcs:2.0.18:curation-queue:v2:992	1613	302	2.0.18	2	manual_scope_review	orcs:2.0.18:screen:992	992	30971826	pubmed	orcs:source-family:pubmed:30971826	Behan FM (2019)	302-PMID30971826	Timecourse		SW620	1	6	True	curation.comparator_and_sample_map|data.count_level_signal|labels.adjudicated_validation_event|metadata.gene_level_mapping|metadata.identifiable_drug|provenance.raw_data_family|provenance.source_family|rights.source_and_raw_data|scope.drug_exposure
orcs:2.0.18:curation-queue:v2:489	1614	303	2.0.18	2	manual_scope_review	orcs:2.0.18:screen:489	489	29083409	pubmed	orcs:source-family:pubmed:29083409	Meyers RM (2017)	303-PMID29083409	Timecourse		TCCSUP	1	6	True	curation.comparator_and_sample_map|data.count_level_signal|labels.adjudicated_validation_event|metadata.gene_level_mapping|metadata.identifiable_drug|provenance.raw_data_family|provenance.source_family|rights.source_and_raw_data|scope.drug_exposure
orcs:2.0.18:curation-queue:v2:993	1615	303	2.0.18	2	manual_scope_review	orcs:2.0.18:screen:993	993	30971826	pubmed	orcs:source-family:pubmed:30971826	Behan FM (2019)	303-PMID30971826	Timecourse		SW626	1	6	True	curation.comparator_and_sample_map|data.count_level_signal|labels.adjudicated_validation_event|metadata.gene_level_mapping|metadata.identifiable_drug|provenance.raw_data_family|provenance.source_family|rights.source_and_raw_data|scope.drug_exposure
orcs:2.0.18:curation-queue:v2:490	1616	304	2.0.18	2	manual_scope_review	orcs:2.0.18:screen:490	490	29083409	pubmed	orcs:source-family:pubmed:29083409	Meyers RM (2017)	304-PMID29083409	Timecourse		TE-1	1	6	True	curation.comparator_and_sample_map|data.count_level_signal|labels.adjudicated_validation_event|metadata.gene_level_mapping|metadata.identifiable_drug|provenance.raw_data_family|provenance.source_family|rights.source_and_raw_data|scope.drug_exposure
orcs:2.0.18:curation-queue:v2:994	1617	304	2.0.18	2	manual_scope_review	orcs:2.0.18:screen:994	994	30971826	pubmed	orcs:source-family:pubmed:30971826	Behan FM (2019)	304-PMID30971826	Timecourse		SW837	1	6	True	curation.comparator_and_sample_map|data.count_level_signal|labels.adjudicated_validation_event|metadata.gene_level_mapping|metadata.identifiable_drug|provenance.raw_data_family|provenance.source_family|rights.source_and_raw_data|scope.drug_exposure
orcs:2.0.18:curation-queue:v2:491	1618	305	2.0.18	2	manual_scope_review	orcs:2.0.18:screen:491	491	29083409	pubmed	orcs:source-family:pubmed:29083409	Meyers RM (2017)	305-PMID29083409	Timecourse		TE-5	1	6	True	curation.comparator_and_sample_map|data.count_level_signal|labels.adjudicated_validation_event|metadata.gene_level_mapping|metadata.identifiable_drug|provenance.raw_data_family|provenance.source_family|rights.source_and_raw_data|scope.drug_exposure
orcs:2.0.18:curation-queue:v2:995	1619	305	2.0.18	2	manual_scope_review	orcs:2.0.18:screen:995	995	30971826	pubmed	orcs:source-family:pubmed:30971826	Behan FM (2019)	305-PMID30971826	Timecourse		T.T	1	6	True	curation.comparator_and_sample_map|data.count_level_signal|labels.adjudicated_validation_event|metadata.gene_level_mapping|metadata.identifiable_drug|provenance.raw_data_family|provenance.source_family|rights.source_and_raw_data|scope.drug_exposure
orcs:2.0.18:curation-queue:v2:492	1620	306	2.0.18	2	manual_scope_review	orcs:2.0.18:screen:492	492	29083409	pubmed	orcs:source-family:pubmed:29083409	Meyers RM (2017)	306-PMID29083409	Timecourse		TEN	1	6	True	curation.comparator_and_sample_map|data.count_level_signal|labels.adjudicated_validation_event|metadata.gene_level_mapping|metadata.identifiable_drug|provenance.raw_data_family|provenance.source_family|rights.source_and_raw_data|scope.drug_exposure
orcs:2.0.18:curation-queue:v2:996	1621	306	2.0.18	2	manual_scope_review	orcs:2.0.18:screen:996	996	30971826	pubmed	orcs:source-family:pubmed:30971826	Behan FM (2019)	306-PMID30971826	Timecourse		T-47D	1	6	True	curation.comparator_and_sample_map|data.count_level_signal|labels.adjudicated_validation_event|metadata.gene_level_mapping|metadata.identifiable_drug|provenance.raw_data_family|provenance.source_family|rights.source_and_raw_data|scope.drug_exposure
orcs:2.0.18:curation-queue:v2:493	1622	307	2.0.18	2	manual_scope_review	orcs:2.0.18:screen:493	493	29083409	pubmed	orcs:source-family:pubmed:29083409	Meyers RM (2017)	307-PMID29083409	Timecourse		TF-1	1	6	True	curation.comparator_and_sample_map|data.count_level_signal|labels.adjudicated_validation_event|metadata.gene_level_mapping|metadata.identifiable_drug|provenance.raw_data_family|provenance.source_family|rights.source_and_raw_data|scope.drug_exposure
orcs:2.0.18:curation-queue:v2:997	1623	307	2.0.18	2	manual_scope_review	orcs:2.0.18:screen:997	997	30971826	pubmed	orcs:source-family:pubmed:30971826	Behan FM (2019)	307-PMID30971826	Timecourse		T84	1	6	True	curation.comparator_and_sample_map|data.count_level_signal|labels.adjudicated_validation_event|metadata.gene_level_mapping|metadata.identifiable_drug|provenance.raw_data_family|provenance.source_family|rights.source_and_raw_data|scope.drug_exposure
orcs:2.0.18:curation-queue:v2:494	1624	308	2.0.18	2	manual_scope_review	orcs:2.0.18:screen:494	494	29083409	pubmed	orcs:source-family:pubmed:29083409	Meyers RM (2017)	308-PMID29083409	Timecourse		TOV-21G	1	6	True	curation.comparator_and_sample_map|data.count_level_signal|labels.adjudicated_validation_event|metadata.gene_level_mapping|metadata.identifiable_drug|provenance.raw_data_family|provenance.source_family|rights.source_and_raw_data|scope.drug_exposure
orcs:2.0.18:curation-queue:v2:998	1625	308	2.0.18	2	manual_scope_review	orcs:2.0.18:screen:998	998	30971826	pubmed	orcs:source-family:pubmed:30971826	Behan FM (2019)	308-PMID30971826	Timecourse		T98G	1	6	True	curation.comparator_and_sample_map|data.count_level_signal|labels.adjudicated_validation_event|metadata.gene_level_mapping|metadata.identifiable_drug|provenance.raw_data_family|provenance.source_family|rights.source_and_raw_data|scope.drug_exposure
orcs:2.0.18:curation-queue:v2:495	1626	309	2.0.18	2	manual_scope_review	orcs:2.0.18:screen:495	495	29083409	pubmed	orcs:source-family:pubmed:29083409	Meyers RM (2017)	309-PMID29083409	Timecourse		U-118MG	1	6	True	curation.comparator_and_sample_map|data.count_level_signal|labels.adjudicated_validation_event|metadata.gene_level_mapping|metadata.identifiable_drug|provenance.raw_data_family|provenance.source_family|rights.source_and_raw_data|scope.drug_exposure
orcs:2.0.18:curation-queue:v2:999	1627	309	2.0.18	2	manual_scope_review	orcs:2.0.18:screen:999	999	30971826	pubmed	orcs:source-family:pubmed:30971826	Behan FM (2019)	309-PMID30971826	Timecourse		TC-71	1	6	True	curation.comparator_and_sample_map|data.count_level_signal|labels.adjudicated_validation_event|metadata.gene_level_mapping|metadata.identifiable_drug|provenance.raw_data_family|provenance.source_family|rights.source_and_raw_data|scope.drug_exposure
orcs:2.0.18:curation-queue:v2:496	1628	310	2.0.18	2	manual_scope_review	orcs:2.0.18:screen:496	496	29083409	pubmed	orcs:source-family:pubmed:29083409	Meyers RM (2017)	310-PMID29083409	Timecourse		U-178MG	1	6	True	curation.comparator_and_sample_map|data.count_level_signal|labels.adjudicated_validation_event|metadata.gene_level_mapping|metadata.identifiable_drug|provenance.raw_data_family|provenance.source_family|rights.source_and_raw_data|scope.drug_exposure
orcs:2.0.18:curation-queue:v2:1000	1629	310	2.0.18	2	manual_scope_review	orcs:2.0.18:screen:1000	1000	30971826	pubmed	orcs:source-family:pubmed:30971826	Behan FM (2019)	310-PMID30971826	Timecourse		TE-10	1	6	True	curation.comparator_and_sample_map|data.count_level_signal|labels.adjudicated_validation_event|metadata.gene_level_mapping|metadata.identifiable_drug|provenance.raw_data_family|provenance.source_family|rights.source_and_raw_data|scope.drug_exposure
orcs:2.0.18:curation-queue:v2:497	1630	311	2.0.18	2	manual_scope_review	orcs:2.0.18:screen:497	497	29083409	pubmed	orcs:source-family:pubmed:29083409	Meyers RM (2017)	311-PMID29083409	Timecourse		UOK101	1	6	True	curation.comparator_and_sample_map|data.count_level_signal|labels.adjudicated_validation_event|metadata.gene_level_mapping|metadata.identifiable_drug|provenance.raw_data_family|provenance.source_family|rights.source_and_raw_data|scope.drug_exposure
orcs:2.0.18:curation-queue:v2:1001	1631	311	2.0.18	2	manual_scope_review	orcs:2.0.18:screen:1001	1001	30971826	pubmed	orcs:source-family:pubmed:30971826	Behan FM (2019)	311-PMID30971826	Timecourse		TE-4	1	6	True	curation.comparator_and_sample_map|data.count_level_signal|labels.adjudicated_validation_event|metadata.gene_level_mapping|metadata.identifiable_drug|provenance.raw_data_family|provenance.source_family|rights.source_and_raw_data|scope.drug_exposure
orcs:2.0.18:curation-queue:v2:498	1632	312	2.0.18	2	manual_scope_review	orcs:2.0.18:screen:498	498	29083409	pubmed	orcs:source-family:pubmed:29083409	Meyers RM (2017)	312-PMID29083409	Timecourse		WM1799	1	6	True	curation.comparator_and_sample_map|data.count_level_signal|labels.adjudicated_validation_event|metadata.gene_level_mapping|metadata.identifiable_drug|provenance.raw_data_family|provenance.source_family|rights.source_and_raw_data|scope.drug_exposure
orcs:2.0.18:curation-queue:v2:1002	1633	312	2.0.18	2	manual_scope_review	orcs:2.0.18:screen:1002	1002	30971826	pubmed	orcs:source-family:pubmed:30971826	Behan FM (2019)	312-PMID30971826	Timecourse		TE-5	1	6	True	curation.comparator_and_sample_map|data.count_level_signal|labels.adjudicated_validation_event|metadata.gene_level_mapping|metadata.identifiable_drug|provenance.raw_data_family|provenance.source_family|rights.source_and_raw_data|scope.drug_exposure
orcs:2.0.18:curation-queue:v2:509	1634	313	2.0.18	2	manual_scope_review	orcs:2.0.18:screen:509	509	29083409	pubmed	orcs:source-family:pubmed:29083409	Meyers RM (2017)	313-PMID29083409	Timecourse		C2BBe1	1	6	True	curation.comparator_and_sample_map|data.count_level_signal|labels.adjudicated_validation_event|metadata.gene_level_mapping|metadata.identifiable_drug|provenance.raw_data_family|provenance.source_family|rights.source_and_raw_data|scope.drug_exposure
orcs:2.0.18:curation-queue:v2:1003	1635	313	2.0.18	2	manual_scope_review	orcs:2.0.18:screen:1003	1003	30971826	pubmed	orcs:source-family:pubmed:30971826	Behan FM (2019)	313-PMID30971826	Timecourse		TE-8	1	6	True	curation.comparator_and_sample_map|data.count_level_signal|labels.adjudicated_validation_event|metadata.gene_level_mapping|metadata.identifiable_drug|provenance.raw_data_family|provenance.source_family|rights.source_and_raw_data|scope.drug_exposure
orcs:2.0.18:curation-queue:v2:510	1636	314	2.0.18	2	manual_scope_review	orcs:2.0.18:screen:510	510	29083409	pubmed	orcs:source-family:pubmed:29083409	Meyers RM (2017)	314-PMID29083409	Timecourse		C32	1	6	True	curation.comparator_and_sample_map|data.count_level_signal|labels.adjudicated_validation_event|metadata.gene_level_mapping|metadata.identifiable_drug|provenance.raw_data_family|provenance.source_family|rights.source_and_raw_data|scope.drug_exposure
orcs:2.0.18:curation-queue:v2:1004	1637	314	2.0.18	2	manual_scope_review	orcs:2.0.18:screen:1004	1004	30971826	pubmed	orcs:source-family:pubmed:30971826	Behan FM (2019)	314-PMID30971826	Timecourse		TE-9	1	6	True	curation.comparator_and_sample_map|data.count_level_signal|labels.adjudicated_validation_event|metadata.gene_level_mapping|metadata.identifiable_drug|provenance.raw_data_family|provenance.source_family|rights.source_and_raw_data|scope.drug_exposure
orcs:2.0.18:curation-queue:v2:511	1638	315	2.0.18	2	manual_scope_review	orcs:2.0.18:screen:511	511	29083409	pubmed	orcs:source-family:pubmed:29083409	Meyers RM (2017)	315-PMID29083409	Timecourse		Caki-1	1	6	True	curation.comparator_and_sample_map|data.count_level_signal|labels.adjudicated_validation_event|metadata.gene_level_mapping|metadata.identifiable_drug|provenance.raw_data_family|provenance.source_family|rights.source_and_raw_data|scope.drug_exposure
orcs:2.0.18:curation-queue:v2:1005	1639	315	2.0.18	2	manual_scope_review	orcs:2.0.18:screen:1005	1005	30971826	pubmed	orcs:source-family:pubmed:30971826	Behan FM (2019)	315-PMID30971826	Timecourse		TGW	1	6	True	curation.comparator_and_sample_map|data.count_level_signal|labels.adjudicated_validation_event|metadata.gene_level_mapping|metadata.identifiable_drug|provenance.raw_data_family|provenance.source_family|rights.source_and_raw_data|scope.drug_exposure
orcs:2.0.18:curation-queue:v2:512	1640	316	2.0.18	2	manual_scope_review	orcs:2.0.18:screen:512	512	29083409	pubmed	orcs:source-family:pubmed:29083409	Meyers RM (2017)	316-PMID29083409	Timecourse		Caki-2	1	6	True	curation.comparator_and_sample_map|data.count_level_signal|labels.adjudicated_validation_event|metadata.gene_level_mapping|metadata.identifiable_drug|provenance.raw_data_family|provenance.source_family|rights.source_and_raw_data|scope.drug_exposure
orcs:2.0.18:curation-queue:v2:1006	1641	316	2.0.18	2	manual_scope_review	orcs:2.0.18:screen:1006	1006	30971826	pubmed	orcs:source-family:pubmed:30971826	Behan FM (2019)	316-PMID30971826	Timecourse		TMK-1	1	6	True	curation.comparator_and_sample_map|data.count_level_signal|labels.adjudicated_validation_event|metadata.gene_level_mapping|metadata.identifiable_drug|provenance.raw_data_family|provenance.source_family|rights.source_and_raw_data|scope.drug_exposure
orcs:2.0.18:curation-queue:v2:513	1642	317	2.0.18	2	manual_scope_review	orcs:2.0.18:screen:513	513	29083409	pubmed	orcs:source-family:pubmed:29083409	Meyers RM (2017)	317-PMID29083409	Timecourse		CAL-51	1	6	True	curation.comparator_and_sample_map|data.count_level_signal|labels.adjudicated_validation_event|metadata.gene_level_mapping|metadata.identifiable_drug|provenance.raw_data_family|provenance.source_family|rights.source_and_raw_data|scope.drug_exposure
orcs:2.0.18:curation-queue:v2:1007	1643	317	2.0.18	2	manual_scope_review	orcs:2.0.18:screen:1007	1007	30971826	pubmed	orcs:source-family:pubmed:30971826	Behan FM (2019)	317-PMID30971826	Timecourse		TOV-112D	1	6	True	curation.comparator_and_sample_map|data.count_level_signal|labels.adjudicated_validation_event|metadata.gene_level_mapping|metadata.identifiable_drug|provenance.raw_data_family|provenance.source_family|rights.source_and_raw_data|scope.drug_exposure
orcs:2.0.18:curation-queue:v2:514	1644	318	2.0.18	2	manual_scope_review	orcs:2.0.18:screen:514	514	29083409	pubmed	orcs:source-family:pubmed:29083409	Meyers RM (2017)	318-PMID29083409	Timecourse		KYSE-30	1	6	True	curation.comparator_and_sample_map|data.count_level_signal|labels.adjudicated_validation_event|metadata.gene_level_mapping|metadata.identifiable_drug|provenance.raw_data_family|provenance.source_family|rights.source_and_raw_data|scope.drug_exposure
orcs:2.0.18:curation-queue:v2:1008	1645	318	2.0.18	2	manual_scope_review	orcs:2.0.18:screen:1008	1008	30971826	pubmed	orcs:source-family:pubmed:30971826	Behan FM (2019)	318-PMID30971826	Timecourse		TOV-21G	1	6	True	curation.comparator_and_sample_map|data.count_level_signal|labels.adjudicated_validation_event|metadata.gene_level_mapping|metadata.identifiable_drug|provenance.raw_data_family|provenance.source_family|rights.source_and_raw_data|scope.drug_exposure
orcs:2.0.18:curation-queue:v2:515	1646	319	2.0.18	2	manual_scope_review	orcs:2.0.18:screen:515	515	29083409	pubmed	orcs:source-family:pubmed:29083409	Meyers RM (2017)	319-PMID29083409	Timecourse		HEC-6	1	6	True	curation.comparator_and_sample_map|data.count_level_signal|labels.adjudicated_validation_event|metadata.gene_level_mapping|metadata.identifiable_drug|provenance.raw_data_family|provenance.source_family|rights.source_and_raw_data|scope.drug_exposure
orcs:2.0.18:curation-queue:v2:1009	1647	319	2.0.18	2	manual_scope_review	orcs:2.0.18:screen:1009	1009	30971826	pubmed	orcs:source-family:pubmed:30971826	Behan FM (2019)	319-PMID30971826	Timecourse		TYK-nu	1	6	True	curation.comparator_and_sample_map|data.count_level_signal|labels.adjudicated_validation_event|metadata.gene_level_mapping|metadata.identifiable_drug|provenance.raw_data_family|provenance.source_family|rights.source_and_raw_data|scope.drug_exposure
orcs:2.0.18:curation-queue:v2:516	1648	320	2.0.18	2	manual_scope_review	orcs:2.0.18:screen:516	516	29083409	pubmed	orcs:source-family:pubmed:29083409	Meyers RM (2017)	320-PMID29083409	Timecourse		CAL-78	1	6	True	curation.comparator_and_sample_map|data.count_level_signal|labels.adjudicated_validation_event|metadata.gene_level_mapping|metadata.identifiable_drug|provenance.raw_data_family|provenance.source_family|rights.source_and_raw_data|scope.drug_exposure
orcs:2.0.18:curation-queue:v2:1010	1649	320	2.0.18	2	manual_scope_review	orcs:2.0.18:screen:1010	1010	30971826	pubmed	orcs:source-family:pubmed:30971826	Behan FM (2019)	320-PMID30971826	Timecourse		U-87MG ATCC	1	6	True	curation.comparator_and_sample_map|data.count_level_signal|labels.adjudicated_validation_event|metadata.gene_level_mapping|metadata.identifiable_drug|provenance.raw_data_family|provenance.source_family|rights.source_and_raw_data|scope.drug_exposure
orcs:2.0.18:curation-queue:v2:517	1650	321	2.0.18	2	manual_scope_review	orcs:2.0.18:screen:517	517	29083409	pubmed	orcs:source-family:pubmed:29083409	Meyers RM (2017)	321-PMID29083409	Timecourse		Calu-6	1	6	True	curation.comparator_and_sample_map|data.count_level_signal|labels.adjudicated_validation_event|metadata.gene_level_mapping|metadata.identifiable_drug|provenance.raw_data_family|provenance.source_family|rights.source_and_raw_data|scope.drug_exposure
orcs:2.0.18:curation-queue:v2:1011	1651	321	2.0.18	2	manual_scope_review	orcs:2.0.18:screen:1011	1011	30971826	pubmed	orcs:source-family:pubmed:30971826	Behan FM (2019)	321-PMID30971826	Timecourse		U-251MG	1	6	True	curation.comparator_and_sample_map|data.count_level_signal|labels.adjudicated_validation_event|metadata.gene_level_mapping|metadata.identifiable_drug|provenance.raw_data_family|provenance.source_family|rights.source_and_raw_data|scope.drug_exposure
orcs:2.0.18:curation-queue:v2:518	1652	322	2.0.18	2	manual_scope_review	orcs:2.0.18:screen:518	518	29083409	pubmed	orcs:source-family:pubmed:29083409	Meyers RM (2017)	322-PMID29083409	Timecourse		CAMA-1	1	6	True	curation.comparator_and_sample_map|data.count_level_signal|labels.adjudicated_validation_event|metadata.gene_level_mapping|metadata.identifiable_drug|provenance.raw_data_family|provenance.source_family|rights.source_and_raw_data|scope.drug_exposure
orcs:2.0.18:curation-queue:v2:1012	1653	322	2.0.18	2	manual_scope_review	orcs:2.0.18:screen:1012	1012	30971826	pubmed	orcs:source-family:pubmed:30971826	Behan FM (2019)	322-PMID30971826	Timecourse		UACC-893	1	6	True	curation.comparator_and_sample_map|data.count_level_signal|labels.adjudicated_validation_event|metadata.gene_level_mapping|metadata.identifiable_drug|provenance.raw_data_family|provenance.source_family|rights.source_and_raw_data|scope.drug_exposure
orcs:2.0.18:curation-queue:v2:519	1654	323	2.0.18	2	manual_scope_review	orcs:2.0.18:screen:519	519	29083409	pubmed	orcs:source-family:pubmed:29083409	Meyers RM (2017)	323-PMID29083409	Timecourse		CAS-1	1	6	True	curation.comparator_and_sample_map|data.count_level_signal|labels.adjudicated_validation_event|metadata.gene_level_mapping|metadata.identifiable_drug|provenance.raw_data_family|provenance.source_family|rights.source_and_raw_data|scope.drug_exposure
orcs:2.0.18:curation-queue:v2:1013	1655	323	2.0.18	2	manual_scope_review	orcs:2.0.18:screen:1013	1013	30971826	pubmed	orcs:source-family:pubmed:30971826	Behan FM (2019)	323-PMID30971826	Timecourse		UWB1.289	1	6	True	curation.comparator_and_sample_map|data.count_level_signal|labels.adjudicated_validation_event|metadata.gene_level_mapping|metadata.identifiable_drug|provenance.raw_data_family|provenance.source_family|rights.source_and_raw_data|scope.drug_exposure
orcs:2.0.18:curation-queue:v2:520	1656	324	2.0.18	2	manual_scope_review	orcs:2.0.18:screen:520	520	29083409	pubmed	orcs:source-family:pubmed:29083409	Meyers RM (2017)	324-PMID29083409	Timecourse		CCF-STTG1	1	6	True	curation.comparator_and_sample_map|data.count_level_signal|labels.adjudicated_validation_event|metadata.gene_level_mapping|metadata.identifiable_drug|provenance.raw_data_family|provenance.source_family|rights.source_and_raw_data|scope.drug_exposure
orcs:2.0.18:curation-queue:v2:1014	1657	324	2.0.18	2	manual_scope_review	orcs:2.0.18:screen:1014	1014	30971826	pubmed	orcs:source-family:pubmed:30971826	Behan FM (2019)	324-PMID30971826	Timecourse		VMRC-LCD	1	6	True	curation.comparator_and_sample_map|data.count_level_signal|labels.adjudicated_validation_event|metadata.gene_level_mapping|metadata.identifiable_drug|provenance.raw_data_family|provenance.source_family|rights.source_and_raw_data|scope.drug_exposure
orcs:2.0.18:curation-queue:v2:521	1658	325	2.0.18	2	manual_scope_review	orcs:2.0.18:screen:521	521	29083409	pubmed	orcs:source-family:pubmed:29083409	Meyers RM (2017)	325-PMID29083409	Timecourse		CCK-81	1	6	True	curation.comparator_and_sample_map|data.count_level_signal|labels.adjudicated_validation_event|metadata.gene_level_mapping|metadata.identifiable_drug|provenance.raw_data_family|provenance.source_family|rights.source_and_raw_data|scope.drug_exposure
orcs:2.0.18:curation-queue:v2:1015	1659	325	2.0.18	2	manual_scope_review	orcs:2.0.18:screen:1015	1015	30971826	pubmed	orcs:source-family:pubmed:30971826	Behan FM (2019)	325-PMID30971826	Timecourse		YH-13	1	6	True	curation.comparator_and_sample_map|data.count_level_signal|labels.adjudicated_validation_event|metadata.gene_level_mapping|metadata.identifiable_drug|provenance.raw_data_family|provenance.source_family|rights.source_and_raw_data|scope.drug_exposure
orcs:2.0.18:curation-queue:v2:522	1660	326	2.0.18	2	manual_scope_review	orcs:2.0.18:screen:522	522	29083409	pubmed	orcs:source-family:pubmed:29083409	Meyers RM (2017)	326-PMID29083409	Timecourse		ChaGo-K-1	1	6	True	curation.comparator_and_sample_map|data.count_level_signal|labels.adjudicated_validation_event|metadata.gene_level_mapping|metadata.identifiable_drug|provenance.raw_data_family|provenance.source_family|rights.source_and_raw_data|scope.drug_exposure
orcs:2.0.18:curation-queue:v2:523	1661	327	2.0.18	2	manual_scope_review	orcs:2.0.18:screen:523	523	29083409	pubmed	orcs:source-family:pubmed:29083409	Meyers RM (2017)	327-PMID29083409	Timecourse		CHP-212	1	6	True	curation.comparator_and_sample_map|data.count_level_signal|labels.adjudicated_validation_event|metadata.gene_level_mapping|metadata.identifiable_drug|provenance.raw_data_family|provenance.source_family|rights.source_and_raw_data|scope.drug_exposure
orcs:2.0.18:curation-queue:v2:524	1662	328	2.0.18	2	manual_scope_review	orcs:2.0.18:screen:524	524	29083409	pubmed	orcs:source-family:pubmed:29083409	Meyers RM (2017)	328-PMID29083409	Timecourse		CL-40	1	6	True	curation.comparator_and_sample_map|data.count_level_signal|labels.adjudicated_validation_event|metadata.gene_level_mapping|metadata.identifiable_drug|provenance.raw_data_family|provenance.source_family|rights.source_and_raw_data|scope.drug_exposure
orcs:2.0.18:curation-queue:v2:525	1663	329	2.0.18	2	manual_scope_review	orcs:2.0.18:screen:525	525	29083409	pubmed	orcs:source-family:pubmed:29083409	Meyers RM (2017)	329-PMID29083409	Timecourse		COLO 678	1	6	True	curation.comparator_and_sample_map|data.count_level_signal|labels.adjudicated_validation_event|metadata.gene_level_mapping|metadata.identifiable_drug|provenance.raw_data_family|provenance.source_family|rights.source_and_raw_data|scope.drug_exposure
orcs:2.0.18:curation-queue:v2:526	1664	330	2.0.18	2	manual_scope_review	orcs:2.0.18:screen:526	526	29083409	pubmed	orcs:source-family:pubmed:29083409	Meyers RM (2017)	330-PMID29083409	Timecourse		COLO 679	1	6	True	curation.comparator_and_sample_map|data.count_level_signal|labels.adjudicated_validation_event|metadata.gene_level_mapping|metadata.identifiable_drug|provenance.raw_data_family|provenance.source_family|rights.source_and_raw_data|scope.drug_exposure
orcs:2.0.18:curation-queue:v2:527	1665	331	2.0.18	2	manual_scope_review	orcs:2.0.18:screen:527	527	29083409	pubmed	orcs:source-family:pubmed:29083409	Meyers RM (2017)	331-PMID29083409	Timecourse		COLO 792	1	6	True	curation.comparator_and_sample_map|data.count_level_signal|labels.adjudicated_validation_event|metadata.gene_level_mapping|metadata.identifiable_drug|provenance.raw_data_family|provenance.source_family|rights.source_and_raw_data|scope.drug_exposure
orcs:2.0.18:curation-queue:v2:528	1666	332	2.0.18	2	manual_scope_review	orcs:2.0.18:screen:528	528	29083409	pubmed	orcs:source-family:pubmed:29083409	Meyers RM (2017)	332-PMID29083409	Timecourse		COLO 800	1	6	True	curation.comparator_and_sample_map|data.count_level_signal|labels.adjudicated_validation_event|metadata.gene_level_mapping|metadata.identifiable_drug|provenance.raw_data_family|provenance.source_family|rights.source_and_raw_data|scope.drug_exposure
orcs:2.0.18:curation-queue:v2:529	1667	333	2.0.18	2	manual_scope_review	orcs:2.0.18:screen:529	529	29083409	pubmed	orcs:source-family:pubmed:29083409	Meyers RM (2017)	333-PMID29083409	Timecourse		COR-L47	1	6	True	curation.comparator_and_sample_map|data.count_level_signal|labels.adjudicated_validation_event|metadata.gene_level_mapping|metadata.identifiable_drug|provenance.raw_data_family|provenance.source_family|rights.source_and_raw_data|scope.drug_exposure
orcs:2.0.18:curation-queue:v2:530	1668	334	2.0.18	2	manual_scope_review	orcs:2.0.18:screen:530	530	29083409	pubmed	orcs:source-family:pubmed:29083409	Meyers RM (2017)	334-PMID29083409	Timecourse		COR-L279	1	6	True	curation.comparator_and_sample_map|data.count_level_signal|labels.adjudicated_validation_event|metadata.gene_level_mapping|metadata.identifiable_drug|provenance.raw_data_family|provenance.source_family|rights.source_and_raw_data|scope.drug_exposure
orcs:2.0.18:curation-queue:v2:531	1669	335	2.0.18	2	manual_scope_review	orcs:2.0.18:screen:531	531	29083409	pubmed	orcs:source-family:pubmed:29083409	Meyers RM (2017)	335-PMID29083409	Timecourse		COV318	1	6	True	curation.comparator_and_sample_map|data.count_level_signal|labels.adjudicated_validation_event|metadata.gene_level_mapping|metadata.identifiable_drug|provenance.raw_data_family|provenance.source_family|rights.source_and_raw_data|scope.drug_exposure
orcs:2.0.18:curation-queue:v2:532	1670	336	2.0.18	2	manual_scope_review	orcs:2.0.18:screen:532	532	29083409	pubmed	orcs:source-family:pubmed:29083409	Meyers RM (2017)	336-PMID29083409	Timecourse		COV362	1	6	True	curation.comparator_and_sample_map|data.count_level_signal|labels.adjudicated_validation_event|metadata.gene_level_mapping|metadata.identifiable_drug|provenance.raw_data_family|provenance.source_family|rights.source_and_raw_data|scope.drug_exposure
orcs:2.0.18:curation-queue:v2:533	1671	337	2.0.18	2	manual_scope_review	orcs:2.0.18:screen:533	533	29083409	pubmed	orcs:source-family:pubmed:29083409	Meyers RM (2017)	337-PMID29083409	Timecourse		COV434	1	6	True	curation.comparator_and_sample_map|data.count_level_signal|labels.adjudicated_validation_event|metadata.gene_level_mapping|metadata.identifiable_drug|provenance.raw_data_family|provenance.source_family|rights.source_and_raw_data|scope.drug_exposure
orcs:2.0.18:curation-queue:v2:534	1672	338	2.0.18	2	manual_scope_review	orcs:2.0.18:screen:534	534	29083409	pubmed	orcs:source-family:pubmed:29083409	Meyers RM (2017)	338-PMID29083409	Timecourse		COV504	1	6	True	curation.comparator_and_sample_map|data.count_level_signal|labels.adjudicated_validation_event|metadata.gene_level_mapping|metadata.identifiable_drug|provenance.raw_data_family|provenance.source_family|rights.source_and_raw_data|scope.drug_exposure
orcs:2.0.18:curation-queue:v2:535	1673	339	2.0.18	2	manual_scope_review	orcs:2.0.18:screen:535	535	29083409	pubmed	orcs:source-family:pubmed:29083409	Meyers RM (2017)	339-PMID29083409	Timecourse		COV644	1	6	True	curation.comparator_and_sample_map|data.count_level_signal|labels.adjudicated_validation_event|metadata.gene_level_mapping|metadata.identifiable_drug|provenance.raw_data_family|provenance.source_family|rights.source_and_raw_data|scope.drug_exposure
orcs:2.0.18:curation-queue:v2:536	1674	340	2.0.18	2	manual_scope_review	orcs:2.0.18:screen:536	536	29083409	pubmed	orcs:source-family:pubmed:29083409	Meyers RM (2017)	340-PMID29083409	Timecourse		CAL-29	1	6	True	curation.comparator_and_sample_map|data.count_level_signal|labels.adjudicated_validation_event|metadata.gene_level_mapping|metadata.identifiable_drug|provenance.raw_data_family|provenance.source_family|rights.source_and_raw_data|scope.drug_exposure
